solid OpenSCAD_Model
  facet normal 0 -1 0
    outer loop
      vertex -26 -54 32
      vertex -24 -54 32
      vertex -26 -54 50
    endloop
  endfacet
  facet normal 0 -1 0
    outer loop
      vertex -24 -54 32
      vertex -24 -54 48
      vertex -26 -54 50
    endloop
  endfacet
  facet normal -1 0 0
    outer loop
      vertex -26 -54 32
      vertex -26 -54 50
      vertex -26 53.99 50
    endloop
  endfacet
  facet normal 0 -1 0
    outer loop
      vertex -24 -54 48
      vertex -24 -54 52
      vertex -26 -54 50
    endloop
  endfacet
  facet normal 0 -1 0
    outer loop
      vertex -24 -54 48
      vertex -22 -54 50
      vertex -24 -54 52
    endloop
  endfacet
  facet normal 0 0 1
    outer loop
      vertex -24 -54 52
      vertex -10 -30.5 52
      vertex -10 -29.5 52
    endloop
  endfacet
  facet normal 0 0 1
    outer loop
      vertex -24 -54 52
      vertex -10 -29.5 52
      vertex -10 -20.5 52
    endloop
  endfacet
  facet normal 0 0 1
    outer loop
      vertex -24 -54 52
      vertex -10 -20.5 52
      vertex -10 -19.5 52
    endloop
  endfacet
  facet normal 0 0 1
    outer loop
      vertex -24 -54 52
      vertex -10 -19.5 52
      vertex -10 -10.5 52
    endloop
  endfacet
  facet normal -0.7071067811865476 0 0.7071067811865476
    outer loop
      vertex -26 -54 50
      vertex -24 -54 52
      vertex -26 53.99 50
    endloop
  endfacet
  facet normal 0 0 1
    outer loop
      vertex -24 -54 52
      vertex -10 -10.5 52
      vertex -24 54 52
    endloop
  endfacet
  facet normal 0 0 1
    outer loop
      vertex -24 -54 52
      vertex -3.85 -40 52
      vertex -10 -30.5 52
    endloop
  endfacet
  facet normal 0 -1 0
    outer loop
      vertex -24 -54 52
      vertex -22 -54 50
      vertex 22 -54 50
    endloop
  endfacet
  facet normal 0 0 1
    outer loop
      vertex -24 -54 52
      vertex 3.85 -40 52
      vertex -3.85 -40 52
    endloop
  endfacet
  facet normal 0 0 1
    outer loop
      vertex -10 -30.5 52
      vertex -3.85 -40 52
      vertex -3.85 -30.5 52
    endloop
  endfacet
  facet normal 0 0 1
    outer loop
      vertex -10 -29.5 52
      vertex -3.85 -20.5 52
      vertex -10 -20.5 52
    endloop
  endfacet
  facet normal 0 0 1
    outer loop
      vertex -10 -19.5 52
      vertex -3.85 -10.5 52
      vertex -10 -10.5 52
    endloop
  endfacet
  facet normal 0 0 1
    outer loop
      vertex -10 -9.5 52
      vertex -3.85 -0.5 52
      vertex -10 -0.5 52
    endloop
  endfacet
  facet normal 0 0 1
    outer loop
      vertex -10 -29.5 52
      vertex -3.85 -29.5 52
      vertex -3.85 -20.5 52
    endloop
  endfacet
  facet normal 0 0 1
    outer loop
      vertex -10 -19.5 52
      vertex -3.85 -19.5 52
      vertex -3.85 -10.5 52
    endloop
  endfacet
  facet normal 0 0 1
    outer loop
      vertex -10 -9.5 52
      vertex -3.85 -9.5 52
      vertex -3.85 -0.5 52
    endloop
  endfacet
  facet normal -1 0 0
    outer loop
      vertex -26 -54 32
      vertex -26 53.99 50
      vertex -26 54 32
    endloop
  endfacet
  facet normal 0 1 0
    outer loop
      vertex -26 54 32
      vertex -24 54 48
      vertex -24 54 32
    endloop
  endfacet
  facet normal -1 0 0
    outer loop
      vertex -26 54 32
      vertex -26 53.99 50
      vertex -26 54 50
    endloop
  endfacet
  facet normal 0 1 0
    outer loop
      vertex -26 54 32
      vertex -24 54 52
      vertex -24 54 48
    endloop
  endfacet
  facet normal 0 1 0
    outer loop
      vertex -26 54 32
      vertex -26 54 50
      vertex -24 54 52
    endloop
  endfacet
  facet normal -0.7071067811865475 0 0.7071067811865475
    outer loop
      vertex -24 -54 52
      vertex -24 54 52
      vertex -26 53.99 50
    endloop
  endfacet
  facet normal 0 0 1
    outer loop
      vertex -10 -10.5 52
      vertex -10 -9.5 52
      vertex -24 54 52
    endloop
  endfacet
  facet normal 0 0 1
    outer loop
      vertex -10 -9.5 52
      vertex -10 -0.5 52
      vertex -24 54 52
    endloop
  endfacet
  facet normal 0 0 1
    outer loop
      vertex -10 -0.5 52
      vertex -10 0.5 52
      vertex -24 54 52
    endloop
  endfacet
  facet normal 0 0 1
    outer loop
      vertex -24 54 52
      vertex -10 0.5 52
      vertex -10 9.5 52
    endloop
  endfacet
  facet normal 0 0 1
    outer loop
      vertex -24 54 52
      vertex -10 9.5 52
      vertex -10 10.5 52
    endloop
  endfacet
  facet normal -0.7071067811865476 0 0.7071067811865476
    outer loop
      vertex -26 53.99 50
      vertex -24 54 52
      vertex -26 54 50
    endloop
  endfacet
  facet normal 0 1 0
    outer loop
      vertex -24 54 48
      vertex -24 54 52
      vertex -22 54 50
    endloop
  endfacet
  facet normal 0 0 1
    outer loop
      vertex -24 54 52
      vertex -10 10.5 52
      vertex -10 19.5 52
    endloop
  endfacet
  facet normal 0 0 1
    outer loop
      vertex -24 54 52
      vertex -10 19.5 52
      vertex -10 20.5 52
    endloop
  endfacet
  facet normal 0 0 1
    outer loop
      vertex -24 54 52
      vertex -10 20.5 52
      vertex -10 29.5 52
    endloop
  endfacet
  facet normal 0 0 1
    outer loop
      vertex -24 54 52
      vertex -10 29.5 52
      vertex -10 30.5 52
    endloop
  endfacet
  facet normal 0 0 1
    outer loop
      vertex -10 0.5 52
      vertex -3.85 9.5 52
      vertex -10 9.5 52
    endloop
  endfacet
  facet normal 0 0 1
    outer loop
      vertex -10 10.5 52
      vertex -3.85 10.5 52
      vertex -10 19.5 52
    endloop
  endfacet
  facet normal 0 0 1
    outer loop
      vertex -10 20.5 52
      vertex -3.85 29.5 52
      vertex -10 29.5 52
    endloop
  endfacet
  facet normal 0 0 1
    outer loop
      vertex -10 0.5 52
      vertex -3.85 0.5 52
      vertex -3.85 9.5 52
    endloop
  endfacet
  facet normal 0 0 1
    outer loop
      vertex -10 19.5 52
      vertex -3.85 10.5 52
      vertex -3.85 19.5 52
    endloop
  endfacet
  facet normal 0 0 1
    outer loop
      vertex -10 20.5 52
      vertex -3.85 20.5 52
      vertex -3.85 29.5 52
    endloop
  endfacet
  facet normal 0 0 1
    outer loop
      vertex -24 54 52
      vertex -10 30.5 52
      vertex -3.85 40 52
    endloop
  endfacet
  facet normal 0 1 0
    outer loop
      vertex -24 54 52
      vertex 22 54 50
      vertex -22 54 50
    endloop
  endfacet
  facet normal 0 0 1
    outer loop
      vertex -10 30.5 52
      vertex -3.85 30.5 52
      vertex -3.85 40 52
    endloop
  endfacet
  facet normal 0 0 1
    outer loop
      vertex -24 54 52
      vertex -3.85 40 52
      vertex 24 54 52
    endloop
  endfacet
  facet normal 0 -1 0
    outer loop
      vertex 24 -54 32
      vertex 26 -54 32
      vertex 24 -54 48
    endloop
  endfacet
  facet normal 1 0 0
    outer loop
      vertex 26 -54 32
      vertex 26 5.400000000000002 32
      vertex 26 -54 50
    endloop
  endfacet
  facet normal 0 -1 0
    outer loop
      vertex 26 -54 32
      vertex 24 -54 52
      vertex 24 -54 48
    endloop
  endfacet
  facet normal 0 -1 0
    outer loop
      vertex 26 -54 32
      vertex 26 -54 50
      vertex 24 -54 52
    endloop
  endfacet
  facet normal 0 0 1
    outer loop
      vertex -24 -54 52
      vertex 24 -54 52
      vertex 3.85 -40 52
    endloop
  endfacet
  facet normal 0 0 1
    outer loop
      vertex 3.85 -40 52
      vertex 10 -30.5 52
      vertex 3.85 -30.5 52
    endloop
  endfacet
  facet normal 0 -1 0
    outer loop
      vertex -24 -54 52
      vertex 22 -54 50
      vertex 24 -54 52
    endloop
  endfacet
  facet normal 0 0 1
    outer loop
      vertex 3.85 -40 52
      vertex 24 -54 52
      vertex 10 -30.5 52
    endloop
  endfacet
  facet normal 0 0 1
    outer loop
      vertex 3.85 -29.5 52
      vertex 10 -20.5 52
      vertex 3.85 -20.5 52
    endloop
  endfacet
  facet normal 0 0 1
    outer loop
      vertex 3.85 -19.5 52
      vertex 10 -19.5 52
      vertex 3.85 -10.5 52
    endloop
  endfacet
  facet normal 0 0 1
    outer loop
      vertex 3.85 -9.5 52
      vertex 10 -0.5 52
      vertex 3.85 -0.5 52
    endloop
  endfacet
  facet normal 0 0 1
    outer loop
      vertex 3.85 -29.5 52
      vertex 10 -29.5 52
      vertex 10 -20.5 52
    endloop
  endfacet
  facet normal 0 0 1
    outer loop
      vertex 3.85 -10.5 52
      vertex 10 -19.5 52
      vertex 10 -10.5 52
    endloop
  endfacet
  facet normal 0 0 1
    outer loop
      vertex 3.85 -9.5 52
      vertex 10 -9.5 52
      vertex 10 -0.5 52
    endloop
  endfacet
  facet normal 0 0 1
    outer loop
      vertex 10 -30.5 52
      vertex 24 -54 52
      vertex 10 -29.5 52
    endloop
  endfacet
  facet normal 0 0 1
    outer loop
      vertex 10 -29.5 52
      vertex 24 -54 52
      vertex 10 -20.5 52
    endloop
  endfacet
  facet normal 0 0 1
    outer loop
      vertex 10 -20.5 52
      vertex 24 -54 52
      vertex 10 -19.5 52
    endloop
  endfacet
  facet normal 0 0 1
    outer loop
      vertex 10 -19.5 52
      vertex 24 -54 52
      vertex 10 -10.5 52
    endloop
  endfacet
  facet normal 0 -1 0
    outer loop
      vertex 24 -54 48
      vertex 24 -54 52
      vertex 22 -54 50
    endloop
  endfacet
  facet normal 0 0 1
    outer loop
      vertex 10 -10.5 52
      vertex 24 -54 52
      vertex 10 -9.5 52
    endloop
  endfacet
  facet normal 0 0 1
    outer loop
      vertex 10 -9.5 52
      vertex 24 -54 52
      vertex 10 -0.5 52
    endloop
  endfacet
  facet normal 0 0 1
    outer loop
      vertex 10 -0.5 52
      vertex 24 -54 52
      vertex 10 0.5 52
    endloop
  endfacet
  facet normal 0 0 1
    outer loop
      vertex 24 -54 52
      vertex 10 9.5 52
      vertex 10 0.5 52
    endloop
  endfacet
  facet normal 0 0 1
    outer loop
      vertex 24 -54 52
      vertex 10 10.5 52
      vertex 10 9.5 52
    endloop
  endfacet
  facet normal 0.7071067811865475 0 0.7071067811865475
    outer loop
      vertex 26 -54 50
      vertex 26 54 50
      vertex 24 -54 52
    endloop
  endfacet
  facet normal 1 0 0
    outer loop
      vertex 26 -54 50
      vertex 26 5.400000000000002 32
      vertex 26 54 50
    endloop
  endfacet
  facet normal 1 0 0
    outer loop
      vertex 26 5.400000000000002 32
      vertex 26 54 32
      vertex 26 54 50
    endloop
  endfacet
  facet normal 0 1 0
    outer loop
      vertex 24 54 32
      vertex 26 54 50
      vertex 26 54 32
    endloop
  endfacet
  facet normal 0 1 0
    outer loop
      vertex 24 54 32
      vertex 24 54 48
      vertex 26 54 50
    endloop
  endfacet
  facet normal 0 0 1
    outer loop
      vertex 3.85 0.5 52
      vertex 10 9.5 52
      vertex 3.85 9.5 52
    endloop
  endfacet
  facet normal 0 0 1
    outer loop
      vertex 3.85 10.5 52
      vertex 10 19.5 52
      vertex 3.85 19.5 52
    endloop
  endfacet
  facet normal 0 0 1
    outer loop
      vertex 3.85 20.5 52
      vertex 10 29.5 52
      vertex 3.85 29.5 52
    endloop
  endfacet
  facet normal 0 0 1
    outer loop
      vertex 3.85 0.5 52
      vertex 10 0.5 52
      vertex 10 9.5 52
    endloop
  endfacet
  facet normal 0 0 1
    outer loop
      vertex 3.85 10.5 52
      vertex 10 10.5 52
      vertex 10 19.5 52
    endloop
  endfacet
  facet normal 0 0 1
    outer loop
      vertex 3.85 20.5 52
      vertex 10 20.5 52
      vertex 10 29.5 52
    endloop
  endfacet
  facet normal 0 0 1
    outer loop
      vertex 3.85 30.5 52
      vertex 10 30.5 52
      vertex 3.85 40 52
    endloop
  endfacet
  facet normal 0 0 1
    outer loop
      vertex -3.85 40 52
      vertex 3.85 40 52
      vertex 24 54 52
    endloop
  endfacet
  facet normal 0 1 0
    outer loop
      vertex -24 54 52
      vertex 26 54 50
      vertex 22 54 50
    endloop
  endfacet
  facet normal 0 1 0
    outer loop
      vertex -24 54 52
      vertex 24 54 52
      vertex 26 54 50
    endloop
  endfacet
  facet normal 0 0 1
    outer loop
      vertex 3.85 40 52
      vertex 10 30.5 52
      vertex 24 54 52
    endloop
  endfacet
  facet normal 0 0 1
    outer loop
      vertex 24 -54 52
      vertex 24 54 52
      vertex 10 10.5 52
    endloop
  endfacet
  facet normal 0.7071067811865475 0 0.7071067811865475
    outer loop
      vertex 24 -54 52
      vertex 26 54 50
      vertex 24 54 52
    endloop
  endfacet
  facet normal 0 0 1
    outer loop
      vertex 10 10.5 52
      vertex 24 54 52
      vertex 10 19.5 52
    endloop
  endfacet
  facet normal 0 0 1
    outer loop
      vertex 10 19.5 52
      vertex 24 54 52
      vertex 10 20.5 52
    endloop
  endfacet
  facet normal 0 0 1
    outer loop
      vertex 10 20.5 52
      vertex 24 54 52
      vertex 10 29.5 52
    endloop
  endfacet
  facet normal 0 0 1
    outer loop
      vertex 10 29.5 52
      vertex 24 54 52
      vertex 10 30.5 52
    endloop
  endfacet
  facet normal 0 1 0
    outer loop
      vertex 24 54 48
      vertex 22 54 50
      vertex 26 54 50
    endloop
  endfacet
  facet normal 1 0 0
    outer loop
      vertex -24 -54 32
      vertex -24 -52.15 32
      vertex -24 -54 48
    endloop
  endfacet
  facet normal 1 0 0
    outer loop
      vertex -24 -52.15 32
      vertex -24 -52.15 48
      vertex -24 -54 48
    endloop
  endfacet
  facet normal 1 0 0
    outer loop
      vertex -24 -49.85 33.864023872714874
      vertex -24 -1 48
      vertex -24 -49.85 48
    endloop
  endfacet
  facet normal 1 0 0
    outer loop
      vertex -24 -49.85 32
      vertex -24 49.85 32
      vertex -24 -49.85 32.135976127285126
    endloop
  endfacet
  facet normal 1 0 0
    outer loop
      vertex -24 -49.85 33.864023872714874
      vertex -24 1 35.5
      vertex -24 -1 35.5
    endloop
  endfacet
  facet normal 1 0 0
    outer loop
      vertex -24 -49.85 33.864023872714874
      vertex -24 -1 35.5
      vertex -24 -1 48
    endloop
  endfacet
  facet normal 0.7071067811865476 0 -0.7071067811865476
    outer loop
      vertex -24 -54 48
      vertex -24 -52.15 48
      vertex -22 -54 50
    endloop
  endfacet
  facet normal 0.7071067811865476 0 -0.7071067811865476
    outer loop
      vertex -24 -52.15 48
      vertex -22 -52.15 50
      vertex -22 -54 50
    endloop
  endfacet
  facet normal 0.7071067811865475 0 -0.7071067811865475
    outer loop
      vertex -24 -49.85 48
      vertex -22 -1 50
      vertex -22 -49.85 50
    endloop
  endfacet
  facet normal 0 0 -1
    outer loop
      vertex -22 -49.85 50
      vertex -11.995 -40 50
      vertex -9.995 -40 50
    endloop
  endfacet
  facet normal 0 0 -1
    outer loop
      vertex -22 -49.85 50
      vertex -22 -1 50
      vertex -11.995 -40 50
    endloop
  endfacet
  facet normal 0.7071067811865475 0 -0.7071067811865475
    outer loop
      vertex -24 -49.85 48
      vertex -24 -1 48
      vertex -22 -1 50
    endloop
  endfacet
  facet normal 0 0 -1
    outer loop
      vertex -22 -1 50
      vertex -11.995 -1 50
      vertex -11.995 -40 50
    endloop
  endfacet
  facet normal 0 0 -1
    outer loop
      vertex -22 -49.85 50
      vertex -9.995 -40 50
      vertex -5.5 -40 50
    endloop
  endfacet
  facet normal 0 0 -1
    outer loop
      vertex -22 -49.85 50
      vertex -5.5 -40 50
      vertex -3.85 -40 50
    endloop
  endfacet
  facet normal 0 0 -1
    outer loop
      vertex -22 -54 50
      vertex -22 -52.15 50
      vertex 22 -54 50
    endloop
  endfacet
  facet normal 0 0 -1
    outer loop
      vertex -22 -49.85 50
      vertex -3.85 -40 50
      vertex 22 -49.85 50
    endloop
  endfacet
  facet normal 0 0 -1
    outer loop
      vertex -5.5 -40 50
      vertex -5.5 40 50
      vertex -3.85 -40 50
    endloop
  endfacet
  facet normal 1 0 0
    outer loop
      vertex -24 -49.85 33.864023872714874
      vertex -24 49.85 33.864023872714874
      vertex -24 1 35.5
    endloop
  endfacet
  facet normal 1 0 0
    outer loop
      vertex -24 -49.85 32.135976127285126
      vertex -24 49.85 32
      vertex -24 49.85 32.135976127285126
    endloop
  endfacet
  facet normal 1 0 0
    outer loop
      vertex -24 1 35.5
      vertex -24 49.85 48
      vertex -24 1 48
    endloop
  endfacet
  facet normal 1 0 0
    outer loop
      vertex -24 52.15 32
      vertex -24 54 32
      vertex -24 52.15 48
    endloop
  endfacet
  facet normal 1 0 0
    outer loop
      vertex -24 1 35.5
      vertex -24 49.85 33.864023872714874
      vertex -24 49.85 48
    endloop
  endfacet
  facet normal 1 0 0
    outer loop
      vertex -24 54 32
      vertex -24 54 48
      vertex -24 52.15 48
    endloop
  endfacet
  facet normal 0.7071067811865475 0 -0.7071067811865475
    outer loop
      vertex -24 1 48
      vertex -22 49.85 50
      vertex -22 1 50
    endloop
  endfacet
  facet normal 0 0 -1
    outer loop
      vertex -22 1 50
      vertex -11.995 40 50
      vertex -11.995 1 50
    endloop
  endfacet
  facet normal 0.7071067811865475 0 -0.7071067811865475
    outer loop
      vertex -24 1 48
      vertex -24 49.85 48
      vertex -22 49.85 50
    endloop
  endfacet
  facet normal 0.7071067811865476 0 -0.7071067811865476
    outer loop
      vertex -24 52.15 48
      vertex -24 54 48
      vertex -22 52.15 50
    endloop
  endfacet
  facet normal 0.7071067811865476 0 -0.7071067811865476
    outer loop
      vertex -24 54 48
      vertex -22 54 50
      vertex -22 52.15 50
    endloop
  endfacet
  facet normal 0 0 -1
    outer loop
      vertex -22 1 50
      vertex -22 49.85 50
      vertex -11.995 40 50
    endloop
  endfacet
  facet normal 0 0 -1
    outer loop
      vertex -22 49.85 50
      vertex -9.995 40 50
      vertex -11.995 40 50
    endloop
  endfacet
  facet normal 0 0 -1
    outer loop
      vertex -3.85 -40 50
      vertex -5.5 40 50
      vertex -3.85 40 50
    endloop
  endfacet
  facet normal 0 0 -1
    outer loop
      vertex -22 49.85 50
      vertex -5.5 40 50
      vertex -9.995 40 50
    endloop
  endfacet
  facet normal 0 0 -1
    outer loop
      vertex -22 49.85 50
      vertex -3.85 40 50
      vertex -5.5 40 50
    endloop
  endfacet
  facet normal 0 0 -1
    outer loop
      vertex -22 49.85 50
      vertex 3.85 40 50
      vertex -3.85 40 50
    endloop
  endfacet
  facet normal 0 0 -1
    outer loop
      vertex -22 52.15 50
      vertex -22 54 50
      vertex 22 52.15 50
    endloop
  endfacet
  facet normal -1 0 0
    outer loop
      vertex 24 -54 32
      vertex 24 -52.15 48
      vertex 24 -52.15 32
    endloop
  endfacet
  facet normal -1 0 0
    outer loop
      vertex 24 -54 32
      vertex 24 -54 48
      vertex 24 -52.15 48
    endloop
  endfacet
  facet normal -1 0 0
    outer loop
      vertex 24 -49.85 33.864023872714874
      vertex 24 -49.85 48
      vertex 24 -1 35.5
    endloop
  endfacet
  facet normal -1 0 0
    outer loop
      vertex 24 -49.85 32
      vertex 24 -49.85 32.135976127285126
      vertex 24 49.85 32.135976127285126
    endloop
  endfacet
  facet normal -1 0 0
    outer loop
      vertex 24 -49.85 33.864023872714874
      vertex 24 -1 35.5
      vertex 24 49.85 33.864023872714874
    endloop
  endfacet
  facet normal -1 0 0
    outer loop
      vertex 24 -1 35.5
      vertex 24 -49.85 48
      vertex 24 -1 48
    endloop
  endfacet
  facet normal 0 0 -1
    outer loop
      vertex -22 -52.15 50
      vertex 22 -52.15 50
      vertex 22 -54 50
    endloop
  endfacet
  facet normal 0 0 -1
    outer loop
      vertex -3.85 -40 50
      vertex 3.85 -40 50
      vertex 22 -49.85 50
    endloop
  endfacet
  facet normal 0 0 -1
    outer loop
      vertex 3.85 -40 50
      vertex 5.5 -40 50
      vertex 22 -49.85 50
    endloop
  endfacet
  facet normal 0 0 -1
    outer loop
      vertex 5.5 -40 50
      vertex 9.995 -40 50
      vertex 22 -49.85 50
    endloop
  endfacet
  facet normal 0 0 -1
    outer loop
      vertex 3.85 -40 50
      vertex 3.85 40 50
      vertex 5.5 -40 50
    endloop
  endfacet
  facet normal 0 0 -1
    outer loop
      vertex 9.995 -40 50
      vertex 11.995 -40 50
      vertex 22 -49.85 50
    endloop
  endfacet
  facet normal 0 0 -1
    outer loop
      vertex 11.995 -40 50
      vertex 22 -1 50
      vertex 22 -49.85 50
    endloop
  endfacet
  facet normal -0.7071067811865476 0 -0.7071067811865476
    outer loop
      vertex 24 -54 48
      vertex 22 -52.15 50
      vertex 24 -52.15 48
    endloop
  endfacet
  facet normal -0.7071067811865476 0 -0.7071067811865476
    outer loop
      vertex 24 -54 48
      vertex 22 -54 50
      vertex 22 -52.15 50
    endloop
  endfacet
  facet normal -0.7071067811865475 0 -0.7071067811865475
    outer loop
      vertex 24 -49.85 48
      vertex 22 -49.85 50
      vertex 24 -1 48
    endloop
  endfacet
  facet normal 0 0 -1
    outer loop
      vertex 11.995 -40 50
      vertex 11.995 -1 50
      vertex 22 -1 50
    endloop
  endfacet
  facet normal -0.7071067811865475 0 -0.7071067811865475
    outer loop
      vertex 22 -49.85 50
      vertex 22 -1 50
      vertex 24 -1 48
    endloop
  endfacet
  facet normal -1 0 0
    outer loop
      vertex 24 -49.85 32
      vertex 24 49.85 32.135976127285126
      vertex 24 49.85 32
    endloop
  endfacet
  facet normal -1 0 0
    outer loop
      vertex 24 -1 35.5
      vertex 24 1 35.5
      vertex 24 49.85 33.864023872714874
    endloop
  endfacet
  facet normal -1 0 0
    outer loop
      vertex 24 1 35.5
      vertex 24 1 48
      vertex 24 49.85 33.864023872714874
    endloop
  endfacet
  facet normal -1 0 0
    outer loop
      vertex 24 52.15 32
      vertex 24 54 48
      vertex 24 54 32
    endloop
  endfacet
  facet normal -1 0 0
    outer loop
      vertex 24 49.85 33.864023872714874
      vertex 24 1 48
      vertex 24 49.85 48
    endloop
  endfacet
  facet normal -1 0 0
    outer loop
      vertex 24 52.15 32
      vertex 24 52.15 48
      vertex 24 54 48
    endloop
  endfacet
  facet normal 0 0 -1
    outer loop
      vertex 5.5 -40 50
      vertex 3.85 40 50
      vertex 5.5 40 50
    endloop
  endfacet
  facet normal 0 0 -1
    outer loop
      vertex -22 49.85 50
      vertex 22 49.85 50
      vertex 3.85 40 50
    endloop
  endfacet
  facet normal 0 0 -1
    outer loop
      vertex -22 54 50
      vertex 22 54 50
      vertex 22 52.15 50
    endloop
  endfacet
  facet normal 0 0 -1
    outer loop
      vertex 3.85 40 50
      vertex 22 49.85 50
      vertex 5.5 40 50
    endloop
  endfacet
  facet normal 0 0 -1
    outer loop
      vertex 5.5 40 50
      vertex 22 49.85 50
      vertex 9.995 40 50
    endloop
  endfacet
  facet normal 0 0 -1
    outer loop
      vertex 11.995 1 50
      vertex 11.995 40 50
      vertex 22 1 50
    endloop
  endfacet
  facet normal -0.7071067811865475 0 -0.7071067811865475
    outer loop
      vertex 24 1 48
      vertex 22 1 50
      vertex 24 49.85 48
    endloop
  endfacet
  facet normal 0 0 -1
    outer loop
      vertex 11.995 40 50
      vertex 22 49.85 50
      vertex 22 1 50
    endloop
  endfacet
  facet normal 0 0 -1
    outer loop
      vertex 9.995 40 50
      vertex 22 49.85 50
      vertex 11.995 40 50
    endloop
  endfacet
  facet normal -0.7071067811865475 0 -0.7071067811865475
    outer loop
      vertex 22 1 50
      vertex 22 49.85 50
      vertex 24 49.85 48
    endloop
  endfacet
  facet normal -0.7071067811865476 0 -0.7071067811865476
    outer loop
      vertex 24 52.15 48
      vertex 22 54 50
      vertex 24 54 48
    endloop
  endfacet
  facet normal -0.7071067811865476 0 -0.7071067811865476
    outer loop
      vertex 24 52.15 48
      vertex 22 52.15 50
      vertex 22 54 50
    endloop
  endfacet
  facet normal 0 1 0
    outer loop
      vertex -25.15 49.85 32
      vertex -24.07422070843493 49.85 32.09517294753398
      vertex -24 49.85 32
    endloop
  endfacet
  facet normal 0 1 0
    outer loop
      vertex -25.15 49.85 32
      vertex -24.25 49.85 33.966209504970706
      vertex -24.07422070843493 49.85 32.09517294753398
    endloop
  endfacet
  facet normal 0 1 0
    outer loop
      vertex -24 49.85 32
      vertex -24.07422070843493 49.85 32.09517294753398
      vertex -24 49.85 32.135976127285126
    endloop
  endfacet
  facet normal 1 0 0
    outer loop
      vertex -25.15 49.85 32
      vertex -25.15 52.15 32
      vertex -25.15 49.85 49.15
    endloop
  endfacet
  facet normal 0 1 0
    outer loop
      vertex -25.15 49.85 32
      vertex -24 49.85 48
      vertex -24.25 49.85 33.966209504970706
    endloop
  endfacet
  facet normal 0 -1 0
    outer loop
      vertex -25.15 52.15 32
      vertex -24 52.15 32
      vertex -25.15 52.15 49.15
    endloop
  endfacet
  facet normal 0 1 0
    outer loop
      vertex -24.25 49.85 33.966209504970706
      vertex -24 49.85 48
      vertex -24.07422070843493 49.85 33.90482705246602
    endloop
  endfacet
  facet normal 0 1 0
    outer loop
      vertex -24 49.85 33.864023872714874
      vertex -24.07422070843493 49.85 33.90482705246602
      vertex -24 49.85 48
    endloop
  endfacet
  facet normal 0 1 0
    outer loop
      vertex -25.15 49.85 32
      vertex -25.15 49.85 49.15
      vertex -24 49.85 48
    endloop
  endfacet
  facet normal 0 -1 0
    outer loop
      vertex -24 52.15 32
      vertex -24 52.15 48
      vertex -25.15 52.15 49.15
    endloop
  endfacet
  facet normal 1 0 0
    outer loop
      vertex -25.15 52.15 32
      vertex -25.15 52.15 49.15
      vertex -25.15 49.85 49.15
    endloop
  endfacet
  facet normal 0 1 0
    outer loop
      vertex -24 49.85 48
      vertex -25.15 49.85 49.15
      vertex -22 49.85 50
    endloop
  endfacet
  facet normal 0.7071067811865476 0 -0.7071067811865476
    outer loop
      vertex -25.15 49.85 49.15
      vertex -25.15 52.15 49.15
      vertex -23.15 52.15 51.15
    endloop
  endfacet
  facet normal 0.7071067811865476 0 -0.7071067811865476
    outer loop
      vertex -25.15 49.85 49.15
      vertex -23.15 52.15 51.15
      vertex -23.15 49.85 51.15
    endloop
  endfacet
  facet normal 0 1 0
    outer loop
      vertex -25.15 49.85 49.15
      vertex -23.15 49.85 51.15
      vertex -22 49.85 50
    endloop
  endfacet
  facet normal 0 -1 0
    outer loop
      vertex -24 52.15 48
      vertex -23.15 52.15 51.15
      vertex -25.15 52.15 49.15
    endloop
  endfacet
  facet normal 0 -1 0
    outer loop
      vertex -24 52.15 48
      vertex -22 52.15 50
      vertex -23.15 52.15 51.15
    endloop
  endfacet
  facet normal 0 1 0
    outer loop
      vertex -23.15 49.85 51.15
      vertex 22 49.85 50
      vertex -22 49.85 50
    endloop
  endfacet
  facet normal 0 -1 0
    outer loop
      vertex -23.15 52.15 51.15
      vertex -22 52.15 50
      vertex 23.15 52.15 51.15
    endloop
  endfacet
  facet normal 0 0 -1
    outer loop
      vertex -23.15 49.85 51.15
      vertex -23.15 52.15 51.15
      vertex 23.15 52.15 51.15
    endloop
  endfacet
  facet normal 0 1 0
    outer loop
      vertex 24 49.85 32
      vertex 24 49.85 32.135976127285126
      vertex 24.07422070843493 49.85 32.09517294753398
    endloop
  endfacet
  facet normal 0 1 0
    outer loop
      vertex 24 49.85 32
      vertex 24.07422070843493 49.85 32.09517294753398
      vertex 24.25 49.85 32.033790495029294
    endloop
  endfacet
  facet normal 0 1 0
    outer loop
      vertex 24 49.85 32
      vertex 24.25 49.85 32.033790495029294
      vertex 25.15 49.85 32
    endloop
  endfacet
  facet normal 0 1 0
    outer loop
      vertex 24.25 49.85 32.033790495029294
      vertex 24.07422070843493 49.85 33.90482705246602
      vertex 25.15 49.85 32
    endloop
  endfacet
  facet normal 0 1 0
    outer loop
      vertex 24 49.85 33.864023872714874
      vertex 24 49.85 48
      vertex 24.07422070843493 49.85 33.90482705246602
    endloop
  endfacet
  facet normal 0 1 0
    outer loop
      vertex 25.15 49.85 32
      vertex 24.07422070843493 49.85 33.90482705246602
      vertex 25.15 49.85 49.15
    endloop
  endfacet
  facet normal 0 -1 0
    outer loop
      vertex 24 52.15 32
      vertex 25.15 52.15 32
      vertex 24 52.15 48
    endloop
  endfacet
  facet normal -1 0 0
    outer loop
      vertex 25.15 49.85 32
      vertex 25.15 52.15 49.15
      vertex 25.15 52.15 32
    endloop
  endfacet
  facet normal -1 0 0
    outer loop
      vertex 25.15 49.85 32
      vertex 25.15 49.85 49.15
      vertex 25.15 52.15 49.15
    endloop
  endfacet
  facet normal 0 1 0
    outer loop
      vertex 24.07422070843493 49.85 33.90482705246602
      vertex 24 49.85 48
      vertex 25.15 49.85 49.15
    endloop
  endfacet
  facet normal 0 -1 0
    outer loop
      vertex 25.15 52.15 32
      vertex 25.15 52.15 49.15
      vertex 24 52.15 48
    endloop
  endfacet
  facet normal 0 1 0
    outer loop
      vertex -23.15 49.85 51.15
      vertex 23.15 49.85 51.15
      vertex 22 49.85 50
    endloop
  endfacet
  facet normal 0 -1 0
    outer loop
      vertex -22 52.15 50
      vertex 22 52.15 50
      vertex 23.15 52.15 51.15
    endloop
  endfacet
  facet normal 0 0 -1
    outer loop
      vertex -23.15 49.85 51.15
      vertex 23.15 52.15 51.15
      vertex 23.15 49.85 51.15
    endloop
  endfacet
  facet normal 0 -1 0
    outer loop
      vertex 24 52.15 48
      vertex 25.15 52.15 49.15
      vertex 22 52.15 50
    endloop
  endfacet
  facet normal 0 1 0
    outer loop
      vertex 24 49.85 48
      vertex 22 49.85 50
      vertex 23.15 49.85 51.15
    endloop
  endfacet
  facet normal 0 1 0
    outer loop
      vertex 24 49.85 48
      vertex 23.15 49.85 51.15
      vertex 25.15 49.85 49.15
    endloop
  endfacet
  facet normal -0.7071067811865476 0 -0.7071067811865476
    outer loop
      vertex 25.15 49.85 49.15
      vertex 23.15 49.85 51.15
      vertex 23.15 52.15 51.15
    endloop
  endfacet
  facet normal 0 -1 0
    outer loop
      vertex 25.15 52.15 49.15
      vertex 23.15 52.15 51.15
      vertex 22 52.15 50
    endloop
  endfacet
  facet normal -0.7071067811865476 0 -0.7071067811865476
    outer loop
      vertex 25.15 49.85 49.15
      vertex 23.15 52.15 51.15
      vertex 25.15 52.15 49.15
    endloop
  endfacet
  facet normal 0 -1 0
    outer loop
      vertex -25.15 -49.85 32
      vertex -24 -49.85 32
      vertex -24.25 -49.85 32.033790495029294
    endloop
  endfacet
  facet normal 0 -1 0
    outer loop
      vertex -25.15 -49.85 32
      vertex -24.25 -49.85 32.033790495029294
      vertex -24.07422070843493 -49.85 33.90482705246602
    endloop
  endfacet
  facet normal 0 -1 0
    outer loop
      vertex -24.25 -49.85 32.033790495029294
      vertex -24 -49.85 32
      vertex -24.07422070843493 -49.85 32.09517294753398
    endloop
  endfacet
  facet normal 0 -1 0
    outer loop
      vertex -24 -49.85 32
      vertex -24 -49.85 32.135976127285126
      vertex -24.07422070843493 -49.85 32.09517294753398
    endloop
  endfacet
  facet normal 0 1 0
    outer loop
      vertex -25.15 -52.15 32
      vertex -24 -52.15 48
      vertex -24 -52.15 32
    endloop
  endfacet
  facet normal 1 0 0
    outer loop
      vertex -25.15 -52.15 32
      vertex -25.15 -49.85 32
      vertex -25.15 -52.15 49.15
    endloop
  endfacet
  facet normal 0 -1 0
    outer loop
      vertex -25.15 -49.85 32
      vertex -24.07422070843493 -49.85 33.90482705246602
      vertex -25.15 -49.85 49.15
    endloop
  endfacet
  facet normal 0 -1 0
    outer loop
      vertex -24 -49.85 33.864023872714874
      vertex -24 -49.85 48
      vertex -24.07422070843493 -49.85 33.90482705246602
    endloop
  endfacet
  facet normal 0 1 0
    outer loop
      vertex -25.15 -52.15 32
      vertex -25.15 -52.15 49.15
      vertex -24 -52.15 48
    endloop
  endfacet
  facet normal 1 0 0
    outer loop
      vertex -25.15 -49.85 32
      vertex -25.15 -49.85 49.15
      vertex -25.15 -52.15 49.15
    endloop
  endfacet
  facet normal 0 -1 0
    outer loop
      vertex -24.07422070843493 -49.85 33.90482705246602
      vertex -24 -49.85 48
      vertex -25.15 -49.85 49.15
    endloop
  endfacet
  facet normal 0 1 0
    outer loop
      vertex -24 -52.15 48
      vertex -25.15 -52.15 49.15
      vertex -22 -52.15 50
    endloop
  endfacet
  facet normal 0.7071067811865476 0 -0.7071067811865476
    outer loop
      vertex -25.15 -52.15 49.15
      vertex -25.15 -49.85 49.15
      vertex -23.15 -49.85 51.15
    endloop
  endfacet
  facet normal 0.7071067811865476 0 -0.7071067811865476
    outer loop
      vertex -25.15 -52.15 49.15
      vertex -23.15 -49.85 51.15
      vertex -23.15 -52.15 51.15
    endloop
  endfacet
  facet normal 0 1 0
    outer loop
      vertex -25.15 -52.15 49.15
      vertex -23.15 -52.15 51.15
      vertex -22 -52.15 50
    endloop
  endfacet
  facet normal 0 -1 0
    outer loop
      vertex -24 -49.85 48
      vertex -23.15 -49.85 51.15
      vertex -25.15 -49.85 49.15
    endloop
  endfacet
  facet normal 0 -1 0
    outer loop
      vertex -24 -49.85 48
      vertex -22 -49.85 50
      vertex -23.15 -49.85 51.15
    endloop
  endfacet
  facet normal 0 1 0
    outer loop
      vertex -23.15 -52.15 51.15
      vertex 22 -52.15 50
      vertex -22 -52.15 50
    endloop
  endfacet
  facet normal 0 -1 0
    outer loop
      vertex -23.15 -49.85 51.15
      vertex -22 -49.85 50
      vertex 23.15 -49.85 51.15
    endloop
  endfacet
  facet normal 0 0 -1
    outer loop
      vertex -23.15 -52.15 51.15
      vertex -23.15 -49.85 51.15
      vertex 23.15 -49.85 51.15
    endloop
  endfacet
  facet normal 0 -1 0
    outer loop
      vertex 24 -49.85 32
      vertex 24.07422070843493 -49.85 32.09517294753398
      vertex 24 -49.85 32.135976127285126
    endloop
  endfacet
  facet normal 0 -1 0
    outer loop
      vertex 24 -49.85 32
      vertex 25.15 -49.85 32
      vertex 24.07422070843493 -49.85 32.09517294753398
    endloop
  endfacet
  facet normal 0 -1 0
    outer loop
      vertex 24.07422070843493 -49.85 32.09517294753398
      vertex 25.15 -49.85 32
      vertex 24.25 -49.85 33.966209504970706
    endloop
  endfacet
  facet normal 0 -1 0
    outer loop
      vertex 24 -49.85 33.864023872714874
      vertex 24.07422070843493 -49.85 33.90482705246602
      vertex 24 -49.85 48
    endloop
  endfacet
  facet normal 0 -1 0
    outer loop
      vertex 24.07422070843493 -49.85 33.90482705246602
      vertex 24.25 -49.85 33.966209504970706
      vertex 24 -49.85 48
    endloop
  endfacet
  facet normal 0 1 0
    outer loop
      vertex 24 -52.15 32
      vertex 25.15 -52.15 49.15
      vertex 25.15 -52.15 32
    endloop
  endfacet
  facet normal 0 -1 0
    outer loop
      vertex 25.15 -49.85 32
      vertex 24 -49.85 48
      vertex 24.25 -49.85 33.966209504970706
    endloop
  endfacet
  facet normal -1 0 0
    outer loop
      vertex 25.15 -52.15 32
      vertex 25.15 -49.85 49.15
      vertex 25.15 -49.85 32
    endloop
  endfacet
  facet normal 0 1 0
    outer loop
      vertex 24 -52.15 32
      vertex 24 -52.15 48
      vertex 25.15 -52.15 49.15
    endloop
  endfacet
  facet normal -1 0 0
    outer loop
      vertex 25.15 -52.15 32
      vertex 25.15 -52.15 49.15
      vertex 25.15 -49.85 49.15
    endloop
  endfacet
  facet normal 0 -1 0
    outer loop
      vertex 25.15 -49.85 32
      vertex 25.15 -49.85 49.15
      vertex 24 -49.85 48
    endloop
  endfacet
  facet normal 0 1 0
    outer loop
      vertex -23.15 -52.15 51.15
      vertex 23.15 -52.15 51.15
      vertex 22 -52.15 50
    endloop
  endfacet
  facet normal 0 -1 0
    outer loop
      vertex -22 -49.85 50
      vertex 22 -49.85 50
      vertex 23.15 -49.85 51.15
    endloop
  endfacet
  facet normal 0 0 -1
    outer loop
      vertex -23.15 -52.15 51.15
      vertex 23.15 -49.85 51.15
      vertex 23.15 -52.15 51.15
    endloop
  endfacet
  facet normal 0 -1 0
    outer loop
      vertex 24 -49.85 48
      vertex 25.15 -49.85 49.15
      vertex 22 -49.85 50
    endloop
  endfacet
  facet normal 0 1 0
    outer loop
      vertex 24 -52.15 48
      vertex 22 -52.15 50
      vertex 23.15 -52.15 51.15
    endloop
  endfacet
  facet normal 0 1 0
    outer loop
      vertex 24 -52.15 48
      vertex 23.15 -52.15 51.15
      vertex 25.15 -52.15 49.15
    endloop
  endfacet
  facet normal -0.7071067811865476 0 -0.7071067811865476
    outer loop
      vertex 25.15 -52.15 49.15
      vertex 23.15 -52.15 51.15
      vertex 23.15 -49.85 51.15
    endloop
  endfacet
  facet normal 0 -1 0
    outer loop
      vertex 25.15 -49.85 49.15
      vertex 23.15 -49.85 51.15
      vertex 22 -49.85 50
    endloop
  endfacet
  facet normal -0.7071067811865476 0 -0.7071067811865476
    outer loop
      vertex 25.15 -52.15 49.15
      vertex 23.15 -49.85 51.15
      vertex 25.15 -49.85 49.15
    endloop
  endfacet
  facet normal 0.7071067811865475 0 0.7071067811865475
    outer loop
      vertex -7 -40 39.5
      vertex -5.5 -40 38
      vertex -5.5 40 38
    endloop
  endfacet
  facet normal 1 0 0
    outer loop
      vertex -7 -40 39.5
      vertex -7 40 39.5
      vertex -7 -40 42.5
    endloop
  endfacet
  facet normal 0 0 -1
    outer loop
      vertex -7 -40 42.5
      vertex -7 40 42.5
      vertex -5.5 -40 42.5
    endloop
  endfacet
  facet normal 1 0 0
    outer loop
      vertex -7 -40 42.5
      vertex -7 40 39.5
      vertex -7 40 42.5
    endloop
  endfacet
  facet normal 0.7071067811865475 0 0.7071067811865475
    outer loop
      vertex -7 -40 39.5
      vertex -5.5 40 38
      vertex -7 40 39.5
    endloop
  endfacet
  facet normal 0 0 -1
    outer loop
      vertex -5.5 -40 42.5
      vertex -7 40 42.5
      vertex -5.5 40 42.5
    endloop
  endfacet
  facet normal 0 0 -1
    outer loop
      vertex 5.5 -40 42.5
      vertex 5.5 40 42.5
      vertex 7 -40 42.5
    endloop
  endfacet
  facet normal -0.7071067811865475 0 0.7071067811865475
    outer loop
      vertex 5.5 -40 38
      vertex 7 -40 39.5
      vertex 7 40 39.5
    endloop
  endfacet
  facet normal -1 0 0
    outer loop
      vertex 7 -40 39.5
      vertex 7 -40 42.5
      vertex 7 40 42.5
    endloop
  endfacet
  facet normal -0.7071067811865475 0 0.7071067811865475
    outer loop
      vertex 5.5 -40 38
      vertex 7 40 39.5
      vertex 5.5 40 38
    endloop
  endfacet
  facet normal -1 0 0
    outer loop
      vertex 7 -40 39.5
      vertex 7 40 42.5
      vertex 7 40 39.5
    endloop
  endfacet
  facet normal 0 0 -1
    outer loop
      vertex 7 -40 42.5
      vertex 5.5 40 42.5
      vertex 7 40 42.5
    endloop
  endfacet
  facet normal 0 -1 0
    outer loop
      vertex -5 -10 37.8
      vertex -2.8 -10 38.05
      vertex -2.8 -10 40.55
    endloop
  endfacet
  facet normal -1 0 0
    outer loop
      vertex -5 -10 36.55
      vertex -5 -10 37.8
      vertex -5 10 37.8
    endloop
  endfacet
  facet normal 0 0 -1
    outer loop
      vertex -5 -10 36.55
      vertex -1.5739476368340255 -5.404121066642889 36.55
      vertex -1.5108867895684086 -5.598202398112601 36.55
    endloop
  endfacet
  facet normal 0 0 -1
    outer loop
      vertex -5 -10 36.55
      vertex -1.5108867895684086 -5.598202398112601 36.55
      vertex -1.4239983550712783 -5.782849720415287 36.55
    endloop
  endfacet
  facet normal 0 0 -1
    outer loop
      vertex -5 -10 36.55
      vertex -1.6121863896360265 -5.203666504541994 36.55
      vertex -1.5739476368340255 -5.404121066642889 36.55
    endloop
  endfacet
  facet normal 0 0 -1
    outer loop
      vertex -5 -10 36.55
      vertex -1.4239983550712783 -5.782849720415287 36.55
      vertex -1.3146526158592895 -5.955151034975269 36.55
    endloop
  endfacet
  facet normal 0 0 -1
    outer loop
      vertex -5 -10 36.55
      vertex -1.3146526158592895 -5.955151034975269 36.55
      vertex -1.184574019559794 -6.112389047134119 36.55
    endloop
  endfacet
  facet normal 0 0 -1
    outer loop
      vertex -5 -10 36.55
      vertex -0.8707185418408697 -6.372032878940774 36.55
      vertex -0.6918913487932428 -6.470343960257281 36.55
    endloop
  endfacet
  facet normal 0 0 -1
    outer loop
      vertex -5 -10 36.55
      vertex -0.6918913487932428 -6.470343960257281 36.55
      vertex -0.5021526158592895 -6.545466838979625 36.55
    endloop
  endfacet
  facet normal 0 0 -1
    outer loop
      vertex -5 -10 36.55
      vertex -1.184574019559794 -6.112389047134119 36.55
      vertex -1.0358139833416207 -6.252084019510658 36.55
    endloop
  endfacet
  facet normal 0 0 -1
    outer loop
      vertex -5 -10 36.55
      vertex -1.0358139833416207 -6.252084019510658 36.55
      vertex -0.8707185418408697 -6.372032878940774 36.55
    endloop
  endfacet
  facet normal 0 0 -1
    outer loop
      vertex -5 -10 36.55
      vertex -0.5021526158592895 -6.545466838979625 36.55
      vertex 5 -10 36.55
    endloop
  endfacet
  facet normal 0 -1 0
    outer loop
      vertex -5 -10 36.55
      vertex 5 -10 37.8
      vertex -5 -10 37.8
    endloop
  endfacet
  facet normal 0 -1 0
    outer loop
      vertex -5 -10 37.8
      vertex 2.8 -10 38.05
      vertex -2.8 -10 38.05
    endloop
  endfacet
  facet normal 1 0 0
    outer loop
      vertex -2.8 -10 38.05
      vertex -2.8 -6.15 38.05
      vertex -2.8 -10 40.55
    endloop
  endfacet
  facet normal 0 0 1
    outer loop
      vertex -2.8 -10 38.05
      vertex -2.562 -6.575 38.05
      vertex -2.7279800219209815 -6.278607103712533 38.05
    endloop
  endfacet
  facet normal 0 0 1
    outer loop
      vertex -2.8 -10 38.05
      vertex -2.7279800219209815 -6.278607103712533 38.05
      vertex -2.8 -6.15 38.05
    endloop
  endfacet
  facet normal 0 0 1
    outer loop
      vertex -2.8 -10 38.05
      vertex -0.8005500001004933 -6.410608361200129 38.05
      vertex -2.562 -6.575 38.05
    endloop
  endfacet
  facet normal 0 0 1
    outer loop
      vertex -2.8 -10 38.05
      vertex -0.6918913487932428 -6.470343960257281 38.05
      vertex -0.8005500001004933 -6.410608361200129 38.05
    endloop
  endfacet
  facet normal 0 0 1
    outer loop
      vertex -2.8 -10 38.05
      vertex -0.5021526158592895 -6.545466838979625 38.05
      vertex -0.6918913487932428 -6.470343960257281 38.05
    endloop
  endfacet
  facet normal 0 0 1
    outer loop
      vertex -2.8 -10 38.05
      vertex -0.30449463620180284 -6.596216782434119 38.05
      vertex -0.5021526158592895 -6.545466838979625 38.05
    endloop
  endfacet
  facet normal 0 0 1
    outer loop
      vertex -2.8 -10 38.05
      vertex -0.10203459423513486 -6.621793433695942 38.05
      vertex -0.30449463620180284 -6.596216782434119 38.05
    endloop
  endfacet
  facet normal 0 0 1
    outer loop
      vertex -2.8 -10 38.05
      vertex 0.10203459423513486 -6.621793433695942 38.05
      vertex -0.10203459423513486 -6.621793433695942 38.05
    endloop
  endfacet
  facet normal 0 0 1
    outer loop
      vertex -2.8 -10 38.05
      vertex 0.30449463620180284 -6.596216782434119 38.05
      vertex 0.10203459423513486 -6.621793433695942 38.05
    endloop
  endfacet
  facet normal 0 0 1
    outer loop
      vertex -2.8 -10 38.05
      vertex 0.5021526158592895 -6.545466838979625 38.05
      vertex 0.30449463620180284 -6.596216782434119 38.05
    endloop
  endfacet
  facet normal 0 0 1
    outer loop
      vertex -2.8 -10 38.05
      vertex 0.6918913487932428 -6.470343960257281 38.05
      vertex 0.5021526158592895 -6.545466838979625 38.05
    endloop
  endfacet
  facet normal 0 0 1
    outer loop
      vertex -2.8 -10 38.05
      vertex 0.8707185418408688 -6.372032878940775 38.05
      vertex 0.6918913487932428 -6.470343960257281 38.05
    endloop
  endfacet
  facet normal 0 0 1
    outer loop
      vertex -2.8 -10 38.05
      vertex 1.0358139833416211 -6.252084019510657 38.05
      vertex 0.8707185418408688 -6.372032878940775 38.05
    endloop
  endfacet
  facet normal 0 0 1
    outer loop
      vertex -2.8 -10 38.05
      vertex 1.0510183055202866 -6.237806210626303 38.05
      vertex 1.0358139833416211 -6.252084019510657 38.05
    endloop
  endfacet
  facet normal 0 0 -1
    outer loop
      vertex -5 -10 36.55
      vertex -1.625 -5 36.55
      vertex -1.6121863896360265 -5.203666504541994 36.55
    endloop
  endfacet
  facet normal 0 0 -1
    outer loop
      vertex -5 -10 36.55
      vertex -1.6121863896360265 -4.796333495458006 36.55
      vertex -1.625 -5 36.55
    endloop
  endfacet
  facet normal 0 0 -1
    outer loop
      vertex -5 -10 36.55
      vertex -1.5739476368340255 -4.595878933357111 36.55
      vertex -1.6121863896360265 -4.796333495458006 36.55
    endloop
  endfacet
  facet normal 0 0 -1
    outer loop
      vertex -5 -10 36.55
      vertex -1.5108867895684086 -4.401797601887399 36.55
      vertex -1.5739476368340255 -4.595878933357111 36.55
    endloop
  endfacet
  facet normal 0.7705132427757904 0.6374239897486884 0
    outer loop
      vertex -1.3146526158592895 -5.955151034975269 36.55
      vertex -1.3146526158592895 -5.955151034975269 38.05
      vertex -1.184574019559794 -6.112389047134119 36.55
    endloop
  endfacet
  facet normal 0.9048270524660195 0.4257792915650728 0
    outer loop
      vertex -1.4239983550712783 -5.782849720415287 36.55
      vertex -1.5108867895684086 -5.598202398112601 36.55
      vertex -1.5108867895684086 -5.598202398112601 38.05
    endloop
  endfacet
  facet normal 0.9510565162951534 0.30901699437494795 0
    outer loop
      vertex -1.5108867895684086 -5.598202398112601 36.55
      vertex -1.5739476368340255 -5.404121066642889 36.55
      vertex -1.5739476368340255 -5.404121066642889 38.05
    endloop
  endfacet
  facet normal 0.9822872507286886 0.18738131458572424 0
    outer loop
      vertex -1.5739476368340255 -5.404121066642889 36.55
      vertex -1.6121863896360265 -5.203666504541994 36.55
      vertex -1.6121863896360265 -5.203666504541994 38.05
    endloop
  endfacet
  facet normal 0.9980267284282716 0.0627905195293136 0
    outer loop
      vertex -1.6121863896360265 -5.203666504541994 36.55
      vertex -1.625 -5 36.55
      vertex -1.625 -5 38.05
    endloop
  endfacet
  facet normal 0.8443279255020153 0.5358267949789962 0
    outer loop
      vertex -1.3146526158592895 -5.955151034975269 36.55
      vertex -1.4239983550712783 -5.782849720415287 36.55
      vertex -1.4239983550712783 -5.782849720415287 38.05
    endloop
  endfacet
  facet normal 0.6845471059286888 0.7289686274214114 0
    outer loop
      vertex -1.0358139833416207 -6.252084019510658 36.55
      vertex -1.184574019559794 -6.112389047134119 36.55
      vertex -1.184574019559794 -6.112389047134119 38.05
    endloop
  endfacet
  facet normal 0.5877852522924718 0.8090169943749485 0
    outer loop
      vertex -1.0358139833416207 -6.252084019510658 36.55
      vertex -1.0358139833416207 -6.252084019510658 38.05
      vertex -0.8707185418408697 -6.372032878940774 36.55
    endloop
  endfacet
  facet normal 0.9980267284282716 -0.0627905195293136 0
    outer loop
      vertex -1.625 -5 36.55
      vertex -1.6121863896360265 -4.796333495458006 36.55
      vertex -1.6121863896360265 -4.796333495458006 38.05
    endloop
  endfacet
  facet normal 0.9822872507286886 -0.18738131458572424 0
    outer loop
      vertex -1.6121863896360265 -4.796333495458006 36.55
      vertex -1.5739476368340255 -4.595878933357111 36.55
      vertex -1.5739476368340255 -4.595878933357111 38.05
    endloop
  endfacet
  facet normal 0.9510565162951534 -0.30901699437494795 0
    outer loop
      vertex -1.5739476368340255 -4.595878933357111 36.55
      vertex -1.5108867895684086 -4.401797601887399 36.55
      vertex -1.5108867895684086 -4.401797601887399 38.05
    endloop
  endfacet
  facet normal 0.9048270524660195 -0.4257792915650728 0
    outer loop
      vertex -1.5108867895684086 -4.401797601887399 36.55
      vertex -1.4239983550712783 -4.217150279584713 36.55
      vertex -1.4239983550712783 -4.217150279584713 38.05
    endloop
  endfacet
  facet normal 0.8443279255020153 -0.5358267949789962 0
    outer loop
      vertex -1.4239983550712783 -4.217150279584713 36.55
      vertex -1.3146526158592895 -4.044848965024731 36.55
      vertex -1.3146526158592895 -4.044848965024731 38.05
    endloop
  endfacet
  facet normal 0.7705132427757904 -0.6374239897486884 0
    outer loop
      vertex -1.3146526158592895 -4.044848965024731 36.55
      vertex -1.184574019559794 -3.887610952865881 36.55
      vertex -1.184574019559794 -3.887610952865881 38.05
    endloop
  endfacet
  facet normal 0.6845471059286888 -0.7289686274214114 0
    outer loop
      vertex -1.184574019559794 -3.887610952865881 36.55
      vertex -1.0358139833416207 -3.747915980489342 36.55
      vertex -1.0358139833416207 -3.747915980489342 38.05
    endloop
  endfacet
  facet normal 0.5877852522924718 -0.8090169943749485 0
    outer loop
      vertex -1.0358139833416207 -3.747915980489342 36.55
      vertex -0.8707185418408697 -3.6279671210592257 36.55
      vertex -0.8707185418408697 -3.6279671210592257 38.05
    endloop
  endfacet
  facet normal 0.4817536741017138 0.8763066800438644 0
    outer loop
      vertex -0.8707185418408697 -6.372032878940774 36.55
      vertex -0.8707185418408697 -6.372032878940774 38.05
      vertex -0.6918913487932428 -6.470343960257281 36.55
    endloop
  endfacet
  facet normal 0.36812455268468014 0.9297764858882506 0
    outer loop
      vertex -0.6918913487932428 -6.470343960257281 36.55
      vertex -0.6918913487932428 -6.470343960257281 38.05
      vertex -0.5021526158592895 -6.545466838979625 36.55
    endloop
  endfacet
  facet normal 0.24868988716485582 0.9685831611286307 0
    outer loop
      vertex -0.5021526158592895 -6.545466838979625 36.55
      vertex -0.5021526158592895 -6.545466838979625 38.05
      vertex -0.30449463620180284 -6.596216782434119 36.55
    endloop
  endfacet
  facet normal 0.12533323356430498 0.9921147013144778 0
    outer loop
      vertex -0.30449463620180284 -6.596216782434119 36.55
      vertex -0.30449463620180284 -6.596216782434119 38.05
      vertex -0.10203459423513486 -6.621793433695942 36.55
    endloop
  endfacet
  facet normal 0 1 0
    outer loop
      vertex -0.10203459423513486 -6.621793433695942 36.55
      vertex -0.10203459423513486 -6.621793433695942 38.05
      vertex 0.10203459423513486 -6.621793433695942 36.55
    endloop
  endfacet
  facet normal 0.4817536741017147 -0.8763066800438638 0
    outer loop
      vertex -0.8707185418408697 -3.6279671210592257 36.55
      vertex -0.6918913487932432 -3.5296560397427186 36.55
      vertex -0.6918913487932432 -3.5296560397427186 38.05
    endloop
  endfacet
  facet normal 0.3681245526846794 -0.9297764858882509 0
    outer loop
      vertex -0.6918913487932432 -3.5296560397427186 36.55
      vertex -0.5021526158592895 -3.4545331610203753 36.55
      vertex -0.5021526158592895 -3.4545331610203753 38.05
    endloop
  endfacet
  facet normal 0.2486898871648554 -0.968583161128631 0
    outer loop
      vertex -0.5021526158592895 -3.4545331610203753 36.55
      vertex -0.30449463620180245 -3.4037832175658806 36.55
      vertex -0.30449463620180245 -3.4037832175658806 38.05
    endloop
  endfacet
  facet normal 0.1253332335643026 -0.992114701314478 0
    outer loop
      vertex -0.30449463620180245 -3.4037832175658806 36.55
      vertex -0.10203459423513407 -3.378206566304059 36.55
      vertex -0.10203459423513407 -3.378206566304059 38.05
    endloop
  endfacet
  facet normal 0 0 -1
    outer loop
      vertex -5 -10 36.55
      vertex 5 10 36.55
      vertex -1.5108867895684086 -4.401797601887399 36.55
    endloop
  endfacet
  facet normal 0 0 1
    outer loop
      vertex -2.7279800219209815 -6.278607103712533 38.05
      vertex -2.7279800219209815 -6.15 38.05
      vertex -2.8 -6.15 38.05
    endloop
  endfacet
  facet normal 0 -1 0
    outer loop
      vertex -2.8 -6.15 38.05
      vertex -2.7279800219209815 -6.15 38.05
      vertex -2.7279800219209815 -6.15 40.55
    endloop
  endfacet
  facet normal 1 0 0
    outer loop
      vertex -2.7279800219209815 -6.15 38.05
      vertex -2.7279800219209815 -3.425 38.05
      vertex -2.7279800219209815 -6.15 40.55
    endloop
  endfacet
  facet normal 0 0 1
    outer loop
      vertex -2.7279800219209815 -6.278607103712533 38.05
      vertex -1.184574019559794 -6.112389047134119 38.05
      vertex -2.7279800219209815 -6.15 38.05
    endloop
  endfacet
  facet normal 0 0 1
    outer loop
      vertex -2.562 -6.575 38.05
      vertex -1.184574019559794 -6.112389047134119 38.05
      vertex -2.7279800219209815 -6.278607103712533 38.05
    endloop
  endfacet
  facet normal 0 0 1
    outer loop
      vertex -2.7279800219209815 -6.15 38.05
      vertex -1.3146526158592895 -5.955151034975269 38.05
      vertex -1.4239983550712783 -5.782849720415287 38.05
    endloop
  endfacet
  facet normal 0 0 1
    outer loop
      vertex -2.7279800219209815 -6.15 38.05
      vertex -1.184574019559794 -6.112389047134119 38.05
      vertex -1.3146526158592895 -5.955151034975269 38.05
    endloop
  endfacet
  facet normal 0 0 1
    outer loop
      vertex -2.7279800219209815 -6.15 38.05
      vertex -1.5108867895684086 -5.598202398112601 38.05
      vertex -1.5739476368340255 -5.404121066642889 38.05
    endloop
  endfacet
  facet normal 0 0 1
    outer loop
      vertex -2.7279800219209815 -6.15 38.05
      vertex -1.5739476368340255 -5.404121066642889 38.05
      vertex -1.6121863896360265 -5.203666504541994 38.05
    endloop
  endfacet
  facet normal 0 0 1
    outer loop
      vertex -2.7279800219209815 -6.15 38.05
      vertex -1.4239983550712783 -5.782849720415287 38.05
      vertex -1.5108867895684086 -5.598202398112601 38.05
    endloop
  endfacet
  facet normal 0 0 1
    outer loop
      vertex -2.7279800219209815 -6.15 38.05
      vertex -1.6121863896360265 -5.203666504541994 38.05
      vertex -1.625 -5 38.05
    endloop
  endfacet
  facet normal 0 0 1
    outer loop
      vertex -2.7279800219209815 -6.15 38.05
      vertex -1.625 -5 38.05
      vertex -1.6121863896360265 -4.796333495458006 38.05
    endloop
  endfacet
  facet normal 0 0 1
    outer loop
      vertex -2.7279800219209815 -6.15 38.05
      vertex -1.6121863896360265 -4.796333495458006 38.05
      vertex -1.5739476368340255 -4.595878933357111 38.05
    endloop
  endfacet
  facet normal 0 0 1
    outer loop
      vertex -2.7279800219209815 -6.15 38.05
      vertex -1.5739476368340255 -4.595878933357111 38.05
      vertex -2.7279800219209815 -3.425 38.05
    endloop
  endfacet
  facet normal 0 0 1
    outer loop
      vertex -2.7279800219209815 -3.425 38.05
      vertex -1.5739476368340255 -4.595878933357111 38.05
      vertex -1.5108867895684086 -4.401797601887399 38.05
    endloop
  endfacet
  facet normal 0 0 1
    outer loop
      vertex -2.7279800219209815 -3.425 38.05
      vertex -1.5108867895684086 -4.401797601887399 38.05
      vertex -1.4239983550712783 -4.217150279584713 38.05
    endloop
  endfacet
  facet normal 0 0 1
    outer loop
      vertex -2.7279800219209815 -3.425 38.05
      vertex -1.4239983550712783 -4.217150279584713 38.05
      vertex -1.3146526158592895 -4.044848965024731 38.05
    endloop
  endfacet
  facet normal 0 0 1
    outer loop
      vertex -2.7279800219209815 -3.425 38.05
      vertex -1.3146526158592895 -4.044848965024731 38.05
      vertex -1.184574019559794 -3.887610952865881 38.05
    endloop
  endfacet
  facet normal 0 0 1
    outer loop
      vertex -2.7279800219209815 -3.425 38.05
      vertex -1.184574019559794 -3.887610952865881 38.05
      vertex -1.0358139833416207 -3.747915980489342 38.05
    endloop
  endfacet
  facet normal 0.7705132427757904 0.6374239897486884 0
    outer loop
      vertex -1.184574019559794 -6.112389047134119 36.55
      vertex -1.3146526158592895 -5.955151034975269 38.05
      vertex -1.184574019559794 -6.112389047134119 38.05
    endloop
  endfacet
  facet normal 0.9510565162951534 0.30901699437494795 0
    outer loop
      vertex -1.5108867895684086 -5.598202398112601 36.55
      vertex -1.5739476368340255 -5.404121066642889 38.05
      vertex -1.5108867895684086 -5.598202398112601 38.05
    endloop
  endfacet
  facet normal 0.9048270524660195 0.4257792915650728 0
    outer loop
      vertex -1.4239983550712783 -5.782849720415287 36.55
      vertex -1.5108867895684086 -5.598202398112601 38.05
      vertex -1.4239983550712783 -5.782849720415287 38.05
    endloop
  endfacet
  facet normal 0.9822872507286886 0.18738131458572424 0
    outer loop
      vertex -1.5739476368340255 -5.404121066642889 36.55
      vertex -1.6121863896360265 -5.203666504541994 38.05
      vertex -1.5739476368340255 -5.404121066642889 38.05
    endloop
  endfacet
  facet normal 0.9980267284282716 0.0627905195293136 0
    outer loop
      vertex -1.6121863896360265 -5.203666504541994 36.55
      vertex -1.625 -5 38.05
      vertex -1.6121863896360265 -5.203666504541994 38.05
    endloop
  endfacet
  facet normal 0.8443279255020153 0.5358267949789962 0
    outer loop
      vertex -1.3146526158592895 -5.955151034975269 36.55
      vertex -1.4239983550712783 -5.782849720415287 38.05
      vertex -1.3146526158592895 -5.955151034975269 38.05
    endloop
  endfacet
  facet normal 0.6845471059286888 0.7289686274214114 0
    outer loop
      vertex -1.0358139833416207 -6.252084019510658 36.55
      vertex -1.184574019559794 -6.112389047134119 38.05
      vertex -1.0358139833416207 -6.252084019510658 38.05
    endloop
  endfacet
  facet normal 0.5877852522924718 0.8090169943749485 0
    outer loop
      vertex -0.8707185418408697 -6.372032878940774 36.55
      vertex -1.0358139833416207 -6.252084019510658 38.05
      vertex -0.8707185418408697 -6.372032878940774 38.05
    endloop
  endfacet
  facet normal 0.9980267284282716 -0.0627905195293136 0
    outer loop
      vertex -1.625 -5 36.55
      vertex -1.6121863896360265 -4.796333495458006 38.05
      vertex -1.625 -5 38.05
    endloop
  endfacet
  facet normal 0.9822872507286886 -0.18738131458572424 0
    outer loop
      vertex -1.6121863896360265 -4.796333495458006 36.55
      vertex -1.5739476368340255 -4.595878933357111 38.05
      vertex -1.6121863896360265 -4.796333495458006 38.05
    endloop
  endfacet
  facet normal 0.9510565162951534 -0.30901699437494795 0
    outer loop
      vertex -1.5739476368340255 -4.595878933357111 36.55
      vertex -1.5108867895684086 -4.401797601887399 38.05
      vertex -1.5739476368340255 -4.595878933357111 38.05
    endloop
  endfacet
  facet normal 0.9048270524660195 -0.4257792915650728 0
    outer loop
      vertex -1.5108867895684086 -4.401797601887399 36.55
      vertex -1.4239983550712783 -4.217150279584713 38.05
      vertex -1.5108867895684086 -4.401797601887399 38.05
    endloop
  endfacet
  facet normal 0.8443279255020153 -0.5358267949789962 0
    outer loop
      vertex -1.4239983550712783 -4.217150279584713 36.55
      vertex -1.3146526158592895 -4.044848965024731 38.05
      vertex -1.4239983550712783 -4.217150279584713 38.05
    endloop
  endfacet
  facet normal 0.7705132427757904 -0.6374239897486884 0
    outer loop
      vertex -1.3146526158592895 -4.044848965024731 36.55
      vertex -1.184574019559794 -3.887610952865881 38.05
      vertex -1.3146526158592895 -4.044848965024731 38.05
    endloop
  endfacet
  facet normal 0.6845471059286888 -0.7289686274214114 0
    outer loop
      vertex -1.184574019559794 -3.887610952865881 36.55
      vertex -1.0358139833416207 -3.747915980489342 38.05
      vertex -1.184574019559794 -3.887610952865881 38.05
    endloop
  endfacet
  facet normal 0.5877852522924718 -0.8090169943749485 0
    outer loop
      vertex -1.0358139833416207 -3.747915980489342 36.55
      vertex -0.8707185418408697 -3.6279671210592257 38.05
      vertex -1.0358139833416207 -3.747915980489342 38.05
    endloop
  endfacet
  facet normal 0.48175367410171904 0.8763066800438616 8.087991665981262e-16
    outer loop
      vertex -0.8707185418408697 -6.372032878940774 38.05
      vertex -0.8005500001004933 -6.410608361200129 38.05
      vertex -0.6918913487932428 -6.470343960257281 36.55
    endloop
  endfacet
  facet normal 0.4817536741017105 0.8763066800438664 0
    outer loop
      vertex -0.6918913487932428 -6.470343960257281 36.55
      vertex -0.8005500001004933 -6.410608361200129 38.05
      vertex -0.6918913487932428 -6.470343960257281 38.05
    endloop
  endfacet
  facet normal 0.36812455268468014 0.9297764858882506 0
    outer loop
      vertex -0.5021526158592895 -6.545466838979625 36.55
      vertex -0.6918913487932428 -6.470343960257281 38.05
      vertex -0.5021526158592895 -6.545466838979625 38.05
    endloop
  endfacet
  facet normal 0.24868988716485582 0.9685831611286307 0
    outer loop
      vertex -0.30449463620180284 -6.596216782434119 36.55
      vertex -0.5021526158592895 -6.545466838979625 38.05
      vertex -0.30449463620180284 -6.596216782434119 38.05
    endloop
  endfacet
  facet normal 0.12533323356430498 0.9921147013144778 0
    outer loop
      vertex -0.10203459423513486 -6.621793433695942 36.55
      vertex -0.30449463620180284 -6.596216782434119 38.05
      vertex -0.10203459423513486 -6.621793433695942 38.05
    endloop
  endfacet
  facet normal 0.4817536741017147 -0.8763066800438638 0
    outer loop
      vertex -0.8707185418408697 -3.6279671210592257 36.55
      vertex -0.6918913487932432 -3.5296560397427186 38.05
      vertex -0.8707185418408697 -3.6279671210592257 38.05
    endloop
  endfacet
  facet normal 0.3681245526846794 -0.9297764858882509 0
    outer loop
      vertex -0.6918913487932432 -3.5296560397427186 36.55
      vertex -0.5021526158592895 -3.4545331610203753 38.05
      vertex -0.6918913487932432 -3.5296560397427186 38.05
    endloop
  endfacet
  facet normal 0.2486898871648554 -0.968583161128631 0
    outer loop
      vertex -0.5021526158592895 -3.4545331610203753 36.55
      vertex -0.30449463620180245 -3.4037832175658806 38.05
      vertex -0.5021526158592895 -3.4545331610203753 38.05
    endloop
  endfacet
  facet normal 0.1253332335643026 -0.992114701314478 0
    outer loop
      vertex -0.30449463620180245 -3.4037832175658806 36.55
      vertex -0.10203459423513407 -3.378206566304059 38.05
      vertex -0.30449463620180245 -3.4037832175658806 38.05
    endloop
  endfacet
  facet normal 0 -1 0
    outer loop
      vertex -0.10203459423513407 -3.378206566304059 36.55
      vertex 0.10203459423513407 -3.378206566304059 38.05
      vertex -0.10203459423513407 -3.378206566304059 38.05
    endloop
  endfacet
  facet normal 0 0 1
    outer loop
      vertex -2.562 -6.575 38.05
      vertex -0.8707185418408697 -6.372032878940774 38.05
      vertex -1.0358139833416207 -6.252084019510658 38.05
    endloop
  endfacet
  facet normal 0 0 1
    outer loop
      vertex -2.562 -6.575 38.05
      vertex -1.0358139833416207 -6.252084019510658 38.05
      vertex -1.184574019559794 -6.112389047134119 38.05
    endloop
  endfacet
  facet normal 0 0 1
    outer loop
      vertex -2.562 -6.575 38.05
      vertex -0.8005500001004933 -6.410608361200129 38.05
      vertex -0.8707185418408697 -6.372032878940774 38.05
    endloop
  endfacet
  facet normal 0 0 1
    outer loop
      vertex -2.7279800219209815 -3.425 38.05
      vertex -1.0358139833416207 -3.747915980489342 38.05
      vertex -0.8707185418408697 -3.6279671210592257 38.05
    endloop
  endfacet
  facet normal 0 0 1
    outer loop
      vertex -2.7279800219209815 -3.425 38.05
      vertex -0.8707185418408697 -3.6279671210592257 38.05
      vertex -0.6918913487932432 -3.5296560397427186 38.05
    endloop
  endfacet
  facet normal 0 0 1
    outer loop
      vertex -2.7279800219209815 -3.425 38.05
      vertex -0.6918913487932432 -3.5296560397427186 38.05
      vertex -0.5021526158592895 -3.4545331610203753 38.05
    endloop
  endfacet
  facet normal 0 0 1
    outer loop
      vertex -2.7279800219209815 -3.425 38.05
      vertex -0.5021526158592895 -3.4545331610203753 38.05
      vertex -0.30449463620180245 -3.4037832175658806 38.05
    endloop
  endfacet
  facet normal 0 0 1
    outer loop
      vertex -2.7279800219209815 -3.425 38.05
      vertex -0.30449463620180245 -3.4037832175658806 38.05
      vertex 0 -1.85 38.05
    endloop
  endfacet
  facet normal 0.49999999999999994 -0.8660254037844387 0
    outer loop
      vertex -2.7279800219209815 -3.425 38.05
      vertex 0 -1.85 38.05
      vertex 0 -1.85 40.55
    endloop
  endfacet
  facet normal 0 0 1
    outer loop
      vertex -0.30449463620180245 -3.4037832175658806 38.05
      vertex -0.10203459423513407 -3.378206566304059 38.05
      vertex 0 -1.85 38.05
    endloop
  endfacet
  facet normal -1 0 0
    outer loop
      vertex -6.75 -10 39.55
      vertex -6.75 -10 42.3
      vertex -6.75 10 39.55
    endloop
  endfacet
  facet normal 0 -1 0
    outer loop
      vertex -6.75 -10 39.55
      vertex -5 -10 37.8
      vertex -6.75 -10 42.3
    endloop
  endfacet
  facet normal 0 -1 0
    outer loop
      vertex -5 -10 37.8
      vertex -2.8 -10 40.55
      vertex -6.75 -10 42.3
    endloop
  endfacet
  facet normal 0 0 1
    outer loop
      vertex -6.75 -10 42.3
      vertex -1.5108867895684086 -5.598202398112601 42.3
      vertex -1.5739476368340255 -5.404121066642889 42.3
    endloop
  endfacet
  facet normal 0 0 1
    outer loop
      vertex -6.75 -10 42.3
      vertex -1.5739476368340255 -5.404121066642889 42.3
      vertex -1.6121863896360265 -5.203666504541994 42.3
    endloop
  endfacet
  facet normal -0.7071067811865475 0 -0.7071067811865475
    outer loop
      vertex -6.75 -10 39.55
      vertex -6.75 10 39.55
      vertex -5 -10 37.8
    endloop
  endfacet
  facet normal 0 0 1
    outer loop
      vertex -6.75 -10 42.3
      vertex -1.6121863896360265 -5.203666504541994 42.3
      vertex -1.625 -5 42.3
    endloop
  endfacet
  facet normal 0 0 1
    outer loop
      vertex -6.75 -10 42.3
      vertex -1.625 -5 42.3
      vertex -1.6121863896360265 -4.796333495458006 42.3
    endloop
  endfacet
  facet normal 0 0 1
    outer loop
      vertex -6.75 -10 42.3
      vertex -1.6121863896360265 -4.796333495458006 42.3
      vertex -1.5739476368340255 -4.595878933357111 42.3
    endloop
  endfacet
  facet normal 0 0 1
    outer loop
      vertex -6.75 -10 42.3
      vertex -1.5739476368340255 -4.595878933357111 42.3
      vertex -1.5108867895684086 -4.401797601887399 42.3
    endloop
  endfacet
  facet normal 1 0 0
    outer loop
      vertex -2.8 -10 40.55
      vertex -2.8 -6.15 38.05
      vertex -2.8 -6.15 40.55
    endloop
  endfacet
  facet normal 0 0 -1
    outer loop
      vertex -2.8 -10 40.55
      vertex -2.8 -6.15 40.55
      vertex 2.8 -10 40.55
    endloop
  endfacet
  facet normal 0 0 -1
    outer loop
      vertex -2.8 -6.15 40.55
      vertex -2.7279800219209815 -6.15 40.55
      vertex 2.8 -10 40.55
    endloop
  endfacet
  facet normal 0 0 -1
    outer loop
      vertex -2.7279800219209815 -6.15 40.55
      vertex -1.9918584287042087 -6.15 40.55
      vertex 2.8 -10 40.55
    endloop
  endfacet
  facet normal 0 0 -1
    outer loop
      vertex -1.9918584287042087 -6.15 40.55
      vertex -1.144522422746077 -6.15 40.55
      vertex 2.8 -10 40.55
    endloop
  endfacet
  facet normal 0 -1 0
    outer loop
      vertex -6.75 -10 42.3
      vertex -2.8 -10 40.55
      vertex 2.8 -10 40.55
    endloop
  endfacet
  facet normal 0 0 1
    outer loop
      vertex -6.75 -10 42.3
      vertex -1.3146526158592895 -5.955151034975269 42.3
      vertex -1.4239983550712783 -5.782849720415287 42.3
    endloop
  endfacet
  facet normal 0 0 1
    outer loop
      vertex -6.75 -10 42.3
      vertex -1.184574019559794 -6.112389047134119 42.3
      vertex -1.3146526158592895 -5.955151034975269 42.3
    endloop
  endfacet
  facet normal 0 0 1
    outer loop
      vertex -6.75 -10 42.3
      vertex -1.4239983550712783 -5.782849720415287 42.3
      vertex -1.5108867895684086 -5.598202398112601 42.3
    endloop
  endfacet
  facet normal 0 0 1
    outer loop
      vertex -6.75 -10 42.3
      vertex -1.0358139833416207 -6.252084019510658 42.3
      vertex -1.184574019559794 -6.112389047134119 42.3
    endloop
  endfacet
  facet normal 0 0 1
    outer loop
      vertex -6.75 -10 42.3
      vertex -0.8707185418408697 -6.372032878940774 42.3
      vertex -1.0358139833416207 -6.252084019510658 42.3
    endloop
  endfacet
  facet normal 0 0 1
    outer loop
      vertex -6.75 -10 42.3
      vertex -0.6918913487932428 -6.470343960257281 42.3
      vertex -0.8707185418408697 -6.372032878940774 42.3
    endloop
  endfacet
  facet normal 0 0 1
    outer loop
      vertex -6.75 -10 42.3
      vertex -0.5021526158592895 -6.545466838979625 42.3
      vertex -0.6918913487932428 -6.470343960257281 42.3
    endloop
  endfacet
  facet normal 0 0 1
    outer loop
      vertex -6.75 -10 42.3
      vertex -0.30449463620180284 -6.596216782434119 42.3
      vertex -0.5021526158592895 -6.545466838979625 42.3
    endloop
  endfacet
  facet normal 0 0 1
    outer loop
      vertex -6.75 -10 42.3
      vertex -0.10203459423513486 -6.621793433695942 42.3
      vertex -0.30449463620180284 -6.596216782434119 42.3
    endloop
  endfacet
  facet normal 0 0 1
    outer loop
      vertex -6.75 -10 42.3
      vertex 0.10203459423513486 -6.621793433695942 42.3
      vertex -0.10203459423513486 -6.621793433695942 42.3
    endloop
  endfacet
  facet normal 0 0 1
    outer loop
      vertex -6.75 -10 42.3
      vertex 0.30449463620180284 -6.596216782434119 42.3
      vertex 0.10203459423513486 -6.621793433695942 42.3
    endloop
  endfacet
  facet normal 0 0 1
    outer loop
      vertex -6.75 -10 42.3
      vertex 0.5021526158592895 -6.545466838979625 42.3
      vertex 0.30449463620180284 -6.596216782434119 42.3
    endloop
  endfacet
  facet normal 0 0 1
    outer loop
      vertex -6.75 -10 42.3
      vertex 0.6918913487932428 -6.470343960257281 42.3
      vertex 0.5021526158592895 -6.545466838979625 42.3
    endloop
  endfacet
  facet normal 0 -1 0
    outer loop
      vertex -2.8 -6.15 38.05
      vertex -2.7279800219209815 -6.15 40.55
      vertex -2.8 -6.15 40.55
    endloop
  endfacet
  facet normal 1 0 0
    outer loop
      vertex -2.7279800219209815 -6.15 40.55
      vertex -2.7279800219209815 -3.425 38.05
      vertex -2.7279800219209815 -3.425 40.55
    endloop
  endfacet
  facet normal 0 0 -1
    outer loop
      vertex -2.7279800219209815 -6.15 40.55
      vertex -2.7279800219209815 -3.425 40.55
      vertex -1.9918584287042087 -6.15 40.55
    endloop
  endfacet
  facet normal 0 0 -1
    outer loop
      vertex -1.9918584287042087 -6.15 40.55
      vertex -1.5739476368340255 -5.404121066642889 40.55
      vertex -1.5108867895684086 -5.598202398112601 40.55
    endloop
  endfacet
  facet normal 0 0 -1
    outer loop
      vertex -1.9918584287042087 -6.15 40.55
      vertex -1.5108867895684086 -5.598202398112601 40.55
      vertex -1.4239983550712783 -5.782849720415287 40.55
    endloop
  endfacet
  facet normal 0 0 -1
    outer loop
      vertex -1.9918584287042087 -6.15 40.55
      vertex -2.7279800219209815 -3.425 40.55
      vertex -1.5739476368340255 -5.404121066642889 40.55
    endloop
  endfacet
  facet normal 0 0 -1
    outer loop
      vertex -1.5739476368340255 -5.404121066642889 40.55
      vertex -2.7279800219209815 -3.425 40.55
      vertex -1.6121863896360265 -5.203666504541994 40.55
    endloop
  endfacet
  facet normal 0 0 -1
    outer loop
      vertex -1.6121863896360265 -5.203666504541994 40.55
      vertex -2.7279800219209815 -3.425 40.55
      vertex -1.625 -5 40.55
    endloop
  endfacet
  facet normal 0 0 -1
    outer loop
      vertex -2.7279800219209815 -3.425 40.55
      vertex -1.6121863896360265 -4.796333495458006 40.55
      vertex -1.625 -5 40.55
    endloop
  endfacet
  facet normal 0 0 -1
    outer loop
      vertex -2.7279800219209815 -3.425 40.55
      vertex -1.5739476368340255 -4.595878933357111 40.55
      vertex -1.6121863896360265 -4.796333495458006 40.55
    endloop
  endfacet
  facet normal 0 0 -1
    outer loop
      vertex -2.7279800219209815 -3.425 40.55
      vertex -1.5108867895684086 -4.401797601887399 40.55
      vertex -1.5739476368340255 -4.595878933357111 40.55
    endloop
  endfacet
  facet normal 0 0 -1
    outer loop
      vertex -2.7279800219209815 -3.425 40.55
      vertex -1.4239983550712783 -4.217150279584713 40.55
      vertex -1.5108867895684086 -4.401797601887399 40.55
    endloop
  endfacet
  facet normal 0 0 -1
    outer loop
      vertex -2.7279800219209815 -3.425 40.55
      vertex -1.3146526158592895 -4.044848965024731 40.55
      vertex -1.4239983550712783 -4.217150279584713 40.55
    endloop
  endfacet
  facet normal 0 0 -1
    outer loop
      vertex -2.7279800219209815 -3.425 40.55
      vertex -1.184574019559794 -3.887610952865881 40.55
      vertex -1.3146526158592895 -4.044848965024731 40.55
    endloop
  endfacet
  facet normal 0 0 -1
    outer loop
      vertex -2.7279800219209815 -3.425 40.55
      vertex -1.0358139833416207 -3.747915980489342 40.55
      vertex -1.184574019559794 -3.887610952865881 40.55
    endloop
  endfacet
  facet normal 0.49999999999999994 -0.8660254037844387 0
    outer loop
      vertex -2.7279800219209815 -3.425 38.05
      vertex 0 -1.85 40.55
      vertex -2.7279800219209815 -3.425 40.55
    endloop
  endfacet
  facet normal 0 0 -1
    outer loop
      vertex -1.9918584287042087 -6.15 40.55
      vertex -1.4239983550712783 -5.782849720415287 40.55
      vertex -1.3146526158592895 -5.955151034975269 40.55
    endloop
  endfacet
  facet normal 0 0 -1
    outer loop
      vertex -1.9918584287042087 -6.15 40.55
      vertex -1.184574019559794 -6.112389047134119 40.55
      vertex -1.144522422746077 -6.15 40.55
    endloop
  endfacet
  facet normal 0 0 -1
    outer loop
      vertex -1.9918584287042087 -6.15 40.55
      vertex -1.3146526158592895 -5.955151034975269 40.55
      vertex -1.184574019559794 -6.112389047134119 40.55
    endloop
  endfacet
  facet normal 0 0 -1
    outer loop
      vertex -2.7279800219209815 -3.425 40.55
      vertex -0.8707185418408697 -3.6279671210592257 40.55
      vertex -1.0358139833416207 -3.747915980489342 40.55
    endloop
  endfacet
  facet normal 0 0 -1
    outer loop
      vertex -2.7279800219209815 -3.425 40.55
      vertex -0.6918913487932432 -3.5296560397427186 40.55
      vertex -0.8707185418408697 -3.6279671210592257 40.55
    endloop
  endfacet
  facet normal 0 0 -1
    outer loop
      vertex -2.7279800219209815 -3.425 40.55
      vertex -0.5021526158592895 -3.4545331610203753 40.55
      vertex -0.6918913487932432 -3.5296560397427186 40.55
    endloop
  endfacet
  facet normal 0 0 -1
    outer loop
      vertex -2.7279800219209815 -3.425 40.55
      vertex 0 -1.85 40.55
      vertex -0.5021526158592895 -3.4545331610203753 40.55
    endloop
  endfacet
  facet normal 0 0 -1
    outer loop
      vertex -0.5021526158592895 -3.4545331610203753 40.55
      vertex 0 -1.85 40.55
      vertex -0.30449463620180245 -3.4037832175658806 40.55
    endloop
  endfacet
  facet normal 0 0 -1
    outer loop
      vertex -0.30449463620180245 -3.4037832175658806 40.55
      vertex 0 -1.85 40.55
      vertex -0.10203459423513407 -3.378206566304059 40.55
    endloop
  endfacet
  facet normal 0 0 1
    outer loop
      vertex -6.75 -10 42.3
      vertex -1.5108867895684086 -4.401797601887399 42.3
      vertex -1.4239983550712783 -4.217150279584713 42.3
    endloop
  endfacet
  facet normal 0.7705132427757904 0.6374239897486884 0
    outer loop
      vertex -1.3146526158592895 -5.955151034975269 40.55
      vertex -1.3146526158592895 -5.955151034975269 42.3
      vertex -1.184574019559794 -6.112389047134119 40.55
    endloop
  endfacet
  facet normal 0.9048270524660195 0.4257792915650728 0
    outer loop
      vertex -1.4239983550712783 -5.782849720415287 40.55
      vertex -1.5108867895684086 -5.598202398112601 40.55
      vertex -1.5108867895684086 -5.598202398112601 42.3
    endloop
  endfacet
  facet normal 0.9510565162951534 0.30901699437494795 0
    outer loop
      vertex -1.5108867895684086 -5.598202398112601 40.55
      vertex -1.5739476368340255 -5.404121066642889 40.55
      vertex -1.5739476368340255 -5.404121066642889 42.3
    endloop
  endfacet
  facet normal 0.9822872507286887 0.18738131458572424 0
    outer loop
      vertex -1.5739476368340255 -5.404121066642889 40.55
      vertex -1.6121863896360265 -5.203666504541994 40.55
      vertex -1.6121863896360265 -5.203666504541994 42.3
    endloop
  endfacet
  facet normal 0.9980267284282717 0.0627905195293136 0
    outer loop
      vertex -1.6121863896360265 -5.203666504541994 40.55
      vertex -1.625 -5 40.55
      vertex -1.625 -5 42.3
    endloop
  endfacet
  facet normal 0.8443279255020153 0.5358267949789963 0
    outer loop
      vertex -1.3146526158592895 -5.955151034975269 40.55
      vertex -1.4239983550712783 -5.782849720415287 40.55
      vertex -1.4239983550712783 -5.782849720415287 42.3
    endloop
  endfacet
  facet normal 0.6845471059286916 0.7289686274214089 0
    outer loop
      vertex -1.184574019559794 -6.112389047134119 40.55
      vertex -1.184574019559794 -6.112389047134119 42.3
      vertex -1.144522422746077 -6.15 40.55
    endloop
  endfacet
  facet normal 0.6845471059286877 0.7289686274214123 0
    outer loop
      vertex -1.0358139833416207 -6.252084019510658 40.55
      vertex -1.144522422746077 -6.15 40.55
      vertex -1.0358139833416207 -6.252084019510658 42.3
    endloop
  endfacet
  facet normal 0.5877852522924719 0.8090169943749485 0
    outer loop
      vertex -1.0358139833416207 -6.252084019510658 40.55
      vertex -1.0358139833416207 -6.252084019510658 42.3
      vertex -0.8707185418408697 -6.372032878940774 40.55
    endloop
  endfacet
  facet normal 0.9980267284282717 -0.0627905195293136 0
    outer loop
      vertex -1.625 -5 40.55
      vertex -1.6121863896360265 -4.796333495458006 40.55
      vertex -1.6121863896360265 -4.796333495458006 42.3
    endloop
  endfacet
  facet normal 0.9822872507286887 -0.18738131458572424 0
    outer loop
      vertex -1.6121863896360265 -4.796333495458006 40.55
      vertex -1.5739476368340255 -4.595878933357111 40.55
      vertex -1.5739476368340255 -4.595878933357111 42.3
    endloop
  endfacet
  facet normal 0.9510565162951534 -0.30901699437494795 0
    outer loop
      vertex -1.5739476368340255 -4.595878933357111 40.55
      vertex -1.5108867895684086 -4.401797601887399 40.55
      vertex -1.5108867895684086 -4.401797601887399 42.3
    endloop
  endfacet
  facet normal 0.9048270524660195 -0.4257792915650728 0
    outer loop
      vertex -1.5108867895684086 -4.401797601887399 40.55
      vertex -1.4239983550712783 -4.217150279584713 40.55
      vertex -1.4239983550712783 -4.217150279584713 42.3
    endloop
  endfacet
  facet normal 0.8443279255020153 -0.5358267949789963 0
    outer loop
      vertex -1.4239983550712783 -4.217150279584713 40.55
      vertex -1.3146526158592895 -4.044848965024731 40.55
      vertex -1.3146526158592895 -4.044848965024731 42.3
    endloop
  endfacet
  facet normal 0.7705132427757904 -0.6374239897486884 0
    outer loop
      vertex -1.3146526158592895 -4.044848965024731 40.55
      vertex -1.184574019559794 -3.887610952865881 40.55
      vertex -1.184574019559794 -3.887610952865881 42.3
    endloop
  endfacet
  facet normal 0.6845471059286888 -0.7289686274214116 0
    outer loop
      vertex -1.184574019559794 -3.887610952865881 40.55
      vertex -1.0358139833416207 -3.747915980489342 40.55
      vertex -1.0358139833416207 -3.747915980489342 42.3
    endloop
  endfacet
  facet normal 0.5877852522924719 -0.8090169943749485 0
    outer loop
      vertex -1.0358139833416207 -3.747915980489342 40.55
      vertex -0.8707185418408697 -3.6279671210592257 40.55
      vertex -0.8707185418408697 -3.6279671210592257 42.3
    endloop
  endfacet
  facet normal 0.48175367410171377 0.8763066800438644 0
    outer loop
      vertex -0.8707185418408697 -6.372032878940774 40.55
      vertex -0.8707185418408697 -6.372032878940774 42.3
      vertex -0.6918913487932428 -6.470343960257281 40.55
    endloop
  endfacet
  facet normal 0.3681245526846801 0.9297764858882505 0
    outer loop
      vertex -0.6918913487932428 -6.470343960257281 40.55
      vertex -0.6918913487932428 -6.470343960257281 42.3
      vertex -0.5021526158592895 -6.545466838979625 40.55
    endloop
  endfacet
  facet normal 0.24868988716485582 0.9685831611286309 0
    outer loop
      vertex -0.5021526158592895 -6.545466838979625 40.55
      vertex -0.5021526158592895 -6.545466838979625 42.3
      vertex -0.30449463620180284 -6.596216782434119 40.55
    endloop
  endfacet
  facet normal 0.12533323356430498 0.9921147013144779 0
    outer loop
      vertex -0.30449463620180284 -6.596216782434119 40.55
      vertex -0.30449463620180284 -6.596216782434119 42.3
      vertex -0.10203459423513486 -6.621793433695942 40.55
    endloop
  endfacet
  facet normal 0 1 0
    outer loop
      vertex -0.10203459423513486 -6.621793433695942 40.55
      vertex -0.10203459423513486 -6.621793433695942 42.3
      vertex 0.10203459423513486 -6.621793433695942 40.55
    endloop
  endfacet
  facet normal 0.48175367410171477 -0.876306680043864 0
    outer loop
      vertex -0.8707185418408697 -3.6279671210592257 40.55
      vertex -0.6918913487932432 -3.5296560397427186 40.55
      vertex -0.6918913487932432 -3.5296560397427186 42.3
    endloop
  endfacet
  facet normal 0.3681245526846794 -0.9297764858882509 0
    outer loop
      vertex -0.6918913487932432 -3.5296560397427186 40.55
      vertex -0.5021526158592895 -3.4545331610203753 40.55
      vertex -0.5021526158592895 -3.4545331610203753 42.3
    endloop
  endfacet
  facet normal 0.24868988716485538 -0.9685831611286309 0
    outer loop
      vertex -0.5021526158592895 -3.4545331610203753 40.55
      vertex -0.30449463620180245 -3.4037832175658806 40.55
      vertex -0.30449463620180245 -3.4037832175658806 42.3
    endloop
  endfacet
  facet normal 0.12533323356430257 -0.992114701314478 0
    outer loop
      vertex -0.30449463620180245 -3.4037832175658806 40.55
      vertex -0.10203459423513407 -3.378206566304059 40.55
      vertex -0.10203459423513407 -3.378206566304059 42.3
    endloop
  endfacet
  facet normal 0.7705132427757904 0.6374239897486884 0
    outer loop
      vertex -1.184574019559794 -6.112389047134119 40.55
      vertex -1.3146526158592895 -5.955151034975269 42.3
      vertex -1.184574019559794 -6.112389047134119 42.3
    endloop
  endfacet
  facet normal 0.9510565162951534 0.30901699437494795 0
    outer loop
      vertex -1.5108867895684086 -5.598202398112601 40.55
      vertex -1.5739476368340255 -5.404121066642889 42.3
      vertex -1.5108867895684086 -5.598202398112601 42.3
    endloop
  endfacet
  facet normal 0.9048270524660195 0.4257792915650728 0
    outer loop
      vertex -1.4239983550712783 -5.782849720415287 40.55
      vertex -1.5108867895684086 -5.598202398112601 42.3
      vertex -1.4239983550712783 -5.782849720415287 42.3
    endloop
  endfacet
  facet normal 0.9822872507286887 0.18738131458572424 0
    outer loop
      vertex -1.5739476368340255 -5.404121066642889 40.55
      vertex -1.6121863896360265 -5.203666504541994 42.3
      vertex -1.5739476368340255 -5.404121066642889 42.3
    endloop
  endfacet
  facet normal 0.9980267284282717 0.0627905195293136 0
    outer loop
      vertex -1.6121863896360265 -5.203666504541994 40.55
      vertex -1.625 -5 42.3
      vertex -1.6121863896360265 -5.203666504541994 42.3
    endloop
  endfacet
  facet normal 0.8443279255020153 0.5358267949789963 0
    outer loop
      vertex -1.3146526158592895 -5.955151034975269 40.55
      vertex -1.4239983550712783 -5.782849720415287 42.3
      vertex -1.3146526158592895 -5.955151034975269 42.3
    endloop
  endfacet
  facet normal 0.6845471059286888 0.7289686274214116 -1.2143804818499725e-16
    outer loop
      vertex -1.144522422746077 -6.15 40.55
      vertex -1.184574019559794 -6.112389047134119 42.3
      vertex -1.0358139833416207 -6.252084019510658 42.3
    endloop
  endfacet
  facet normal 0.5877852522924719 0.8090169943749485 0
    outer loop
      vertex -0.8707185418408697 -6.372032878940774 40.55
      vertex -1.0358139833416207 -6.252084019510658 42.3
      vertex -0.8707185418408697 -6.372032878940774 42.3
    endloop
  endfacet
  facet normal 0.9980267284282717 -0.0627905195293136 0
    outer loop
      vertex -1.625 -5 40.55
      vertex -1.6121863896360265 -4.796333495458006 42.3
      vertex -1.625 -5 42.3
    endloop
  endfacet
  facet normal 0.9822872507286887 -0.18738131458572424 0
    outer loop
      vertex -1.6121863896360265 -4.796333495458006 40.55
      vertex -1.5739476368340255 -4.595878933357111 42.3
      vertex -1.6121863896360265 -4.796333495458006 42.3
    endloop
  endfacet
  facet normal 0.9510565162951534 -0.30901699437494795 0
    outer loop
      vertex -1.5739476368340255 -4.595878933357111 40.55
      vertex -1.5108867895684086 -4.401797601887399 42.3
      vertex -1.5739476368340255 -4.595878933357111 42.3
    endloop
  endfacet
  facet normal 0.9048270524660195 -0.4257792915650728 0
    outer loop
      vertex -1.5108867895684086 -4.401797601887399 40.55
      vertex -1.4239983550712783 -4.217150279584713 42.3
      vertex -1.5108867895684086 -4.401797601887399 42.3
    endloop
  endfacet
  facet normal 0.8443279255020153 -0.5358267949789963 0
    outer loop
      vertex -1.4239983550712783 -4.217150279584713 40.55
      vertex -1.3146526158592895 -4.044848965024731 42.3
      vertex -1.4239983550712783 -4.217150279584713 42.3
    endloop
  endfacet
  facet normal 0.7705132427757904 -0.6374239897486884 0
    outer loop
      vertex -1.3146526158592895 -4.044848965024731 40.55
      vertex -1.184574019559794 -3.887610952865881 42.3
      vertex -1.3146526158592895 -4.044848965024731 42.3
    endloop
  endfacet
  facet normal 0.6845471059286888 -0.7289686274214116 0
    outer loop
      vertex -1.184574019559794 -3.887610952865881 40.55
      vertex -1.0358139833416207 -3.747915980489342 42.3
      vertex -1.184574019559794 -3.887610952865881 42.3
    endloop
  endfacet
  facet normal 0.5877852522924719 -0.8090169943749485 0
    outer loop
      vertex -1.0358139833416207 -3.747915980489342 40.55
      vertex -0.8707185418408697 -3.6279671210592257 42.3
      vertex -1.0358139833416207 -3.747915980489342 42.3
    endloop
  endfacet
  facet normal 0.48175367410171377 0.8763066800438644 0
    outer loop
      vertex -0.6918913487932428 -6.470343960257281 40.55
      vertex -0.8707185418408697 -6.372032878940774 42.3
      vertex -0.6918913487932428 -6.470343960257281 42.3
    endloop
  endfacet
  facet normal 0.3681245526846801 0.9297764858882505 0
    outer loop
      vertex -0.5021526158592895 -6.545466838979625 40.55
      vertex -0.6918913487932428 -6.470343960257281 42.3
      vertex -0.5021526158592895 -6.545466838979625 42.3
    endloop
  endfacet
  facet normal 0.24868988716485582 0.9685831611286309 0
    outer loop
      vertex -0.30449463620180284 -6.596216782434119 40.55
      vertex -0.5021526158592895 -6.545466838979625 42.3
      vertex -0.30449463620180284 -6.596216782434119 42.3
    endloop
  endfacet
  facet normal 0.12533323356430498 0.9921147013144779 0
    outer loop
      vertex -0.10203459423513486 -6.621793433695942 40.55
      vertex -0.30449463620180284 -6.596216782434119 42.3
      vertex -0.10203459423513486 -6.621793433695942 42.3
    endloop
  endfacet
  facet normal 0.48175367410171477 -0.876306680043864 0
    outer loop
      vertex -0.8707185418408697 -3.6279671210592257 40.55
      vertex -0.6918913487932432 -3.5296560397427186 42.3
      vertex -0.8707185418408697 -3.6279671210592257 42.3
    endloop
  endfacet
  facet normal 0.3681245526846794 -0.9297764858882509 0
    outer loop
      vertex -0.6918913487932432 -3.5296560397427186 40.55
      vertex -0.5021526158592895 -3.4545331610203753 42.3
      vertex -0.6918913487932432 -3.5296560397427186 42.3
    endloop
  endfacet
  facet normal 0.24868988716485538 -0.9685831611286309 0
    outer loop
      vertex -0.5021526158592895 -3.4545331610203753 40.55
      vertex -0.30449463620180245 -3.4037832175658806 42.3
      vertex -0.5021526158592895 -3.4545331610203753 42.3
    endloop
  endfacet
  facet normal 0.12533323356430257 -0.992114701314478 0
    outer loop
      vertex -0.30449463620180245 -3.4037832175658806 40.55
      vertex -0.10203459423513407 -3.378206566304059 42.3
      vertex -0.30449463620180245 -3.4037832175658806 42.3
    endloop
  endfacet
  facet normal 0 -1 0
    outer loop
      vertex -0.10203459423513407 -3.378206566304059 40.55
      vertex 0.10203459423513407 -3.378206566304059 42.3
      vertex -0.10203459423513407 -3.378206566304059 42.3
    endloop
  endfacet
  facet normal 0 0 1
    outer loop
      vertex -6.75 -10 42.3
      vertex -1.4239983550712783 -4.217150279584713 42.3
      vertex 6.75 10 42.3
    endloop
  endfacet
  facet normal -1 0 0
    outer loop
      vertex -5 -10 36.55
      vertex -5 10 37.8
      vertex -5 10 36.55
    endloop
  endfacet
  facet normal -0.7071067811865475 0 -0.7071067811865475
    outer loop
      vertex -5 -10 37.8
      vertex -6.75 10 39.55
      vertex -5 10 37.8
    endloop
  endfacet
  facet normal 0 0 -1
    outer loop
      vertex -5 -10 36.55
      vertex -5 10 36.55
      vertex 5 10 36.55
    endloop
  endfacet
  facet normal 0 1 0
    outer loop
      vertex -5 10 36.55
      vertex -5 10 37.8
      vertex 5 10 36.55
    endloop
  endfacet
  facet normal 0 1 0
    outer loop
      vertex -6.75 10 39.55
      vertex 5 10 37.8
      vertex -5 10 37.8
    endloop
  endfacet
  facet normal -1 0 0
    outer loop
      vertex -6.75 -10 42.3
      vertex -6.75 10 42.3
      vertex -6.75 10 39.55
    endloop
  endfacet
  facet normal 0 0 1
    outer loop
      vertex -6.75 -10 42.3
      vertex 6.75 10 42.3
      vertex -6.75 10 42.3
    endloop
  endfacet
  facet normal 0 1 0
    outer loop
      vertex -6.75 10 39.55
      vertex -6.75 10 42.3
      vertex 6.75 10 42.3
    endloop
  endfacet
  facet normal 0 0 -1
    outer loop
      vertex -0.5021526158592895 -6.545466838979625 36.55
      vertex -0.30449463620180284 -6.596216782434119 36.55
      vertex 5 -10 36.55
    endloop
  endfacet
  facet normal 0 0 -1
    outer loop
      vertex -0.30449463620180284 -6.596216782434119 36.55
      vertex -0.10203459423513486 -6.621793433695942 36.55
      vertex 5 -10 36.55
    endloop
  endfacet
  facet normal 0 -1 0
    outer loop
      vertex -5 -10 36.55
      vertex 5 -10 36.55
      vertex 5 -10 37.8
    endloop
  endfacet
  facet normal 0 0 -1
    outer loop
      vertex -0.10203459423513486 -6.621793433695942 36.55
      vertex 0.10203459423513486 -6.621793433695942 36.55
      vertex 5 -10 36.55
    endloop
  endfacet
  facet normal 0 0 -1
    outer loop
      vertex 0.10203459423513486 -6.621793433695942 36.55
      vertex 0.30449463620180284 -6.596216782434119 36.55
      vertex 5 -10 36.55
    endloop
  endfacet
  facet normal 0 0 -1
    outer loop
      vertex 0.30449463620180284 -6.596216782434119 36.55
      vertex 0.5021526158592895 -6.545466838979625 36.55
      vertex 5 -10 36.55
    endloop
  endfacet
  facet normal 0 0 -1
    outer loop
      vertex 0.5021526158592895 -6.545466838979625 36.55
      vertex 0.6918913487932428 -6.470343960257281 36.55
      vertex 5 -10 36.55
    endloop
  endfacet
  facet normal 0 0 -1
    outer loop
      vertex 0.6918913487932428 -6.470343960257281 36.55
      vertex 0.8707185418408688 -6.372032878940775 36.55
      vertex 5 -10 36.55
    endloop
  endfacet
  facet normal 0 0 -1
    outer loop
      vertex 0.8707185418408688 -6.372032878940775 36.55
      vertex 1.0358139833416211 -6.252084019510657 36.55
      vertex 5 -10 36.55
    endloop
  endfacet
  facet normal 0 0 -1
    outer loop
      vertex 1.0358139833416211 -6.252084019510657 36.55
      vertex 1.184574019559794 -6.112389047134119 36.55
      vertex 5 -10 36.55
    endloop
  endfacet
  facet normal 0 0 -1
    outer loop
      vertex 1.184574019559794 -6.112389047134119 36.55
      vertex 1.3146526158592895 -5.955151034975269 36.55
      vertex 5 -10 36.55
    endloop
  endfacet
  facet normal 0 0 -1
    outer loop
      vertex 1.3146526158592895 -5.955151034975269 36.55
      vertex 1.4239983550712783 -5.782849720415287 36.55
      vertex 5 -10 36.55
    endloop
  endfacet
  facet normal 0 0 -1
    outer loop
      vertex 1.4239983550712783 -5.782849720415287 36.55
      vertex 1.5108867895684082 -5.598202398112602 36.55
      vertex 5 -10 36.55
    endloop
  endfacet
  facet normal 0 0 -1
    outer loop
      vertex 1.5108867895684082 -5.598202398112602 36.55
      vertex 1.5739476368340257 -5.4041210666428885 36.55
      vertex 5 -10 36.55
    endloop
  endfacet
  facet normal 0 -1 0
    outer loop
      vertex -5 -10 37.8
      vertex 5 -10 37.8
      vertex 2.8 -10 38.05
    endloop
  endfacet
  facet normal 0 0 1
    outer loop
      vertex -2.8 -10 38.05
      vertex 1.9918584287042087 -6.15 38.05
      vertex 1.0510183055202866 -6.237806210626303 38.05
    endloop
  endfacet
  facet normal 0 0 1
    outer loop
      vertex -2.8 -10 38.05
      vertex 2.7279800219209815 -6.15 38.05
      vertex 1.9918584287042087 -6.15 38.05
    endloop
  endfacet
  facet normal 0 0 1
    outer loop
      vertex -2.8 -10 38.05
      vertex 2.8 -10 38.05
      vertex 2.8 -6.15 38.05
    endloop
  endfacet
  facet normal 0 0 1
    outer loop
      vertex -2.8 -10 38.05
      vertex 2.8 -6.15 38.05
      vertex 2.7279800219209815 -6.15 38.05
    endloop
  endfacet
  facet normal -1 0 0
    outer loop
      vertex 2.8 -10 38.05
      vertex 2.8 -6.15 40.55
      vertex 2.8 -6.15 38.05
    endloop
  endfacet
  facet normal -0.12533323356430498 0.9921147013144778 0
    outer loop
      vertex 0.10203459423513486 -6.621793433695942 36.55
      vertex 0.10203459423513486 -6.621793433695942 38.05
      vertex 0.30449463620180284 -6.596216782434119 36.55
    endloop
  endfacet
  facet normal -0.24868988716485582 0.9685831611286307 0
    outer loop
      vertex 0.30449463620180284 -6.596216782434119 36.55
      vertex 0.30449463620180284 -6.596216782434119 38.05
      vertex 0.5021526158592895 -6.545466838979625 36.55
    endloop
  endfacet
  facet normal -0.36812455268468014 0.9297764858882506 0
    outer loop
      vertex 0.5021526158592895 -6.545466838979625 36.55
      vertex 0.5021526158592895 -6.545466838979625 38.05
      vertex 0.6918913487932428 -6.470343960257281 36.55
    endloop
  endfacet
  facet normal -0.48175367410171227 0.8763066800438651 0
    outer loop
      vertex 0.6918913487932428 -6.470343960257281 36.55
      vertex 0.6918913487932428 -6.470343960257281 38.05
      vertex 0.8707185418408688 -6.372032878940775 36.55
    endloop
  endfacet
  facet normal 0 -1 0
    outer loop
      vertex -0.10203459423513407 -3.378206566304059 36.55
      vertex 0.10203459423513407 -3.378206566304059 36.55
      vertex 0.10203459423513407 -3.378206566304059 38.05
    endloop
  endfacet
  facet normal -0.1253332335643026 -0.992114701314478 0
    outer loop
      vertex 0.10203459423513407 -3.378206566304059 36.55
      vertex 0.30449463620180245 -3.4037832175658806 36.55
      vertex 0.30449463620180245 -3.4037832175658806 38.05
    endloop
  endfacet
  facet normal -0.2486898871648554 -0.968583161128631 0
    outer loop
      vertex 0.30449463620180245 -3.4037832175658806 36.55
      vertex 0.5021526158592895 -3.4545331610203753 36.55
      vertex 0.5021526158592895 -3.4545331610203753 38.05
    endloop
  endfacet
  facet normal -0.3681245526846794 -0.9297764858882509 0
    outer loop
      vertex 0.5021526158592895 -3.4545331610203753 36.55
      vertex 0.6918913487932432 -3.5296560397427186 36.55
      vertex 0.6918913487932432 -3.5296560397427186 38.05
    endloop
  endfacet
  facet normal -0.481753674101715 -0.8763066800438638 0
    outer loop
      vertex 0.6918913487932432 -3.5296560397427186 36.55
      vertex 0.8707185418408696 -3.6279671210592257 36.55
      vertex 0.8707185418408696 -3.6279671210592257 38.05
    endloop
  endfacet
  facet normal -0.5877852522924744 0.8090169943749465 0
    outer loop
      vertex 0.8707185418408688 -6.372032878940775 36.55
      vertex 0.8707185418408688 -6.372032878940775 38.05
      vertex 1.0358139833416211 -6.252084019510657 36.55
    endloop
  endfacet
  facet normal -0.6845471059286876 0.7289686274214127 0
    outer loop
      vertex 1.0358139833416211 -6.252084019510657 36.55
      vertex 1.0358139833416211 -6.252084019510657 38.05
      vertex 1.184574019559794 -6.112389047134119 36.55
    endloop
  endfacet
  facet normal -0.7705132427757904 0.6374239897486884 0
    outer loop
      vertex 1.184574019559794 -6.112389047134119 36.55
      vertex 1.184574019559794 -6.112389047134119 38.05
      vertex 1.3146526158592895 -5.955151034975269 36.55
    endloop
  endfacet
  facet normal -0.8443279255020153 0.5358267949789962 0
    outer loop
      vertex 1.3146526158592895 -5.955151034975269 36.55
      vertex 1.3146526158592895 -5.955151034975269 38.05
      vertex 1.4239983550712783 -5.782849720415287 36.55
    endloop
  endfacet
  facet normal -0.9048270524660196 0.4257792915650727 0
    outer loop
      vertex 1.4239983550712783 -5.782849720415287 36.55
      vertex 1.4239983550712783 -5.782849720415287 38.05
      vertex 1.5108867895684082 -5.598202398112602 36.55
    endloop
  endfacet
  facet normal -0.9510565162951533 0.30901699437494834 0
    outer loop
      vertex 1.5108867895684082 -5.598202398112602 36.55
      vertex 1.5108867895684082 -5.598202398112602 38.05
      vertex 1.5739476368340257 -5.4041210666428885 36.55
    endloop
  endfacet
  facet normal -0.9822872507286887 0.187381314585724 0
    outer loop
      vertex 1.5739476368340257 -5.4041210666428885 36.55
      vertex 1.5739476368340257 -5.4041210666428885 38.05
      vertex 1.6121863896360265 -5.203666504541994 36.55
    endloop
  endfacet
  facet normal -0.9980267284282716 0.0627905195293136 0
    outer loop
      vertex 1.6121863896360265 -5.203666504541994 36.55
      vertex 1.6121863896360265 -5.203666504541994 38.05
      vertex 1.625 -5 36.55
    endloop
  endfacet
  facet normal -0.5877852522924738 -0.8090169943749468 0
    outer loop
      vertex 0.8707185418408696 -3.6279671210592257 36.55
      vertex 1.035813983341621 -3.747915980489343 36.55
      vertex 1.035813983341621 -3.747915980489343 38.05
    endloop
  endfacet
  facet normal -0.6845471059286876 -0.7289686274214127 0
    outer loop
      vertex 1.1845740195597938 -3.887610952865881 36.55
      vertex 1.1845740195597938 -3.887610952865881 38.05
      vertex 1.035813983341621 -3.747915980489343 36.55
    endloop
  endfacet
  facet normal -0.9980267284282716 -0.0627905195293136 0
    outer loop
      vertex 1.625 -5 36.55
      vertex 1.625 -5 38.05
      vertex 1.6121863896360265 -4.796333495458006 36.55
    endloop
  endfacet
  facet normal -0.9822872507286886 -0.18738131458572424 0
    outer loop
      vertex 1.6121863896360265 -4.796333495458006 36.55
      vertex 1.6121863896360265 -4.796333495458006 38.05
      vertex 1.5739476368340255 -4.595878933357111 36.55
    endloop
  endfacet
  facet normal -0.90482705246602 -0.42577929156507194 0
    outer loop
      vertex 1.5108867895684084 -4.401797601887399 36.55
      vertex 1.5108867895684084 -4.401797601887399 38.05
      vertex 1.4239983550712783 -4.217150279584713 36.55
    endloop
  endfacet
  facet normal -0.951056516295153 -0.3090169943749489 0
    outer loop
      vertex 1.5739476368340255 -4.595878933357111 36.55
      vertex 1.5739476368340255 -4.595878933357111 38.05
      vertex 1.5108867895684084 -4.401797601887399 36.55
    endloop
  endfacet
  facet normal -0.7705132427757898 -0.6374239897486891 0
    outer loop
      vertex 1.1845740195597938 -3.887610952865881 36.55
      vertex 1.3146526158592895 -4.044848965024731 36.55
      vertex 1.3146526158592895 -4.044848965024731 38.05
    endloop
  endfacet
  facet normal -0.8443279255020153 -0.5358267949789962 0
    outer loop
      vertex 1.4239983550712783 -4.217150279584713 36.55
      vertex 1.4239983550712783 -4.217150279584713 38.05
      vertex 1.3146526158592895 -4.044848965024731 36.55
    endloop
  endfacet
  facet normal 0 0 -1
    outer loop
      vertex 1.5739476368340257 -5.4041210666428885 36.55
      vertex 1.6121863896360265 -5.203666504541994 36.55
      vertex 5 10 36.55
    endloop
  endfacet
  facet normal 0 0 -1
    outer loop
      vertex 1.6121863896360265 -5.203666504541994 36.55
      vertex 1.625 -5 36.55
      vertex 5 10 36.55
    endloop
  endfacet
  facet normal 0 1 0
    outer loop
      vertex -0.10203459423513486 -6.621793433695942 38.05
      vertex 0.10203459423513486 -6.621793433695942 38.05
      vertex 0.10203459423513486 -6.621793433695942 36.55
    endloop
  endfacet
  facet normal -0.12533323356430498 0.9921147013144778 0
    outer loop
      vertex 0.30449463620180284 -6.596216782434119 36.55
      vertex 0.10203459423513486 -6.621793433695942 38.05
      vertex 0.30449463620180284 -6.596216782434119 38.05
    endloop
  endfacet
  facet normal -0.24868988716485582 0.9685831611286307 0
    outer loop
      vertex 0.5021526158592895 -6.545466838979625 36.55
      vertex 0.30449463620180284 -6.596216782434119 38.05
      vertex 0.5021526158592895 -6.545466838979625 38.05
    endloop
  endfacet
  facet normal -0.36812455268468014 0.9297764858882506 0
    outer loop
      vertex 0.6918913487932428 -6.470343960257281 36.55
      vertex 0.5021526158592895 -6.545466838979625 38.05
      vertex 0.6918913487932428 -6.470343960257281 38.05
    endloop
  endfacet
  facet normal -0.48175367410171227 0.8763066800438651 0
    outer loop
      vertex 0.6918913487932428 -6.470343960257281 38.05
      vertex 0.8707185418408688 -6.372032878940775 38.05
      vertex 0.8707185418408688 -6.372032878940775 36.55
    endloop
  endfacet
  facet normal -0.1253332335643026 -0.992114701314478 0
    outer loop
      vertex 0.10203459423513407 -3.378206566304059 36.55
      vertex 0.30449463620180245 -3.4037832175658806 38.05
      vertex 0.10203459423513407 -3.378206566304059 38.05
    endloop
  endfacet
  facet normal -0.2486898871648554 -0.968583161128631 0
    outer loop
      vertex 0.30449463620180245 -3.4037832175658806 36.55
      vertex 0.5021526158592895 -3.4545331610203753 38.05
      vertex 0.30449463620180245 -3.4037832175658806 38.05
    endloop
  endfacet
  facet normal -0.3681245526846794 -0.9297764858882509 0
    outer loop
      vertex 0.5021526158592895 -3.4545331610203753 36.55
      vertex 0.6918913487932432 -3.5296560397427186 38.05
      vertex 0.5021526158592895 -3.4545331610203753 38.05
    endloop
  endfacet
  facet normal -0.481753674101715 -0.8763066800438638 0
    outer loop
      vertex 0.6918913487932432 -3.5296560397427186 36.55
      vertex 0.8707185418408696 -3.6279671210592257 38.05
      vertex 0.6918913487932432 -3.5296560397427186 38.05
    endloop
  endfacet
  facet normal -0.5877852522924744 0.8090169943749465 0
    outer loop
      vertex 1.0358139833416211 -6.252084019510657 36.55
      vertex 0.8707185418408688 -6.372032878940775 38.05
      vertex 1.0358139833416211 -6.252084019510657 38.05
    endloop
  endfacet
  facet normal -0.6845471059286866 0.7289686274214133 1.802038776970061e-16
    outer loop
      vertex 1.0358139833416211 -6.252084019510657 38.05
      vertex 1.0510183055202866 -6.237806210626303 38.05
      vertex 1.184574019559794 -6.112389047134119 36.55
    endloop
  endfacet
  facet normal -0.6845471059286877 0.7289686274214126 0
    outer loop
      vertex 1.184574019559794 -6.112389047134119 36.55
      vertex 1.0510183055202866 -6.237806210626303 38.05
      vertex 1.184574019559794 -6.112389047134119 38.05
    endloop
  endfacet
  facet normal -0.7705132427757904 0.6374239897486884 0
    outer loop
      vertex 1.3146526158592895 -5.955151034975269 36.55
      vertex 1.184574019559794 -6.112389047134119 38.05
      vertex 1.3146526158592895 -5.955151034975269 38.05
    endloop
  endfacet
  facet normal -0.8443279255020153 0.5358267949789962 0
    outer loop
      vertex 1.4239983550712783 -5.782849720415287 36.55
      vertex 1.3146526158592895 -5.955151034975269 38.05
      vertex 1.4239983550712783 -5.782849720415287 38.05
    endloop
  endfacet
  facet normal -0.9048270524660196 0.4257792915650727 0
    outer loop
      vertex 1.5108867895684082 -5.598202398112602 36.55
      vertex 1.4239983550712783 -5.782849720415287 38.05
      vertex 1.5108867895684082 -5.598202398112602 38.05
    endloop
  endfacet
  facet normal -0.9510565162951533 0.30901699437494834 0
    outer loop
      vertex 1.5739476368340257 -5.4041210666428885 36.55
      vertex 1.5108867895684082 -5.598202398112602 38.05
      vertex 1.5739476368340257 -5.4041210666428885 38.05
    endloop
  endfacet
  facet normal -0.9822872507286887 0.187381314585724 0
    outer loop
      vertex 1.6121863896360265 -5.203666504541994 36.55
      vertex 1.5739476368340257 -5.4041210666428885 38.05
      vertex 1.6121863896360265 -5.203666504541994 38.05
    endloop
  endfacet
  facet normal -0.9980267284282716 0.0627905195293136 0
    outer loop
      vertex 1.6121863896360265 -5.203666504541994 38.05
      vertex 1.625 -5 38.05
      vertex 1.625 -5 36.55
    endloop
  endfacet
  facet normal -0.5877852522924738 -0.8090169943749468 0
    outer loop
      vertex 0.8707185418408696 -3.6279671210592257 36.55
      vertex 1.035813983341621 -3.747915980489343 38.05
      vertex 0.8707185418408696 -3.6279671210592257 38.05
    endloop
  endfacet
  facet normal -0.6845471059286876 -0.7289686274214127 0
    outer loop
      vertex 1.1845740195597938 -3.887610952865881 38.05
      vertex 1.035813983341621 -3.747915980489343 38.05
      vertex 1.035813983341621 -3.747915980489343 36.55
    endloop
  endfacet
  facet normal -0.9980267284282716 -0.0627905195293136 0
    outer loop
      vertex 1.6121863896360265 -4.796333495458006 36.55
      vertex 1.625 -5 38.05
      vertex 1.6121863896360265 -4.796333495458006 38.05
    endloop
  endfacet
  facet normal -0.9822872507286886 -0.18738131458572424 0
    outer loop
      vertex 1.5739476368340255 -4.595878933357111 36.55
      vertex 1.6121863896360265 -4.796333495458006 38.05
      vertex 1.5739476368340255 -4.595878933357111 38.05
    endloop
  endfacet
  facet normal -0.90482705246602 -0.42577929156507194 0
    outer loop
      vertex 1.4239983550712783 -4.217150279584713 36.55
      vertex 1.5108867895684084 -4.401797601887399 38.05
      vertex 1.4239983550712783 -4.217150279584713 38.05
    endloop
  endfacet
  facet normal -0.951056516295153 -0.3090169943749489 0
    outer loop
      vertex 1.5108867895684084 -4.401797601887399 36.55
      vertex 1.5739476368340255 -4.595878933357111 38.05
      vertex 1.5108867895684084 -4.401797601887399 38.05
    endloop
  endfacet
  facet normal -0.7705132427757898 -0.6374239897486891 0
    outer loop
      vertex 1.1845740195597938 -3.887610952865881 36.55
      vertex 1.3146526158592895 -4.044848965024731 38.05
      vertex 1.1845740195597938 -3.887610952865881 38.05
    endloop
  endfacet
  facet normal -0.8443279255020153 -0.5358267949789962 0
    outer loop
      vertex 1.3146526158592895 -4.044848965024731 36.55
      vertex 1.4239983550712783 -4.217150279584713 38.05
      vertex 1.3146526158592895 -4.044848965024731 38.05
    endloop
  endfacet
  facet normal 0 0 1
    outer loop
      vertex 1.0510183055202866 -6.237806210626303 38.05
      vertex 1.9918584287042087 -6.15 38.05
      vertex 1.184574019559794 -6.112389047134119 38.05
    endloop
  endfacet
  facet normal 0 0 1
    outer loop
      vertex 1.184574019559794 -6.112389047134119 38.05
      vertex 1.9918584287042087 -6.15 38.05
      vertex 1.3146526158592895 -5.955151034975269 38.05
    endloop
  endfacet
  facet normal 0 0 1
    outer loop
      vertex 1.3146526158592895 -5.955151034975269 38.05
      vertex 1.9918584287042087 -6.15 38.05
      vertex 1.4239983550712783 -5.782849720415287 38.05
    endloop
  endfacet
  facet normal 0 0 1
    outer loop
      vertex 0.5021526158592895 -3.4545331610203753 38.05
      vertex 0.6918913487932432 -3.5296560397427186 38.05
      vertex 2.7279800219209815 -3.425 38.05
    endloop
  endfacet
  facet normal 0 0 1
    outer loop
      vertex 0.6918913487932432 -3.5296560397427186 38.05
      vertex 0.8707185418408696 -3.6279671210592257 38.05
      vertex 2.7279800219209815 -3.425 38.05
    endloop
  endfacet
  facet normal 0 0 1
    outer loop
      vertex 0.8707185418408696 -3.6279671210592257 38.05
      vertex 1.035813983341621 -3.747915980489343 38.05
      vertex 2.7279800219209815 -3.425 38.05
    endloop
  endfacet
  facet normal 0 0 1
    outer loop
      vertex -0.10203459423513407 -3.378206566304059 38.05
      vertex 0.10203459423513407 -3.378206566304059 38.05
      vertex 0 -1.85 38.05
    endloop
  endfacet
  facet normal 0 0 1
    outer loop
      vertex 0.10203459423513407 -3.378206566304059 38.05
      vertex 0.30449463620180245 -3.4037832175658806 38.05
      vertex 0 -1.85 38.05
    endloop
  endfacet
  facet normal 0 0 1
    outer loop
      vertex 0.30449463620180245 -3.4037832175658806 38.05
      vertex 0.5021526158592895 -3.4545331610203753 38.05
      vertex 0 -1.85 38.05
    endloop
  endfacet
  facet normal 0 0 1
    outer loop
      vertex 0.5021526158592895 -3.4545331610203753 38.05
      vertex 2.7279800219209815 -3.425 38.05
      vertex 0 -1.85 38.05
    endloop
  endfacet
  facet normal 0 0 1
    outer loop
      vertex 1.4239983550712783 -5.782849720415287 38.05
      vertex 1.9918584287042087 -6.15 38.05
      vertex 1.5108867895684082 -5.598202398112602 38.05
    endloop
  endfacet
  facet normal 0 0 1
    outer loop
      vertex 1.5108867895684082 -5.598202398112602 38.05
      vertex 1.9918584287042087 -6.15 38.05
      vertex 1.5739476368340257 -5.4041210666428885 38.05
    endloop
  endfacet
  facet normal 0 0 1
    outer loop
      vertex 1.5739476368340257 -5.4041210666428885 38.05
      vertex 2.7279800219209815 -3.425 38.05
      vertex 1.6121863896360265 -5.203666504541994 38.05
    endloop
  endfacet
  facet normal 0 0 1
    outer loop
      vertex 1.6121863896360265 -5.203666504541994 38.05
      vertex 2.7279800219209815 -3.425 38.05
      vertex 1.625 -5 38.05
    endloop
  endfacet
  facet normal 0 0 1
    outer loop
      vertex 1.6121863896360265 -4.796333495458006 38.05
      vertex 2.7279800219209815 -3.425 38.05
      vertex 1.5739476368340255 -4.595878933357111 38.05
    endloop
  endfacet
  facet normal 0 0 1
    outer loop
      vertex 1.625 -5 38.05
      vertex 2.7279800219209815 -3.425 38.05
      vertex 1.6121863896360265 -4.796333495458006 38.05
    endloop
  endfacet
  facet normal 0 0 1
    outer loop
      vertex 1.4239983550712783 -4.217150279584713 38.05
      vertex 2.7279800219209815 -3.425 38.05
      vertex 1.3146526158592895 -4.044848965024731 38.05
    endloop
  endfacet
  facet normal 0 0 1
    outer loop
      vertex 1.1845740195597938 -3.887610952865881 38.05
      vertex 2.7279800219209815 -3.425 38.05
      vertex 1.035813983341621 -3.747915980489343 38.05
    endloop
  endfacet
  facet normal 0 0 1
    outer loop
      vertex 1.1845740195597938 -3.887610952865881 38.05
      vertex 1.3146526158592895 -4.044848965024731 38.05
      vertex 2.7279800219209815 -3.425 38.05
    endloop
  endfacet
  facet normal 0 0 1
    outer loop
      vertex 1.5108867895684084 -4.401797601887399 38.05
      vertex 2.7279800219209815 -3.425 38.05
      vertex 1.4239983550712783 -4.217150279584713 38.05
    endloop
  endfacet
  facet normal 0 0 1
    outer loop
      vertex 1.5739476368340255 -4.595878933357111 38.05
      vertex 2.7279800219209815 -3.425 38.05
      vertex 1.5108867895684084 -4.401797601887399 38.05
    endloop
  endfacet
  facet normal 0 0 1
    outer loop
      vertex 1.5739476368340257 -5.4041210666428885 38.05
      vertex 1.9918584287042087 -6.15 38.05
      vertex 2.7279800219209815 -3.425 38.05
    endloop
  endfacet
  facet normal 0 0 1
    outer loop
      vertex 1.9918584287042087 -6.15 38.05
      vertex 2.7279800219209815 -6.15 38.05
      vertex 2.7279800219209815 -3.425 38.05
    endloop
  endfacet
  facet normal 0 -1 0
    outer loop
      vertex 2.7279800219209815 -6.15 38.05
      vertex 2.8 -6.15 38.05
      vertex 2.8 -6.15 40.55
    endloop
  endfacet
  facet normal -1 0 0
    outer loop
      vertex 2.7279800219209815 -6.15 38.05
      vertex 2.7279800219209815 -3.425 40.55
      vertex 2.7279800219209815 -3.425 38.05
    endloop
  endfacet
  facet normal -0.49999999999999994 -0.8660254037844387 0
    outer loop
      vertex 0 -1.85 38.05
      vertex 2.7279800219209815 -3.425 38.05
      vertex 2.7279800219209815 -3.425 40.55
    endloop
  endfacet
  facet normal 0 -1 0
    outer loop
      vertex 2.8 -10 38.05
      vertex 5 -10 37.8
      vertex 6.75 -10 39.55
    endloop
  endfacet
  facet normal 0 0 -1
    outer loop
      vertex 1.5739476368340257 -5.4041210666428885 36.55
      vertex 5 10 36.55
      vertex 5 -10 36.55
    endloop
  endfacet
  facet normal 1 0 0
    outer loop
      vertex 5 -10 36.55
      vertex 5 10 36.55
      vertex 5 -10 37.8
    endloop
  endfacet
  facet normal 0.7071067811865475 0 -0.7071067811865475
    outer loop
      vertex 5 -10 37.8
      vertex 5 10 37.8
      vertex 6.75 -10 39.55
    endloop
  endfacet
  facet normal 0 0 -1
    outer loop
      vertex -1.0358139833416207 -6.252084019510658 40.55
      vertex 2.8 -10 40.55
      vertex -1.144522422746077 -6.15 40.55
    endloop
  endfacet
  facet normal 0 0 -1
    outer loop
      vertex -1.0358139833416207 -6.252084019510658 40.55
      vertex -0.8707185418408697 -6.372032878940774 40.55
      vertex 2.8 -10 40.55
    endloop
  endfacet
  facet normal 0 0 -1
    outer loop
      vertex -0.8707185418408697 -6.372032878940774 40.55
      vertex -0.6918913487932428 -6.470343960257281 40.55
      vertex 2.8 -10 40.55
    endloop
  endfacet
  facet normal 0 0 -1
    outer loop
      vertex -0.6918913487932428 -6.470343960257281 40.55
      vertex -0.5021526158592895 -6.545466838979625 40.55
      vertex 2.8 -10 40.55
    endloop
  endfacet
  facet normal 0 0 -1
    outer loop
      vertex -0.5021526158592895 -6.545466838979625 40.55
      vertex -0.30449463620180284 -6.596216782434119 40.55
      vertex 2.8 -10 40.55
    endloop
  endfacet
  facet normal 0 0 -1
    outer loop
      vertex -0.30449463620180284 -6.596216782434119 40.55
      vertex -0.10203459423513486 -6.621793433695942 40.55
      vertex 2.8 -10 40.55
    endloop
  endfacet
  facet normal 0 0 -1
    outer loop
      vertex -0.10203459423513486 -6.621793433695942 40.55
      vertex 0.10203459423513486 -6.621793433695942 40.55
      vertex 2.8 -10 40.55
    endloop
  endfacet
  facet normal 0 0 -1
    outer loop
      vertex 0.10203459423513486 -6.621793433695942 40.55
      vertex 0.30449463620180284 -6.596216782434119 40.55
      vertex 2.8 -10 40.55
    endloop
  endfacet
  facet normal 0 0 -1
    outer loop
      vertex 0.30449463620180284 -6.596216782434119 40.55
      vertex 0.5021526158592895 -6.545466838979625 40.55
      vertex 2.8 -10 40.55
    endloop
  endfacet
  facet normal 0 0 -1
    outer loop
      vertex 0.5021526158592895 -6.545466838979625 40.55
      vertex 0.6918913487932428 -6.470343960257281 40.55
      vertex 2.8 -10 40.55
    endloop
  endfacet
  facet normal 0 0 -1
    outer loop
      vertex 0.6918913487932428 -6.470343960257281 40.55
      vertex 0.8707185418408688 -6.372032878940775 40.55
      vertex 2.8 -10 40.55
    endloop
  endfacet
  facet normal 0 0 -1
    outer loop
      vertex 0.8707185418408688 -6.372032878940775 40.55
      vertex 1.0358139833416211 -6.252084019510657 40.55
      vertex 2.8 -10 40.55
    endloop
  endfacet
  facet normal -1 0 0
    outer loop
      vertex 2.8 -10 38.05
      vertex 2.8 -10 40.55
      vertex 2.8 -6.15 40.55
    endloop
  endfacet
  facet normal 0 0 -1
    outer loop
      vertex 1.0358139833416211 -6.252084019510657 40.55
      vertex 1.1445224227460769 -6.15 40.55
      vertex 2.8 -10 40.55
    endloop
  endfacet
  facet normal 0 0 -1
    outer loop
      vertex 1.1445224227460769 -6.15 40.55
      vertex 2.7279800219209815 -6.15 40.55
      vertex 2.8 -10 40.55
    endloop
  endfacet
  facet normal 0 0 -1
    outer loop
      vertex 2.8 -10 40.55
      vertex 2.7279800219209815 -6.15 40.55
      vertex 2.8 -6.15 40.55
    endloop
  endfacet
  facet normal 0 0 1
    outer loop
      vertex -6.75 -10 42.3
      vertex 6.75 -10 42.3
      vertex 0.6918913487932428 -6.470343960257281 42.3
    endloop
  endfacet
  facet normal 0 -1 0
    outer loop
      vertex -6.75 -10 42.3
      vertex 2.8 -10 40.55
      vertex 6.75 -10 42.3
    endloop
  endfacet
  facet normal 0 0 1
    outer loop
      vertex 0.6918913487932428 -6.470343960257281 42.3
      vertex 6.75 -10 42.3
      vertex 0.8707185418408688 -6.372032878940775 42.3
    endloop
  endfacet
  facet normal 0 0 1
    outer loop
      vertex 0.8707185418408688 -6.372032878940775 42.3
      vertex 6.75 -10 42.3
      vertex 1.0358139833416211 -6.252084019510657 42.3
    endloop
  endfacet
  facet normal 0 0 1
    outer loop
      vertex 1.0358139833416211 -6.252084019510657 42.3
      vertex 6.75 -10 42.3
      vertex 1.184574019559794 -6.112389047134119 42.3
    endloop
  endfacet
  facet normal 0 0 1
    outer loop
      vertex 1.184574019559794 -6.112389047134119 42.3
      vertex 6.75 -10 42.3
      vertex 1.3146526158592895 -5.955151034975269 42.3
    endloop
  endfacet
  facet normal 0 0 1
    outer loop
      vertex 1.3146526158592895 -5.955151034975269 42.3
      vertex 6.75 -10 42.3
      vertex 1.4239983550712783 -5.782849720415287 42.3
    endloop
  endfacet
  facet normal 0 0 1
    outer loop
      vertex 1.4239983550712783 -5.782849720415287 42.3
      vertex 6.75 -10 42.3
      vertex 1.5108867895684082 -5.598202398112602 42.3
    endloop
  endfacet
  facet normal 0 0 -1
    outer loop
      vertex 0.30449463620180245 -3.4037832175658806 40.55
      vertex 2.7279800219209815 -3.425 40.55
      vertex 0.5021526158592895 -3.4545331610203753 40.55
    endloop
  endfacet
  facet normal 0 0 -1
    outer loop
      vertex 0.5021526158592895 -3.4545331610203753 40.55
      vertex 2.7279800219209815 -3.425 40.55
      vertex 0.6918913487932432 -3.5296560397427186 40.55
    endloop
  endfacet
  facet normal 0 0 -1
    outer loop
      vertex 0.6918913487932432 -3.5296560397427186 40.55
      vertex 2.7279800219209815 -3.425 40.55
      vertex 0.8707185418408696 -3.6279671210592257 40.55
    endloop
  endfacet
  facet normal 0 0 -1
    outer loop
      vertex 0.8707185418408696 -3.6279671210592257 40.55
      vertex 2.7279800219209815 -3.425 40.55
      vertex 1.035813983341621 -3.747915980489343 40.55
    endloop
  endfacet
  facet normal -0.49999999999999994 -0.8660254037844387 0
    outer loop
      vertex 0 -1.85 38.05
      vertex 2.7279800219209815 -3.425 40.55
      vertex 0 -1.85 40.55
    endloop
  endfacet
  facet normal 0 0 -1
    outer loop
      vertex -0.10203459423513407 -3.378206566304059 40.55
      vertex 0 -1.85 40.55
      vertex 0.10203459423513407 -3.378206566304059 40.55
    endloop
  endfacet
  facet normal 0 0 -1
    outer loop
      vertex 0.10203459423513407 -3.378206566304059 40.55
      vertex 0 -1.85 40.55
      vertex 0.30449463620180245 -3.4037832175658806 40.55
    endloop
  endfacet
  facet normal 0 0 -1
    outer loop
      vertex 0.30449463620180245 -3.4037832175658806 40.55
      vertex 0 -1.85 40.55
      vertex 2.7279800219209815 -3.425 40.55
    endloop
  endfacet
  facet normal 0 -1 0
    outer loop
      vertex 2.7279800219209815 -6.15 38.05
      vertex 2.8 -6.15 40.55
      vertex 2.7279800219209815 -6.15 40.55
    endloop
  endfacet
  facet normal -1 0 0
    outer loop
      vertex 2.7279800219209815 -6.15 38.05
      vertex 2.7279800219209815 -6.15 40.55
      vertex 2.7279800219209815 -3.425 40.55
    endloop
  endfacet
  facet normal 0 0 -1
    outer loop
      vertex 1.1445224227460769 -6.15 40.55
      vertex 1.184574019559794 -6.112389047134119 40.55
      vertex 2.7279800219209815 -6.15 40.55
    endloop
  endfacet
  facet normal 0 0 -1
    outer loop
      vertex 1.184574019559794 -6.112389047134119 40.55
      vertex 1.3146526158592895 -5.955151034975269 40.55
      vertex 2.7279800219209815 -6.15 40.55
    endloop
  endfacet
  facet normal 0 0 -1
    outer loop
      vertex 1.3146526158592895 -5.955151034975269 40.55
      vertex 1.4239983550712783 -5.782849720415287 40.55
      vertex 2.7279800219209815 -6.15 40.55
    endloop
  endfacet
  facet normal 0 0 -1
    outer loop
      vertex 1.4239983550712783 -5.782849720415287 40.55
      vertex 1.5108867895684082 -5.598202398112602 40.55
      vertex 2.7279800219209815 -6.15 40.55
    endloop
  endfacet
  facet normal 0 0 -1
    outer loop
      vertex 1.5108867895684082 -5.598202398112602 40.55
      vertex 1.5739476368340257 -5.4041210666428885 40.55
      vertex 2.7279800219209815 -6.15 40.55
    endloop
  endfacet
  facet normal 0 0 -1
    outer loop
      vertex 1.5739476368340257 -5.4041210666428885 40.55
      vertex 1.6121863896360265 -5.203666504541994 40.55
      vertex 2.7279800219209815 -6.15 40.55
    endloop
  endfacet
  facet normal 0 0 -1
    outer loop
      vertex 1.6121863896360265 -5.203666504541994 40.55
      vertex 1.625 -5 40.55
      vertex 2.7279800219209815 -6.15 40.55
    endloop
  endfacet
  facet normal 0 0 -1
    outer loop
      vertex 2.7279800219209815 -6.15 40.55
      vertex 1.625 -5 40.55
      vertex 1.6121863896360265 -4.796333495458006 40.55
    endloop
  endfacet
  facet normal 0 0 -1
    outer loop
      vertex 2.7279800219209815 -6.15 40.55
      vertex 1.6121863896360265 -4.796333495458006 40.55
      vertex 1.5739476368340255 -4.595878933357111 40.55
    endloop
  endfacet
  facet normal 0 0 -1
    outer loop
      vertex 1.4239983550712783 -4.217150279584713 40.55
      vertex 1.3146526158592895 -4.044848965024731 40.55
      vertex 2.7279800219209815 -3.425 40.55
    endloop
  endfacet
  facet normal 0 0 -1
    outer loop
      vertex 1.1845740195597938 -3.887610952865881 40.55
      vertex 1.035813983341621 -3.747915980489343 40.55
      vertex 2.7279800219209815 -3.425 40.55
    endloop
  endfacet
  facet normal 0 0 -1
    outer loop
      vertex 1.1845740195597938 -3.887610952865881 40.55
      vertex 2.7279800219209815 -3.425 40.55
      vertex 1.3146526158592895 -4.044848965024731 40.55
    endloop
  endfacet
  facet normal 0 0 -1
    outer loop
      vertex 1.5108867895684084 -4.401797601887399 40.55
      vertex 1.4239983550712783 -4.217150279584713 40.55
      vertex 2.7279800219209815 -3.425 40.55
    endloop
  endfacet
  facet normal 0 0 -1
    outer loop
      vertex 1.5739476368340255 -4.595878933357111 40.55
      vertex 1.5108867895684084 -4.401797601887399 40.55
      vertex 2.7279800219209815 -3.425 40.55
    endloop
  endfacet
  facet normal 0 0 -1
    outer loop
      vertex 2.7279800219209815 -6.15 40.55
      vertex 1.5739476368340255 -4.595878933357111 40.55
      vertex 2.7279800219209815 -3.425 40.55
    endloop
  endfacet
  facet normal -0.12533323356430498 0.9921147013144779 0
    outer loop
      vertex 0.10203459423513486 -6.621793433695942 40.55
      vertex 0.10203459423513486 -6.621793433695942 42.3
      vertex 0.30449463620180284 -6.596216782434119 40.55
    endloop
  endfacet
  facet normal -0.24868988716485582 0.9685831611286309 0
    outer loop
      vertex 0.30449463620180284 -6.596216782434119 40.55
      vertex 0.30449463620180284 -6.596216782434119 42.3
      vertex 0.5021526158592895 -6.545466838979625 40.55
    endloop
  endfacet
  facet normal -0.3681245526846801 0.9297764858882505 0
    outer loop
      vertex 0.5021526158592895 -6.545466838979625 40.55
      vertex 0.5021526158592895 -6.545466838979625 42.3
      vertex 0.6918913487932428 -6.470343960257281 40.55
    endloop
  endfacet
  facet normal -0.48175367410171227 0.8763066800438652 0
    outer loop
      vertex 0.6918913487932428 -6.470343960257281 40.55
      vertex 0.6918913487932428 -6.470343960257281 42.3
      vertex 0.8707185418408688 -6.372032878940775 40.55
    endloop
  endfacet
  facet normal 0 -1 0
    outer loop
      vertex -0.10203459423513407 -3.378206566304059 40.55
      vertex 0.10203459423513407 -3.378206566304059 40.55
      vertex 0.10203459423513407 -3.378206566304059 42.3
    endloop
  endfacet
  facet normal -0.12533323356430257 -0.992114701314478 0
    outer loop
      vertex 0.10203459423513407 -3.378206566304059 40.55
      vertex 0.30449463620180245 -3.4037832175658806 40.55
      vertex 0.30449463620180245 -3.4037832175658806 42.3
    endloop
  endfacet
  facet normal -0.24868988716485538 -0.9685831611286309 0
    outer loop
      vertex 0.30449463620180245 -3.4037832175658806 40.55
      vertex 0.5021526158592895 -3.4545331610203753 40.55
      vertex 0.5021526158592895 -3.4545331610203753 42.3
    endloop
  endfacet
  facet normal -0.3681245526846794 -0.9297764858882509 0
    outer loop
      vertex 0.5021526158592895 -3.4545331610203753 40.55
      vertex 0.6918913487932432 -3.5296560397427186 40.55
      vertex 0.6918913487932432 -3.5296560397427186 42.3
    endloop
  endfacet
  facet normal -0.481753674101715 -0.8763066800438638 0
    outer loop
      vertex 0.6918913487932432 -3.5296560397427186 40.55
      vertex 0.8707185418408696 -3.6279671210592257 40.55
      vertex 0.8707185418408696 -3.6279671210592257 42.3
    endloop
  endfacet
  facet normal -0.5877852522924745 0.8090169943749466 0
    outer loop
      vertex 0.8707185418408688 -6.372032878940775 40.55
      vertex 0.8707185418408688 -6.372032878940775 42.3
      vertex 1.0358139833416211 -6.252084019510657 40.55
    endloop
  endfacet
  facet normal -0.6845471059286867 0.7289686274214132 0
    outer loop
      vertex 1.0358139833416211 -6.252084019510657 40.55
      vertex 1.0358139833416211 -6.252084019510657 42.3
      vertex 1.1445224227460769 -6.15 40.55
    endloop
  endfacet
  facet normal -0.6845471059286895 0.7289686274214107 0
    outer loop
      vertex 1.1445224227460769 -6.15 40.55
      vertex 1.184574019559794 -6.112389047134119 42.3
      vertex 1.184574019559794 -6.112389047134119 40.55
    endloop
  endfacet
  facet normal -0.7705132427757904 0.6374239897486884 0
    outer loop
      vertex 1.184574019559794 -6.112389047134119 40.55
      vertex 1.184574019559794 -6.112389047134119 42.3
      vertex 1.3146526158592895 -5.955151034975269 40.55
    endloop
  endfacet
  facet normal -0.8443279255020153 0.5358267949789963 0
    outer loop
      vertex 1.3146526158592895 -5.955151034975269 40.55
      vertex 1.3146526158592895 -5.955151034975269 42.3
      vertex 1.4239983550712783 -5.782849720415287 40.55
    endloop
  endfacet
  facet normal -0.9048270524660195 0.42577929156507266 0
    outer loop
      vertex 1.4239983550712783 -5.782849720415287 40.55
      vertex 1.4239983550712783 -5.782849720415287 42.3
      vertex 1.5108867895684082 -5.598202398112602 40.55
    endloop
  endfacet
  facet normal -0.9510565162951532 0.3090169943749483 0
    outer loop
      vertex 1.5108867895684082 -5.598202398112602 40.55
      vertex 1.5108867895684082 -5.598202398112602 42.3
      vertex 1.5739476368340257 -5.4041210666428885 40.55
    endloop
  endfacet
  facet normal -0.9822872507286887 0.187381314585724 0
    outer loop
      vertex 1.5739476368340257 -5.4041210666428885 40.55
      vertex 1.5739476368340257 -5.4041210666428885 42.3
      vertex 1.6121863896360265 -5.203666504541994 40.55
    endloop
  endfacet
  facet normal -0.9980267284282717 0.0627905195293136 0
    outer loop
      vertex 1.6121863896360265 -5.203666504541994 40.55
      vertex 1.6121863896360265 -5.203666504541994 42.3
      vertex 1.625 -5 40.55
    endloop
  endfacet
  facet normal -0.5877852522924738 -0.8090169943749469 0
    outer loop
      vertex 0.8707185418408696 -3.6279671210592257 40.55
      vertex 1.035813983341621 -3.747915980489343 40.55
      vertex 1.035813983341621 -3.747915980489343 42.3
    endloop
  endfacet
  facet normal -0.6845471059286876 -0.7289686274214127 0
    outer loop
      vertex 1.1845740195597938 -3.887610952865881 40.55
      vertex 1.1845740195597938 -3.887610952865881 42.3
      vertex 1.035813983341621 -3.747915980489343 40.55
    endloop
  endfacet
  facet normal -0.9980267284282717 -0.0627905195293136 0
    outer loop
      vertex 1.625 -5 40.55
      vertex 1.625 -5 42.3
      vertex 1.6121863896360265 -4.796333495458006 40.55
    endloop
  endfacet
  facet normal -0.9822872507286887 -0.18738131458572424 0
    outer loop
      vertex 1.6121863896360265 -4.796333495458006 40.55
      vertex 1.6121863896360265 -4.796333495458006 42.3
      vertex 1.5739476368340255 -4.595878933357111 40.55
    endloop
  endfacet
  facet normal -0.9048270524660198 -0.4257792915650718 0
    outer loop
      vertex 1.5108867895684084 -4.401797601887399 40.55
      vertex 1.5108867895684084 -4.401797601887399 42.3
      vertex 1.4239983550712783 -4.217150279584713 40.55
    endloop
  endfacet
  facet normal -0.9510565162951531 -0.3090169943749489 0
    outer loop
      vertex 1.5739476368340255 -4.595878933357111 40.55
      vertex 1.5739476368340255 -4.595878933357111 42.3
      vertex 1.5108867895684084 -4.401797601887399 40.55
    endloop
  endfacet
  facet normal -0.7705132427757898 -0.6374239897486891 0
    outer loop
      vertex 1.1845740195597938 -3.887610952865881 40.55
      vertex 1.3146526158592895 -4.044848965024731 40.55
      vertex 1.3146526158592895 -4.044848965024731 42.3
    endloop
  endfacet
  facet normal -0.8443279255020153 -0.5358267949789963 0
    outer loop
      vertex 1.4239983550712783 -4.217150279584713 40.55
      vertex 1.4239983550712783 -4.217150279584713 42.3
      vertex 1.3146526158592895 -4.044848965024731 40.55
    endloop
  endfacet
  facet normal 0 1 0
    outer loop
      vertex -0.10203459423513486 -6.621793433695942 42.3
      vertex 0.10203459423513486 -6.621793433695942 42.3
      vertex 0.10203459423513486 -6.621793433695942 40.55
    endloop
  endfacet
  facet normal -0.12533323356430498 0.9921147013144779 0
    outer loop
      vertex 0.30449463620180284 -6.596216782434119 40.55
      vertex 0.10203459423513486 -6.621793433695942 42.3
      vertex 0.30449463620180284 -6.596216782434119 42.3
    endloop
  endfacet
  facet normal -0.24868988716485582 0.9685831611286309 0
    outer loop
      vertex 0.5021526158592895 -6.545466838979625 40.55
      vertex 0.30449463620180284 -6.596216782434119 42.3
      vertex 0.5021526158592895 -6.545466838979625 42.3
    endloop
  endfacet
  facet normal -0.3681245526846801 0.9297764858882505 0
    outer loop
      vertex 0.6918913487932428 -6.470343960257281 40.55
      vertex 0.5021526158592895 -6.545466838979625 42.3
      vertex 0.6918913487932428 -6.470343960257281 42.3
    endloop
  endfacet
  facet normal -0.48175367410171227 0.8763066800438652 0
    outer loop
      vertex 0.8707185418408688 -6.372032878940775 40.55
      vertex 0.6918913487932428 -6.470343960257281 42.3
      vertex 0.8707185418408688 -6.372032878940775 42.3
    endloop
  endfacet
  facet normal -0.12533323356430257 -0.992114701314478 0
    outer loop
      vertex 0.10203459423513407 -3.378206566304059 40.55
      vertex 0.30449463620180245 -3.4037832175658806 42.3
      vertex 0.10203459423513407 -3.378206566304059 42.3
    endloop
  endfacet
  facet normal -0.24868988716485538 -0.9685831611286309 0
    outer loop
      vertex 0.30449463620180245 -3.4037832175658806 40.55
      vertex 0.5021526158592895 -3.4545331610203753 42.3
      vertex 0.30449463620180245 -3.4037832175658806 42.3
    endloop
  endfacet
  facet normal -0.3681245526846794 -0.9297764858882509 0
    outer loop
      vertex 0.5021526158592895 -3.4545331610203753 40.55
      vertex 0.6918913487932432 -3.5296560397427186 42.3
      vertex 0.5021526158592895 -3.4545331610203753 42.3
    endloop
  endfacet
  facet normal -0.481753674101715 -0.8763066800438638 0
    outer loop
      vertex 0.6918913487932432 -3.5296560397427186 40.55
      vertex 0.8707185418408696 -3.6279671210592257 42.3
      vertex 0.6918913487932432 -3.5296560397427186 42.3
    endloop
  endfacet
  facet normal -0.5877852522924745 0.8090169943749466 0
    outer loop
      vertex 1.0358139833416211 -6.252084019510657 40.55
      vertex 0.8707185418408688 -6.372032878940775 42.3
      vertex 1.0358139833416211 -6.252084019510657 42.3
    endloop
  endfacet
  facet normal -0.6845471059286876 0.7289686274214127 -8.743539469319841e-17
    outer loop
      vertex 1.1445224227460769 -6.15 40.55
      vertex 1.0358139833416211 -6.252084019510657 42.3
      vertex 1.184574019559794 -6.112389047134119 42.3
    endloop
  endfacet
  facet normal -0.7705132427757904 0.6374239897486884 0
    outer loop
      vertex 1.3146526158592895 -5.955151034975269 40.55
      vertex 1.184574019559794 -6.112389047134119 42.3
      vertex 1.3146526158592895 -5.955151034975269 42.3
    endloop
  endfacet
  facet normal -0.8443279255020153 0.5358267949789963 0
    outer loop
      vertex 1.4239983550712783 -5.782849720415287 40.55
      vertex 1.3146526158592895 -5.955151034975269 42.3
      vertex 1.4239983550712783 -5.782849720415287 42.3
    endloop
  endfacet
  facet normal -0.9048270524660195 0.42577929156507266 0
    outer loop
      vertex 1.5108867895684082 -5.598202398112602 40.55
      vertex 1.4239983550712783 -5.782849720415287 42.3
      vertex 1.5108867895684082 -5.598202398112602 42.3
    endloop
  endfacet
  facet normal -0.9510565162951532 0.3090169943749483 0
    outer loop
      vertex 1.5739476368340257 -5.4041210666428885 40.55
      vertex 1.5108867895684082 -5.598202398112602 42.3
      vertex 1.5739476368340257 -5.4041210666428885 42.3
    endloop
  endfacet
  facet normal -0.9822872507286887 0.187381314585724 0
    outer loop
      vertex 1.6121863896360265 -5.203666504541994 40.55
      vertex 1.5739476368340257 -5.4041210666428885 42.3
      vertex 1.6121863896360265 -5.203666504541994 42.3
    endloop
  endfacet
  facet normal -0.9980267284282717 0.0627905195293136 0
    outer loop
      vertex 1.6121863896360265 -5.203666504541994 42.3
      vertex 1.625 -5 42.3
      vertex 1.625 -5 40.55
    endloop
  endfacet
  facet normal -0.5877852522924738 -0.8090169943749469 0
    outer loop
      vertex 0.8707185418408696 -3.6279671210592257 40.55
      vertex 1.035813983341621 -3.747915980489343 42.3
      vertex 0.8707185418408696 -3.6279671210592257 42.3
    endloop
  endfacet
  facet normal -0.6845471059286876 -0.7289686274214127 0
    outer loop
      vertex 1.035813983341621 -3.747915980489343 40.55
      vertex 1.1845740195597938 -3.887610952865881 42.3
      vertex 1.035813983341621 -3.747915980489343 42.3
    endloop
  endfacet
  facet normal -0.9980267284282717 -0.0627905195293136 0
    outer loop
      vertex 1.6121863896360265 -4.796333495458006 40.55
      vertex 1.625 -5 42.3
      vertex 1.6121863896360265 -4.796333495458006 42.3
    endloop
  endfacet
  facet normal -0.9822872507286887 -0.18738131458572424 0
    outer loop
      vertex 1.5739476368340255 -4.595878933357111 40.55
      vertex 1.6121863896360265 -4.796333495458006 42.3
      vertex 1.5739476368340255 -4.595878933357111 42.3
    endloop
  endfacet
  facet normal -0.9048270524660198 -0.4257792915650718 0
    outer loop
      vertex 1.4239983550712783 -4.217150279584713 40.55
      vertex 1.5108867895684084 -4.401797601887399 42.3
      vertex 1.4239983550712783 -4.217150279584713 42.3
    endloop
  endfacet
  facet normal -0.9510565162951531 -0.3090169943749489 0
    outer loop
      vertex 1.5108867895684084 -4.401797601887399 40.55
      vertex 1.5739476368340255 -4.595878933357111 42.3
      vertex 1.5108867895684084 -4.401797601887399 42.3
    endloop
  endfacet
  facet normal -0.7705132427757898 -0.6374239897486891 0
    outer loop
      vertex 1.1845740195597938 -3.887610952865881 40.55
      vertex 1.3146526158592895 -4.044848965024731 42.3
      vertex 1.1845740195597938 -3.887610952865881 42.3
    endloop
  endfacet
  facet normal -0.8443279255020153 -0.5358267949789963 0
    outer loop
      vertex 1.3146526158592895 -4.044848965024731 40.55
      vertex 1.4239983550712783 -4.217150279584713 42.3
      vertex 1.3146526158592895 -4.044848965024731 42.3
    endloop
  endfacet
  facet normal 0 -1 0
    outer loop
      vertex 2.8 -10 38.05
      vertex 6.75 -10 42.3
      vertex 2.8 -10 40.55
    endloop
  endfacet
  facet normal 0 -1 0
    outer loop
      vertex 2.8 -10 38.05
      vertex 6.75 -10 39.55
      vertex 6.75 -10 42.3
    endloop
  endfacet
  facet normal 0 0 1
    outer loop
      vertex 1.5108867895684082 -5.598202398112602 42.3
      vertex 6.75 -10 42.3
      vertex 1.5739476368340257 -5.4041210666428885 42.3
    endloop
  endfacet
  facet normal 0 0 1
    outer loop
      vertex 1.5739476368340257 -5.4041210666428885 42.3
      vertex 6.75 -10 42.3
      vertex 1.6121863896360265 -5.203666504541994 42.3
    endloop
  endfacet
  facet normal 0 0 1
    outer loop
      vertex 1.6121863896360265 -5.203666504541994 42.3
      vertex 6.75 -10 42.3
      vertex 1.625 -5 42.3
    endloop
  endfacet
  facet normal 0 0 1
    outer loop
      vertex 1.625 -5 42.3
      vertex 6.75 -10 42.3
      vertex 6.75 10 42.3
    endloop
  endfacet
  facet normal 1 0 0
    outer loop
      vertex 6.75 -10 39.55
      vertex 6.75 10 42.3
      vertex 6.75 -10 42.3
    endloop
  endfacet
  facet normal 0 0 -1
    outer loop
      vertex -1.5108867895684086 -4.401797601887399 36.55
      vertex 5 10 36.55
      vertex -1.4239983550712783 -4.217150279584713 36.55
    endloop
  endfacet
  facet normal 0 0 -1
    outer loop
      vertex -1.4239983550712783 -4.217150279584713 36.55
      vertex 5 10 36.55
      vertex -1.3146526158592895 -4.044848965024731 36.55
    endloop
  endfacet
  facet normal 0 0 -1
    outer loop
      vertex -1.3146526158592895 -4.044848965024731 36.55
      vertex 5 10 36.55
      vertex -1.184574019559794 -3.887610952865881 36.55
    endloop
  endfacet
  facet normal 0 0 -1
    outer loop
      vertex -1.184574019559794 -3.887610952865881 36.55
      vertex 5 10 36.55
      vertex -1.0358139833416207 -3.747915980489342 36.55
    endloop
  endfacet
  facet normal 0 0 -1
    outer loop
      vertex -1.0358139833416207 -3.747915980489342 36.55
      vertex 5 10 36.55
      vertex -0.8707185418408697 -3.6279671210592257 36.55
    endloop
  endfacet
  facet normal 0 0 -1
    outer loop
      vertex -0.8707185418408697 -3.6279671210592257 36.55
      vertex 5 10 36.55
      vertex -0.6918913487932432 -3.5296560397427186 36.55
    endloop
  endfacet
  facet normal 0 0 -1
    outer loop
      vertex -0.6918913487932432 -3.5296560397427186 36.55
      vertex 5 10 36.55
      vertex -0.5021526158592895 -3.4545331610203753 36.55
    endloop
  endfacet
  facet normal 0 0 -1
    outer loop
      vertex -0.5021526158592895 -3.4545331610203753 36.55
      vertex 5 10 36.55
      vertex -0.30449463620180245 -3.4037832175658806 36.55
    endloop
  endfacet
  facet normal 0 0 -1
    outer loop
      vertex -0.30449463620180245 -3.4037832175658806 36.55
      vertex 5 10 36.55
      vertex -0.10203459423513407 -3.378206566304059 36.55
    endloop
  endfacet
  facet normal 0 0 -1
    outer loop
      vertex -0.10203459423513407 -3.378206566304059 36.55
      vertex 5 10 36.55
      vertex 0.10203459423513407 -3.378206566304059 36.55
    endloop
  endfacet
  facet normal 0 0 -1
    outer loop
      vertex 0.10203459423513407 -3.378206566304059 36.55
      vertex 5 10 36.55
      vertex 0.30449463620180245 -3.4037832175658806 36.55
    endloop
  endfacet
  facet normal 0 0 -1
    outer loop
      vertex 0.30449463620180245 -3.4037832175658806 36.55
      vertex 5 10 36.55
      vertex 0.5021526158592895 -3.4545331610203753 36.55
    endloop
  endfacet
  facet normal 0 0 -1
    outer loop
      vertex 1.1845740195597938 -3.887610952865881 36.55
      vertex 1.035813983341621 -3.747915980489343 36.55
      vertex 5 10 36.55
    endloop
  endfacet
  facet normal 0 0 -1
    outer loop
      vertex 0.5021526158592895 -3.4545331610203753 36.55
      vertex 5 10 36.55
      vertex 0.6918913487932432 -3.5296560397427186 36.55
    endloop
  endfacet
  facet normal 0 0 -1
    outer loop
      vertex 0.6918913487932432 -3.5296560397427186 36.55
      vertex 5 10 36.55
      vertex 0.8707185418408696 -3.6279671210592257 36.55
    endloop
  endfacet
  facet normal 0 0 -1
    outer loop
      vertex 0.8707185418408696 -3.6279671210592257 36.55
      vertex 5 10 36.55
      vertex 1.035813983341621 -3.747915980489343 36.55
    endloop
  endfacet
  facet normal 0 0 -1
    outer loop
      vertex 1.1845740195597938 -3.887610952865881 36.55
      vertex 5 10 36.55
      vertex 1.3146526158592895 -4.044848965024731 36.55
    endloop
  endfacet
  facet normal 0 0 -1
    outer loop
      vertex 1.4239983550712783 -4.217150279584713 36.55
      vertex 1.3146526158592895 -4.044848965024731 36.55
      vertex 5 10 36.55
    endloop
  endfacet
  facet normal 0 0 -1
    outer loop
      vertex 1.6121863896360265 -4.796333495458006 36.55
      vertex 1.5739476368340255 -4.595878933357111 36.55
      vertex 5 10 36.55
    endloop
  endfacet
  facet normal 0 0 -1
    outer loop
      vertex 1.5739476368340255 -4.595878933357111 36.55
      vertex 1.5108867895684084 -4.401797601887399 36.55
      vertex 5 10 36.55
    endloop
  endfacet
  facet normal 0 0 -1
    outer loop
      vertex 1.625 -5 36.55
      vertex 1.6121863896360265 -4.796333495458006 36.55
      vertex 5 10 36.55
    endloop
  endfacet
  facet normal 0 0 -1
    outer loop
      vertex 1.5108867895684084 -4.401797601887399 36.55
      vertex 1.4239983550712783 -4.217150279584713 36.55
      vertex 5 10 36.55
    endloop
  endfacet
  facet normal 0 1 0
    outer loop
      vertex -5 10 37.8
      vertex 5 10 37.8
      vertex 5 10 36.55
    endloop
  endfacet
  facet normal 1 0 0
    outer loop
      vertex 5 -10 37.8
      vertex 5 10 36.55
      vertex 5 10 37.8
    endloop
  endfacet
  facet normal 0 0 1
    outer loop
      vertex -1.4239983550712783 -4.217150279584713 42.3
      vertex -1.3146526158592895 -4.044848965024731 42.3
      vertex 6.75 10 42.3
    endloop
  endfacet
  facet normal 0 0 1
    outer loop
      vertex -1.3146526158592895 -4.044848965024731 42.3
      vertex -1.184574019559794 -3.887610952865881 42.3
      vertex 6.75 10 42.3
    endloop
  endfacet
  facet normal 0 0 1
    outer loop
      vertex -1.184574019559794 -3.887610952865881 42.3
      vertex -1.0358139833416207 -3.747915980489342 42.3
      vertex 6.75 10 42.3
    endloop
  endfacet
  facet normal 0 0 1
    outer loop
      vertex -1.0358139833416207 -3.747915980489342 42.3
      vertex -0.8707185418408697 -3.6279671210592257 42.3
      vertex 6.75 10 42.3
    endloop
  endfacet
  facet normal 0 0 1
    outer loop
      vertex -0.8707185418408697 -3.6279671210592257 42.3
      vertex -0.6918913487932432 -3.5296560397427186 42.3
      vertex 6.75 10 42.3
    endloop
  endfacet
  facet normal 0 0 1
    outer loop
      vertex -0.6918913487932432 -3.5296560397427186 42.3
      vertex -0.5021526158592895 -3.4545331610203753 42.3
      vertex 6.75 10 42.3
    endloop
  endfacet
  facet normal 0 0 1
    outer loop
      vertex -0.5021526158592895 -3.4545331610203753 42.3
      vertex -0.30449463620180245 -3.4037832175658806 42.3
      vertex 6.75 10 42.3
    endloop
  endfacet
  facet normal 0 0 1
    outer loop
      vertex -0.30449463620180245 -3.4037832175658806 42.3
      vertex -0.10203459423513407 -3.378206566304059 42.3
      vertex 6.75 10 42.3
    endloop
  endfacet
  facet normal 0 0 1
    outer loop
      vertex -0.10203459423513407 -3.378206566304059 42.3
      vertex 0.10203459423513407 -3.378206566304059 42.3
      vertex 6.75 10 42.3
    endloop
  endfacet
  facet normal 0 0 1
    outer loop
      vertex 0.10203459423513407 -3.378206566304059 42.3
      vertex 0.30449463620180245 -3.4037832175658806 42.3
      vertex 6.75 10 42.3
    endloop
  endfacet
  facet normal 0 0 1
    outer loop
      vertex 0.30449463620180245 -3.4037832175658806 42.3
      vertex 0.5021526158592895 -3.4545331610203753 42.3
      vertex 6.75 10 42.3
    endloop
  endfacet
  facet normal 0 0 1
    outer loop
      vertex 0.5021526158592895 -3.4545331610203753 42.3
      vertex 0.6918913487932432 -3.5296560397427186 42.3
      vertex 6.75 10 42.3
    endloop
  endfacet
  facet normal 0 0 1
    outer loop
      vertex 0.6918913487932432 -3.5296560397427186 42.3
      vertex 0.8707185418408696 -3.6279671210592257 42.3
      vertex 6.75 10 42.3
    endloop
  endfacet
  facet normal 0 0 1
    outer loop
      vertex 1.1845740195597938 -3.887610952865881 42.3
      vertex 6.75 10 42.3
      vertex 1.035813983341621 -3.747915980489343 42.3
    endloop
  endfacet
  facet normal 0 0 1
    outer loop
      vertex 1.1845740195597938 -3.887610952865881 42.3
      vertex 1.3146526158592895 -4.044848965024731 42.3
      vertex 6.75 10 42.3
    endloop
  endfacet
  facet normal 0 0 1
    outer loop
      vertex 1.4239983550712783 -4.217150279584713 42.3
      vertex 6.75 10 42.3
      vertex 1.3146526158592895 -4.044848965024731 42.3
    endloop
  endfacet
  facet normal 0 0 1
    outer loop
      vertex 1.5108867895684084 -4.401797601887399 42.3
      vertex 6.75 10 42.3
      vertex 1.4239983550712783 -4.217150279584713 42.3
    endloop
  endfacet
  facet normal 0 0 1
    outer loop
      vertex 0.8707185418408696 -3.6279671210592257 42.3
      vertex 1.035813983341621 -3.747915980489343 42.3
      vertex 6.75 10 42.3
    endloop
  endfacet
  facet normal 0 1 0
    outer loop
      vertex -6.75 10 39.55
      vertex 6.75 10 42.3
      vertex 5 10 37.8
    endloop
  endfacet
  facet normal 0.7071067811865475 0 -0.7071067811865475
    outer loop
      vertex 6.75 -10 39.55
      vertex 5 10 37.8
      vertex 6.75 10 39.55
    endloop
  endfacet
  facet normal 0 0 1
    outer loop
      vertex 1.625 -5 42.3
      vertex 6.75 10 42.3
      vertex 1.6121863896360265 -4.796333495458006 42.3
    endloop
  endfacet
  facet normal 0 0 1
    outer loop
      vertex 1.6121863896360265 -4.796333495458006 42.3
      vertex 6.75 10 42.3
      vertex 1.5739476368340255 -4.595878933357111 42.3
    endloop
  endfacet
  facet normal 0 0 1
    outer loop
      vertex 1.5739476368340255 -4.595878933357111 42.3
      vertex 6.75 10 42.3
      vertex 1.5108867895684084 -4.401797601887399 42.3
    endloop
  endfacet
  facet normal 0 1 0
    outer loop
      vertex 5 10 37.8
      vertex 6.75 10 42.3
      vertex 6.75 10 39.55
    endloop
  endfacet
  facet normal 1 0 0
    outer loop
      vertex 6.75 -10 39.55
      vertex 6.75 10 39.55
      vertex 6.75 10 42.3
    endloop
  endfacet
  facet normal 0 0 -1
    outer loop
      vertex -26 -54 32
      vertex -25.15 -49.85 32
      vertex -25.15 -52.15 32
    endloop
  endfacet
  facet normal 0 0 -1
    outer loop
      vertex -26 -54 32
      vertex -25.15 -52.15 32
      vertex -24 -54 32
    endloop
  endfacet
  facet normal 0 0 -1
    outer loop
      vertex -25.15 -52.15 32
      vertex -24 -52.15 32
      vertex -24 -54 32
    endloop
  endfacet
  facet normal 0 0 -1
    outer loop
      vertex -26 -54 32
      vertex -24 49.85 32
      vertex -25.15 -49.85 32
    endloop
  endfacet
  facet normal 0 0 -1
    outer loop
      vertex -25.15 -49.85 32
      vertex -24 49.85 32
      vertex -24 -49.85 32
    endloop
  endfacet
  facet normal 0 0 -1
    outer loop
      vertex -26 -54 32
      vertex -25.15 52.15 32
      vertex -25.15 49.85 32
    endloop
  endfacet
  facet normal 0 0 -1
    outer loop
      vertex -26 -54 32
      vertex -25.15 49.85 32
      vertex -24 49.85 32
    endloop
  endfacet
  facet normal 0 0 -1
    outer loop
      vertex -26 -54 32
      vertex -26 54 32
      vertex -25.15 52.15 32
    endloop
  endfacet
  facet normal 0 0 -1
    outer loop
      vertex -26 54 32
      vertex -24 52.15 32
      vertex -25.15 52.15 32
    endloop
  endfacet
  facet normal 0 0 -1
    outer loop
      vertex -26 54 32
      vertex -24 54 32
      vertex -24 52.15 32
    endloop
  endfacet
  facet normal 0 0 -1
    outer loop
      vertex 24 -54 32
      vertex 24 -52.15 32
      vertex 26 -54 32
    endloop
  endfacet
  facet normal 0 0 -1
    outer loop
      vertex 24 -52.15 32
      vertex 25.15 -52.15 32
      vertex 26 -54 32
    endloop
  endfacet
  facet normal 0 0 -1
    outer loop
      vertex 24 -49.85 32
      vertex 26 5.400000000000002 32
      vertex 25.15 -49.85 32
    endloop
  endfacet
  facet normal 0 0 -1
    outer loop
      vertex 25.15 -52.15 32
      vertex 25.15 -49.85 32
      vertex 26 5.400000000000002 32
    endloop
  endfacet
  facet normal 0 0 -1
    outer loop
      vertex 25.15 -52.15 32
      vertex 26 5.400000000000002 32
      vertex 26 -54 32
    endloop
  endfacet
  facet normal 0 0 -1
    outer loop
      vertex 24 -49.85 32
      vertex 24 49.85 32
      vertex 26 5.400000000000002 32
    endloop
  endfacet
  facet normal 0 0 -1
    outer loop
      vertex 26 5.400000000000002 32
      vertex 24 49.85 32
      vertex 25.15 49.85 32
    endloop
  endfacet
  facet normal 0 0 -1
    outer loop
      vertex 26 5.400000000000002 32
      vertex 25.15 49.85 32
      vertex 25.15 52.15 32
    endloop
  endfacet
  facet normal 0 0 -1
    outer loop
      vertex 26 5.400000000000002 32
      vertex 25.15 52.15 32
      vertex 26 54 32
    endloop
  endfacet
  facet normal 0 0 -1
    outer loop
      vertex 24 52.15 32
      vertex 24 54 32
      vertex 25.15 52.15 32
    endloop
  endfacet
  facet normal 0 0 -1
    outer loop
      vertex 24 54 32
      vertex 26 54 32
      vertex 25.15 52.15 32
    endloop
  endfacet
  facet normal 0 -1 0
    outer loop
      vertex 23.86257601025131 -49.85 32.22948675722421
      vertex 24.25 -49.85 33.966209504970706
      vertex 23.771031372578587 -49.85 32.31545289407131
    endloop
  endfacet
  facet normal 0 -1 0
    outer loop
      vertex 24 -49.85 32.135976127285126
      vertex 24.07422070843493 -49.85 32.09517294753398
      vertex 24.25 -49.85 33.966209504970706
    endloop
  endfacet
  facet normal 0 -1 0
    outer loop
      vertex 23.964173205021 -49.85 32.155672074497986
      vertex 24 -49.85 32.135976127285126
      vertex 24.25 -49.85 33.966209504970706
    endloop
  endfacet
  facet normal 0 -1 0
    outer loop
      vertex 23.964173205021 -49.85 32.155672074497986
      vertex 24.25 -49.85 33.966209504970706
      vertex 23.86257601025131 -49.85 32.22948675722421
    endloop
  endfacet
  facet normal 0 -1 0
    outer loop
      vertex 23.690983005625053 -49.85 32.41221474770752
      vertex 24.25 -49.85 33.966209504970706
      vertex 23.623693319956136 -49.85 32.51824632589829
    endloop
  endfacet
  facet normal 0 -1 0
    outer loop
      vertex 23.690983005625053 -49.85 32.41221474770752
      vertex 23.771031372578587 -49.85 32.31545289407131
      vertex 24.25 -49.85 33.966209504970706
    endloop
  endfacet
  facet normal 0 -1 0
    outer loop
      vertex 23.623693319956136 -49.85 32.51824632589829
      vertex 24.25 -49.85 33.966209504970706
      vertex 23.57022351411175 -49.85 32.63187544731532
    endloop
  endfacet
  facet normal 0 -1 0
    outer loop
      vertex 23.53141683887137 -49.85 32.75131011283514
      vertex 24.25 -49.85 33.966209504970706
      vertex 23.507885298685522 -49.85 32.874666766435695
    endloop
  endfacet
  facet normal 0 -1 0
    outer loop
      vertex 23.507885298685522 -49.85 32.874666766435695
      vertex 24.25 -49.85 33.966209504970706
      vertex 23.5 -49.85 33
    endloop
  endfacet
  facet normal 0 -1 0
    outer loop
      vertex 23.53141683887137 -49.85 32.75131011283514
      vertex 23.57022351411175 -49.85 32.63187544731532
      vertex 24.25 -49.85 33.966209504970706
    endloop
  endfacet
  facet normal 0 -1 0
    outer loop
      vertex 23.5 -49.85 33
      vertex 24.25 -49.85 33.966209504970706
      vertex 23.507885298685522 -49.85 33.125333233564305
    endloop
  endfacet
  facet normal 0 -1 0
    outer loop
      vertex 23.507885298685522 -49.85 33.125333233564305
      vertex 24.25 -49.85 33.966209504970706
      vertex 23.53141683887137 -49.85 33.24868988716486
    endloop
  endfacet
  facet normal 0 -1 0
    outer loop
      vertex 23.53141683887137 -49.85 33.24868988716486
      vertex 24.25 -49.85 33.966209504970706
      vertex 23.57022351411175 -49.85 33.36812455268468
    endloop
  endfacet
  facet normal 0 -1 0
    outer loop
      vertex 23.57022351411175 -49.85 33.36812455268468
      vertex 24.25 -49.85 33.966209504970706
      vertex 23.623693319956136 -49.85 33.48175367410171
    endloop
  endfacet
  facet normal 0 -1 0
    outer loop
      vertex 23.623693319956136 -49.85 33.48175367410171
      vertex 24.25 -49.85 33.966209504970706
      vertex 23.690983005625053 -49.85 33.58778525229248
    endloop
  endfacet
  facet normal 0 -1 0
    outer loop
      vertex 23.690983005625053 -49.85 33.58778525229248
      vertex 24.25 -49.85 33.966209504970706
      vertex 23.771031372578587 -49.85 33.68454710592869
    endloop
  endfacet
  facet normal 0 -1 0
    outer loop
      vertex 23.771031372578587 -49.85 33.68454710592869
      vertex 24.25 -49.85 33.966209504970706
      vertex 23.86257601025131 -49.85 33.77051324277579
    endloop
  endfacet
  facet normal 0 -1 0
    outer loop
      vertex 23.86257601025131 -49.85 33.77051324277579
      vertex 24.25 -49.85 33.966209504970706
      vertex 23.964173205021 -49.85 33.844327925502014
    endloop
  endfacet
  facet normal 0 -1 0
    outer loop
      vertex 23.964173205021 -49.85 33.844327925502014
      vertex 24.25 -49.85 33.966209504970706
      vertex 24 -49.85 33.864023872714874
    endloop
  endfacet
  facet normal 0 -1 0
    outer loop
      vertex 24 -49.85 33.864023872714874
      vertex 24.25 -49.85 33.966209504970706
      vertex 24.07422070843493 -49.85 33.90482705246602
    endloop
  endfacet
  facet normal -0.9510565162951492 0 -0.30901699437496083
    outer loop
      vertex 23.53141683887137 -49.85 32.75131011283514
      vertex 23.53141683887137 49.85 32.75131011283514
      vertex 23.57022351411175 -49.85 32.63187544731532
    endloop
  endfacet
  facet normal -0.9822872507286897 0 -0.18738131458571974
    outer loop
      vertex 23.53141683887137 -49.85 32.75131011283514
      vertex 23.507885298685522 -49.85 32.874666766435695
      vertex 23.507885298685522 49.85 32.874666766435695
    endloop
  endfacet
  facet normal -0.5877852522924615 0 -0.809016994374956
    outer loop
      vertex 23.964173205021 -49.85 32.155672074497986
      vertex 23.86257601025131 -49.85 32.22948675722421
      vertex 23.964173205021 49.85 32.155672074497986
    endloop
  endfacet
  facet normal -0.7705132427757778 0 -0.6374239897487036
    outer loop
      vertex 23.690983005625053 -49.85 32.41221474770752
      vertex 23.690983005625053 49.85 32.41221474770752
      vertex 23.771031372578587 -49.85 32.31545289407131
    endloop
  endfacet
  facet normal -0.6845471059287057 0 -0.7289686274213956
    outer loop
      vertex 23.86257601025131 -49.85 32.22948675722421
      vertex 23.771031372578587 -49.85 32.31545289407131
      vertex 23.86257601025131 49.85 32.22948675722421
    endloop
  endfacet
  facet normal -0.4817536741016931 0 -0.8763066800438759
    outer loop
      vertex 23.964173205021 -49.85 32.155672074497986
      vertex 24 49.85 32.135976127285126
      vertex 24 -49.85 32.135976127285126
    endloop
  endfacet
  facet normal -0.8443279255020282 0 -0.535826794978976
    outer loop
      vertex 23.690983005625053 -49.85 32.41221474770752
      vertex 23.623693319956136 -49.85 32.51824632589829
      vertex 23.623693319956136 49.85 32.51824632589829
    endloop
  endfacet
  facet normal -0.9048270524660189 0 -0.42577929156507394
    outer loop
      vertex 23.623693319956136 -49.85 32.51824632589829
      vertex 23.57022351411175 -49.85 32.63187544731532
      vertex 23.57022351411175 49.85 32.63187544731532
    endloop
  endfacet
  facet normal -0.9980267284282714 0 -0.0627905195293152
    outer loop
      vertex 23.507885298685522 -49.85 32.874666766435695
      vertex 23.5 -49.85 33
      vertex 23.5 49.85 33
    endloop
  endfacet
  facet normal -0.9980267284282714 0 0.0627905195293152
    outer loop
      vertex 23.5 -49.85 33
      vertex 23.507885298685522 -49.85 33.125333233564305
      vertex 23.507885298685522 49.85 33.125333233564305
    endloop
  endfacet
  facet normal -0.9822872507286897 0 0.18738131458571974
    outer loop
      vertex 23.507885298685522 -49.85 33.125333233564305
      vertex 23.53141683887137 -49.85 33.24868988716486
      vertex 23.53141683887137 49.85 33.24868988716486
    endloop
  endfacet
  facet normal -0.9510565162951492 0 0.30901699437496083
    outer loop
      vertex 23.53141683887137 -49.85 33.24868988716486
      vertex 23.57022351411175 -49.85 33.36812455268468
      vertex 23.57022351411175 49.85 33.36812455268468
    endloop
  endfacet
  facet normal -0.9048270524660189 0 0.42577929156507394
    outer loop
      vertex 23.57022351411175 -49.85 33.36812455268468
      vertex 23.623693319956136 -49.85 33.48175367410171
      vertex 23.623693319956136 49.85 33.48175367410171
    endloop
  endfacet
  facet normal -0.8443279255020282 0 0.535826794978976
    outer loop
      vertex 23.623693319956136 -49.85 33.48175367410171
      vertex 23.690983005625053 -49.85 33.58778525229248
      vertex 23.690983005625053 49.85 33.58778525229248
    endloop
  endfacet
  facet normal -0.7705132427757778 0 0.6374239897487036
    outer loop
      vertex 23.690983005625053 -49.85 33.58778525229248
      vertex 23.771031372578587 -49.85 33.68454710592869
      vertex 23.771031372578587 49.85 33.68454710592869
    endloop
  endfacet
  facet normal -0.6845471059287057 0 0.7289686274213956
    outer loop
      vertex 23.771031372578587 -49.85 33.68454710592869
      vertex 23.86257601025131 -49.85 33.77051324277579
      vertex 23.771031372578587 49.85 33.68454710592869
    endloop
  endfacet
  facet normal -0.5877852522924615 0 0.809016994374956
    outer loop
      vertex 23.86257601025131 -49.85 33.77051324277579
      vertex 23.964173205021 -49.85 33.844327925502014
      vertex 23.86257601025131 49.85 33.77051324277579
    endloop
  endfacet
  facet normal -0.4817536741016931 0 0.8763066800438759
    outer loop
      vertex 23.964173205021 -49.85 33.844327925502014
      vertex 24 -49.85 33.864023872714874
      vertex 23.964173205021 49.85 33.844327925502014
    endloop
  endfacet
  facet normal -0.9510565162951492 0 -0.30901699437496083
    outer loop
      vertex 23.57022351411175 -49.85 32.63187544731532
      vertex 23.53141683887137 49.85 32.75131011283514
      vertex 23.57022351411175 49.85 32.63187544731532
    endloop
  endfacet
  facet normal -0.9822872507286897 0 -0.18738131458571974
    outer loop
      vertex 23.53141683887137 -49.85 32.75131011283514
      vertex 23.507885298685522 49.85 32.874666766435695
      vertex 23.53141683887137 49.85 32.75131011283514
    endloop
  endfacet
  facet normal -0.5877852522924615 0 -0.809016994374956
    outer loop
      vertex 23.86257601025131 -49.85 32.22948675722421
      vertex 23.86257601025131 49.85 32.22948675722421
      vertex 23.964173205021 49.85 32.155672074497986
    endloop
  endfacet
  facet normal -0.7705132427757778 0 -0.6374239897487036
    outer loop
      vertex 23.771031372578587 -49.85 32.31545289407131
      vertex 23.690983005625053 49.85 32.41221474770752
      vertex 23.771031372578587 49.85 32.31545289407131
    endloop
  endfacet
  facet normal -0.6845471059287057 0 -0.7289686274213956
    outer loop
      vertex 23.771031372578587 -49.85 32.31545289407131
      vertex 23.771031372578587 49.85 32.31545289407131
      vertex 23.86257601025131 49.85 32.22948675722421
    endloop
  endfacet
  facet normal -0.4817536741016931 0 -0.8763066800438759
    outer loop
      vertex 23.964173205021 -49.85 32.155672074497986
      vertex 23.964173205021 49.85 32.155672074497986
      vertex 24 49.85 32.135976127285126
    endloop
  endfacet
  facet normal -0.8443279255020282 0 -0.535826794978976
    outer loop
      vertex 23.690983005625053 -49.85 32.41221474770752
      vertex 23.623693319956136 49.85 32.51824632589829
      vertex 23.690983005625053 49.85 32.41221474770752
    endloop
  endfacet
  facet normal -0.9048270524660189 0 -0.42577929156507394
    outer loop
      vertex 23.623693319956136 -49.85 32.51824632589829
      vertex 23.57022351411175 49.85 32.63187544731532
      vertex 23.623693319956136 49.85 32.51824632589829
    endloop
  endfacet
  facet normal -0.9980267284282714 0 -0.0627905195293152
    outer loop
      vertex 23.507885298685522 -49.85 32.874666766435695
      vertex 23.5 49.85 33
      vertex 23.507885298685522 49.85 32.874666766435695
    endloop
  endfacet
  facet normal -0.9980267284282714 0 0.0627905195293152
    outer loop
      vertex 23.5 -49.85 33
      vertex 23.507885298685522 49.85 33.125333233564305
      vertex 23.5 49.85 33
    endloop
  endfacet
  facet normal -0.9822872507286897 0 0.18738131458571974
    outer loop
      vertex 23.507885298685522 -49.85 33.125333233564305
      vertex 23.53141683887137 49.85 33.24868988716486
      vertex 23.507885298685522 49.85 33.125333233564305
    endloop
  endfacet
  facet normal -0.9510565162951492 0 0.30901699437496083
    outer loop
      vertex 23.53141683887137 -49.85 33.24868988716486
      vertex 23.57022351411175 49.85 33.36812455268468
      vertex 23.53141683887137 49.85 33.24868988716486
    endloop
  endfacet
  facet normal -0.9048270524660189 0 0.42577929156507394
    outer loop
      vertex 23.57022351411175 -49.85 33.36812455268468
      vertex 23.623693319956136 49.85 33.48175367410171
      vertex 23.57022351411175 49.85 33.36812455268468
    endloop
  endfacet
  facet normal -0.8443279255020282 0 0.535826794978976
    outer loop
      vertex 23.623693319956136 -49.85 33.48175367410171
      vertex 23.690983005625053 49.85 33.58778525229248
      vertex 23.623693319956136 49.85 33.48175367410171
    endloop
  endfacet
  facet normal -0.7705132427757778 0 0.6374239897487036
    outer loop
      vertex 23.690983005625053 -49.85 33.58778525229248
      vertex 23.771031372578587 49.85 33.68454710592869
      vertex 23.690983005625053 49.85 33.58778525229248
    endloop
  endfacet
  facet normal -0.6845471059287057 0 0.7289686274213956
    outer loop
      vertex 23.86257601025131 -49.85 33.77051324277579
      vertex 23.86257601025131 49.85 33.77051324277579
      vertex 23.771031372578587 49.85 33.68454710592869
    endloop
  endfacet
  facet normal -0.5877852522924615 0 0.809016994374956
    outer loop
      vertex 23.964173205021 -49.85 33.844327925502014
      vertex 23.964173205021 49.85 33.844327925502014
      vertex 23.86257601025131 49.85 33.77051324277579
    endloop
  endfacet
  facet normal -0.4817536741016931 0 0.8763066800438759
    outer loop
      vertex 24 -49.85 33.864023872714874
      vertex 24 49.85 33.864023872714874
      vertex 23.964173205021 49.85 33.844327925502014
    endloop
  endfacet
  facet normal 0 1 0
    outer loop
      vertex 23.86257601025131 49.85 32.22948675722421
      vertex 23.771031372578587 49.85 32.31545289407131
      vertex 24.25 49.85 32.033790495029294
    endloop
  endfacet
  facet normal 0 1 0
    outer loop
      vertex 24.25 49.85 32.033790495029294
      vertex 23.690983005625053 49.85 32.41221474770752
      vertex 23.623693319956136 49.85 32.51824632589829
    endloop
  endfacet
  facet normal 0 1 0
    outer loop
      vertex 24.25 49.85 32.033790495029294
      vertex 23.771031372578587 49.85 32.31545289407131
      vertex 23.690983005625053 49.85 32.41221474770752
    endloop
  endfacet
  facet normal 0 1 0
    outer loop
      vertex 24.25 49.85 32.033790495029294
      vertex 23.623693319956136 49.85 32.51824632589829
      vertex 23.57022351411175 49.85 32.63187544731532
    endloop
  endfacet
  facet normal 0 1 0
    outer loop
      vertex 24 49.85 32.135976127285126
      vertex 24.25 49.85 32.033790495029294
      vertex 24.07422070843493 49.85 32.09517294753398
    endloop
  endfacet
  facet normal 0 1 0
    outer loop
      vertex 23.964173205021 49.85 32.155672074497986
      vertex 23.86257601025131 49.85 32.22948675722421
      vertex 24.25 49.85 32.033790495029294
    endloop
  endfacet
  facet normal 0 1 0
    outer loop
      vertex 23.964173205021 49.85 32.155672074497986
      vertex 24.25 49.85 32.033790495029294
      vertex 24 49.85 32.135976127285126
    endloop
  endfacet
  facet normal 0 1 0
    outer loop
      vertex 24.25 49.85 32.033790495029294
      vertex 23.53141683887137 49.85 32.75131011283514
      vertex 23.507885298685522 49.85 32.874666766435695
    endloop
  endfacet
  facet normal 0 1 0
    outer loop
      vertex 24.25 49.85 32.033790495029294
      vertex 23.507885298685522 49.85 32.874666766435695
      vertex 23.5 49.85 33
    endloop
  endfacet
  facet normal 0 1 0
    outer loop
      vertex 24.25 49.85 32.033790495029294
      vertex 23.57022351411175 49.85 32.63187544731532
      vertex 23.53141683887137 49.85 32.75131011283514
    endloop
  endfacet
  facet normal 0 1 0
    outer loop
      vertex 24.25 49.85 32.033790495029294
      vertex 23.5 49.85 33
      vertex 23.507885298685522 49.85 33.125333233564305
    endloop
  endfacet
  facet normal 0 1 0
    outer loop
      vertex 24.25 49.85 32.033790495029294
      vertex 23.507885298685522 49.85 33.125333233564305
      vertex 23.53141683887137 49.85 33.24868988716486
    endloop
  endfacet
  facet normal 0 1 0
    outer loop
      vertex 24.25 49.85 32.033790495029294
      vertex 23.53141683887137 49.85 33.24868988716486
      vertex 23.57022351411175 49.85 33.36812455268468
    endloop
  endfacet
  facet normal 0 1 0
    outer loop
      vertex 24.25 49.85 32.033790495029294
      vertex 23.57022351411175 49.85 33.36812455268468
      vertex 23.623693319956136 49.85 33.48175367410171
    endloop
  endfacet
  facet normal 0 1 0
    outer loop
      vertex 24.25 49.85 32.033790495029294
      vertex 23.623693319956136 49.85 33.48175367410171
      vertex 23.690983005625053 49.85 33.58778525229248
    endloop
  endfacet
  facet normal 0 1 0
    outer loop
      vertex 24.25 49.85 32.033790495029294
      vertex 23.690983005625053 49.85 33.58778525229248
      vertex 23.771031372578587 49.85 33.68454710592869
    endloop
  endfacet
  facet normal 0 1 0
    outer loop
      vertex 24.25 49.85 32.033790495029294
      vertex 23.771031372578587 49.85 33.68454710592869
      vertex 23.86257601025131 49.85 33.77051324277579
    endloop
  endfacet
  facet normal 0 1 0
    outer loop
      vertex 24.25 49.85 32.033790495029294
      vertex 23.86257601025131 49.85 33.77051324277579
      vertex 23.964173205021 49.85 33.844327925502014
    endloop
  endfacet
  facet normal 0 1 0
    outer loop
      vertex 24.25 49.85 32.033790495029294
      vertex 23.964173205021 49.85 33.844327925502014
      vertex 24 49.85 33.864023872714874
    endloop
  endfacet
  facet normal 0 1 0
    outer loop
      vertex 24.25 49.85 32.033790495029294
      vertex 24 49.85 33.864023872714874
      vertex 24.07422070843493 49.85 33.90482705246602
    endloop
  endfacet
  facet normal 0 -1 0
    outer loop
      vertex -24.25 -49.85 32.033790495029294
      vertex -24.07422070843493 -49.85 32.09517294753398
      vertex -24 -49.85 32.135976127285126
    endloop
  endfacet
  facet normal 0 -1 0
    outer loop
      vertex -24.25 -49.85 32.033790495029294
      vertex -24 -49.85 32.135976127285126
      vertex -23.964173205021 -49.85 32.155672074497986
    endloop
  endfacet
  facet normal 0 -1 0
    outer loop
      vertex -24.25 -49.85 32.033790495029294
      vertex -23.964173205021 -49.85 32.155672074497986
      vertex -23.86257601025131 -49.85 32.22948675722421
    endloop
  endfacet
  facet normal 0 -1 0
    outer loop
      vertex -24.25 -49.85 32.033790495029294
      vertex -23.86257601025131 -49.85 32.22948675722421
      vertex -23.771031372578587 -49.85 32.31545289407131
    endloop
  endfacet
  facet normal 0 -1 0
    outer loop
      vertex -24.25 -49.85 32.033790495029294
      vertex -23.771031372578587 -49.85 32.31545289407131
      vertex -23.690983005625053 -49.85 32.41221474770752
    endloop
  endfacet
  facet normal 0 -1 0
    outer loop
      vertex -24.25 -49.85 32.033790495029294
      vertex -23.690983005625053 -49.85 32.41221474770752
      vertex -23.623693319956136 -49.85 32.51824632589829
    endloop
  endfacet
  facet normal 0 -1 0
    outer loop
      vertex -24.25 -49.85 32.033790495029294
      vertex -23.623693319956136 -49.85 32.51824632589829
      vertex -23.57022351411175 -49.85 32.63187544731532
    endloop
  endfacet
  facet normal 0 -1 0
    outer loop
      vertex -24.25 -49.85 32.033790495029294
      vertex -23.57022351411175 -49.85 32.63187544731532
      vertex -23.53141683887137 -49.85 32.75131011283514
    endloop
  endfacet
  facet normal 0 -1 0
    outer loop
      vertex -24.25 -49.85 32.033790495029294
      vertex -23.53141683887137 -49.85 32.75131011283514
      vertex -23.507885298685522 -49.85 32.874666766435695
    endloop
  endfacet
  facet normal 0 -1 0
    outer loop
      vertex -24.25 -49.85 32.033790495029294
      vertex -23.507885298685522 -49.85 32.874666766435695
      vertex -23.5 -49.85 33
    endloop
  endfacet
  facet normal 0 -1 0
    outer loop
      vertex -24.25 -49.85 32.033790495029294
      vertex -23.5 -49.85 33
      vertex -23.507885298685522 -49.85 33.125333233564305
    endloop
  endfacet
  facet normal 0 -1 0
    outer loop
      vertex -24.25 -49.85 32.033790495029294
      vertex -23.507885298685522 -49.85 33.125333233564305
      vertex -23.53141683887137 -49.85 33.24868988716486
    endloop
  endfacet
  facet normal 0 -1 0
    outer loop
      vertex -24.25 -49.85 32.033790495029294
      vertex -23.964173205021005 -49.85 33.844327925502014
      vertex -24 -49.85 33.864023872714874
    endloop
  endfacet
  facet normal 0 -1 0
    outer loop
      vertex -24.25 -49.85 32.033790495029294
      vertex -24 -49.85 33.864023872714874
      vertex -24.07422070843493 -49.85 33.90482705246602
    endloop
  endfacet
  facet normal 0 -1 0
    outer loop
      vertex -24.25 -49.85 32.033790495029294
      vertex -23.86257601025131 -49.85 33.77051324277579
      vertex -23.964173205021005 -49.85 33.844327925502014
    endloop
  endfacet
  facet normal 0 -1 0
    outer loop
      vertex -24.25 -49.85 32.033790495029294
      vertex -23.53141683887137 -49.85 33.24868988716486
      vertex -23.57022351411175 -49.85 33.36812455268468
    endloop
  endfacet
  facet normal 0 -1 0
    outer loop
      vertex -24.25 -49.85 32.033790495029294
      vertex -23.57022351411175 -49.85 33.36812455268468
      vertex -23.623693319956136 -49.85 33.48175367410171
    endloop
  endfacet
  facet normal 0 -1 0
    outer loop
      vertex -24.25 -49.85 32.033790495029294
      vertex -23.623693319956136 -49.85 33.48175367410171
      vertex -23.690983005625053 -49.85 33.58778525229248
    endloop
  endfacet
  facet normal 0 -1 0
    outer loop
      vertex -24.25 -49.85 32.033790495029294
      vertex -23.690983005625053 -49.85 33.58778525229248
      vertex -23.771031372578587 -49.85 33.68454710592869
    endloop
  endfacet
  facet normal 0 -1 0
    outer loop
      vertex -24.25 -49.85 32.033790495029294
      vertex -23.771031372578587 -49.85 33.68454710592869
      vertex -23.86257601025131 -49.85 33.77051324277579
    endloop
  endfacet
  facet normal 0.4817536741016931 0 -0.8763066800438759
    outer loop
      vertex -24 -49.85 32.135976127285126
      vertex -23.964173205021 49.85 32.155672074497986
      vertex -23.964173205021 -49.85 32.155672074497986
    endloop
  endfacet
  facet normal 0.5877852522924615 0 -0.809016994374956
    outer loop
      vertex -23.964173205021 -49.85 32.155672074497986
      vertex -23.86257601025131 49.85 32.22948675722421
      vertex -23.86257601025131 -49.85 32.22948675722421
    endloop
  endfacet
  facet normal 0.6845471059287057 0 -0.7289686274213956
    outer loop
      vertex -23.86257601025131 -49.85 32.22948675722421
      vertex -23.771031372578587 49.85 32.31545289407131
      vertex -23.771031372578587 -49.85 32.31545289407131
    endloop
  endfacet
  facet normal 0.7705132427757778 0 -0.6374239897487036
    outer loop
      vertex -23.771031372578587 -49.85 32.31545289407131
      vertex -23.771031372578587 49.85 32.31545289407131
      vertex -23.690983005625053 -49.85 32.41221474770752
    endloop
  endfacet
  facet normal 0.8443279255020282 0 -0.535826794978976
    outer loop
      vertex -23.690983005625053 -49.85 32.41221474770752
      vertex -23.690983005625053 49.85 32.41221474770752
      vertex -23.623693319956136 -49.85 32.51824632589829
    endloop
  endfacet
  facet normal 0.9048270524660189 0 -0.42577929156507394
    outer loop
      vertex -23.623693319956136 -49.85 32.51824632589829
      vertex -23.623693319956136 49.85 32.51824632589829
      vertex -23.57022351411175 -49.85 32.63187544731532
    endloop
  endfacet
  facet normal 0.9510565162951492 0 -0.30901699437496083
    outer loop
      vertex -23.57022351411175 -49.85 32.63187544731532
      vertex -23.57022351411175 49.85 32.63187544731532
      vertex -23.53141683887137 -49.85 32.75131011283514
    endloop
  endfacet
  facet normal 0.9822872507286897 0 -0.18738131458571974
    outer loop
      vertex -23.53141683887137 -49.85 32.75131011283514
      vertex -23.53141683887137 49.85 32.75131011283514
      vertex -23.507885298685522 -49.85 32.874666766435695
    endloop
  endfacet
  facet normal 0.9048270524660189 0 0.42577929156507394
    outer loop
      vertex -23.57022351411175 -49.85 33.36812455268468
      vertex -23.57022351411175 49.85 33.36812455268468
      vertex -23.623693319956136 -49.85 33.48175367410171
    endloop
  endfacet
  facet normal 0.8443279255020282 0 0.535826794978976
    outer loop
      vertex -23.623693319956136 -49.85 33.48175367410171
      vertex -23.623693319956136 49.85 33.48175367410171
      vertex -23.690983005625053 -49.85 33.58778525229248
    endloop
  endfacet
  facet normal 0.7705132427757778 0 0.6374239897487036
    outer loop
      vertex -23.771031372578587 -49.85 33.68454710592869
      vertex -23.690983005625053 -49.85 33.58778525229248
      vertex -23.690983005625053 49.85 33.58778525229248
    endloop
  endfacet
  facet normal 0.9980267284282714 0 -0.0627905195293152
    outer loop
      vertex -23.507885298685522 -49.85 32.874666766435695
      vertex -23.507885298685522 49.85 32.874666766435695
      vertex -23.5 -49.85 33
    endloop
  endfacet
  facet normal 0.9980267284282714 0 0.0627905195293152
    outer loop
      vertex -23.5 -49.85 33
      vertex -23.5 49.85 33
      vertex -23.507885298685522 -49.85 33.125333233564305
    endloop
  endfacet
  facet normal 0.9822872507286897 0 0.18738131458571974
    outer loop
      vertex -23.507885298685522 -49.85 33.125333233564305
      vertex -23.507885298685522 49.85 33.125333233564305
      vertex -23.53141683887137 -49.85 33.24868988716486
    endloop
  endfacet
  facet normal 0.9510565162951492 0 0.30901699437496083
    outer loop
      vertex -23.53141683887137 -49.85 33.24868988716486
      vertex -23.53141683887137 49.85 33.24868988716486
      vertex -23.57022351411175 -49.85 33.36812455268468
    endloop
  endfacet
  facet normal 0.4817536741017298 0 0.8763066800438558
    outer loop
      vertex -24 -49.85 33.864023872714874
      vertex -23.964173205021005 -49.85 33.844327925502014
      vertex -24 49.85 33.864023872714874
    endloop
  endfacet
  facet normal 0.587785252292448 0 0.8090169943749658
    outer loop
      vertex -23.86257601025131 -49.85 33.77051324277579
      vertex -23.964173205021005 49.85 33.844327925502014
      vertex -23.964173205021005 -49.85 33.844327925502014
    endloop
  endfacet
  facet normal 0.6845471059287057 0 0.7289686274213956
    outer loop
      vertex -23.771031372578587 -49.85 33.68454710592869
      vertex -23.86257601025131 49.85 33.77051324277579
      vertex -23.86257601025131 -49.85 33.77051324277579
    endloop
  endfacet
  facet normal 0.4817536741016931 0 -0.8763066800438759
    outer loop
      vertex -24 -49.85 32.135976127285126
      vertex -24 49.85 32.135976127285126
      vertex -23.964173205021 49.85 32.155672074497986
    endloop
  endfacet
  facet normal 0.5877852522924615 0 -0.809016994374956
    outer loop
      vertex -23.964173205021 -49.85 32.155672074497986
      vertex -23.964173205021 49.85 32.155672074497986
      vertex -23.86257601025131 49.85 32.22948675722421
    endloop
  endfacet
  facet normal 0.6845471059287057 0 -0.7289686274213956
    outer loop
      vertex -23.86257601025131 -49.85 32.22948675722421
      vertex -23.86257601025131 49.85 32.22948675722421
      vertex -23.771031372578587 49.85 32.31545289407131
    endloop
  endfacet
  facet normal 0.7705132427757778 0 -0.6374239897487036
    outer loop
      vertex -23.690983005625053 -49.85 32.41221474770752
      vertex -23.771031372578587 49.85 32.31545289407131
      vertex -23.690983005625053 49.85 32.41221474770752
    endloop
  endfacet
  facet normal 0.8443279255020282 0 -0.535826794978976
    outer loop
      vertex -23.623693319956136 -49.85 32.51824632589829
      vertex -23.690983005625053 49.85 32.41221474770752
      vertex -23.623693319956136 49.85 32.51824632589829
    endloop
  endfacet
  facet normal 0.9048270524660189 0 -0.42577929156507394
    outer loop
      vertex -23.57022351411175 -49.85 32.63187544731532
      vertex -23.623693319956136 49.85 32.51824632589829
      vertex -23.57022351411175 49.85 32.63187544731532
    endloop
  endfacet
  facet normal 0.9510565162951492 0 -0.30901699437496083
    outer loop
      vertex -23.53141683887137 -49.85 32.75131011283514
      vertex -23.57022351411175 49.85 32.63187544731532
      vertex -23.53141683887137 49.85 32.75131011283514
    endloop
  endfacet
  facet normal 0.9822872507286897 0 -0.18738131458571974
    outer loop
      vertex -23.507885298685522 -49.85 32.874666766435695
      vertex -23.53141683887137 49.85 32.75131011283514
      vertex -23.507885298685522 49.85 32.874666766435695
    endloop
  endfacet
  facet normal 0.9048270524660189 0 0.42577929156507394
    outer loop
      vertex -23.623693319956136 -49.85 33.48175367410171
      vertex -23.57022351411175 49.85 33.36812455268468
      vertex -23.623693319956136 49.85 33.48175367410171
    endloop
  endfacet
  facet normal 0.6845471059287057 0 0.7289686274213956
    outer loop
      vertex -23.771031372578587 -49.85 33.68454710592869
      vertex -23.771031372578587 49.85 33.68454710592869
      vertex -23.86257601025131 49.85 33.77051324277579
    endloop
  endfacet
  facet normal 0.8443279255020282 0 0.535826794978976
    outer loop
      vertex -23.690983005625053 -49.85 33.58778525229248
      vertex -23.623693319956136 49.85 33.48175367410171
      vertex -23.690983005625053 49.85 33.58778525229248
    endloop
  endfacet
  facet normal 0.7705132427757778 0 0.6374239897487036
    outer loop
      vertex -23.771031372578587 -49.85 33.68454710592869
      vertex -23.690983005625053 49.85 33.58778525229248
      vertex -23.771031372578587 49.85 33.68454710592869
    endloop
  endfacet
  facet normal 0.9980267284282714 0 -0.0627905195293152
    outer loop
      vertex -23.5 -49.85 33
      vertex -23.507885298685522 49.85 32.874666766435695
      vertex -23.5 49.85 33
    endloop
  endfacet
  facet normal 0.9980267284282714 0 0.0627905195293152
    outer loop
      vertex -23.507885298685522 -49.85 33.125333233564305
      vertex -23.5 49.85 33
      vertex -23.507885298685522 49.85 33.125333233564305
    endloop
  endfacet
  facet normal 0.9822872507286897 0 0.18738131458571974
    outer loop
      vertex -23.53141683887137 -49.85 33.24868988716486
      vertex -23.507885298685522 49.85 33.125333233564305
      vertex -23.53141683887137 49.85 33.24868988716486
    endloop
  endfacet
  facet normal 0.9510565162951492 0 0.30901699437496083
    outer loop
      vertex -23.57022351411175 -49.85 33.36812455268468
      vertex -23.53141683887137 49.85 33.24868988716486
      vertex -23.57022351411175 49.85 33.36812455268468
    endloop
  endfacet
  facet normal 0.4817536741017298 0 0.8763066800438558
    outer loop
      vertex -23.964173205021005 -49.85 33.844327925502014
      vertex -23.964173205021005 49.85 33.844327925502014
      vertex -24 49.85 33.864023872714874
    endloop
  endfacet
  facet normal 0.587785252292448 0 0.8090169943749658
    outer loop
      vertex -23.86257601025131 -49.85 33.77051324277579
      vertex -23.86257601025131 49.85 33.77051324277579
      vertex -23.964173205021005 49.85 33.844327925502014
    endloop
  endfacet
  facet normal 0 1 0
    outer loop
      vertex -24.07422070843493 49.85 32.09517294753398
      vertex -24.25 49.85 33.966209504970706
      vertex -24 49.85 32.135976127285126
    endloop
  endfacet
  facet normal 0 1 0
    outer loop
      vertex -24 49.85 32.135976127285126
      vertex -24.25 49.85 33.966209504970706
      vertex -23.964173205021 49.85 32.155672074497986
    endloop
  endfacet
  facet normal 0 1 0
    outer loop
      vertex -23.964173205021 49.85 32.155672074497986
      vertex -24.25 49.85 33.966209504970706
      vertex -23.86257601025131 49.85 32.22948675722421
    endloop
  endfacet
  facet normal 0 1 0
    outer loop
      vertex -23.86257601025131 49.85 32.22948675722421
      vertex -24.25 49.85 33.966209504970706
      vertex -23.771031372578587 49.85 32.31545289407131
    endloop
  endfacet
  facet normal 0 1 0
    outer loop
      vertex -23.771031372578587 49.85 32.31545289407131
      vertex -24.25 49.85 33.966209504970706
      vertex -23.690983005625053 49.85 32.41221474770752
    endloop
  endfacet
  facet normal 0 1 0
    outer loop
      vertex -23.690983005625053 49.85 32.41221474770752
      vertex -24.25 49.85 33.966209504970706
      vertex -23.623693319956136 49.85 32.51824632589829
    endloop
  endfacet
  facet normal 0 1 0
    outer loop
      vertex -23.623693319956136 49.85 32.51824632589829
      vertex -24.25 49.85 33.966209504970706
      vertex -23.57022351411175 49.85 32.63187544731532
    endloop
  endfacet
  facet normal 0 1 0
    outer loop
      vertex -23.57022351411175 49.85 32.63187544731532
      vertex -24.25 49.85 33.966209504970706
      vertex -23.53141683887137 49.85 32.75131011283514
    endloop
  endfacet
  facet normal 0 1 0
    outer loop
      vertex -23.53141683887137 49.85 32.75131011283514
      vertex -24.25 49.85 33.966209504970706
      vertex -23.507885298685522 49.85 32.874666766435695
    endloop
  endfacet
  facet normal 0 1 0
    outer loop
      vertex -23.507885298685522 49.85 32.874666766435695
      vertex -24.25 49.85 33.966209504970706
      vertex -23.5 49.85 33
    endloop
  endfacet
  facet normal 0 1 0
    outer loop
      vertex -23.5 49.85 33
      vertex -24.25 49.85 33.966209504970706
      vertex -23.507885298685522 49.85 33.125333233564305
    endloop
  endfacet
  facet normal 0 1 0
    outer loop
      vertex -23.507885298685522 49.85 33.125333233564305
      vertex -24.25 49.85 33.966209504970706
      vertex -23.53141683887137 49.85 33.24868988716486
    endloop
  endfacet
  facet normal 0 1 0
    outer loop
      vertex -23.53141683887137 49.85 33.24868988716486
      vertex -24.25 49.85 33.966209504970706
      vertex -23.57022351411175 49.85 33.36812455268468
    endloop
  endfacet
  facet normal 0 1 0
    outer loop
      vertex -23.57022351411175 49.85 33.36812455268468
      vertex -24.25 49.85 33.966209504970706
      vertex -23.623693319956136 49.85 33.48175367410171
    endloop
  endfacet
  facet normal 0 1 0
    outer loop
      vertex -23.623693319956136 49.85 33.48175367410171
      vertex -24.25 49.85 33.966209504970706
      vertex -23.690983005625053 49.85 33.58778525229248
    endloop
  endfacet
  facet normal 0 1 0
    outer loop
      vertex -24 49.85 33.864023872714874
      vertex -23.964173205021005 49.85 33.844327925502014
      vertex -24.25 49.85 33.966209504970706
    endloop
  endfacet
  facet normal 0 1 0
    outer loop
      vertex -24 49.85 33.864023872714874
      vertex -24.25 49.85 33.966209504970706
      vertex -24.07422070843493 49.85 33.90482705246602
    endloop
  endfacet
  facet normal 0 1 0
    outer loop
      vertex -23.86257601025131 49.85 33.77051324277579
      vertex -24.25 49.85 33.966209504970706
      vertex -23.964173205021005 49.85 33.844327925502014
    endloop
  endfacet
  facet normal 0 1 0
    outer loop
      vertex -23.771031372578587 49.85 33.68454710592869
      vertex -23.690983005625053 49.85 33.58778525229248
      vertex -24.25 49.85 33.966209504970706
    endloop
  endfacet
  facet normal 0 1 0
    outer loop
      vertex -23.771031372578587 49.85 33.68454710592869
      vertex -24.25 49.85 33.966209504970706
      vertex -23.86257601025131 49.85 33.77051324277579
    endloop
  endfacet
  facet normal 1 0 0
    outer loop
      vertex -10 -30.5 51.8
      vertex -10 -29.5 52
      vertex -10 -30.5 52
    endloop
  endfacet
  facet normal 1 0 0
    outer loop
      vertex -10 -30.5 51.8
      vertex -10 -29.5 51.8
      vertex -10 -29.5 52
    endloop
  endfacet
  facet normal 0 1 0
    outer loop
      vertex -10 -30.5 51.8
      vertex -10 -30.5 52
      vertex -3.85 -30.5 52
    endloop
  endfacet
  facet normal 0 0 1
    outer loop
      vertex -10 -30.5 51.8
      vertex -3.85 -30.5 51.8
      vertex -10 -29.5 51.8
    endloop
  endfacet
  facet normal 0 -1 0
    outer loop
      vertex -10 -29.5 51.8
      vertex -3.85 -29.5 51.8
      vertex -10 -29.5 52
    endloop
  endfacet
  facet normal 0 1 0
    outer loop
      vertex -10 -30.5 51.8
      vertex -3.85 -30.5 52
      vertex -3.85 -30.5 51.8
    endloop
  endfacet
  facet normal 0 0 1
    outer loop
      vertex -10 -29.5 51.8
      vertex -3.85 -30.5 51.8
      vertex -3.85 -29.5 51.8
    endloop
  endfacet
  facet normal 0 -1 0
    outer loop
      vertex -10 -29.5 52
      vertex -3.85 -29.5 51.8
      vertex -3.85 -29.5 52
    endloop
  endfacet
  facet normal 0 1 0
    outer loop
      vertex 3.85 -30.5 51.8
      vertex 3.85 -30.5 52
      vertex 10 -30.5 52
    endloop
  endfacet
  facet normal 0 0 1
    outer loop
      vertex 3.85 -30.5 51.8
      vertex 10 -30.5 51.8
      vertex 3.85 -29.5 51.8
    endloop
  endfacet
  facet normal 0 -1 0
    outer loop
      vertex 3.85 -29.5 51.8
      vertex 10 -29.5 51.8
      vertex 3.85 -29.5 52
    endloop
  endfacet
  facet normal 0 1 0
    outer loop
      vertex 3.85 -30.5 51.8
      vertex 10 -30.5 52
      vertex 10 -30.5 51.8
    endloop
  endfacet
  facet normal 0 0 1
    outer loop
      vertex 3.85 -29.5 51.8
      vertex 10 -30.5 51.8
      vertex 10 -29.5 51.8
    endloop
  endfacet
  facet normal 0 -1 0
    outer loop
      vertex 3.85 -29.5 52
      vertex 10 -29.5 51.8
      vertex 10 -29.5 52
    endloop
  endfacet
  facet normal -1 0 0
    outer loop
      vertex 10 -30.5 51.8
      vertex 10 -30.5 52
      vertex 10 -29.5 51.8
    endloop
  endfacet
  facet normal -1 0 0
    outer loop
      vertex 10 -30.5 52
      vertex 10 -29.5 52
      vertex 10 -29.5 51.8
    endloop
  endfacet
  facet normal 1 0 0
    outer loop
      vertex -10 -20.5 51.8
      vertex -10 -19.5 51.8
      vertex -10 -19.5 52
    endloop
  endfacet
  facet normal 1 0 0
    outer loop
      vertex -10 -20.5 51.8
      vertex -10 -19.5 52
      vertex -10 -20.5 52
    endloop
  endfacet
  facet normal 0 1 0
    outer loop
      vertex -10 -20.5 51.8
      vertex -10 -20.5 52
      vertex -3.85 -20.5 52
    endloop
  endfacet
  facet normal 0 0 1
    outer loop
      vertex -10 -20.5 51.8
      vertex -3.85 -20.5 51.8
      vertex -10 -19.5 51.8
    endloop
  endfacet
  facet normal 0 -1 0
    outer loop
      vertex -10 -19.5 51.8
      vertex -3.85 -19.5 51.8
      vertex -10 -19.5 52
    endloop
  endfacet
  facet normal 0 1 0
    outer loop
      vertex -10 -20.5 51.8
      vertex -3.85 -20.5 52
      vertex -3.85 -20.5 51.8
    endloop
  endfacet
  facet normal 0 0 1
    outer loop
      vertex -10 -19.5 51.8
      vertex -3.85 -20.5 51.8
      vertex -3.85 -19.5 51.8
    endloop
  endfacet
  facet normal 0 -1 0
    outer loop
      vertex -10 -19.5 52
      vertex -3.85 -19.5 51.8
      vertex -3.85 -19.5 52
    endloop
  endfacet
  facet normal 0 1 0
    outer loop
      vertex 3.85 -20.5 51.8
      vertex 3.85 -20.5 52
      vertex 10 -20.5 52
    endloop
  endfacet
  facet normal 0 0 1
    outer loop
      vertex 3.85 -20.5 51.8
      vertex 10 -20.5 51.8
      vertex 3.85 -19.5 51.8
    endloop
  endfacet
  facet normal 0 -1 0
    outer loop
      vertex 3.85 -19.5 51.8
      vertex 10 -19.5 51.8
      vertex 3.85 -19.5 52
    endloop
  endfacet
  facet normal 0 1 0
    outer loop
      vertex 3.85 -20.5 51.8
      vertex 10 -20.5 52
      vertex 10 -20.5 51.8
    endloop
  endfacet
  facet normal 0 0 1
    outer loop
      vertex 3.85 -19.5 51.8
      vertex 10 -20.5 51.8
      vertex 10 -19.5 51.8
    endloop
  endfacet
  facet normal 0 -1 0
    outer loop
      vertex 3.85 -19.5 52
      vertex 10 -19.5 51.8
      vertex 10 -19.5 52
    endloop
  endfacet
  facet normal -1 0 0
    outer loop
      vertex 10 -20.5 51.8
      vertex 10 -20.5 52
      vertex 10 -19.5 51.8
    endloop
  endfacet
  facet normal -1 0 0
    outer loop
      vertex 10 -20.5 52
      vertex 10 -19.5 52
      vertex 10 -19.5 51.8
    endloop
  endfacet
  facet normal 1 0 0
    outer loop
      vertex -10 -10.5 51.8
      vertex -10 -9.5 52
      vertex -10 -10.5 52
    endloop
  endfacet
  facet normal 1 0 0
    outer loop
      vertex -10 -10.5 51.8
      vertex -10 -9.5 51.8
      vertex -10 -9.5 52
    endloop
  endfacet
  facet normal 0 0 1
    outer loop
      vertex -10 -10.5 51.8
      vertex -3.85 -10.5 51.8
      vertex -10 -9.5 51.8
    endloop
  endfacet
  facet normal 0 1 0
    outer loop
      vertex -10 -10.5 51.8
      vertex -10 -10.5 52
      vertex -3.85 -10.5 52
    endloop
  endfacet
  facet normal 0 -1 0
    outer loop
      vertex -10 -9.5 51.8
      vertex -3.85 -9.5 51.8
      vertex -10 -9.5 52
    endloop
  endfacet
  facet normal 0 1 0
    outer loop
      vertex -10 -10.5 51.8
      vertex -3.85 -10.5 52
      vertex -3.85 -10.5 51.8
    endloop
  endfacet
  facet normal 0 0 1
    outer loop
      vertex -10 -9.5 51.8
      vertex -3.85 -10.5 51.8
      vertex -3.85 -9.5 51.8
    endloop
  endfacet
  facet normal 0 -1 0
    outer loop
      vertex -10 -9.5 52
      vertex -3.85 -9.5 51.8
      vertex -3.85 -9.5 52
    endloop
  endfacet
  facet normal 0 0 1
    outer loop
      vertex 3.85 -10.5 51.8
      vertex 10 -10.5 51.8
      vertex 3.85 -9.5 51.8
    endloop
  endfacet
  facet normal 0 1 0
    outer loop
      vertex 3.85 -10.5 51.8
      vertex 3.85 -10.5 52
      vertex 10 -10.5 52
    endloop
  endfacet
  facet normal 0 -1 0
    outer loop
      vertex 3.85 -9.5 51.8
      vertex 10 -9.5 51.8
      vertex 3.85 -9.5 52
    endloop
  endfacet
  facet normal 0 1 0
    outer loop
      vertex 3.85 -10.5 51.8
      vertex 10 -10.5 52
      vertex 10 -10.5 51.8
    endloop
  endfacet
  facet normal 0 0 1
    outer loop
      vertex 3.85 -9.5 51.8
      vertex 10 -10.5 51.8
      vertex 10 -9.5 51.8
    endloop
  endfacet
  facet normal 0 -1 0
    outer loop
      vertex 3.85 -9.5 52
      vertex 10 -9.5 51.8
      vertex 10 -9.5 52
    endloop
  endfacet
  facet normal -1 0 0
    outer loop
      vertex 10 -10.5 51.8
      vertex 10 -10.5 52
      vertex 10 -9.5 51.8
    endloop
  endfacet
  facet normal -1 0 0
    outer loop
      vertex 10 -10.5 52
      vertex 10 -9.5 52
      vertex 10 -9.5 51.8
    endloop
  endfacet
  facet normal 1 0 0
    outer loop
      vertex -10 -0.5 51.8
      vertex -10 0.5 52
      vertex -10 -0.5 52
    endloop
  endfacet
  facet normal 0 0 1
    outer loop
      vertex -10 -0.5 51.8
      vertex -3.85 -0.5 51.8
      vertex -10 0.5 51.8
    endloop
  endfacet
  facet normal 0 1 0
    outer loop
      vertex -10 -0.5 51.8
      vertex -10 -0.5 52
      vertex -3.85 -0.5 52
    endloop
  endfacet
  facet normal 0 1 0
    outer loop
      vertex -10 -0.5 51.8
      vertex -3.85 -0.5 52
      vertex -3.85 -0.5 51.8
    endloop
  endfacet
  facet normal 1 0 0
    outer loop
      vertex -10 -0.5 51.8
      vertex -10 0.5 51.8
      vertex -10 0.5 52
    endloop
  endfacet
  facet normal 0 -1 0
    outer loop
      vertex -10 0.5 51.8
      vertex -3.85 0.5 51.8
      vertex -10 0.5 52
    endloop
  endfacet
  facet normal 0 0 1
    outer loop
      vertex -3.85 -0.5 51.8
      vertex -3.85 0.5 51.8
      vertex -10 0.5 51.8
    endloop
  endfacet
  facet normal 0 -1 0
    outer loop
      vertex -10 0.5 52
      vertex -3.85 0.5 51.8
      vertex -3.85 0.5 52
    endloop
  endfacet
  facet normal 0 0 1
    outer loop
      vertex 3.85 -0.5 51.8
      vertex 10 -0.5 51.8
      vertex 3.85 0.5 51.8
    endloop
  endfacet
  facet normal 0 1 0
    outer loop
      vertex 3.85 -0.5 51.8
      vertex 3.85 -0.5 52
      vertex 10 -0.5 52
    endloop
  endfacet
  facet normal 0 1 0
    outer loop
      vertex 3.85 -0.5 51.8
      vertex 10 -0.5 52
      vertex 10 -0.5 51.8
    endloop
  endfacet
  facet normal -1 0 0
    outer loop
      vertex 10 -0.5 51.8
      vertex 10 -0.5 52
      vertex 10 0.5 51.8
    endloop
  endfacet
  facet normal 0 -1 0
    outer loop
      vertex 3.85 0.5 51.8
      vertex 10 0.5 51.8
      vertex 3.85 0.5 52
    endloop
  endfacet
  facet normal 0 0 1
    outer loop
      vertex 10 -0.5 51.8
      vertex 10 0.5 51.8
      vertex 3.85 0.5 51.8
    endloop
  endfacet
  facet normal 0 -1 0
    outer loop
      vertex 3.85 0.5 52
      vertex 10 0.5 51.8
      vertex 10 0.5 52
    endloop
  endfacet
  facet normal -1 0 0
    outer loop
      vertex 10 -0.5 52
      vertex 10 0.5 52
      vertex 10 0.5 51.8
    endloop
  endfacet
  facet normal 1 0 0
    outer loop
      vertex -10 9.5 51.8
      vertex -10 10.5 52
      vertex -10 9.5 52
    endloop
  endfacet
  facet normal 1 0 0
    outer loop
      vertex -10 9.5 51.8
      vertex -10 10.5 51.8
      vertex -10 10.5 52
    endloop
  endfacet
  facet normal 0 0 1
    outer loop
      vertex -10 9.5 51.8
      vertex -3.85 9.5 51.8
      vertex -10 10.5 51.8
    endloop
  endfacet
  facet normal 0 1 0
    outer loop
      vertex -10 9.5 51.8
      vertex -10 9.5 52
      vertex -3.85 9.5 52
    endloop
  endfacet
  facet normal 0 -1 0
    outer loop
      vertex -10 10.5 51.8
      vertex -3.85 10.5 51.8
      vertex -10 10.5 52
    endloop
  endfacet
  facet normal 0 1 0
    outer loop
      vertex -10 9.5 51.8
      vertex -3.85 9.5 52
      vertex -3.85 9.5 51.8
    endloop
  endfacet
  facet normal 0 0 1
    outer loop
      vertex -10 10.5 51.8
      vertex -3.85 9.5 51.8
      vertex -3.85 10.5 51.8
    endloop
  endfacet
  facet normal 0 -1 0
    outer loop
      vertex -10 10.5 52
      vertex -3.85 10.5 51.8
      vertex -3.85 10.5 52
    endloop
  endfacet
  facet normal 0 0 1
    outer loop
      vertex 3.85 9.5 51.8
      vertex 10 9.5 51.8
      vertex 3.85 10.5 51.8
    endloop
  endfacet
  facet normal 0 1 0
    outer loop
      vertex 3.85 9.5 51.8
      vertex 3.85 9.5 52
      vertex 10 9.5 52
    endloop
  endfacet
  facet normal 0 -1 0
    outer loop
      vertex 3.85 10.5 51.8
      vertex 10 10.5 51.8
      vertex 3.85 10.5 52
    endloop
  endfacet
  facet normal 0 1 0
    outer loop
      vertex 3.85 9.5 51.8
      vertex 10 9.5 52
      vertex 10 9.5 51.8
    endloop
  endfacet
  facet normal 0 0 1
    outer loop
      vertex 3.85 10.5 51.8
      vertex 10 9.5 51.8
      vertex 10 10.5 51.8
    endloop
  endfacet
  facet normal 0 -1 0
    outer loop
      vertex 3.85 10.5 52
      vertex 10 10.5 51.8
      vertex 10 10.5 52
    endloop
  endfacet
  facet normal -1 0 0
    outer loop
      vertex 10 9.5 51.8
      vertex 10 9.5 52
      vertex 10 10.5 51.8
    endloop
  endfacet
  facet normal -1 0 0
    outer loop
      vertex 10 9.5 52
      vertex 10 10.5 52
      vertex 10 10.5 51.8
    endloop
  endfacet
  facet normal 1 0 0
    outer loop
      vertex -10 19.5 51.8
      vertex -10 20.5 51.8
      vertex -10 20.5 52
    endloop
  endfacet
  facet normal 1 0 0
    outer loop
      vertex -10 19.5 51.8
      vertex -10 20.5 52
      vertex -10 19.5 52
    endloop
  endfacet
  facet normal 0 0 1
    outer loop
      vertex -10 19.5 51.8
      vertex -3.85 19.5 51.8
      vertex -10 20.5 51.8
    endloop
  endfacet
  facet normal 0 1 0
    outer loop
      vertex -10 19.5 51.8
      vertex -10 19.5 52
      vertex -3.85 19.5 52
    endloop
  endfacet
  facet normal 0 -1 0
    outer loop
      vertex -10 20.5 51.8
      vertex -3.85 20.5 51.8
      vertex -10 20.5 52
    endloop
  endfacet
  facet normal 0 0 1
    outer loop
      vertex -10 20.5 51.8
      vertex -3.85 19.5 51.8
      vertex -3.85 20.5 51.8
    endloop
  endfacet
  facet normal 0 1 0
    outer loop
      vertex -10 19.5 51.8
      vertex -3.85 19.5 52
      vertex -3.85 19.5 51.8
    endloop
  endfacet
  facet normal 0 -1 0
    outer loop
      vertex -10 20.5 52
      vertex -3.85 20.5 51.8
      vertex -3.85 20.5 52
    endloop
  endfacet
  facet normal 0 0 1
    outer loop
      vertex 3.85 19.5 51.8
      vertex 10 19.5 51.8
      vertex 3.85 20.5 51.8
    endloop
  endfacet
  facet normal 0 1 0
    outer loop
      vertex 3.85 19.5 51.8
      vertex 3.85 19.5 52
      vertex 10 19.5 52
    endloop
  endfacet
  facet normal 0 -1 0
    outer loop
      vertex 3.85 20.5 51.8
      vertex 10 20.5 51.8
      vertex 3.85 20.5 52
    endloop
  endfacet
  facet normal 0 0 1
    outer loop
      vertex 3.85 20.5 51.8
      vertex 10 19.5 51.8
      vertex 10 20.5 51.8
    endloop
  endfacet
  facet normal 0 1 0
    outer loop
      vertex 3.85 19.5 51.8
      vertex 10 19.5 52
      vertex 10 19.5 51.8
    endloop
  endfacet
  facet normal 0 -1 0
    outer loop
      vertex 3.85 20.5 52
      vertex 10 20.5 51.8
      vertex 10 20.5 52
    endloop
  endfacet
  facet normal -1 0 0
    outer loop
      vertex 10 19.5 51.8
      vertex 10 19.5 52
      vertex 10 20.5 51.8
    endloop
  endfacet
  facet normal -1 0 0
    outer loop
      vertex 10 19.5 52
      vertex 10 20.5 52
      vertex 10 20.5 51.8
    endloop
  endfacet
  facet normal 1 0 0
    outer loop
      vertex -10 29.5 51.8
      vertex -10 30.5 52
      vertex -10 29.5 52
    endloop
  endfacet
  facet normal 1 0 0
    outer loop
      vertex -10 29.5 51.8
      vertex -10 30.5 51.8
      vertex -10 30.5 52
    endloop
  endfacet
  facet normal 0 0 1
    outer loop
      vertex -10 29.5 51.8
      vertex -3.85 29.5 51.8
      vertex -10 30.5 51.8
    endloop
  endfacet
  facet normal 0 1 0
    outer loop
      vertex -10 29.5 51.8
      vertex -10 29.5 52
      vertex -3.85 29.5 52
    endloop
  endfacet
  facet normal 0 -1 0
    outer loop
      vertex -10 30.5 51.8
      vertex -3.85 30.5 51.8
      vertex -10 30.5 52
    endloop
  endfacet
  facet normal 0 0 1
    outer loop
      vertex -10 30.5 51.8
      vertex -3.85 29.5 51.8
      vertex -3.85 30.5 51.8
    endloop
  endfacet
  facet normal 0 1 0
    outer loop
      vertex -10 29.5 51.8
      vertex -3.85 29.5 52
      vertex -3.85 29.5 51.8
    endloop
  endfacet
  facet normal 0 -1 0
    outer loop
      vertex -10 30.5 52
      vertex -3.85 30.5 51.8
      vertex -3.85 30.5 52
    endloop
  endfacet
  facet normal 0 0 1
    outer loop
      vertex 3.85 29.5 51.8
      vertex 10 29.5 51.8
      vertex 3.85 30.5 51.8
    endloop
  endfacet
  facet normal 0 1 0
    outer loop
      vertex 3.85 29.5 51.8
      vertex 3.85 29.5 52
      vertex 10 29.5 52
    endloop
  endfacet
  facet normal 0 -1 0
    outer loop
      vertex 3.85 30.5 51.8
      vertex 10 30.5 51.8
      vertex 3.85 30.5 52
    endloop
  endfacet
  facet normal 0 0 1
    outer loop
      vertex 3.85 30.5 51.8
      vertex 10 29.5 51.8
      vertex 10 30.5 51.8
    endloop
  endfacet
  facet normal 0 1 0
    outer loop
      vertex 3.85 29.5 51.8
      vertex 10 29.5 52
      vertex 10 29.5 51.8
    endloop
  endfacet
  facet normal 0 -1 0
    outer loop
      vertex 3.85 30.5 52
      vertex 10 30.5 51.8
      vertex 10 30.5 52
    endloop
  endfacet
  facet normal -1 0 0
    outer loop
      vertex 10 29.5 51.8
      vertex 10 29.5 52
      vertex 10 30.5 51.8
    endloop
  endfacet
  facet normal -1 0 0
    outer loop
      vertex 10 29.5 52
      vertex 10 30.5 52
      vertex 10 30.5 51.8
    endloop
  endfacet
  facet normal 1 0 0
    outer loop
      vertex -3.85 -40 50
      vertex -3.85 -30.5 52
      vertex -3.85 -40 52
    endloop
  endfacet
  facet normal 1 0 0
    outer loop
      vertex -3.85 -40 50
      vertex -3.85 -29.5 51.8
      vertex -3.85 -30.5 51.8
    endloop
  endfacet
  facet normal 1 0 0
    outer loop
      vertex -3.85 -40 50
      vertex -3.85 -30.5 51.8
      vertex -3.85 -30.5 52
    endloop
  endfacet
  facet normal 1 0 0
    outer loop
      vertex -3.85 -40 50
      vertex -3.85 -20.5 51.8
      vertex -3.85 -29.5 51.8
    endloop
  endfacet
  facet normal 0 1 0
    outer loop
      vertex -3.85 -40 50
      vertex -3.85 -40 52
      vertex 3.85 -40 50
    endloop
  endfacet
  facet normal 1 0 0
    outer loop
      vertex -3.85 -40 50
      vertex -3.85 -19.5 51.8
      vertex -3.85 -20.5 51.8
    endloop
  endfacet
  facet normal 1 0 0
    outer loop
      vertex -3.85 -29.5 51.8
      vertex -3.85 -20.5 52
      vertex -3.85 -29.5 52
    endloop
  endfacet
  facet normal 1 0 0
    outer loop
      vertex -3.85 -40 50
      vertex -3.85 -10.5 51.8
      vertex -3.85 -19.5 51.8
    endloop
  endfacet
  facet normal 1 0 0
    outer loop
      vertex -3.85 -29.5 51.8
      vertex -3.85 -20.5 51.8
      vertex -3.85 -20.5 52
    endloop
  endfacet
  facet normal 1 0 0
    outer loop
      vertex -3.85 -40 50
      vertex -3.85 -9.5 51.8
      vertex -3.85 -10.5 51.8
    endloop
  endfacet
  facet normal 1 0 0
    outer loop
      vertex -3.85 -40 50
      vertex -3.85 -0.5 51.8
      vertex -3.85 -9.5 51.8
    endloop
  endfacet
  facet normal 1 0 0
    outer loop
      vertex -3.85 -19.5 51.8
      vertex -3.85 -10.5 52
      vertex -3.85 -19.5 52
    endloop
  endfacet
  facet normal 1 0 0
    outer loop
      vertex -3.85 -40 50
      vertex -3.85 0.5 51.8
      vertex -3.85 -0.5 51.8
    endloop
  endfacet
  facet normal 1 0 0
    outer loop
      vertex -3.85 -19.5 51.8
      vertex -3.85 -10.5 51.8
      vertex -3.85 -10.5 52
    endloop
  endfacet
  facet normal 1 0 0
    outer loop
      vertex -3.85 -40 50
      vertex -3.85 9.5 51.8
      vertex -3.85 0.5 51.8
    endloop
  endfacet
  facet normal 1 0 0
    outer loop
      vertex -3.85 -40 50
      vertex -3.85 10.5 51.8
      vertex -3.85 9.5 51.8
    endloop
  endfacet
  facet normal 1 0 0
    outer loop
      vertex -3.85 -9.5 51.8
      vertex -3.85 -0.5 52
      vertex -3.85 -9.5 52
    endloop
  endfacet
  facet normal 1 0 0
    outer loop
      vertex -3.85 -9.5 51.8
      vertex -3.85 -0.5 51.8
      vertex -3.85 -0.5 52
    endloop
  endfacet
  facet normal 1 0 0
    outer loop
      vertex -3.85 -40 50
      vertex -3.85 19.5 52
      vertex -3.85 10.5 51.8
    endloop
  endfacet
  facet normal 1 0 0
    outer loop
      vertex -3.85 -40 50
      vertex -3.85 19.5 51.8
      vertex -3.85 19.5 52
    endloop
  endfacet
  facet normal 1 0 0
    outer loop
      vertex -3.85 -40 50
      vertex -3.85 40 50
      vertex -3.85 19.5 51.8
    endloop
  endfacet
  facet normal 1 0 0
    outer loop
      vertex -3.85 0.5 51.8
      vertex -3.85 9.5 52
      vertex -3.85 0.5 52
    endloop
  endfacet
  facet normal 1 0 0
    outer loop
      vertex -3.85 0.5 51.8
      vertex -3.85 9.5 51.8
      vertex -3.85 9.5 52
    endloop
  endfacet
  facet normal 1 0 0
    outer loop
      vertex -3.85 10.5 51.8
      vertex -3.85 19.5 52
      vertex -3.85 10.5 52
    endloop
  endfacet
  facet normal 1 0 0
    outer loop
      vertex -3.85 20.5 51.8
      vertex -3.85 29.5 52
      vertex -3.85 20.5 52
    endloop
  endfacet
  facet normal 1 0 0
    outer loop
      vertex -3.85 19.5 51.8
      vertex -3.85 40 50
      vertex -3.85 20.5 51.8
    endloop
  endfacet
  facet normal 1 0 0
    outer loop
      vertex -3.85 20.5 51.8
      vertex -3.85 29.5 51.8
      vertex -3.85 29.5 52
    endloop
  endfacet
  facet normal 1 0 0
    outer loop
      vertex -3.85 20.5 51.8
      vertex -3.85 40 50
      vertex -3.85 29.5 51.8
    endloop
  endfacet
  facet normal 1 0 0
    outer loop
      vertex -3.85 29.5 51.8
      vertex -3.85 40 50
      vertex -3.85 30.5 51.8
    endloop
  endfacet
  facet normal 1 0 0
    outer loop
      vertex -3.85 30.5 51.8
      vertex -3.85 40 52
      vertex -3.85 30.5 52
    endloop
  endfacet
  facet normal 1 0 0
    outer loop
      vertex -3.85 30.5 51.8
      vertex -3.85 40 50
      vertex -3.85 40 52
    endloop
  endfacet
  facet normal 0 -1 0
    outer loop
      vertex -3.85 40 50
      vertex 3.85 40 52
      vertex -3.85 40 52
    endloop
  endfacet
  facet normal 0 1 0
    outer loop
      vertex -3.85 -40 52
      vertex 3.85 -40 52
      vertex 3.85 -40 50
    endloop
  endfacet
  facet normal -1 0 0
    outer loop
      vertex 3.85 -40 52
      vertex 3.85 -30.5 52
      vertex 3.85 -30.5 51.8
    endloop
  endfacet
  facet normal -1 0 0
    outer loop
      vertex 3.85 -29.5 51.8
      vertex 3.85 -29.5 52
      vertex 3.85 -20.5 51.8
    endloop
  endfacet
  facet normal -1 0 0
    outer loop
      vertex 3.85 -29.5 52
      vertex 3.85 -20.5 52
      vertex 3.85 -20.5 51.8
    endloop
  endfacet
  facet normal -1 0 0
    outer loop
      vertex 3.85 -40 50
      vertex 3.85 -40 52
      vertex 3.85 40 50
    endloop
  endfacet
  facet normal -1 0 0
    outer loop
      vertex 3.85 -40 52
      vertex 3.85 -30.5 51.8
      vertex 3.85 40 50
    endloop
  endfacet
  facet normal -1 0 0
    outer loop
      vertex 3.85 -19.5 52
      vertex 3.85 -10.5 52
      vertex 3.85 -10.5 51.8
    endloop
  endfacet
  facet normal -1 0 0
    outer loop
      vertex 3.85 -30.5 51.8
      vertex 3.85 -29.5 51.8
      vertex 3.85 40 50
    endloop
  endfacet
  facet normal -1 0 0
    outer loop
      vertex 3.85 -9.5 51.8
      vertex 3.85 -9.5 52
      vertex 3.85 -0.5 51.8
    endloop
  endfacet
  facet normal -1 0 0
    outer loop
      vertex 3.85 -9.5 52
      vertex 3.85 -0.5 52
      vertex 3.85 -0.5 51.8
    endloop
  endfacet
  facet normal -1 0 0
    outer loop
      vertex 3.85 -29.5 51.8
      vertex 3.85 -20.5 51.8
      vertex 3.85 40 50
    endloop
  endfacet
  facet normal -1 0 0
    outer loop
      vertex 3.85 -20.5 51.8
      vertex 3.85 -19.5 51.8
      vertex 3.85 40 50
    endloop
  endfacet
  facet normal -1 0 0
    outer loop
      vertex 3.85 -19.5 51.8
      vertex 3.85 -19.5 52
      vertex 3.85 40 50
    endloop
  endfacet
  facet normal -1 0 0
    outer loop
      vertex 3.85 -19.5 52
      vertex 3.85 -10.5 51.8
      vertex 3.85 40 50
    endloop
  endfacet
  facet normal -1 0 0
    outer loop
      vertex 3.85 -10.5 51.8
      vertex 3.85 -9.5 51.8
      vertex 3.85 40 50
    endloop
  endfacet
  facet normal -1 0 0
    outer loop
      vertex 3.85 0.5 51.8
      vertex 3.85 0.5 52
      vertex 3.85 9.5 51.8
    endloop
  endfacet
  facet normal -1 0 0
    outer loop
      vertex 3.85 0.5 52
      vertex 3.85 9.5 52
      vertex 3.85 9.5 51.8
    endloop
  endfacet
  facet normal -1 0 0
    outer loop
      vertex 3.85 -9.5 51.8
      vertex 3.85 -0.5 51.8
      vertex 3.85 40 50
    endloop
  endfacet
  facet normal -1 0 0
    outer loop
      vertex 3.85 -0.5 51.8
      vertex 3.85 0.5 51.8
      vertex 3.85 40 50
    endloop
  endfacet
  facet normal -1 0 0
    outer loop
      vertex 3.85 0.5 51.8
      vertex 3.85 9.5 51.8
      vertex 3.85 40 50
    endloop
  endfacet
  facet normal -1 0 0
    outer loop
      vertex 3.85 10.5 51.8
      vertex 3.85 10.5 52
      vertex 3.85 19.5 51.8
    endloop
  endfacet
  facet normal -1 0 0
    outer loop
      vertex 3.85 10.5 52
      vertex 3.85 19.5 52
      vertex 3.85 19.5 51.8
    endloop
  endfacet
  facet normal -1 0 0
    outer loop
      vertex 3.85 9.5 51.8
      vertex 3.85 10.5 51.8
      vertex 3.85 40 50
    endloop
  endfacet
  facet normal -1 0 0
    outer loop
      vertex 3.85 10.5 51.8
      vertex 3.85 19.5 51.8
      vertex 3.85 40 50
    endloop
  endfacet
  facet normal -1 0 0
    outer loop
      vertex 3.85 20.5 51.8
      vertex 3.85 20.5 52
      vertex 3.85 29.5 51.8
    endloop
  endfacet
  facet normal -1 0 0
    outer loop
      vertex 3.85 19.5 51.8
      vertex 3.85 20.5 51.8
      vertex 3.85 40 50
    endloop
  endfacet
  facet normal -1 0 0
    outer loop
      vertex 3.85 20.5 52
      vertex 3.85 29.5 52
      vertex 3.85 29.5 51.8
    endloop
  endfacet
  facet normal 0 -1 0
    outer loop
      vertex -3.85 40 50
      vertex 3.85 40 50
      vertex 3.85 40 52
    endloop
  endfacet
  facet normal -1 0 0
    outer loop
      vertex 3.85 20.5 51.8
      vertex 3.85 29.5 51.8
      vertex 3.85 40 50
    endloop
  endfacet
  facet normal -1 0 0
    outer loop
      vertex 3.85 29.5 51.8
      vertex 3.85 30.5 51.8
      vertex 3.85 40 50
    endloop
  endfacet
  facet normal -1 0 0
    outer loop
      vertex 3.85 30.5 51.8
      vertex 3.85 30.5 52
      vertex 3.85 40 50
    endloop
  endfacet
  facet normal -1 0 0
    outer loop
      vertex 3.85 30.5 52
      vertex 3.85 40 52
      vertex 3.85 40 50
    endloop
  endfacet
  facet normal 0 -1 0
    outer loop
      vertex -10 -40 48
      vertex -9.995 -40 50
      vertex -10.014582251803892 -40 48.24107336051065
    endloop
  endfacet
  facet normal 0 -1 0
    outer loop
      vertex -10.014582251803892 -40 48.24107336051065
      vertex -9.995 -40 50
      vertex -10.058116365147896 -40 48.47863132857512
    endloop
  endfacet
  facet normal 0 -1 0
    outer loop
      vertex -10.058116365147896 -40 48.47863132857512
      vertex -9.995 -40 50
      vertex -10.12996751462917 -40 48.70920977408507
    endloop
  endfacet
  facet normal 0 -1 0
    outer loop
      vertex -10.12996751462917 -40 48.70920977408507
      vertex -9.995 -40 50
      vertex -10.22908794869358 -40 48.92944634408754
    endloop
  endfacet
  facet normal 0 -1 0
    outer loop
      vertex -11.995 -40 49.9996975557197
      vertex -11.758926639489355 -40 49.985417748196106
      vertex -11.995 -40 50
    endloop
  endfacet
  facet normal 0 -1 0
    outer loop
      vertex -11.995 -40 50
      vertex -11.758926639489355 -40 49.985417748196106
      vertex -9.995 -40 50
    endloop
  endfacet
  facet normal 0 -1 0
    outer loop
      vertex -11.521368671424884 -40 49.941883634852104
      vertex -9.995 -40 50
      vertex -11.758926639489355 -40 49.985417748196106
    endloop
  endfacet
  facet normal 0 -1 0
    outer loop
      vertex -11.070553655912462 -40 49.77091205130642
      vertex -10.863870506537689 -40 49.645967731787316
      vertex -9.995 -40 50
    endloop
  endfacet
  facet normal 0 -1 0
    outer loop
      vertex -11.521368671424884 -40 49.941883634852104
      vertex -11.290790225914929 -40 49.87003248537083
      vertex -9.995 -40 50
    endloop
  endfacet
  facet normal 0 -1 0
    outer loop
      vertex -11.070553655912462 -40 49.77091205130642
      vertex -9.995 -40 50
      vertex -11.290790225914929 -40 49.87003248537083
    endloop
  endfacet
  facet normal 0 -1 0
    outer loop
      vertex -10.22908794869358 -40 48.92944634408754
      vertex -9.995 -40 50
      vertex -10.354032268212688 -40 49.13612949346231
    endloop
  endfacet
  facet normal 0 -1 0
    outer loop
      vertex -10.67375468351841 -40 49.4970214963422
      vertex -10.502978503657797 -40 49.32624531648159
      vertex -9.995 -40 50
    endloop
  endfacet
  facet normal 0 -1 0
    outer loop
      vertex -10.354032268212688 -40 49.13612949346231
      vertex -9.995 -40 50
      vertex -10.502978503657797 -40 49.32624531648159
    endloop
  endfacet
  facet normal 0 -1 0
    outer loop
      vertex -10.67375468351841 -40 49.4970214963422
      vertex -9.995 -40 50
      vertex -10.863870506537689 -40 49.645967731787316
    endloop
  endfacet
  facet normal -1 0 0
    outer loop
      vertex -11.995 -40 49.9996975557197
      vertex -11.995 -40 50
      vertex -11.995 -1 49.9996975557197
    endloop
  endfacet
  facet normal -1 0 0
    outer loop
      vertex -11.995 -40 50
      vertex -11.995 -1 50
      vertex -11.995 -1 49.9996975557197
    endloop
  endfacet
  facet normal -1 0 0
    outer loop
      vertex -11.995 1 49.9996975557197
      vertex -11.995 1 50
      vertex -11.995 40 49.9996975557197
    endloop
  endfacet
  facet normal 0 1 0
    outer loop
      vertex -10 40 48
      vertex -10.014582251803892 40 48.24107336051065
      vertex -9.995 40 48
    endloop
  endfacet
  facet normal 0 1 0
    outer loop
      vertex -9.995 40 48
      vertex -10.014582251803892 40 48.24107336051065
      vertex -9.995 40 50
    endloop
  endfacet
  facet normal 0 1 0
    outer loop
      vertex -10.014582251803892 40 48.24107336051065
      vertex -10.058116365147896 40 48.47863132857512
      vertex -9.995 40 50
    endloop
  endfacet
  facet normal 0 1 0
    outer loop
      vertex -10.058116365147896 40 48.47863132857512
      vertex -10.12996751462917 40 48.70920977408507
      vertex -9.995 40 50
    endloop
  endfacet
  facet normal 0 1 0
    outer loop
      vertex -10.12996751462917 40 48.70920977408507
      vertex -10.22908794869358 40 48.92944634408754
      vertex -9.995 40 50
    endloop
  endfacet
  facet normal -1 0 0
    outer loop
      vertex -11.995 1 50
      vertex -11.995 40 50
      vertex -11.995 40 49.9996975557197
    endloop
  endfacet
  facet normal 0 1 0
    outer loop
      vertex -11.995 40 49.9996975557197
      vertex -11.995 40 50
      vertex -9.995 40 50
    endloop
  endfacet
  facet normal 0 1 0
    outer loop
      vertex -11.995 40 49.9996975557197
      vertex -9.995 40 50
      vertex -11.758926639489355 40 49.985417748196106
    endloop
  endfacet
  facet normal 0 1 0
    outer loop
      vertex -11.521368671424884 40 49.941883634852104
      vertex -11.758926639489355 40 49.985417748196106
      vertex -9.995 40 50
    endloop
  endfacet
  facet normal 0 1 0
    outer loop
      vertex -11.070553655912462 40 49.77091205130642
      vertex -9.995 40 50
      vertex -10.863870506537689 40 49.645967731787316
    endloop
  endfacet
  facet normal 0 1 0
    outer loop
      vertex -11.521368671424884 40 49.941883634852104
      vertex -9.995 40 50
      vertex -11.290790225914929 40 49.87003248537083
    endloop
  endfacet
  facet normal 0 1 0
    outer loop
      vertex -11.070553655912462 40 49.77091205130642
      vertex -11.290790225914929 40 49.87003248537083
      vertex -9.995 40 50
    endloop
  endfacet
  facet normal 0 1 0
    outer loop
      vertex -10.22908794869358 40 48.92944634408754
      vertex -10.354032268212688 40 49.13612949346231
      vertex -9.995 40 50
    endloop
  endfacet
  facet normal 0 1 0
    outer loop
      vertex -10.67375468351841 40 49.4970214963422
      vertex -9.995 40 50
      vertex -10.502978503657797 40 49.32624531648159
    endloop
  endfacet
  facet normal 0 1 0
    outer loop
      vertex -10.354032268212688 40 49.13612949346231
      vertex -10.502978503657797 40 49.32624531648159
      vertex -9.995 40 50
    endloop
  endfacet
  facet normal 0 1 0
    outer loop
      vertex -10.67375468351841 40 49.4970214963422
      vertex -10.863870506537689 40 49.645967731787316
      vertex -9.995 40 50
    endloop
  endfacet
  facet normal 0 -1 0
    outer loop
      vertex 10 -40 48
      vertex 10.014582251803892 -40 48.24107336051065
      vertex 9.995 -40 48
    endloop
  endfacet
  facet normal 0 -1 0
    outer loop
      vertex 9.995 -40 48
      vertex 10.014582251803892 -40 48.24107336051065
      vertex 9.995 -40 50
    endloop
  endfacet
  facet normal 0 -1 0
    outer loop
      vertex 10.014582251803892 -40 48.24107336051065
      vertex 10.058116365147896 -40 48.47863132857512
      vertex 9.995 -40 50
    endloop
  endfacet
  facet normal 0 -1 0
    outer loop
      vertex 10.058116365147896 -40 48.47863132857512
      vertex 10.12996751462917 -40 48.70920977408507
      vertex 9.995 -40 50
    endloop
  endfacet
  facet normal 0 -1 0
    outer loop
      vertex 10.12996751462917 -40 48.70920977408507
      vertex 10.22908794869358 -40 48.92944634408754
      vertex 9.995 -40 50
    endloop
  endfacet
  facet normal 0 -1 0
    outer loop
      vertex 10.22908794869358 -40 48.92944634408754
      vertex 10.354032268212688 -40 49.13612949346231
      vertex 9.995 -40 50
    endloop
  endfacet
  facet normal 0 -1 0
    outer loop
      vertex 10.354032268212688 -40 49.13612949346231
      vertex 10.502978503657799 -40 49.32624531648159
      vertex 9.995 -40 50
    endloop
  endfacet
  facet normal 0 -1 0
    outer loop
      vertex 10.502978503657799 -40 49.32624531648159
      vertex 10.673754683518409 -40 49.4970214963422
      vertex 9.995 -40 50
    endloop
  endfacet
  facet normal 0 -1 0
    outer loop
      vertex 10.673754683518409 -40 49.4970214963422
      vertex 10.863870506537689 -40 49.645967731787316
      vertex 9.995 -40 50
    endloop
  endfacet
  facet normal 0 -1 0
    outer loop
      vertex 9.995 -40 50
      vertex 10.863870506537689 -40 49.645967731787316
      vertex 11.070553655912462 -40 49.77091205130642
    endloop
  endfacet
  facet normal 0 -1 0
    outer loop
      vertex 9.995 -40 50
      vertex 11.070553655912462 -40 49.77091205130642
      vertex 11.290790225914929 -40 49.87003248537083
    endloop
  endfacet
  facet normal 0 -1 0
    outer loop
      vertex 9.995 -40 50
      vertex 11.290790225914929 -40 49.87003248537083
      vertex 11.521368671424884 -40 49.941883634852104
    endloop
  endfacet
  facet normal 0 -1 0
    outer loop
      vertex 9.995 -40 50
      vertex 11.521368671424884 -40 49.941883634852104
      vertex 11.758926639489355 -40 49.985417748196106
    endloop
  endfacet
  facet normal 0 -1 0
    outer loop
      vertex 9.995 -40 50
      vertex 11.758926639489355 -40 49.985417748196106
      vertex 11.995 -40 49.9996975557197
    endloop
  endfacet
  facet normal 0 -1 0
    outer loop
      vertex 9.995 -40 50
      vertex 11.995 -40 49.9996975557197
      vertex 11.995 -40 50
    endloop
  endfacet
  facet normal 1 0 0
    outer loop
      vertex 11.995 -40 49.9996975557197
      vertex 11.995 -1 50
      vertex 11.995 -40 50
    endloop
  endfacet
  facet normal 1 0 0
    outer loop
      vertex 11.995 -40 49.9996975557197
      vertex 11.995 -1 49.9996975557197
      vertex 11.995 -1 50
    endloop
  endfacet
  facet normal 1 0 0
    outer loop
      vertex 11.995 1 49.9996975557197
      vertex 11.995 40 50
      vertex 11.995 1 50
    endloop
  endfacet
  facet normal 0 1 0
    outer loop
      vertex 10 40 48
      vertex 9.995 40 50
      vertex 10.014582251803892 40 48.24107336051065
    endloop
  endfacet
  facet normal 0 1 0
    outer loop
      vertex 10.014582251803892 40 48.24107336051065
      vertex 9.995 40 50
      vertex 10.058116365147896 40 48.47863132857512
    endloop
  endfacet
  facet normal 0 1 0
    outer loop
      vertex 10.058116365147896 40 48.47863132857512
      vertex 9.995 40 50
      vertex 10.12996751462917 40 48.70920977408507
    endloop
  endfacet
  facet normal 0 1 0
    outer loop
      vertex 10.12996751462917 40 48.70920977408507
      vertex 9.995 40 50
      vertex 10.22908794869358 40 48.92944634408754
    endloop
  endfacet
  facet normal 1 0 0
    outer loop
      vertex 11.995 1 49.9996975557197
      vertex 11.995 40 49.9996975557197
      vertex 11.995 40 50
    endloop
  endfacet
  facet normal 0 1 0
    outer loop
      vertex 10.22908794869358 40 48.92944634408754
      vertex 9.995 40 50
      vertex 10.354032268212688 40 49.13612949346231
    endloop
  endfacet
  facet normal 0 1 0
    outer loop
      vertex 10.354032268212688 40 49.13612949346231
      vertex 9.995 40 50
      vertex 10.502978503657799 40 49.32624531648159
    endloop
  endfacet
  facet normal 0 1 0
    outer loop
      vertex 10.502978503657799 40 49.32624531648159
      vertex 9.995 40 50
      vertex 10.673754683518409 40 49.4970214963422
    endloop
  endfacet
  facet normal 0 1 0
    outer loop
      vertex 10.673754683518409 40 49.4970214963422
      vertex 9.995 40 50
      vertex 10.863870506537689 40 49.645967731787316
    endloop
  endfacet
  facet normal 0 1 0
    outer loop
      vertex 9.995 40 50
      vertex 11.070553655912462 40 49.77091205130642
      vertex 10.863870506537689 40 49.645967731787316
    endloop
  endfacet
  facet normal 0 1 0
    outer loop
      vertex 9.995 40 50
      vertex 11.290790225914929 40 49.87003248537083
      vertex 11.070553655912462 40 49.77091205130642
    endloop
  endfacet
  facet normal 0 1 0
    outer loop
      vertex 9.995 40 50
      vertex 11.521368671424884 40 49.941883634852104
      vertex 11.290790225914929 40 49.87003248537083
    endloop
  endfacet
  facet normal 0 1 0
    outer loop
      vertex 9.995 40 50
      vertex 11.758926639489355 40 49.985417748196106
      vertex 11.521368671424884 40 49.941883634852104
    endloop
  endfacet
  facet normal 0 1 0
    outer loop
      vertex 9.995 40 50
      vertex 11.995 40 50
      vertex 11.758926639489355 40 49.985417748196106
    endloop
  endfacet
  facet normal 0 1 0
    outer loop
      vertex 11.758926639489355 40 49.985417748196106
      vertex 11.995 40 50
      vertex 11.995 40 49.9996975557197
    endloop
  endfacet
  facet normal -0.9981755542233174 0 -0.06037849742228686
    outer loop
      vertex -10 -40 48
      vertex -10.014582251803892 -40 48.24107336051065
      vertex -10 -1 48
    endloop
  endfacet
  facet normal -0.9836199069471441 0 -0.18025503781390295
    outer loop
      vertex -10.014582251803892 -40 48.24107336051065
      vertex -10.058116365147896 -40 48.47863132857512
      vertex -10.014582251803892 -1 48.24107336051065
    endloop
  endfacet
  facet normal -0.9118998459920924 0 -0.4104128054527519
    outer loop
      vertex -10.12996751462917 -40 48.70920977408507
      vertex -10.22908794869358 -40 48.92944634408754
      vertex -10.12996751462917 -1 48.70920977408507
    endloop
  endfacet
  facet normal -0.9547208665085433 0 -0.29750305385521053
    outer loop
      vertex -10.058116365147896 -40 48.47863132857512
      vertex -10.12996751462917 -40 48.70920977408507
      vertex -10.058116365147896 -1 48.47863132857512
    endloop
  endfacet
  facet normal -0.8557812723014481 0 -0.5173378141776558
    outer loop
      vertex -10.22908794869358 -40 48.92944634408754
      vertex -10.354032268212688 -40 49.13612949346231
      vertex -10.22908794869358 -1 48.92944634408754
    endloop
  endfacet
  facet normal -0.7871834806090491 0 -0.6167188726285445
    outer loop
      vertex -10.354032268212688 -40 49.13612949346231
      vertex -10.502978503657797 -40 49.32624531648159
      vertex -10.354032268212688 -1 49.13612949346231
    endloop
  endfacet
  facet normal -0.9981755542233174 0 -0.06037849742228686
    outer loop
      vertex -10.014582251803892 -40 48.24107336051065
      vertex -10.014582251803892 -1 48.24107336051065
      vertex -10 -1 48
    endloop
  endfacet
  facet normal -0.9836199069471441 0 -0.18025503781390295
    outer loop
      vertex -10.058116365147896 -40 48.47863132857512
      vertex -10.058116365147896 -1 48.47863132857512
      vertex -10.014582251803892 -1 48.24107336051065
    endloop
  endfacet
  facet normal -0.9547208665085433 0 -0.29750305385521053
    outer loop
      vertex -10.12996751462917 -40 48.70920977408507
      vertex -10.12996751462917 -1 48.70920977408507
      vertex -10.058116365147896 -1 48.47863132857512
    endloop
  endfacet
  facet normal -0.9118998459920924 0 -0.4104128054527519
    outer loop
      vertex -10.22908794869358 -40 48.92944634408754
      vertex -10.22908794869358 -1 48.92944634408754
      vertex -10.12996751462917 -1 48.70920977408507
    endloop
  endfacet
  facet normal -0.8557812723014481 0 -0.5173378141776558
    outer loop
      vertex -10.354032268212688 -40 49.13612949346231
      vertex -10.354032268212688 -1 49.13612949346231
      vertex -10.22908794869358 -1 48.92944634408754
    endloop
  endfacet
  facet normal -0.060378497422296236 0 -0.9981755542233168
    outer loop
      vertex -11.995 -40 49.9996975557197
      vertex -11.758926639489355 -1 49.985417748196106
      vertex -11.758926639489355 -40 49.985417748196106
    endloop
  endfacet
  facet normal -0.18025503781389718 0 -0.9836199069471452
    outer loop
      vertex -11.521368671424884 -40 49.941883634852104
      vertex -11.758926639489355 -40 49.985417748196106
      vertex -11.521368671424884 -1 49.941883634852104
    endloop
  endfacet
  facet normal -0.6167188726285592 0 -0.7871834806090375
    outer loop
      vertex -10.67375468351841 -40 49.4970214963422
      vertex -10.863870506537689 -40 49.645967731787316
      vertex -10.67375468351841 -1 49.4970214963422
    endloop
  endfacet
  facet normal -0.4104128054527573 0 -0.9118998459920897
    outer loop
      vertex -11.070553655912462 -40 49.77091205130642
      vertex -11.290790225914929 -40 49.87003248537083
      vertex -11.070553655912462 -1 49.77091205130642
    endloop
  endfacet
  facet normal -0.29750305385520887 0 -0.9547208665085437
    outer loop
      vertex -11.521368671424884 -40 49.941883634852104
      vertex -11.290790225914929 -1 49.87003248537083
      vertex -11.290790225914929 -40 49.87003248537083
    endloop
  endfacet
  facet normal -0.5173378141776429 0 -0.855781272301456
    outer loop
      vertex -11.070553655912462 -40 49.77091205130642
      vertex -10.863870506537689 -1 49.645967731787316
      vertex -10.863870506537689 -40 49.645967731787316
    endloop
  endfacet
  facet normal -0.7071067811865401 0 -0.7071067811865549
    outer loop
      vertex -10.67375468351841 -40 49.4970214963422
      vertex -10.502978503657797 -1 49.32624531648159
      vertex -10.502978503657797 -40 49.32624531648159
    endloop
  endfacet
  facet normal -0.060378497422296236 0 -0.9981755542233168
    outer loop
      vertex -11.995 -40 49.9996975557197
      vertex -11.995 -1 49.9996975557197
      vertex -11.758926639489355 -1 49.985417748196106
    endloop
  endfacet
  facet normal -0.18025503781389718 0 -0.9836199069471452
    outer loop
      vertex -11.758926639489355 -40 49.985417748196106
      vertex -11.758926639489355 -1 49.985417748196106
      vertex -11.521368671424884 -1 49.941883634852104
    endloop
  endfacet
  facet normal -0.29750305385520887 0 -0.9547208665085437
    outer loop
      vertex -11.521368671424884 -40 49.941883634852104
      vertex -11.521368671424884 -1 49.941883634852104
      vertex -11.290790225914929 -1 49.87003248537083
    endloop
  endfacet
  facet normal -0.6167188726285592 0 -0.7871834806090375
    outer loop
      vertex -10.863870506537689 -40 49.645967731787316
      vertex -10.863870506537689 -1 49.645967731787316
      vertex -10.67375468351841 -1 49.4970214963422
    endloop
  endfacet
  facet normal -0.7071067811865401 0 -0.7071067811865549
    outer loop
      vertex -10.67375468351841 -40 49.4970214963422
      vertex -10.67375468351841 -1 49.4970214963422
      vertex -10.502978503657797 -1 49.32624531648159
    endloop
  endfacet
  facet normal -0.4104128054527573 0 -0.9118998459920897
    outer loop
      vertex -11.290790225914929 -40 49.87003248537083
      vertex -11.290790225914929 -1 49.87003248537083
      vertex -11.070553655912462 -1 49.77091205130642
    endloop
  endfacet
  facet normal -0.5173378141776429 0 -0.855781272301456
    outer loop
      vertex -11.070553655912462 -40 49.77091205130642
      vertex -11.070553655912462 -1 49.77091205130642
      vertex -10.863870506537689 -1 49.645967731787316
    endloop
  endfacet
  facet normal -0.7871834806090491 0 -0.6167188726285445
    outer loop
      vertex -10.502978503657797 -40 49.32624531648159
      vertex -10.502978503657797 -1 49.32624531648159
      vertex -10.354032268212688 -1 49.13612949346231
    endloop
  endfacet
  facet normal -0.9981755542233174 0 -0.06037849742228686
    outer loop
      vertex -10 1 48
      vertex -10.014582251803892 1 48.24107336051065
      vertex -10 40 48
    endloop
  endfacet
  facet normal -0.9836199069471441 0 -0.18025503781390295
    outer loop
      vertex -10.014582251803892 1 48.24107336051065
      vertex -10.058116365147896 1 48.47863132857512
      vertex -10.014582251803892 40 48.24107336051065
    endloop
  endfacet
  facet normal -0.9118998459920924 0 -0.4104128054527519
    outer loop
      vertex -10.12996751462917 1 48.70920977408507
      vertex -10.22908794869358 1 48.92944634408754
      vertex -10.12996751462917 40 48.70920977408507
    endloop
  endfacet
  facet normal -0.9547208665085433 0 -0.29750305385521053
    outer loop
      vertex -10.058116365147896 1 48.47863132857512
      vertex -10.12996751462917 1 48.70920977408507
      vertex -10.058116365147896 40 48.47863132857512
    endloop
  endfacet
  facet normal -0.8557812723014481 0 -0.5173378141776558
    outer loop
      vertex -10.22908794869358 1 48.92944634408754
      vertex -10.354032268212688 1 49.13612949346231
      vertex -10.22908794869358 40 48.92944634408754
    endloop
  endfacet
  facet normal -0.7871834806090491 0 -0.6167188726285445
    outer loop
      vertex -10.354032268212688 1 49.13612949346231
      vertex -10.502978503657797 1 49.32624531648159
      vertex -10.354032268212688 40 49.13612949346231
    endloop
  endfacet
  facet normal -0.060378497422296236 0 -0.9981755542233168
    outer loop
      vertex -11.995 1 49.9996975557197
      vertex -11.758926639489355 40 49.985417748196106
      vertex -11.758926639489355 1 49.985417748196106
    endloop
  endfacet
  facet normal -0.18025503781389718 0 -0.9836199069471452
    outer loop
      vertex -11.521368671424884 1 49.941883634852104
      vertex -11.758926639489355 1 49.985417748196106
      vertex -11.521368671424884 40 49.941883634852104
    endloop
  endfacet
  facet normal -0.6167188726285592 0 -0.7871834806090375
    outer loop
      vertex -10.67375468351841 1 49.4970214963422
      vertex -10.863870506537689 1 49.645967731787316
      vertex -10.67375468351841 40 49.4970214963422
    endloop
  endfacet
  facet normal -0.4104128054527573 0 -0.9118998459920897
    outer loop
      vertex -11.070553655912462 1 49.77091205130642
      vertex -11.290790225914929 1 49.87003248537083
      vertex -11.070553655912462 40 49.77091205130642
    endloop
  endfacet
  facet normal -0.29750305385520887 0 -0.9547208665085437
    outer loop
      vertex -11.521368671424884 1 49.941883634852104
      vertex -11.290790225914929 40 49.87003248537083
      vertex -11.290790225914929 1 49.87003248537083
    endloop
  endfacet
  facet normal -0.5173378141776429 0 -0.855781272301456
    outer loop
      vertex -11.070553655912462 1 49.77091205130642
      vertex -10.863870506537689 40 49.645967731787316
      vertex -10.863870506537689 1 49.645967731787316
    endloop
  endfacet
  facet normal -0.7071067811865401 0 -0.7071067811865549
    outer loop
      vertex -10.67375468351841 1 49.4970214963422
      vertex -10.502978503657797 40 49.32624531648159
      vertex -10.502978503657797 1 49.32624531648159
    endloop
  endfacet
  facet normal -0.9981755542233174 0 -0.06037849742228686
    outer loop
      vertex -10.014582251803892 1 48.24107336051065
      vertex -10.014582251803892 40 48.24107336051065
      vertex -10 40 48
    endloop
  endfacet
  facet normal -0.9836199069471441 0 -0.18025503781390295
    outer loop
      vertex -10.058116365147896 1 48.47863132857512
      vertex -10.058116365147896 40 48.47863132857512
      vertex -10.014582251803892 40 48.24107336051065
    endloop
  endfacet
  facet normal -0.9547208665085433 0 -0.29750305385521053
    outer loop
      vertex -10.12996751462917 1 48.70920977408507
      vertex -10.12996751462917 40 48.70920977408507
      vertex -10.058116365147896 40 48.47863132857512
    endloop
  endfacet
  facet normal -0.9118998459920924 0 -0.4104128054527519
    outer loop
      vertex -10.22908794869358 1 48.92944634408754
      vertex -10.22908794869358 40 48.92944634408754
      vertex -10.12996751462917 40 48.70920977408507
    endloop
  endfacet
  facet normal -0.8557812723014481 0 -0.5173378141776558
    outer loop
      vertex -10.354032268212688 1 49.13612949346231
      vertex -10.354032268212688 40 49.13612949346231
      vertex -10.22908794869358 40 48.92944634408754
    endloop
  endfacet
  facet normal -0.060378497422296236 0 -0.9981755542233168
    outer loop
      vertex -11.995 1 49.9996975557197
      vertex -11.995 40 49.9996975557197
      vertex -11.758926639489355 40 49.985417748196106
    endloop
  endfacet
  facet normal -0.18025503781389718 0 -0.9836199069471452
    outer loop
      vertex -11.758926639489355 1 49.985417748196106
      vertex -11.758926639489355 40 49.985417748196106
      vertex -11.521368671424884 40 49.941883634852104
    endloop
  endfacet
  facet normal -0.29750305385520887 0 -0.9547208665085437
    outer loop
      vertex -11.521368671424884 1 49.941883634852104
      vertex -11.521368671424884 40 49.941883634852104
      vertex -11.290790225914929 40 49.87003248537083
    endloop
  endfacet
  facet normal -0.6167188726285592 0 -0.7871834806090375
    outer loop
      vertex -10.863870506537689 1 49.645967731787316
      vertex -10.863870506537689 40 49.645967731787316
      vertex -10.67375468351841 40 49.4970214963422
    endloop
  endfacet
  facet normal -0.7071067811865401 0 -0.7071067811865549
    outer loop
      vertex -10.67375468351841 1 49.4970214963422
      vertex -10.67375468351841 40 49.4970214963422
      vertex -10.502978503657797 40 49.32624531648159
    endloop
  endfacet
  facet normal -0.4104128054527573 0 -0.9118998459920897
    outer loop
      vertex -11.290790225914929 1 49.87003248537083
      vertex -11.290790225914929 40 49.87003248537083
      vertex -11.070553655912462 40 49.77091205130642
    endloop
  endfacet
  facet normal -0.5173378141776429 0 -0.855781272301456
    outer loop
      vertex -11.070553655912462 1 49.77091205130642
      vertex -11.070553655912462 40 49.77091205130642
      vertex -10.863870506537689 40 49.645967731787316
    endloop
  endfacet
  facet normal -0.7871834806090491 0 -0.6167188726285445
    outer loop
      vertex -10.502978503657797 1 49.32624531648159
      vertex -10.502978503657797 40 49.32624531648159
      vertex -10.354032268212688 40 49.13612949346231
    endloop
  endfacet
  facet normal 0.9981755542233174 0 -0.06037849742228686
    outer loop
      vertex 10 -40 48
      vertex 10.014582251803892 -1 48.24107336051065
      vertex 10.014582251803892 -40 48.24107336051065
    endloop
  endfacet
  facet normal 0.9836199069471441 0 -0.18025503781390295
    outer loop
      vertex 10.014582251803892 -40 48.24107336051065
      vertex 10.058116365147896 -1 48.47863132857512
      vertex 10.058116365147896 -40 48.47863132857512
    endloop
  endfacet
  facet normal 0.9547208665085433 0 -0.29750305385521053
    outer loop
      vertex 10.058116365147896 -40 48.47863132857512
      vertex 10.12996751462917 -1 48.70920977408507
      vertex 10.12996751462917 -40 48.70920977408507
    endloop
  endfacet
  facet normal 0.9118998459920924 0 -0.4104128054527519
    outer loop
      vertex 10.12996751462917 -40 48.70920977408507
      vertex 10.22908794869358 -1 48.92944634408754
      vertex 10.22908794869358 -40 48.92944634408754
    endloop
  endfacet
  facet normal 0.8557812723014481 0 -0.5173378141776558
    outer loop
      vertex 10.22908794869358 -40 48.92944634408754
      vertex 10.354032268212688 -1 49.13612949346231
      vertex 10.354032268212688 -40 49.13612949346231
    endloop
  endfacet
  facet normal 0.9981755542233174 0 -0.06037849742228686
    outer loop
      vertex 10 -40 48
      vertex 10 -1 48
      vertex 10.014582251803892 -1 48.24107336051065
    endloop
  endfacet
  facet normal 0.9836199069471441 0 -0.18025503781390295
    outer loop
      vertex 10.014582251803892 -40 48.24107336051065
      vertex 10.014582251803892 -1 48.24107336051065
      vertex 10.058116365147896 -1 48.47863132857512
    endloop
  endfacet
  facet normal 0.9547208665085433 0 -0.29750305385521053
    outer loop
      vertex 10.058116365147896 -40 48.47863132857512
      vertex 10.058116365147896 -1 48.47863132857512
      vertex 10.12996751462917 -1 48.70920977408507
    endloop
  endfacet
  facet normal 0.9118998459920924 0 -0.4104128054527519
    outer loop
      vertex 10.12996751462917 -40 48.70920977408507
      vertex 10.12996751462917 -1 48.70920977408507
      vertex 10.22908794869358 -1 48.92944634408754
    endloop
  endfacet
  facet normal 0.8557812723014481 0 -0.5173378141776558
    outer loop
      vertex 10.22908794869358 -40 48.92944634408754
      vertex 10.22908794869358 -1 48.92944634408754
      vertex 10.354032268212688 -1 49.13612949346231
    endloop
  endfacet
  facet normal 0.7871834806090455 0 -0.6167188726285491
    outer loop
      vertex 10.354032268212688 -40 49.13612949346231
      vertex 10.354032268212688 -1 49.13612949346231
      vertex 10.502978503657799 -1 49.32624531648159
    endloop
  endfacet
  facet normal 0.7871834806090455 0 -0.6167188726285491
    outer loop
      vertex 10.354032268212688 -40 49.13612949346231
      vertex 10.502978503657799 -1 49.32624531648159
      vertex 10.502978503657799 -40 49.32624531648159
    endloop
  endfacet
  facet normal 0.7071067811865475 0 -0.7071067811865475
    outer loop
      vertex 10.502978503657799 -40 49.32624531648159
      vertex 10.673754683518409 -1 49.4970214963422
      vertex 10.673754683518409 -40 49.4970214963422
    endloop
  endfacet
  facet normal 0.6167188726285555 0 -0.7871834806090403
    outer loop
      vertex 10.673754683518409 -40 49.4970214963422
      vertex 10.863870506537689 -1 49.645967731787316
      vertex 10.863870506537689 -40 49.645967731787316
    endloop
  endfacet
  facet normal 0.5173378141776429 0 -0.855781272301456
    outer loop
      vertex 10.863870506537689 -40 49.645967731787316
      vertex 11.070553655912462 -1 49.77091205130642
      vertex 11.070553655912462 -40 49.77091205130642
    endloop
  endfacet
  facet normal 0.4104128054527573 0 -0.9118998459920897
    outer loop
      vertex 11.070553655912462 -40 49.77091205130642
      vertex 11.290790225914929 -1 49.87003248537083
      vertex 11.290790225914929 -40 49.87003248537083
    endloop
  endfacet
  facet normal 0.29750305385520887 0 -0.9547208665085437
    outer loop
      vertex 11.290790225914929 -40 49.87003248537083
      vertex 11.521368671424884 -1 49.941883634852104
      vertex 11.521368671424884 -40 49.941883634852104
    endloop
  endfacet
  facet normal 0.18025503781389718 0 -0.9836199069471452
    outer loop
      vertex 11.521368671424884 -40 49.941883634852104
      vertex 11.758926639489355 -1 49.985417748196106
      vertex 11.758926639489355 -40 49.985417748196106
    endloop
  endfacet
  facet normal 0.060378497422296236 0 -0.9981755542233168
    outer loop
      vertex 11.758926639489355 -40 49.985417748196106
      vertex 11.995 -1 49.9996975557197
      vertex 11.995 -40 49.9996975557197
    endloop
  endfacet
  facet normal 0.7071067811865475 0 -0.7071067811865475
    outer loop
      vertex 10.502978503657799 -40 49.32624531648159
      vertex 10.502978503657799 -1 49.32624531648159
      vertex 10.673754683518409 -1 49.4970214963422
    endloop
  endfacet
  facet normal 0.6167188726285555 0 -0.7871834806090403
    outer loop
      vertex 10.673754683518409 -40 49.4970214963422
      vertex 10.673754683518409 -1 49.4970214963422
      vertex 10.863870506537689 -1 49.645967731787316
    endloop
  endfacet
  facet normal 0.5173378141776429 0 -0.855781272301456
    outer loop
      vertex 10.863870506537689 -40 49.645967731787316
      vertex 10.863870506537689 -1 49.645967731787316
      vertex 11.070553655912462 -1 49.77091205130642
    endloop
  endfacet
  facet normal 0.4104128054527573 0 -0.9118998459920897
    outer loop
      vertex 11.070553655912462 -40 49.77091205130642
      vertex 11.070553655912462 -1 49.77091205130642
      vertex 11.290790225914929 -1 49.87003248537083
    endloop
  endfacet
  facet normal 0.29750305385520887 0 -0.9547208665085437
    outer loop
      vertex 11.290790225914929 -40 49.87003248537083
      vertex 11.290790225914929 -1 49.87003248537083
      vertex 11.521368671424884 -1 49.941883634852104
    endloop
  endfacet
  facet normal 0.18025503781389718 0 -0.9836199069471452
    outer loop
      vertex 11.521368671424884 -40 49.941883634852104
      vertex 11.521368671424884 -1 49.941883634852104
      vertex 11.758926639489355 -1 49.985417748196106
    endloop
  endfacet
  facet normal 0.060378497422296236 0 -0.9981755542233168
    outer loop
      vertex 11.758926639489355 -40 49.985417748196106
      vertex 11.758926639489355 -1 49.985417748196106
      vertex 11.995 -1 49.9996975557197
    endloop
  endfacet
  facet normal 0.9981755542233174 0 -0.06037849742228686
    outer loop
      vertex 10 1 48
      vertex 10.014582251803892 40 48.24107336051065
      vertex 10.014582251803892 1 48.24107336051065
    endloop
  endfacet
  facet normal 0.9836199069471441 0 -0.18025503781390295
    outer loop
      vertex 10.014582251803892 1 48.24107336051065
      vertex 10.058116365147896 40 48.47863132857512
      vertex 10.058116365147896 1 48.47863132857512
    endloop
  endfacet
  facet normal 0.9547208665085433 0 -0.29750305385521053
    outer loop
      vertex 10.058116365147896 1 48.47863132857512
      vertex 10.12996751462917 40 48.70920977408507
      vertex 10.12996751462917 1 48.70920977408507
    endloop
  endfacet
  facet normal 0.9118998459920924 0 -0.4104128054527519
    outer loop
      vertex 10.12996751462917 1 48.70920977408507
      vertex 10.22908794869358 40 48.92944634408754
      vertex 10.22908794869358 1 48.92944634408754
    endloop
  endfacet
  facet normal 0.8557812723014481 0 -0.5173378141776558
    outer loop
      vertex 10.22908794869358 1 48.92944634408754
      vertex 10.354032268212688 40 49.13612949346231
      vertex 10.354032268212688 1 49.13612949346231
    endloop
  endfacet
  facet normal 0.7871834806090455 0 -0.6167188726285491
    outer loop
      vertex 10.354032268212688 1 49.13612949346231
      vertex 10.502978503657799 40 49.32624531648159
      vertex 10.502978503657799 1 49.32624531648159
    endloop
  endfacet
  facet normal 0.7071067811865475 0 -0.7071067811865475
    outer loop
      vertex 10.502978503657799 1 49.32624531648159
      vertex 10.673754683518409 40 49.4970214963422
      vertex 10.673754683518409 1 49.4970214963422
    endloop
  endfacet
  facet normal 0.6167188726285555 0 -0.7871834806090403
    outer loop
      vertex 10.673754683518409 1 49.4970214963422
      vertex 10.863870506537689 40 49.645967731787316
      vertex 10.863870506537689 1 49.645967731787316
    endloop
  endfacet
  facet normal 0.5173378141776429 0 -0.855781272301456
    outer loop
      vertex 10.863870506537689 1 49.645967731787316
      vertex 11.070553655912462 40 49.77091205130642
      vertex 11.070553655912462 1 49.77091205130642
    endloop
  endfacet
  facet normal 0.4104128054527573 0 -0.9118998459920897
    outer loop
      vertex 11.070553655912462 1 49.77091205130642
      vertex 11.290790225914929 40 49.87003248537083
      vertex 11.290790225914929 1 49.87003248537083
    endloop
  endfacet
  facet normal 0.29750305385520887 0 -0.9547208665085437
    outer loop
      vertex 11.290790225914929 1 49.87003248537083
      vertex 11.521368671424884 40 49.941883634852104
      vertex 11.521368671424884 1 49.941883634852104
    endloop
  endfacet
  facet normal 0.18025503781389718 0 -0.9836199069471452
    outer loop
      vertex 11.521368671424884 1 49.941883634852104
      vertex 11.758926639489355 40 49.985417748196106
      vertex 11.758926639489355 1 49.985417748196106
    endloop
  endfacet
  facet normal 0.060378497422296236 0 -0.9981755542233168
    outer loop
      vertex 11.758926639489355 1 49.985417748196106
      vertex 11.995 40 49.9996975557197
      vertex 11.995 1 49.9996975557197
    endloop
  endfacet
  facet normal 0.9981755542233174 0 -0.06037849742228686
    outer loop
      vertex 10 1 48
      vertex 10 40 48
      vertex 10.014582251803892 40 48.24107336051065
    endloop
  endfacet
  facet normal 0.9836199069471441 0 -0.18025503781390295
    outer loop
      vertex 10.014582251803892 1 48.24107336051065
      vertex 10.014582251803892 40 48.24107336051065
      vertex 10.058116365147896 40 48.47863132857512
    endloop
  endfacet
  facet normal 0.9547208665085433 0 -0.29750305385521053
    outer loop
      vertex 10.058116365147896 1 48.47863132857512
      vertex 10.058116365147896 40 48.47863132857512
      vertex 10.12996751462917 40 48.70920977408507
    endloop
  endfacet
  facet normal 0.9118998459920924 0 -0.4104128054527519
    outer loop
      vertex 10.12996751462917 1 48.70920977408507
      vertex 10.12996751462917 40 48.70920977408507
      vertex 10.22908794869358 40 48.92944634408754
    endloop
  endfacet
  facet normal 0.8557812723014481 0 -0.5173378141776558
    outer loop
      vertex 10.22908794869358 1 48.92944634408754
      vertex 10.22908794869358 40 48.92944634408754
      vertex 10.354032268212688 40 49.13612949346231
    endloop
  endfacet
  facet normal 0.7871834806090455 0 -0.6167188726285491
    outer loop
      vertex 10.354032268212688 1 49.13612949346231
      vertex 10.354032268212688 40 49.13612949346231
      vertex 10.502978503657799 40 49.32624531648159
    endloop
  endfacet
  facet normal 0.7071067811865475 0 -0.7071067811865475
    outer loop
      vertex 10.502978503657799 1 49.32624531648159
      vertex 10.502978503657799 40 49.32624531648159
      vertex 10.673754683518409 40 49.4970214963422
    endloop
  endfacet
  facet normal 0.6167188726285555 0 -0.7871834806090403
    outer loop
      vertex 10.673754683518409 1 49.4970214963422
      vertex 10.673754683518409 40 49.4970214963422
      vertex 10.863870506537689 40 49.645967731787316
    endloop
  endfacet
  facet normal 0.5173378141776429 0 -0.855781272301456
    outer loop
      vertex 10.863870506537689 1 49.645967731787316
      vertex 10.863870506537689 40 49.645967731787316
      vertex 11.070553655912462 40 49.77091205130642
    endloop
  endfacet
  facet normal 0.4104128054527573 0 -0.9118998459920897
    outer loop
      vertex 11.070553655912462 1 49.77091205130642
      vertex 11.070553655912462 40 49.77091205130642
      vertex 11.290790225914929 40 49.87003248537083
    endloop
  endfacet
  facet normal 0.29750305385520887 0 -0.9547208665085437
    outer loop
      vertex 11.290790225914929 1 49.87003248537083
      vertex 11.290790225914929 40 49.87003248537083
      vertex 11.521368671424884 40 49.941883634852104
    endloop
  endfacet
  facet normal 0.18025503781389718 0 -0.9836199069471452
    outer loop
      vertex 11.521368671424884 1 49.941883634852104
      vertex 11.521368671424884 40 49.941883634852104
      vertex 11.758926639489355 40 49.985417748196106
    endloop
  endfacet
  facet normal 0.060378497422296236 0 -0.9981755542233168
    outer loop
      vertex 11.758926639489355 1 49.985417748196106
      vertex 11.758926639489355 40 49.985417748196106
      vertex 11.995 40 49.9996975557197
    endloop
  endfacet
  facet normal 0 -1 0
    outer loop
      vertex -10 -40 35.5
      vertex -5.5 -40 36
      vertex -5.5 -40 38
    endloop
  endfacet
  facet normal 0 -1 0
    outer loop
      vertex -10 -40 35.5
      vertex -5.5 -40 38
      vertex -7 -40 39.5
    endloop
  endfacet
  facet normal 0 -1 0
    outer loop
      vertex -10 -40 35.5
      vertex 10 -40 35.5
      vertex -5.5 -40 36
    endloop
  endfacet
  facet normal 0 -1 0
    outer loop
      vertex -10 -40 35.5
      vertex -7 -40 39.5
      vertex -7 -40 42.5
    endloop
  endfacet
  facet normal 0 -1 0
    outer loop
      vertex -10 -40 35.5
      vertex -7 -40 42.5
      vertex -10 -40 48
    endloop
  endfacet
  facet normal 0 -1 0
    outer loop
      vertex -7 -40 42.5
      vertex -5.5 -40 42.5
      vertex -10 -40 48
    endloop
  endfacet
  facet normal 0 0 -1
    outer loop
      vertex -10 -40 35.5
      vertex -10 -1 35.5
      vertex -0.25 -1 35.5
    endloop
  endfacet
  facet normal 0 0 -1
    outer loop
      vertex -10 -40 35.5
      vertex -0.25 -1 35.5
      vertex 10 -40 35.5
    endloop
  endfacet
  facet normal -1 0 0
    outer loop
      vertex -10 -40 35.5
      vertex -10 -40 48
      vertex -10 -1 35.5
    endloop
  endfacet
  facet normal -1 0 0
    outer loop
      vertex -10 -1 35.5
      vertex -10 -40 48
      vertex -10 -1 48
    endloop
  endfacet
  facet normal 0 -1 0
    outer loop
      vertex -5.5 -40 42.5
      vertex -5.5 -40 50
      vertex -10 -40 48
    endloop
  endfacet
  facet normal 0 -1 0
    outer loop
      vertex -10 -40 48
      vertex -5.5 -40 50
      vertex -9.995 -40 50
    endloop
  endfacet
  facet normal 0 0 -1
    outer loop
      vertex -10 1 35.5
      vertex -10 40 35.5
      vertex 0.25 1 35.5
    endloop
  endfacet
  facet normal -1 0 0
    outer loop
      vertex -10 1 35.5
      vertex -10 1 48
      vertex -10 40 35.5
    endloop
  endfacet
  facet normal 0 1 0
    outer loop
      vertex -10 40 35.5
      vertex -5.5 40 38
      vertex -5.5 40 36
    endloop
  endfacet
  facet normal 0 1 0
    outer loop
      vertex -10 40 35.5
      vertex -7 40 39.5
      vertex -5.5 40 38
    endloop
  endfacet
  facet normal 0 1 0
    outer loop
      vertex -10 40 35.5
      vertex -5.5 40 36
      vertex 5.5 40 36
    endloop
  endfacet
  facet normal 0 1 0
    outer loop
      vertex -10 40 35.5
      vertex -7 40 42.5
      vertex -7 40 39.5
    endloop
  endfacet
  facet normal 0 1 0
    outer loop
      vertex -10 40 35.5
      vertex -9.995 40 48
      vertex -7 40 42.5
    endloop
  endfacet
  facet normal -1 0 0
    outer loop
      vertex -10 40 35.5
      vertex -10 1 48
      vertex -10 40 48
    endloop
  endfacet
  facet normal 0 1 0
    outer loop
      vertex -10 40 35.5
      vertex -10 40 48
      vertex -9.995 40 48
    endloop
  endfacet
  facet normal 0 1 0
    outer loop
      vertex -7 40 42.5
      vertex -9.995 40 48
      vertex -5.5 40 42.5
    endloop
  endfacet
  facet normal 0 1 0
    outer loop
      vertex -5.5 40 42.5
      vertex -9.995 40 48
      vertex -9.995 40 50
    endloop
  endfacet
  facet normal 0 1 0
    outer loop
      vertex -5.5 40 42.5
      vertex -9.995 40 50
      vertex -5.5 40 50
    endloop
  endfacet
  facet normal 0 -1 0
    outer loop
      vertex -5.5 -40 36
      vertex 10 -40 35.5
      vertex 5.5 -40 36
    endloop
  endfacet
  facet normal 0 -1 0
    outer loop
      vertex 5.5 -40 36
      vertex 10 -40 35.5
      vertex 5.5 -40 38
    endloop
  endfacet
  facet normal 0 -1 0
    outer loop
      vertex 10 -40 35.5
      vertex 7 -40 39.5
      vertex 5.5 -40 38
    endloop
  endfacet
  facet normal 0 -1 0
    outer loop
      vertex 10 -40 35.5
      vertex 7 -40 42.5
      vertex 7 -40 39.5
    endloop
  endfacet
  facet normal 0 -1 0
    outer loop
      vertex 10 -40 35.5
      vertex 9.995 -40 48
      vertex 7 -40 42.5
    endloop
  endfacet
  facet normal 0 -1 0
    outer loop
      vertex 5.5 -40 42.5
      vertex 7 -40 42.5
      vertex 9.995 -40 48
    endloop
  endfacet
  facet normal 0 -1 0
    outer loop
      vertex 10 -40 35.5
      vertex 10 -40 48
      vertex 9.995 -40 48
    endloop
  endfacet
  facet normal 0 0 -1
    outer loop
      vertex -0.25 -1 35.5
      vertex 10 -1 35.5
      vertex 10 -40 35.5
    endloop
  endfacet
  facet normal 1 0 0
    outer loop
      vertex 10 -40 35.5
      vertex 10 -1 35.5
      vertex 10 -1 48
    endloop
  endfacet
  facet normal 1 0 0
    outer loop
      vertex 10 -40 35.5
      vertex 10 -1 48
      vertex 10 -40 48
    endloop
  endfacet
  facet normal 0 -1 0
    outer loop
      vertex 5.5 -40 42.5
      vertex 9.995 -40 48
      vertex 9.995 -40 50
    endloop
  endfacet
  facet normal 0 -1 0
    outer loop
      vertex 5.5 -40 42.5
      vertex 9.995 -40 50
      vertex 5.5 -40 50
    endloop
  endfacet
  facet normal 0 0 -1
    outer loop
      vertex 0.25 1 35.5
      vertex 10 40 35.5
      vertex 10 1 35.5
    endloop
  endfacet
  facet normal 1 0 0
    outer loop
      vertex 10 1 35.5
      vertex 10 40 48
      vertex 10 1 48
    endloop
  endfacet
  facet normal 0 0 -1
    outer loop
      vertex -10 40 35.5
      vertex 10 40 35.5
      vertex 0.25 1 35.5
    endloop
  endfacet
  facet normal 0 1 0
    outer loop
      vertex -10 40 35.5
      vertex 5.5 40 36
      vertex 10 40 35.5
    endloop
  endfacet
  facet normal 0 1 0
    outer loop
      vertex 5.5 40 36
      vertex 5.5 40 38
      vertex 10 40 35.5
    endloop
  endfacet
  facet normal 0 1 0
    outer loop
      vertex 10 40 35.5
      vertex 5.5 40 38
      vertex 7 40 39.5
    endloop
  endfacet
  facet normal 0 1 0
    outer loop
      vertex 10 40 35.5
      vertex 7 40 39.5
      vertex 7 40 42.5
    endloop
  endfacet
  facet normal 0 1 0
    outer loop
      vertex 10 40 35.5
      vertex 7 40 42.5
      vertex 10 40 48
    endloop
  endfacet
  facet normal 1 0 0
    outer loop
      vertex 10 1 35.5
      vertex 10 40 35.5
      vertex 10 40 48
    endloop
  endfacet
  facet normal 0 1 0
    outer loop
      vertex 5.5 40 42.5
      vertex 10 40 48
      vertex 7 40 42.5
    endloop
  endfacet
  facet normal 0 1 0
    outer loop
      vertex 5.5 40 42.5
      vertex 5.5 40 50
      vertex 10 40 48
    endloop
  endfacet
  facet normal 0 1 0
    outer loop
      vertex 5.5 40 50
      vertex 9.995 40 50
      vertex 10 40 48
    endloop
  endfacet
  facet normal 0 -1 0
    outer loop
      vertex -24 -1 35.5
      vertex -11.995 -1 49.9996975557197
      vertex -24 -1 48
    endloop
  endfacet
  facet normal 0 -1 0
    outer loop
      vertex -24 -1 35.5
      vertex -10 -1 35.5
      vertex -10 -1 48
    endloop
  endfacet
  facet normal 0 -1 0
    outer loop
      vertex -24 -1 35.5
      vertex -10 -1 48
      vertex -10.014582251803892 -1 48.24107336051065
    endloop
  endfacet
  facet normal 0 -1 0
    outer loop
      vertex -24 -1 35.5
      vertex -10.014582251803892 -1 48.24107336051065
      vertex -10.058116365147896 -1 48.47863132857512
    endloop
  endfacet
  facet normal 0 -1 0
    outer loop
      vertex -24 -1 35.5
      vertex -10.058116365147896 -1 48.47863132857512
      vertex -10.12996751462917 -1 48.70920977408507
    endloop
  endfacet
  facet normal 0 -1 0
    outer loop
      vertex -24 -1 35.5
      vertex -10.12996751462917 -1 48.70920977408507
      vertex -10.22908794869358 -1 48.92944634408754
    endloop
  endfacet
  facet normal 0 -1 0
    outer loop
      vertex -24 -1 35.5
      vertex -10.502978503657797 -1 49.32624531648159
      vertex -10.67375468351841 -1 49.4970214963422
    endloop
  endfacet
  facet normal 0 -1 0
    outer loop
      vertex -24 -1 35.5
      vertex -10.67375468351841 -1 49.4970214963422
      vertex -10.863870506537689 -1 49.645967731787316
    endloop
  endfacet
  facet normal 0 -1 0
    outer loop
      vertex -24 -1 35.5
      vertex -10.22908794869358 -1 48.92944634408754
      vertex -10.354032268212688 -1 49.13612949346231
    endloop
  endfacet
  facet normal 0 -1 0
    outer loop
      vertex -24 -1 35.5
      vertex -10.354032268212688 -1 49.13612949346231
      vertex -10.502978503657797 -1 49.32624531648159
    endloop
  endfacet
  facet normal 0 -1 0
    outer loop
      vertex -24 -1 35.5
      vertex -11.758926639489355 -1 49.985417748196106
      vertex -11.995 -1 49.9996975557197
    endloop
  endfacet
  facet normal 0 -1 0
    outer loop
      vertex -24 -1 35.5
      vertex -11.290790225914929 -1 49.87003248537083
      vertex -11.521368671424884 -1 49.941883634852104
    endloop
  endfacet
  facet normal 0 -1 0
    outer loop
      vertex -24 -1 35.5
      vertex -11.070553655912462 -1 49.77091205130642
      vertex -11.290790225914929 -1 49.87003248537083
    endloop
  endfacet
  facet normal 0 -1 0
    outer loop
      vertex -24 -1 35.5
      vertex -11.521368671424884 -1 49.941883634852104
      vertex -11.758926639489355 -1 49.985417748196106
    endloop
  endfacet
  facet normal 0 -1 0
    outer loop
      vertex -24 -1 35.5
      vertex -10.863870506537689 -1 49.645967731787316
      vertex -11.070553655912462 -1 49.77091205130642
    endloop
  endfacet
  facet normal 0 0 -1
    outer loop
      vertex -24 -1 35.5
      vertex 24 1 35.5
      vertex -10 -1 35.5
    endloop
  endfacet
  facet normal 0 -1 0
    outer loop
      vertex -24 -1 48
      vertex -11.995 -1 49.9996975557197
      vertex -22 -1 50
    endloop
  endfacet
  facet normal 0 -1 0
    outer loop
      vertex -22 -1 50
      vertex -11.995 -1 49.9996975557197
      vertex -11.995 -1 50
    endloop
  endfacet
  facet normal 0 0 -1
    outer loop
      vertex -24 -1 35.5
      vertex -24 1 35.5
      vertex -10 1 35.5
    endloop
  endfacet
  facet normal 0 1 0
    outer loop
      vertex -24 1 35.5
      vertex -10 1 48
      vertex -10 1 35.5
    endloop
  endfacet
  facet normal 0 1 0
    outer loop
      vertex -24 1 35.5
      vertex -24 1 48
      vertex -10 1 48
    endloop
  endfacet
  facet normal 0 0 -1
    outer loop
      vertex -24 -1 35.5
      vertex -10 1 35.5
      vertex 0.25 1 35.5
    endloop
  endfacet
  facet normal 0 0 -1
    outer loop
      vertex -24 -1 35.5
      vertex 0.25 1 35.5
      vertex 10 1 35.5
    endloop
  endfacet
  facet normal 0 1 0
    outer loop
      vertex -24 1 48
      vertex -10.014582251803892 1 48.24107336051065
      vertex -10 1 48
    endloop
  endfacet
  facet normal 0 1 0
    outer loop
      vertex -24 1 48
      vertex -10.058116365147896 1 48.47863132857512
      vertex -10.014582251803892 1 48.24107336051065
    endloop
  endfacet
  facet normal 0 1 0
    outer loop
      vertex -24 1 48
      vertex -11.290790225914929 1 49.87003248537083
      vertex -11.070553655912462 1 49.77091205130642
    endloop
  endfacet
  facet normal 0 1 0
    outer loop
      vertex -24 1 48
      vertex -10.12996751462917 1 48.70920977408507
      vertex -10.058116365147896 1 48.47863132857512
    endloop
  endfacet
  facet normal 0 1 0
    outer loop
      vertex -24 1 48
      vertex -10.22908794869358 1 48.92944634408754
      vertex -10.12996751462917 1 48.70920977408507
    endloop
  endfacet
  facet normal 0 1 0
    outer loop
      vertex -24 1 48
      vertex -10.354032268212688 1 49.13612949346231
      vertex -10.22908794869358 1 48.92944634408754
    endloop
  endfacet
  facet normal 0 1 0
    outer loop
      vertex -24 1 48
      vertex -10.67375468351841 1 49.4970214963422
      vertex -10.502978503657797 1 49.32624531648159
    endloop
  endfacet
  facet normal 0 1 0
    outer loop
      vertex -24 1 48
      vertex -11.070553655912462 1 49.77091205130642
      vertex -10.863870506537689 1 49.645967731787316
    endloop
  endfacet
  facet normal 0 1 0
    outer loop
      vertex -24 1 48
      vertex -10.863870506537689 1 49.645967731787316
      vertex -10.67375468351841 1 49.4970214963422
    endloop
  endfacet
  facet normal 0 1 0
    outer loop
      vertex -24 1 48
      vertex -10.502978503657797 1 49.32624531648159
      vertex -10.354032268212688 1 49.13612949346231
    endloop
  endfacet
  facet normal 0 1 0
    outer loop
      vertex -24 1 48
      vertex -22 1 50
      vertex -11.995 1 49.9996975557197
    endloop
  endfacet
  facet normal 0 1 0
    outer loop
      vertex -24 1 48
      vertex -11.995 1 49.9996975557197
      vertex -11.758926639489355 1 49.985417748196106
    endloop
  endfacet
  facet normal 0 1 0
    outer loop
      vertex -24 1 48
      vertex -11.758926639489355 1 49.985417748196106
      vertex -11.521368671424884 1 49.941883634852104
    endloop
  endfacet
  facet normal 0 1 0
    outer loop
      vertex -24 1 48
      vertex -11.521368671424884 1 49.941883634852104
      vertex -11.290790225914929 1 49.87003248537083
    endloop
  endfacet
  facet normal 0 1 0
    outer loop
      vertex -22 1 50
      vertex -11.995 1 50
      vertex -11.995 1 49.9996975557197
    endloop
  endfacet
  facet normal 0 0 -1
    outer loop
      vertex -10 -1 35.5
      vertex 24 1 35.5
      vertex -0.25 -1 35.5
    endloop
  endfacet
  facet normal 0 0 -1
    outer loop
      vertex -0.25 -1 35.5
      vertex 24 1 35.5
      vertex 10 -1 35.5
    endloop
  endfacet
  facet normal 0 0 -1
    outer loop
      vertex 10 -1 35.5
      vertex 24 1 35.5
      vertex 24 -1 35.5
    endloop
  endfacet
  facet normal 0 -1 0
    outer loop
      vertex 10 -1 35.5
      vertex 24 -1 35.5
      vertex 10 -1 48
    endloop
  endfacet
  facet normal 0 -1 0
    outer loop
      vertex 24 -1 35.5
      vertex 24 -1 48
      vertex 10 -1 48
    endloop
  endfacet
  facet normal 0 -1 0
    outer loop
      vertex 10 -1 48
      vertex 24 -1 48
      vertex 10.014582251803892 -1 48.24107336051065
    endloop
  endfacet
  facet normal 0 -1 0
    outer loop
      vertex 10.014582251803892 -1 48.24107336051065
      vertex 24 -1 48
      vertex 10.058116365147896 -1 48.47863132857512
    endloop
  endfacet
  facet normal 0 -1 0
    outer loop
      vertex 10.058116365147896 -1 48.47863132857512
      vertex 24 -1 48
      vertex 10.12996751462917 -1 48.70920977408507
    endloop
  endfacet
  facet normal 0 -1 0
    outer loop
      vertex 10.12996751462917 -1 48.70920977408507
      vertex 24 -1 48
      vertex 10.22908794869358 -1 48.92944634408754
    endloop
  endfacet
  facet normal 0 -1 0
    outer loop
      vertex 10.22908794869358 -1 48.92944634408754
      vertex 24 -1 48
      vertex 10.354032268212688 -1 49.13612949346231
    endloop
  endfacet
  facet normal 0 -1 0
    outer loop
      vertex 10.354032268212688 -1 49.13612949346231
      vertex 24 -1 48
      vertex 10.502978503657799 -1 49.32624531648159
    endloop
  endfacet
  facet normal 0 -1 0
    outer loop
      vertex 10.502978503657799 -1 49.32624531648159
      vertex 24 -1 48
      vertex 10.673754683518409 -1 49.4970214963422
    endloop
  endfacet
  facet normal 0 -1 0
    outer loop
      vertex 10.673754683518409 -1 49.4970214963422
      vertex 24 -1 48
      vertex 10.863870506537689 -1 49.645967731787316
    endloop
  endfacet
  facet normal 0 -1 0
    outer loop
      vertex 10.863870506537689 -1 49.645967731787316
      vertex 24 -1 48
      vertex 11.070553655912462 -1 49.77091205130642
    endloop
  endfacet
  facet normal 0 -1 0
    outer loop
      vertex 11.070553655912462 -1 49.77091205130642
      vertex 24 -1 48
      vertex 11.290790225914929 -1 49.87003248537083
    endloop
  endfacet
  facet normal 0 -1 0
    outer loop
      vertex 11.995 -1 49.9996975557197
      vertex 22 -1 50
      vertex 11.995 -1 50
    endloop
  endfacet
  facet normal 0 -1 0
    outer loop
      vertex 11.290790225914929 -1 49.87003248537083
      vertex 24 -1 48
      vertex 11.521368671424884 -1 49.941883634852104
    endloop
  endfacet
  facet normal 0 -1 0
    outer loop
      vertex 11.521368671424884 -1 49.941883634852104
      vertex 24 -1 48
      vertex 11.758926639489355 -1 49.985417748196106
    endloop
  endfacet
  facet normal 0 -1 0
    outer loop
      vertex 11.758926639489355 -1 49.985417748196106
      vertex 24 -1 48
      vertex 11.995 -1 49.9996975557197
    endloop
  endfacet
  facet normal 0 -1 0
    outer loop
      vertex 11.995 -1 49.9996975557197
      vertex 24 -1 48
      vertex 22 -1 50
    endloop
  endfacet
  facet normal 0 0 -1
    outer loop
      vertex -24 -1 35.5
      vertex 10 1 35.5
      vertex 24 1 35.5
    endloop
  endfacet
  facet normal 0 1 0
    outer loop
      vertex 10 1 35.5
      vertex 10 1 48
      vertex 24 1 35.5
    endloop
  endfacet
  facet normal 0 1 0
    outer loop
      vertex 24 1 35.5
      vertex 10 1 48
      vertex 10.014582251803892 1 48.24107336051065
    endloop
  endfacet
  facet normal 0 1 0
    outer loop
      vertex 24 1 35.5
      vertex 10.014582251803892 1 48.24107336051065
      vertex 10.058116365147896 1 48.47863132857512
    endloop
  endfacet
  facet normal 0 1 0
    outer loop
      vertex 24 1 35.5
      vertex 10.058116365147896 1 48.47863132857512
      vertex 10.12996751462917 1 48.70920977408507
    endloop
  endfacet
  facet normal 0 1 0
    outer loop
      vertex 24 1 35.5
      vertex 10.12996751462917 1 48.70920977408507
      vertex 10.22908794869358 1 48.92944634408754
    endloop
  endfacet
  facet normal 0 1 0
    outer loop
      vertex 24 1 35.5
      vertex 10.22908794869358 1 48.92944634408754
      vertex 10.354032268212688 1 49.13612949346231
    endloop
  endfacet
  facet normal 0 1 0
    outer loop
      vertex 24 1 35.5
      vertex 10.354032268212688 1 49.13612949346231
      vertex 10.502978503657799 1 49.32624531648159
    endloop
  endfacet
  facet normal 0 1 0
    outer loop
      vertex 24 1 35.5
      vertex 10.502978503657799 1 49.32624531648159
      vertex 10.673754683518409 1 49.4970214963422
    endloop
  endfacet
  facet normal 0 1 0
    outer loop
      vertex 24 1 35.5
      vertex 10.673754683518409 1 49.4970214963422
      vertex 10.863870506537689 1 49.645967731787316
    endloop
  endfacet
  facet normal 0 1 0
    outer loop
      vertex 24 1 35.5
      vertex 10.863870506537689 1 49.645967731787316
      vertex 11.070553655912462 1 49.77091205130642
    endloop
  endfacet
  facet normal 0 1 0
    outer loop
      vertex 24 1 35.5
      vertex 11.070553655912462 1 49.77091205130642
      vertex 11.290790225914929 1 49.87003248537083
    endloop
  endfacet
  facet normal 0 1 0
    outer loop
      vertex 24 1 35.5
      vertex 11.290790225914929 1 49.87003248537083
      vertex 11.521368671424884 1 49.941883634852104
    endloop
  endfacet
  facet normal 0 1 0
    outer loop
      vertex 24 1 35.5
      vertex 11.521368671424884 1 49.941883634852104
      vertex 11.758926639489355 1 49.985417748196106
    endloop
  endfacet
  facet normal 0 1 0
    outer loop
      vertex 24 1 35.5
      vertex 11.758926639489355 1 49.985417748196106
      vertex 11.995 1 49.9996975557197
    endloop
  endfacet
  facet normal 0 1 0
    outer loop
      vertex 24 1 35.5
      vertex 11.995 1 49.9996975557197
      vertex 24 1 48
    endloop
  endfacet
  facet normal 0 1 0
    outer loop
      vertex 11.995 1 49.9996975557197
      vertex 11.995 1 50
      vertex 22 1 50
    endloop
  endfacet
  facet normal 0 1 0
    outer loop
      vertex 11.995 1 49.9996975557197
      vertex 22 1 50
      vertex 24 1 48
    endloop
  endfacet
  facet normal 1 0 0
    outer loop
      vertex -5.5 -40 36
      vertex -5.5 40 36
      vertex -5.5 -40 38
    endloop
  endfacet
  facet normal 1 0 0
    outer loop
      vertex -5.5 -40 42.5
      vertex -5.5 40 42.5
      vertex -5.5 -40 50
    endloop
  endfacet
  facet normal 1 0 0
    outer loop
      vertex -5.5 -40 38
      vertex -5.5 40 36
      vertex -5.5 40 38
    endloop
  endfacet
  facet normal 0 0 1
    outer loop
      vertex -5.5 -40 36
      vertex 5.5 40 36
      vertex -5.5 40 36
    endloop
  endfacet
  facet normal 1 0 0
    outer loop
      vertex -5.5 -40 50
      vertex -5.5 40 42.5
      vertex -5.5 40 50
    endloop
  endfacet
  facet normal 0 0 1
    outer loop
      vertex -5.5 -40 36
      vertex 5.5 -40 36
      vertex 5.5 40 36
    endloop
  endfacet
  facet normal -1 0 0
    outer loop
      vertex 5.5 -40 36
      vertex 5.5 -40 38
      vertex 5.5 40 38
    endloop
  endfacet
  facet normal -1 0 0
    outer loop
      vertex 5.5 -40 42.5
      vertex 5.5 -40 50
      vertex 5.5 40 50
    endloop
  endfacet
  facet normal -1 0 0
    outer loop
      vertex 5.5 -40 36
      vertex 5.5 40 38
      vertex 5.5 40 36
    endloop
  endfacet
  facet normal -1 0 0
    outer loop
      vertex 5.5 -40 42.5
      vertex 5.5 40 50
      vertex 5.5 40 42.5
    endloop
  endfacet
  facet normal 0 0 -1
    outer loop
      vertex -3.6321868542323665 -5.932587076868206 50.05
      vertex -3.720430129929292 -5.46999962586614 50.05
      vertex -3.6321868542323665 -4.067412923131794 50.05
    endloop
  endfacet
  facet normal 0 0 -1
    outer loop
      vertex -3.486661822080943 -6.3804670725675425 50.05
      vertex -3.6321868542323665 -5.932587076868206 50.05
      vertex -3.486661822080943 -3.619532927432458 50.05
    endloop
  endfacet
  facet normal 0 0 -1
    outer loop
      vertex -3.486661822080943 -6.3804670725675425 50.05
      vertex -3.286150050164488 -3.1934237221185673 50.05
      vertex -3.286150050164488 -6.806576277881433 50.05
    endloop
  endfacet
  facet normal 0 0 -1
    outer loop
      vertex -3.720430129929292 -5.46999962586614 50.05
      vertex -3.75 -5 50.05
      vertex -3.720430129929292 -4.53000037413386 50.05
    endloop
  endfacet
  facet normal 0 0 -1
    outer loop
      vertex -3.720430129929292 -5.46999962586614 50.05
      vertex -3.720430129929292 -4.53000037413386 50.05
      vertex -3.6321868542323665 -4.067412923131794 50.05
    endloop
  endfacet
  facet normal 0 0 -1
    outer loop
      vertex -3.6321868542323665 -5.932587076868206 50.05
      vertex -3.6321868542323665 -4.067412923131794 50.05
      vertex -3.486661822080943 -3.619532927432458 50.05
    endloop
  endfacet
  facet normal 0 0 -1
    outer loop
      vertex -3.486661822080943 -6.3804670725675425 50.05
      vertex -3.486661822080943 -3.619532927432458 50.05
      vertex -3.286150050164488 -3.1934237221185673 50.05
    endloop
  endfacet
  facet normal -0.9822872507286887 -0.1873813145857249 0
    outer loop
      vertex -3.6321868542323665 -5.932587076868206 50.05
      vertex -3.720430129929292 -5.46999962586614 52.05
      vertex -3.720430129929292 -5.46999962586614 50.05
    endloop
  endfacet
  facet normal -0.9980267284282716 -0.06279051952931299 0
    outer loop
      vertex -3.720430129929292 -5.46999962586614 50.05
      vertex -3.75 -5 52.05
      vertex -3.75 -5 50.05
    endloop
  endfacet
  facet normal -0.9510565162951538 -0.30901699437494656 0
    outer loop
      vertex -3.486661822080943 -6.3804670725675425 50.05
      vertex -3.6321868542323665 -5.932587076868206 52.05
      vertex -3.6321868542323665 -5.932587076868206 50.05
    endloop
  endfacet
  facet normal -0.904827052466019 -0.4257792915650738 0
    outer loop
      vertex -3.486661822080943 -6.3804670725675425 50.05
      vertex -3.286150050164488 -6.806576277881433 50.05
      vertex -3.486661822080943 -6.3804670725675425 52.05
    endloop
  endfacet
  facet normal -0.9980267284282716 0.06279051952931299 0
    outer loop
      vertex -3.75 -5 50.05
      vertex -3.720430129929292 -4.53000037413386 52.05
      vertex -3.720430129929292 -4.53000037413386 50.05
    endloop
  endfacet
  facet normal -0.9822872507286887 0.1873813145857249 0
    outer loop
      vertex -3.720430129929292 -4.53000037413386 50.05
      vertex -3.6321868542323665 -4.067412923131794 52.05
      vertex -3.6321868542323665 -4.067412923131794 50.05
    endloop
  endfacet
  facet normal -0.9510565162951538 0.30901699437494684 0
    outer loop
      vertex -3.6321868542323665 -4.067412923131794 50.05
      vertex -3.486661822080943 -3.619532927432458 52.05
      vertex -3.486661822080943 -3.619532927432458 50.05
    endloop
  endfacet
  facet normal -0.904827052466019 0.4257792915650738 0
    outer loop
      vertex -3.486661822080943 -3.619532927432458 50.05
      vertex -3.286150050164488 -3.1934237221185673 52.05
      vertex -3.286150050164488 -3.1934237221185673 50.05
    endloop
  endfacet
  facet normal -0.9822872507286887 -0.1873813145857249 0
    outer loop
      vertex -3.6321868542323665 -5.932587076868206 50.05
      vertex -3.6321868542323665 -5.932587076868206 52.05
      vertex -3.720430129929292 -5.46999962586614 52.05
    endloop
  endfacet
  facet normal -0.9980267284282716 -0.06279051952931299 0
    outer loop
      vertex -3.720430129929292 -5.46999962586614 50.05
      vertex -3.720430129929292 -5.46999962586614 52.05
      vertex -3.75 -5 52.05
    endloop
  endfacet
  facet normal -0.9510565162951538 -0.30901699437494656 0
    outer loop
      vertex -3.486661822080943 -6.3804670725675425 50.05
      vertex -3.486661822080943 -6.3804670725675425 52.05
      vertex -3.6321868542323665 -5.932587076868206 52.05
    endloop
  endfacet
  facet normal -0.904827052466019 -0.4257792915650738 0
    outer loop
      vertex -3.486661822080943 -6.3804670725675425 52.05
      vertex -3.286150050164488 -6.806576277881433 50.05
      vertex -3.286150050164488 -6.806576277881433 52.05
    endloop
  endfacet
  facet normal -0.9980267284282716 0.06279051952931299 0
    outer loop
      vertex -3.75 -5 50.05
      vertex -3.75 -5 52.05
      vertex -3.720430129929292 -4.53000037413386 52.05
    endloop
  endfacet
  facet normal -0.9822872507286887 0.1873813145857249 0
    outer loop
      vertex -3.720430129929292 -4.53000037413386 50.05
      vertex -3.720430129929292 -4.53000037413386 52.05
      vertex -3.6321868542323665 -4.067412923131794 52.05
    endloop
  endfacet
  facet normal -0.9510565162951538 0.30901699437494684 0
    outer loop
      vertex -3.6321868542323665 -4.067412923131794 50.05
      vertex -3.6321868542323665 -4.067412923131794 52.05
      vertex -3.486661822080943 -3.619532927432458 52.05
    endloop
  endfacet
  facet normal -0.904827052466019 0.4257792915650738 0
    outer loop
      vertex -3.486661822080943 -3.619532927432458 50.05
      vertex -3.486661822080943 -3.619532927432458 52.05
      vertex -3.286150050164488 -3.1934237221185673 52.05
    endloop
  endfacet
  facet normal 0 0 -1
    outer loop
      vertex -2.009350481171238 -8.166229720632556 50.05
      vertex -1.5806200260100274 -5.625811739563952 50.05
      vertex -1.5966723433690215 -8.393101446747574 50.05
    endloop
  endfacet
  facet normal -0.8443279255020155 -0.535826794978996 0
    outer loop
      vertex -3.033813728906053 -7.204194696096774 50.05
      vertex -3.286150050164488 -6.806576277881433 52.05
      vertex -3.286150050164488 -6.806576277881433 50.05
    endloop
  endfacet
  facet normal -0.7705132427757888 -0.6374239897486902 0
    outer loop
      vertex -2.733632352830294 -7.5670516472325815 50.05
      vertex -3.033813728906053 -7.204194696096774 52.05
      vertex -3.033813728906053 -7.204194696096774 50.05
    endloop
  endfacet
  facet normal -0.6845471059286891 -0.7289686274214112 0
    outer loop
      vertex -2.733632352830294 -7.5670516472325815 50.05
      vertex -2.390339961557586 -7.88942466040921 50.05
      vertex -2.390339961557586 -7.88942466040921 52.05
    endloop
  endfacet
  facet normal -0.5877852522924727 -0.8090169943749478 0
    outer loop
      vertex -2.390339961557586 -7.88942466040921 50.05
      vertex -2.009350481171238 -8.166229720632556 50.05
      vertex -2.009350481171238 -8.166229720632556 52.05
    endloop
  endfacet
  facet normal -0.48175367410171593 -0.8763066800438633 0
    outer loop
      vertex -2.009350481171238 -8.166229720632556 50.05
      vertex -1.5966723433690215 -8.393101446747574 50.05
      vertex -1.5966723433690215 -8.393101446747574 52.05
    endloop
  endfacet
  facet normal 0 0 -1
    outer loop
      vertex -1.5966723433690215 -8.393101446747574 50.05
      vertex -1.0836207825727724 -6.309872512718842 50.05
      vertex -1.1588137289060527 -8.566461936106826 50.05
    endloop
  endfacet
  facet normal 0 0 -1
    outer loop
      vertex -1.5966723433690215 -8.393101446747574 50.05
      vertex -1.3753288904374106 -5.999234928897204 50.05
      vertex -1.2392466666163997 -6.16373008007877 50.05
    endloop
  endfacet
  facet normal 0 0 -1
    outer loop
      vertex -1.5966723433690215 -8.393101446747574 50.05
      vertex -1.2392466666163997 -6.16373008007877 50.05
      vertex -1.0836207825727724 -6.309872512718842 50.05
    endloop
  endfacet
  facet normal 0 0 -1
    outer loop
      vertex -1.1588137289060527 -8.566461936106826 50.05
      vertex -1.0836207825727724 -6.309872512718842 50.05
      vertex -0.9109055514642945 -6.435357473353426 50.05
    endloop
  endfacet
  facet normal 0 0 -1
    outer loop
      vertex -1.1588137289060527 -8.566461936106826 50.05
      vertex -0.9109055514642945 -6.435357473353426 50.05
      vertex -0.7238247956606231 -6.5382059891922335 50.05
    endloop
  endfacet
  facet normal 0 0 -1
    outer loop
      vertex -1.1588137289060527 -8.566461936106826 50.05
      vertex -0.5253288904374106 -6.6167960777017605 50.05
      vertex -0.7026799296964681 -8.683577190232583 50.05
    endloop
  endfacet
  facet normal 0 0 -1
    outer loop
      vertex -1.1588137289060527 -8.566461936106826 50.05
      vertex -0.7238247956606231 -6.5382059891922335 50.05
      vertex -0.5253288904374106 -6.6167960777017605 50.05
    endloop
  endfacet
  facet normal 0 0 -1
    outer loop
      vertex -0.7026799296964681 -8.683577190232583 50.05
      vertex -0.5253288904374106 -6.6167960777017605 50.05
      vertex -0.3185482347957322 -6.6698883262387705 50.05
    endloop
  endfacet
  facet normal 0 0 -1
    outer loop
      vertex -0.7026799296964681 -8.683577190232583 50.05
      vertex -0.1067438831998334 -6.696645438328062 50.05
      vertex -0.2354644482349266 -8.74260023160602 50.05
    endloop
  endfacet
  facet normal 0 0 -1
    outer loop
      vertex -0.2354644482349266 -8.74260023160602 50.05
      vertex -0.1067438831998334 -6.696645438328062 50.05
      vertex 0.2354644482349266 -8.74260023160602 50.05
    endloop
  endfacet
  facet normal 0 0 -1
    outer loop
      vertex -0.7026799296964681 -8.683577190232583 50.05
      vertex -0.3185482347957322 -6.6698883262387705 50.05
      vertex -0.1067438831998334 -6.696645438328062 50.05
    endloop
  endfacet
  facet normal -0.3681245526846781 -0.9297764858882513 0
    outer loop
      vertex -1.5966723433690215 -8.393101446747574 50.05
      vertex -1.1588137289060527 -8.566461936106826 50.05
      vertex -1.1588137289060527 -8.566461936106826 52.05
    endloop
  endfacet
  facet normal -0.24868988716485585 -0.968583161128631 0
    outer loop
      vertex -1.1588137289060527 -8.566461936106826 50.05
      vertex -0.7026799296964681 -8.683577190232583 50.05
      vertex -0.7026799296964681 -8.683577190232583 52.05
    endloop
  endfacet
  facet normal -0.12533323356430498 -0.9921147013144778 -1.1050862384834797e-17
    outer loop
      vertex -0.7026799296964681 -8.683577190232583 50.05
      vertex -0.2354644482349266 -8.74260023160602 50.05
      vertex -0.2354644482349268 -8.74260023160602 52.05
    endloop
  endfacet
  facet normal -0.8443279255020155 -0.535826794978996 0
    outer loop
      vertex -3.033813728906053 -7.204194696096774 50.05
      vertex -3.033813728906053 -7.204194696096774 52.05
      vertex -3.286150050164488 -6.806576277881433 52.05
    endloop
  endfacet
  facet normal -0.6845471059286891 -0.7289686274214112 0
    outer loop
      vertex -2.733632352830294 -7.5670516472325815 50.05
      vertex -2.390339961557586 -7.88942466040921 52.05
      vertex -2.733632352830294 -7.5670516472325815 52.05
    endloop
  endfacet
  facet normal -0.7705132427757888 -0.6374239897486902 0
    outer loop
      vertex -2.733632352830294 -7.5670516472325815 50.05
      vertex -2.733632352830294 -7.5670516472325815 52.05
      vertex -3.033813728906053 -7.204194696096774 52.05
    endloop
  endfacet
  facet normal -0.5877852522924727 -0.8090169943749478 0
    outer loop
      vertex -2.390339961557586 -7.88942466040921 50.05
      vertex -2.009350481171238 -8.166229720632556 52.05
      vertex -2.390339961557586 -7.88942466040921 52.05
    endloop
  endfacet
  facet normal -0.48175367410171593 -0.8763066800438633 0
    outer loop
      vertex -2.009350481171238 -8.166229720632556 50.05
      vertex -1.5966723433690215 -8.393101446747574 52.05
      vertex -2.009350481171238 -8.166229720632556 52.05
    endloop
  endfacet
  facet normal -0.3681245526846781 -0.9297764858882513 0
    outer loop
      vertex -1.5966723433690215 -8.393101446747574 50.05
      vertex -1.1588137289060527 -8.566461936106826 52.05
      vertex -1.5966723433690215 -8.393101446747574 52.05
    endloop
  endfacet
  facet normal -0.24868988716485585 -0.968583161128631 0
    outer loop
      vertex -1.1588137289060527 -8.566461936106826 50.05
      vertex -0.7026799296964681 -8.683577190232583 52.05
      vertex -1.1588137289060527 -8.566461936106826 52.05
    endloop
  endfacet
  facet normal -0.125333233564305 -0.9921147013144777 0
    outer loop
      vertex -0.7026799296964681 -8.683577190232583 50.05
      vertex -0.2354644482349268 -8.74260023160602 52.05
      vertex -0.7026799296964681 -8.683577190232583 52.05
    endloop
  endfacet
  facet normal 0 -1 0
    outer loop
      vertex -0.2354644482349266 -8.74260023160602 50.05
      vertex 0.2354644482349266 -8.74260023160602 52.05
      vertex -0.2354644482349268 -8.74260023160602 52.05
    endloop
  endfacet
  facet normal 0 0 -1
    outer loop
      vertex -3.033813728906053 -7.204194696096774 50.05
      vertex -3.286150050164488 -6.806576277881433 50.05
      vertex -3.033813728906053 -2.795805303903226 50.05
    endloop
  endfacet
  facet normal 0 0 -1
    outer loop
      vertex -2.733632352830294 -7.5670516472325815 50.05
      vertex -3.033813728906053 -7.204194696096774 50.05
      vertex -2.733632352830294 -2.432948352767418 50.05
    endloop
  endfacet
  facet normal 0 0 -1
    outer loop
      vertex -2.733632352830294 -7.5670516472325815 50.05
      vertex -2.390339961557586 -2.11057533959079 50.05
      vertex -2.390339961557586 -7.88942466040921 50.05
    endloop
  endfacet
  facet normal 0 0 -1
    outer loop
      vertex -3.286150050164488 -6.806576277881433 50.05
      vertex -3.286150050164488 -3.1934237221185673 50.05
      vertex -3.033813728906053 -2.795805303903226 50.05
    endloop
  endfacet
  facet normal 0 0 -1
    outer loop
      vertex -3.033813728906053 -7.204194696096774 50.05
      vertex -3.033813728906053 -2.795805303903226 50.05
      vertex -2.733632352830294 -2.432948352767418 50.05
    endloop
  endfacet
  facet normal 0 0 -1
    outer loop
      vertex -2.733632352830294 -7.5670516472325815 50.05
      vertex -2.733632352830294 -2.432948352767418 50.05
      vertex -2.390339961557586 -2.11057533959079 50.05
    endloop
  endfacet
  facet normal 0 0 -1
    outer loop
      vertex -2.390339961557586 -7.88942466040921 50.05
      vertex -2.009350481171238 -1.8337702793674437 50.05
      vertex -2.009350481171238 -8.166229720632556 50.05
    endloop
  endfacet
  facet normal 0 0 -1
    outer loop
      vertex -2.009350481171238 -8.166229720632556 50.05
      vertex -1.6465913739186728 -5.4227728081802535 50.05
      vertex -1.5806200260100274 -5.625811739563952 50.05
    endloop
  endfacet
  facet normal 0 0 -1
    outer loop
      vertex -2.009350481171238 -8.166229720632556 50.05
      vertex -1.6865949922346124 -5.213066497059317 50.05
      vertex -1.6465913739186728 -5.4227728081802535 50.05
    endloop
  endfacet
  facet normal 0 0 -1
    outer loop
      vertex -2.009350481171238 -8.166229720632556 50.05
      vertex -1.7 -5 50.05
      vertex -1.6865949922346124 -5.213066497059317 50.05
    endloop
  endfacet
  facet normal 0 0 -1
    outer loop
      vertex -2.009350481171238 -8.166229720632556 50.05
      vertex -1.6865949922346124 -4.786933502940683 50.05
      vertex -1.7 -5 50.05
    endloop
  endfacet
  facet normal 0 0 -1
    outer loop
      vertex -2.390339961557586 -7.88942466040921 50.05
      vertex -2.390339961557586 -2.11057533959079 50.05
      vertex -2.009350481171238 -1.8337702793674437 50.05
    endloop
  endfacet
  facet normal 0 0 -1
    outer loop
      vertex -2.009350481171238 -8.166229720632556 50.05
      vertex -1.5966723433690226 -1.6068985532524271 50.05
      vertex -1.6865949922346124 -4.786933502940683 50.05
    endloop
  endfacet
  facet normal 0 0 -1
    outer loop
      vertex -2.009350481171238 -8.166229720632556 50.05
      vertex -2.009350481171238 -1.8337702793674437 50.05
      vertex -1.5966723433690226 -1.6068985532524271 50.05
    endloop
  endfacet
  facet normal 0 0 -1
    outer loop
      vertex -1.6865949922346124 -4.786933502940683 50.05
      vertex -1.5966723433690226 -1.6068985532524271 50.05
      vertex -1.6465913739186728 -4.5772271918197465 50.05
    endloop
  endfacet
  facet normal -0.8443279255020159 0.5358267949789957 0
    outer loop
      vertex -3.286150050164488 -3.1934237221185673 50.05
      vertex -3.033813728906053 -2.795805303903226 52.05
      vertex -3.033813728906053 -2.795805303903226 50.05
    endloop
  endfacet
  facet normal -0.7705132427757891 0.6374239897486897 0
    outer loop
      vertex -3.033813728906053 -2.795805303903226 50.05
      vertex -2.733632352830294 -2.432948352767418 52.05
      vertex -2.733632352830294 -2.432948352767418 50.05
    endloop
  endfacet
  facet normal -0.6845471059286885 0.7289686274214117 0
    outer loop
      vertex -2.733632352830294 -2.432948352767418 50.05
      vertex -2.733632352830294 -2.432948352767418 52.05
      vertex -2.390339961557586 -2.11057533959079 50.05
    endloop
  endfacet
  facet normal -0.5877852522924732 0.8090169943749473 0
    outer loop
      vertex -2.390339961557586 -2.11057533959079 50.05
      vertex -2.390339961557586 -2.11057533959079 52.05
      vertex -2.009350481171238 -1.8337702793674437 50.05
    endloop
  endfacet
  facet normal -0.48175367410171477 0.8763066800438638 0
    outer loop
      vertex -2.009350481171238 -1.8337702793674437 50.05
      vertex -2.009350481171238 -1.8337702793674437 52.05
      vertex -1.5966723433690226 -1.6068985532524271 50.05
    endloop
  endfacet
  facet normal 0 0 -1
    outer loop
      vertex -1.5966723433690215 -8.393101446747574 50.05
      vertex -1.5806200260100274 -5.625811739563952 50.05
      vertex -1.489721356074568 -5.818981245972916 50.05
    endloop
  endfacet
  facet normal 0 0 -1
    outer loop
      vertex -1.5966723433690215 -8.393101446747574 50.05
      vertex -1.489721356074568 -5.818981245972916 50.05
      vertex -1.3753288904374106 -5.999234928897204 50.05
    endloop
  endfacet
  facet normal 0 0 -1
    outer loop
      vertex -1.6465913739186728 -4.5772271918197465 50.05
      vertex -1.5966723433690226 -1.6068985532524271 50.05
      vertex -1.5806200260100274 -4.374188260436048 50.05
    endloop
  endfacet
  facet normal 0 0 -1
    outer loop
      vertex -1.5806200260100274 -4.374188260436048 50.05
      vertex -1.5966723433690226 -1.6068985532524271 50.05
      vertex -1.489721356074568 -4.181018754027084 50.05
    endloop
  endfacet
  facet normal 0 0 -1
    outer loop
      vertex -1.489721356074568 -4.181018754027084 50.05
      vertex -1.5966723433690226 -1.6068985532524271 50.05
      vertex -1.3753288904374106 -4.000765071102796 50.05
    endloop
  endfacet
  facet normal 0 0 -1
    outer loop
      vertex -1.3753288904374106 -4.000765071102796 50.05
      vertex -1.1588137289060527 -1.4335380638931743 50.05
      vertex -1.2392466666163997 -3.8362699199212296 50.05
    endloop
  endfacet
  facet normal 0 0 -1
    outer loop
      vertex -1.3753288904374106 -4.000765071102796 50.05
      vertex -1.5966723433690226 -1.6068985532524271 50.05
      vertex -1.1588137289060527 -1.4335380638931743 50.05
    endloop
  endfacet
  facet normal 0 0 -1
    outer loop
      vertex -1.2392466666163997 -3.8362699199212296 50.05
      vertex -1.1588137289060527 -1.4335380638931743 50.05
      vertex -1.0836207825727724 -3.690127487281158 50.05
    endloop
  endfacet
  facet normal 0 0 -1
    outer loop
      vertex -1.0836207825727724 -3.690127487281158 50.05
      vertex -1.1588137289060527 -1.4335380638931743 50.05
      vertex -0.9109055514642945 -3.5646425266465744 50.05
    endloop
  endfacet
  facet normal 0 0 -1
    outer loop
      vertex -0.9109055514642945 -3.5646425266465744 50.05
      vertex -1.1588137289060527 -1.4335380638931743 50.05
      vertex -0.7026799296964672 -1.3164228097674173 50.05
    endloop
  endfacet
  facet normal 0 0 -1
    outer loop
      vertex -0.9109055514642945 -3.5646425266465744 50.05
      vertex -0.7026799296964672 -1.3164228097674173 50.05
      vertex -0.7238247956606236 -3.461794010807767 50.05
    endloop
  endfacet
  facet normal 0 0 -1
    outer loop
      vertex -0.7238247956606236 -3.461794010807767 50.05
      vertex -0.7026799296964672 -1.3164228097674173 50.05
      vertex -0.5253288904374106 -3.383203922298239 50.05
    endloop
  endfacet
  facet normal 0 0 -1
    outer loop
      vertex -0.5253288904374106 -3.383203922298239 50.05
      vertex -0.7026799296964672 -1.3164228097674173 50.05
      vertex -0.2354644482349248 -1.2573997683939817 50.05
    endloop
  endfacet
  facet normal 0 0 -1
    outer loop
      vertex -0.5253288904374106 -3.383203922298239 50.05
      vertex -0.2354644482349248 -1.2573997683939817 50.05
      vertex -0.31854823479573174 -3.3301116737612295 50.05
    endloop
  endfacet
  facet normal 0 0 -1
    outer loop
      vertex -0.31854823479573174 -3.3301116737612295 50.05
      vertex -0.2354644482349248 -1.2573997683939817 50.05
      vertex -0.10674388319983256 -3.3033545616719384 50.05
    endloop
  endfacet
  facet normal 0 0 -1
    outer loop
      vertex -0.10674388319983256 -3.3033545616719384 50.05
      vertex -0.2354644482349248 -1.2573997683939817 50.05
      vertex 0.10674388319983209 -3.3033545616719384 50.05
    endloop
  endfacet
  facet normal -0.3681245526846781 0.9297764858882513 0
    outer loop
      vertex -1.5966723433690226 -1.6068985532524271 50.05
      vertex -1.5966723433690226 -1.6068985532524271 52.05
      vertex -1.1588137289060527 -1.4335380638931743 50.05
    endloop
  endfacet
  facet normal -0.24868988716485538 0.968583161128631 0
    outer loop
      vertex -1.1588137289060527 -1.4335380638931743 50.05
      vertex -1.1588137289060527 -1.4335380638931743 52.05
      vertex -0.7026799296964672 -1.3164228097674173 50.05
    endloop
  endfacet
  facet normal -0.12533323356430381 0.9921147013144779 0
    outer loop
      vertex -0.7026799296964672 -1.3164228097674173 50.05
      vertex -0.7026799296964672 -1.3164228097674173 52.05
      vertex -0.2354644482349248 -1.2573997683939817 50.05
    endloop
  endfacet
  facet normal 0 1 0
    outer loop
      vertex -0.2354644482349248 -1.2573997683939817 50.05
      vertex -0.2354644482349248 -1.2573997683939817 52.05
      vertex 0.2354644482349248 -1.2573997683939817 50.05
    endloop
  endfacet
  facet normal -0.8443279255020159 0.5358267949789957 0
    outer loop
      vertex -3.286150050164488 -3.1934237221185673 50.05
      vertex -3.286150050164488 -3.1934237221185673 52.05
      vertex -3.033813728906053 -2.795805303903226 52.05
    endloop
  endfacet
  facet normal -0.7705132427757891 0.6374239897486897 0
    outer loop
      vertex -3.033813728906053 -2.795805303903226 50.05
      vertex -3.033813728906053 -2.795805303903226 52.05
      vertex -2.733632352830294 -2.432948352767418 52.05
    endloop
  endfacet
  facet normal -0.6845471059286885 0.7289686274214117 0
    outer loop
      vertex -2.390339961557586 -2.11057533959079 50.05
      vertex -2.733632352830294 -2.432948352767418 52.05
      vertex -2.390339961557586 -2.11057533959079 52.05
    endloop
  endfacet
  facet normal -0.5877852522924732 0.8090169943749473 0
    outer loop
      vertex -2.009350481171238 -1.8337702793674437 50.05
      vertex -2.390339961557586 -2.11057533959079 52.05
      vertex -2.009350481171238 -1.8337702793674437 52.05
    endloop
  endfacet
  facet normal -0.48175367410171477 0.8763066800438638 0
    outer loop
      vertex -2.009350481171238 -1.8337702793674437 52.05
      vertex -1.5966723433690226 -1.6068985532524271 52.05
      vertex -1.5966723433690226 -1.6068985532524271 50.05
    endloop
  endfacet
  facet normal -0.3681245526846781 0.9297764858882513 0
    outer loop
      vertex -1.1588137289060527 -1.4335380638931743 50.05
      vertex -1.5966723433690226 -1.6068985532524271 52.05
      vertex -1.1588137289060527 -1.4335380638931743 52.05
    endloop
  endfacet
  facet normal -0.24868988716485538 0.968583161128631 0
    outer loop
      vertex -0.7026799296964672 -1.3164228097674173 50.05
      vertex -1.1588137289060527 -1.4335380638931743 52.05
      vertex -0.7026799296964672 -1.3164228097674173 52.05
    endloop
  endfacet
  facet normal -0.12533323356430381 0.9921147013144779 0
    outer loop
      vertex -0.2354644482349248 -1.2573997683939817 50.05
      vertex -0.7026799296964672 -1.3164228097674173 52.05
      vertex -0.2354644482349248 -1.2573997683939817 52.05
    endloop
  endfacet
  facet normal 0 0 -1
    outer loop
      vertex -0.1067438831998334 -6.696645438328062 50.05
      vertex 0.1067438831998334 -6.696645438328062 50.05
      vertex 0.2354644482349266 -8.74260023160602 50.05
    endloop
  endfacet
  facet normal 0 0 -1
    outer loop
      vertex 0.2354644482349266 -8.74260023160602 50.05
      vertex 0.1067438831998334 -6.696645438328062 50.05
      vertex 0.3185482347957322 -6.6698883262387705 50.05
    endloop
  endfacet
  facet normal 0 0 -1
    outer loop
      vertex 0.2354644482349266 -8.74260023160602 50.05
      vertex 0.3185482347957322 -6.6698883262387705 50.05
      vertex 0.5253288904374106 -6.6167960777017605 50.05
    endloop
  endfacet
  facet normal 0 0 -1
    outer loop
      vertex 0.2354644482349266 -8.74260023160602 50.05
      vertex 0.5253288904374106 -6.6167960777017605 50.05
      vertex 0.7026799296964681 -8.683577190232583 50.05
    endloop
  endfacet
  facet normal 0 0 -1
    outer loop
      vertex 0.7026799296964681 -8.683577190232583 50.05
      vertex 0.5253288904374106 -6.6167960777017605 50.05
      vertex 0.7238247956606231 -6.5382059891922335 50.05
    endloop
  endfacet
  facet normal 0 0 -1
    outer loop
      vertex 0.7026799296964681 -8.683577190232583 50.05
      vertex 0.7238247956606231 -6.5382059891922335 50.05
      vertex 0.9109055514642935 -6.435357473353426 50.05
    endloop
  endfacet
  facet normal 0 0 -1
    outer loop
      vertex 0.7026799296964681 -8.683577190232583 50.05
      vertex 0.9109055514642935 -6.435357473353426 50.05
      vertex 1.1588137289060527 -8.566461936106826 50.05
    endloop
  endfacet
  facet normal 0 0 -1
    outer loop
      vertex 1.1588137289060527 -8.566461936106826 50.05
      vertex 0.9109055514642935 -6.435357473353426 50.05
      vertex 1.0836207825727728 -6.309872512718841 50.05
    endloop
  endfacet
  facet normal 0 0 -1
    outer loop
      vertex 1.1588137289060527 -8.566461936106826 50.05
      vertex 1.0836207825727728 -6.309872512718841 50.05
      vertex 1.2392466666163997 -6.16373008007877 50.05
    endloop
  endfacet
  facet normal 0 0 -1
    outer loop
      vertex 1.1588137289060527 -8.566461936106826 50.05
      vertex 1.3753288904374106 -5.999234928897204 50.05
      vertex 1.5966723433690215 -8.393101446747574 50.05
    endloop
  endfacet
  facet normal 0 0 -1
    outer loop
      vertex 1.1588137289060527 -8.566461936106826 50.05
      vertex 1.2392466666163997 -6.16373008007877 50.05
      vertex 1.3753288904374106 -5.999234928897204 50.05
    endloop
  endfacet
  facet normal 0 -1 0
    outer loop
      vertex -0.2354644482349266 -8.74260023160602 50.05
      vertex 0.2354644482349266 -8.74260023160602 50.05
      vertex 0.2354644482349266 -8.74260023160602 52.05
    endloop
  endfacet
  facet normal 0.12533323356430498 -0.9921147013144778 0
    outer loop
      vertex 0.2354644482349266 -8.74260023160602 50.05
      vertex 0.7026799296964681 -8.683577190232583 50.05
      vertex 0.7026799296964681 -8.683577190232583 52.05
    endloop
  endfacet
  facet normal 0.24868988716485585 -0.968583161128631 0
    outer loop
      vertex 0.7026799296964681 -8.683577190232583 50.05
      vertex 1.1588137289060527 -8.566461936106826 50.05
      vertex 1.1588137289060527 -8.566461936106826 52.05
    endloop
  endfacet
  facet normal 0.3681245526846781 -0.9297764858882513 0
    outer loop
      vertex 1.1588137289060527 -8.566461936106826 50.05
      vertex 1.5966723433690215 -8.393101446747574 50.05
      vertex 1.5966723433690215 -8.393101446747574 52.05
    endloop
  endfacet
  facet normal 0.4817536741017151 -0.8763066800438638 0
    outer loop
      vertex 1.5966723433690215 -8.393101446747574 50.05
      vertex 2.0093504811712357 -8.166229720632558 50.05
      vertex 2.0093504811712357 -8.166229720632558 52.05
    endloop
  endfacet
  facet normal 0.5877852522924728 -0.8090169943749477 0
    outer loop
      vertex 2.0093504811712357 -8.166229720632558 50.05
      vertex 2.3903399615575873 -7.889424660409209 50.05
      vertex 2.3903399615575873 -7.889424660409209 52.05
    endloop
  endfacet
  facet normal 0.6845471059286894 -0.7289686274214108 0
    outer loop
      vertex 2.3903399615575873 -7.889424660409209 50.05
      vertex 2.733632352830294 -7.5670516472325815 50.05
      vertex 2.733632352830294 -7.5670516472325815 52.05
    endloop
  endfacet
  facet normal 0.7705132427757888 -0.6374239897486902 0
    outer loop
      vertex 2.733632352830294 -7.5670516472325815 50.05
      vertex 3.033813728906053 -7.204194696096774 50.05
      vertex 2.733632352830294 -7.5670516472325815 52.05
    endloop
  endfacet
  facet normal 0.8443279255020155 -0.535826794978996 0
    outer loop
      vertex 3.033813728906053 -7.204194696096774 50.05
      vertex 3.286150050164488 -6.806576277881433 50.05
      vertex 3.033813728906053 -7.204194696096774 52.05
    endloop
  endfacet
  facet normal 0.12533323356430498 -0.9921147013144778 0
    outer loop
      vertex 0.2354644482349266 -8.74260023160602 50.05
      vertex 0.7026799296964681 -8.683577190232583 52.05
      vertex 0.2354644482349266 -8.74260023160602 52.05
    endloop
  endfacet
  facet normal 0.24868988716485585 -0.968583161128631 0
    outer loop
      vertex 0.7026799296964681 -8.683577190232583 50.05
      vertex 1.1588137289060527 -8.566461936106826 52.05
      vertex 0.7026799296964681 -8.683577190232583 52.05
    endloop
  endfacet
  facet normal 0.3681245526846781 -0.9297764858882513 0
    outer loop
      vertex 1.1588137289060527 -8.566461936106826 50.05
      vertex 1.5966723433690215 -8.393101446747574 52.05
      vertex 1.1588137289060527 -8.566461936106826 52.05
    endloop
  endfacet
  facet normal 0.4817536741017151 -0.8763066800438638 0
    outer loop
      vertex 1.5966723433690215 -8.393101446747574 50.05
      vertex 2.0093504811712357 -8.166229720632558 52.05
      vertex 1.5966723433690215 -8.393101446747574 52.05
    endloop
  endfacet
  facet normal 0.5877852522924728 -0.8090169943749477 0
    outer loop
      vertex 2.0093504811712357 -8.166229720632558 50.05
      vertex 2.3903399615575873 -7.889424660409209 52.05
      vertex 2.0093504811712357 -8.166229720632558 52.05
    endloop
  endfacet
  facet normal 0.6845471059286894 -0.7289686274214108 0
    outer loop
      vertex 2.3903399615575873 -7.889424660409209 50.05
      vertex 2.733632352830294 -7.5670516472325815 52.05
      vertex 2.3903399615575873 -7.889424660409209 52.05
    endloop
  endfacet
  facet normal 0.7705132427757888 -0.6374239897486902 0
    outer loop
      vertex 2.733632352830294 -7.5670516472325815 52.05
      vertex 3.033813728906053 -7.204194696096774 50.05
      vertex 3.033813728906053 -7.204194696096774 52.05
    endloop
  endfacet
  facet normal 0.8443279255020155 -0.535826794978996 0
    outer loop
      vertex 3.286150050164488 -6.806576277881433 50.05
      vertex 3.286150050164488 -6.806576277881433 52.05
      vertex 3.033813728906053 -7.204194696096774 52.05
    endloop
  endfacet
  facet normal 0 0 -1
    outer loop
      vertex 1.5966723433690215 -8.393101446747574 50.05
      vertex 1.3753288904374106 -5.999234928897204 50.05
      vertex 1.489721356074568 -5.818981245972916 50.05
    endloop
  endfacet
  facet normal 0 0 -1
    outer loop
      vertex 1.5966723433690215 -8.393101446747574 50.05
      vertex 1.489721356074568 -5.818981245972916 50.05
      vertex 1.5806200260100272 -5.625811739563953 50.05
    endloop
  endfacet
  facet normal 0 0 -1
    outer loop
      vertex 1.5966723433690215 -8.393101446747574 50.05
      vertex 1.5806200260100272 -5.625811739563953 50.05
      vertex 1.646591373918673 -5.422772808180253 50.05
    endloop
  endfacet
  facet normal 0 0 -1
    outer loop
      vertex 1.5806200260100272 -4.374188260436047 50.05
      vertex 1.4897213560745681 -4.181018754027084 50.05
      vertex 1.5966723433690226 -1.6068985532524271 50.05
    endloop
  endfacet
  facet normal 0 0 -1
    outer loop
      vertex 0.10674388319983209 -3.3033545616719384 50.05
      vertex 0.7026799296964672 -1.3164228097674173 50.05
      vertex 0.31854823479573174 -3.3301116737612295 50.05
    endloop
  endfacet
  facet normal 0 0 -1
    outer loop
      vertex -0.2354644482349248 -1.2573997683939817 50.05
      vertex 0.2354644482349248 -1.2573997683939817 50.05
      vertex 0.10674388319983209 -3.3033545616719384 50.05
    endloop
  endfacet
  facet normal 0 0 -1
    outer loop
      vertex 0.10674388319983209 -3.3033545616719384 50.05
      vertex 0.2354644482349248 -1.2573997683939817 50.05
      vertex 0.7026799296964672 -1.3164228097674173 50.05
    endloop
  endfacet
  facet normal 0 0 -1
    outer loop
      vertex 0.31854823479573174 -3.3301116737612295 50.05
      vertex 0.7026799296964672 -1.3164228097674173 50.05
      vertex 0.5253288904374106 -3.383203922298239 50.05
    endloop
  endfacet
  facet normal 0 0 -1
    outer loop
      vertex 0.5253288904374106 -3.383203922298239 50.05
      vertex 1.1588137289060527 -1.4335380638931743 50.05
      vertex 0.7238247956606236 -3.461794010807767 50.05
    endloop
  endfacet
  facet normal 0 0 -1
    outer loop
      vertex 0.5253288904374106 -3.383203922298239 50.05
      vertex 0.7026799296964672 -1.3164228097674173 50.05
      vertex 1.1588137289060527 -1.4335380638931743 50.05
    endloop
  endfacet
  facet normal 0 0 -1
    outer loop
      vertex 0.7238247956606236 -3.461794010807767 50.05
      vertex 1.1588137289060527 -1.4335380638931743 50.05
      vertex 0.9109055514642943 -3.5646425266465744 50.05
    endloop
  endfacet
  facet normal 0 0 -1
    outer loop
      vertex 0.9109055514642943 -3.5646425266465744 50.05
      vertex 1.1588137289060527 -1.4335380638931743 50.05
      vertex 1.0836207825727726 -3.6901274872811585 50.05
    endloop
  endfacet
  facet normal 0 0 -1
    outer loop
      vertex 1.2392466666163997 -3.836269919921229 50.05
      vertex 1.0836207825727726 -3.6901274872811585 50.05
      vertex 1.5966723433690226 -1.6068985532524271 50.05
    endloop
  endfacet
  facet normal 0 0 -1
    outer loop
      vertex 1.2392466666163997 -3.836269919921229 50.05
      vertex 1.5966723433690226 -1.6068985532524271 50.05
      vertex 1.3753288904374106 -4.000765071102796 50.05
    endloop
  endfacet
  facet normal 0 0 -1
    outer loop
      vertex 1.3753288904374106 -4.000765071102796 50.05
      vertex 1.5966723433690226 -1.6068985532524271 50.05
      vertex 1.4897213560745681 -4.181018754027084 50.05
    endloop
  endfacet
  facet normal 0 0 -1
    outer loop
      vertex 1.0836207825727726 -3.6901274872811585 50.05
      vertex 1.1588137289060527 -1.4335380638931743 50.05
      vertex 1.5966723433690226 -1.6068985532524271 50.05
    endloop
  endfacet
  facet normal 0.12533323356430381 0.9921147013144779 0
    outer loop
      vertex 0.2354644482349248 -1.2573997683939817 50.05
      vertex 0.2354644482349248 -1.2573997683939817 52.05
      vertex 0.7026799296964672 -1.3164228097674173 50.05
    endloop
  endfacet
  facet normal 0.24868988716485538 0.968583161128631 0
    outer loop
      vertex 0.7026799296964672 -1.3164228097674173 50.05
      vertex 0.7026799296964672 -1.3164228097674173 52.05
      vertex 1.1588137289060527 -1.4335380638931743 50.05
    endloop
  endfacet
  facet normal 0.3681245526846781 0.9297764858882513 0
    outer loop
      vertex 1.1588137289060527 -1.4335380638931743 50.05
      vertex 1.1588137289060527 -1.4335380638931743 52.05
      vertex 1.5966723433690226 -1.6068985532524271 50.05
    endloop
  endfacet
  facet normal 0 0 -1
    outer loop
      vertex 1.5966723433690215 -8.393101446747574 50.05
      vertex 1.646591373918673 -5.422772808180253 50.05
      vertex 1.6865949922346124 -5.213066497059317 50.05
    endloop
  endfacet
  facet normal 0 0 -1
    outer loop
      vertex 1.5966723433690215 -8.393101446747574 50.05
      vertex 1.6865949922346124 -5.213066497059317 50.05
      vertex 1.7 -5 50.05
    endloop
  endfacet
  facet normal 0 0 -1
    outer loop
      vertex 1.5966723433690215 -8.393101446747574 50.05
      vertex 2.0093504811712375 -1.8337702793674433 50.05
      vertex 2.0093504811712357 -8.166229720632558 50.05
    endloop
  endfacet
  facet normal 0 0 -1
    outer loop
      vertex 1.5966723433690215 -8.393101446747574 50.05
      vertex 1.7 -5 50.05
      vertex 2.0093504811712375 -1.8337702793674433 50.05
    endloop
  endfacet
  facet normal 0 0 -1
    outer loop
      vertex 2.0093504811712357 -8.166229720632558 50.05
      vertex 2.3903399615575864 -2.110575339590791 50.05
      vertex 2.3903399615575873 -7.889424660409209 50.05
    endloop
  endfacet
  facet normal 0 0 -1
    outer loop
      vertex 1.6865949922346124 -4.786933502940682 50.05
      vertex 2.0093504811712375 -1.8337702793674433 50.05
      vertex 1.7 -5 50.05
    endloop
  endfacet
  facet normal 0 0 -1
    outer loop
      vertex 1.6465913739186728 -4.5772271918197465 50.05
      vertex 1.5806200260100272 -4.374188260436047 50.05
      vertex 2.0093504811712375 -1.8337702793674433 50.05
    endloop
  endfacet
  facet normal 0 0 -1
    outer loop
      vertex 1.6865949922346124 -4.786933502940682 50.05
      vertex 1.6465913739186728 -4.5772271918197465 50.05
      vertex 2.0093504811712375 -1.8337702793674433 50.05
    endloop
  endfacet
  facet normal 0 0 -1
    outer loop
      vertex 2.0093504811712357 -8.166229720632558 50.05
      vertex 2.0093504811712375 -1.8337702793674433 50.05
      vertex 2.3903399615575864 -2.110575339590791 50.05
    endloop
  endfacet
  facet normal 0 0 -1
    outer loop
      vertex 2.3903399615575873 -7.889424660409209 50.05
      vertex 2.7336323528302935 -2.432948352767417 50.05
      vertex 2.733632352830294 -7.5670516472325815 50.05
    endloop
  endfacet
  facet normal 0 0 -1
    outer loop
      vertex 2.733632352830294 -7.5670516472325815 50.05
      vertex 3.033813728906053 -2.795805303903226 50.05
      vertex 3.033813728906053 -7.204194696096774 50.05
    endloop
  endfacet
  facet normal 0 0 -1
    outer loop
      vertex 3.033813728906053 -7.204194696096774 50.05
      vertex 3.2861500501644882 -3.1934237221185677 50.05
      vertex 3.286150050164488 -6.806576277881433 50.05
    endloop
  endfacet
  facet normal 0 0 -1
    outer loop
      vertex 2.733632352830294 -7.5670516472325815 50.05
      vertex 2.7336323528302935 -2.432948352767417 50.05
      vertex 3.033813728906053 -2.795805303903226 50.05
    endloop
  endfacet
  facet normal 0 0 -1
    outer loop
      vertex 2.3903399615575873 -7.889424660409209 50.05
      vertex 2.3903399615575864 -2.110575339590791 50.05
      vertex 2.7336323528302935 -2.432948352767417 50.05
    endloop
  endfacet
  facet normal 0 0 -1
    outer loop
      vertex 3.033813728906053 -7.204194696096774 50.05
      vertex 3.033813728906053 -2.795805303903226 50.05
      vertex 3.2861500501644882 -3.1934237221185677 50.05
    endloop
  endfacet
  facet normal 0 0 -1
    outer loop
      vertex 1.5806200260100272 -4.374188260436047 50.05
      vertex 1.5966723433690226 -1.6068985532524271 50.05
      vertex 2.0093504811712375 -1.8337702793674433 50.05
    endloop
  endfacet
  facet normal 0.5877852522924741 0.8090169943749466 0
    outer loop
      vertex 2.0093504811712375 -1.8337702793674433 50.05
      vertex 2.0093504811712375 -1.8337702793674433 52.05
      vertex 2.3903399615575864 -2.110575339590791 50.05
    endloop
  endfacet
  facet normal 0.48175367410171444 0.876306680043864 0
    outer loop
      vertex 1.5966723433690226 -1.6068985532524271 50.05
      vertex 1.5966723433690226 -1.6068985532524271 52.05
      vertex 2.0093504811712375 -1.8337702793674433 50.05
    endloop
  endfacet
  facet normal 0.6845471059286875 0.7289686274214127 0
    outer loop
      vertex 2.3903399615575864 -2.110575339590791 50.05
      vertex 2.3903399615575864 -2.110575339590791 52.05
      vertex 2.7336323528302935 -2.432948352767417 50.05
    endloop
  endfacet
  facet normal 0.7705132427757894 0.6374239897486894 0
    outer loop
      vertex 3.033813728906053 -2.795805303903226 50.05
      vertex 2.7336323528302935 -2.432948352767417 50.05
      vertex 3.033813728906053 -2.795805303903226 52.05
    endloop
  endfacet
  facet normal 0.8443279255020155 0.5358267949789958 0
    outer loop
      vertex 3.2861500501644882 -3.1934237221185677 50.05
      vertex 3.033813728906053 -2.795805303903226 50.05
      vertex 3.2861500501644882 -3.1934237221185677 52.05
    endloop
  endfacet
  facet normal 0 1 0
    outer loop
      vertex -0.2354644482349248 -1.2573997683939817 52.05
      vertex 0.2354644482349248 -1.2573997683939817 52.05
      vertex 0.2354644482349248 -1.2573997683939817 50.05
    endloop
  endfacet
  facet normal 0.12533323356430381 0.9921147013144779 0
    outer loop
      vertex 0.7026799296964672 -1.3164228097674173 50.05
      vertex 0.2354644482349248 -1.2573997683939817 52.05
      vertex 0.7026799296964672 -1.3164228097674173 52.05
    endloop
  endfacet
  facet normal 0.24868988716485538 0.968583161128631 0
    outer loop
      vertex 1.1588137289060527 -1.4335380638931743 50.05
      vertex 0.7026799296964672 -1.3164228097674173 52.05
      vertex 1.1588137289060527 -1.4335380638931743 52.05
    endloop
  endfacet
  facet normal 0.3681245526846781 0.9297764858882513 0
    outer loop
      vertex 1.5966723433690226 -1.6068985532524271 50.05
      vertex 1.1588137289060527 -1.4335380638931743 52.05
      vertex 1.5966723433690226 -1.6068985532524271 52.05
    endloop
  endfacet
  facet normal 0.48175367410171444 0.876306680043864 0
    outer loop
      vertex 1.5966723433690226 -1.6068985532524271 52.05
      vertex 2.0093504811712375 -1.8337702793674433 52.05
      vertex 2.0093504811712375 -1.8337702793674433 50.05
    endloop
  endfacet
  facet normal 0.5877852522924741 0.8090169943749466 0
    outer loop
      vertex 2.3903399615575864 -2.110575339590791 50.05
      vertex 2.0093504811712375 -1.8337702793674433 52.05
      vertex 2.3903399615575864 -2.110575339590791 52.05
    endloop
  endfacet
  facet normal 0.7705132427757894 0.6374239897486894 0
    outer loop
      vertex 3.033813728906053 -2.795805303903226 52.05
      vertex 2.7336323528302935 -2.432948352767417 50.05
      vertex 2.7336323528302935 -2.432948352767417 52.05
    endloop
  endfacet
  facet normal 0.6845471059286875 0.7289686274214127 0
    outer loop
      vertex 2.7336323528302935 -2.432948352767417 50.05
      vertex 2.3903399615575864 -2.110575339590791 52.05
      vertex 2.7336323528302935 -2.432948352767417 52.05
    endloop
  endfacet
  facet normal 0.8443279255020155 0.5358267949789958 0
    outer loop
      vertex 3.033813728906053 -2.795805303903226 50.05
      vertex 3.033813728906053 -2.795805303903226 52.05
      vertex 3.2861500501644882 -3.1934237221185677 52.05
    endloop
  endfacet
  facet normal 0 0 -1
    outer loop
      vertex 3.286150050164488 -6.806576277881433 50.05
      vertex 3.4866618220809427 -3.6195329274324575 50.05
      vertex 3.486661822080942 -6.380467072567544 50.05
    endloop
  endfacet
  facet normal 0 0 -1
    outer loop
      vertex 3.486661822080942 -6.380467072567544 50.05
      vertex 3.6321868542323665 -4.067412923131794 50.05
      vertex 3.632186854232367 -5.932587076868204 50.05
    endloop
  endfacet
  facet normal 0 0 -1
    outer loop
      vertex 3.632186854232367 -5.932587076868204 50.05
      vertex 3.720430129929292 -4.530000374133859 50.05
      vertex 3.720430129929292 -5.46999962586614 50.05
    endloop
  endfacet
  facet normal 0 0 -1
    outer loop
      vertex 3.286150050164488 -6.806576277881433 50.05
      vertex 3.2861500501644882 -3.1934237221185677 50.05
      vertex 3.4866618220809427 -3.6195329274324575 50.05
    endloop
  endfacet
  facet normal 0 0 -1
    outer loop
      vertex 3.486661822080942 -6.380467072567544 50.05
      vertex 3.4866618220809427 -3.6195329274324575 50.05
      vertex 3.6321868542323665 -4.067412923131794 50.05
    endloop
  endfacet
  facet normal 0 0 -1
    outer loop
      vertex 3.720430129929292 -5.46999962586614 50.05
      vertex 3.720430129929292 -4.530000374133859 50.05
      vertex 3.75 -5 50.05
    endloop
  endfacet
  facet normal 0 0 -1
    outer loop
      vertex 3.632186854232367 -5.932587076868204 50.05
      vertex 3.6321868542323665 -4.067412923131794 50.05
      vertex 3.720430129929292 -4.530000374133859 50.05
    endloop
  endfacet
  facet normal 0.904827052466019 -0.4257792915650737 0
    outer loop
      vertex 3.286150050164488 -6.806576277881433 50.05
      vertex 3.486661822080942 -6.380467072567544 50.05
      vertex 3.286150050164488 -6.806576277881433 52.05
    endloop
  endfacet
  facet normal 0.9510565162951538 -0.30901699437494695 0
    outer loop
      vertex 3.486661822080942 -6.380467072567544 50.05
      vertex 3.632186854232367 -5.932587076868204 50.05
      vertex 3.486661822080942 -6.380467072567544 52.05
    endloop
  endfacet
  facet normal 0.9822872507286887 -0.1873813145857247 0
    outer loop
      vertex 3.632186854232367 -5.932587076868204 50.05
      vertex 3.720430129929292 -5.46999962586614 50.05
      vertex 3.632186854232367 -5.932587076868204 52.05
    endloop
  endfacet
  facet normal 0.9980267284282716 -0.06279051952931299 0
    outer loop
      vertex 3.720430129929292 -5.46999962586614 50.05
      vertex 3.75 -5 50.05
      vertex 3.720430129929292 -5.46999962586614 52.05
    endloop
  endfacet
  facet normal 0.9048270524660194 0.425779291565073 0
    outer loop
      vertex 3.2861500501644882 -3.1934237221185677 50.05
      vertex 3.4866618220809427 -3.6195329274324575 52.05
      vertex 3.4866618220809427 -3.6195329274324575 50.05
    endloop
  endfacet
  facet normal 0.9510565162951535 0.30901699437494745 0
    outer loop
      vertex 3.6321868542323665 -4.067412923131794 50.05
      vertex 3.4866618220809427 -3.6195329274324575 50.05
      vertex 3.6321868542323665 -4.067412923131794 52.05
    endloop
  endfacet
  facet normal 0.9980267284282717 0.06279051952931287 0
    outer loop
      vertex 3.75 -5 50.05
      vertex 3.720430129929292 -4.530000374133859 50.05
      vertex 3.75 -5 52.05
    endloop
  endfacet
  facet normal 0.9822872507286885 0.18738131458572524 0
    outer loop
      vertex 3.720430129929292 -4.530000374133859 50.05
      vertex 3.6321868542323665 -4.067412923131794 50.05
      vertex 3.720430129929292 -4.530000374133859 52.05
    endloop
  endfacet
  facet normal 0.904827052466019 -0.4257792915650737 0
    outer loop
      vertex 3.286150050164488 -6.806576277881433 52.05
      vertex 3.486661822080942 -6.380467072567544 50.05
      vertex 3.486661822080942 -6.380467072567544 52.05
    endloop
  endfacet
  facet normal 0.9510565162951538 -0.30901699437494695 0
    outer loop
      vertex 3.632186854232367 -5.932587076868204 50.05
      vertex 3.632186854232367 -5.932587076868204 52.05
      vertex 3.486661822080942 -6.380467072567544 52.05
    endloop
  endfacet
  facet normal 0.9822872507286887 -0.1873813145857247 0
    outer loop
      vertex 3.720430129929292 -5.46999962586614 50.05
      vertex 3.720430129929292 -5.46999962586614 52.05
      vertex 3.632186854232367 -5.932587076868204 52.05
    endloop
  endfacet
  facet normal 0.9980267284282716 -0.06279051952931299 0
    outer loop
      vertex 3.720430129929292 -5.46999962586614 52.05
      vertex 3.75 -5 50.05
      vertex 3.75 -5 52.05
    endloop
  endfacet
  facet normal 0.9510565162951535 0.30901699437494745 0
    outer loop
      vertex 3.4866618220809427 -3.6195329274324575 50.05
      vertex 3.4866618220809427 -3.6195329274324575 52.05
      vertex 3.6321868542323665 -4.067412923131794 52.05
    endloop
  endfacet
  facet normal 0.9980267284282717 0.06279051952931287 0
    outer loop
      vertex 3.720430129929292 -4.530000374133859 50.05
      vertex 3.720430129929292 -4.530000374133859 52.05
      vertex 3.75 -5 52.05
    endloop
  endfacet
  facet normal 0.9822872507286885 0.18738131458572524 0
    outer loop
      vertex 3.6321868542323665 -4.067412923131794 50.05
      vertex 3.6321868542323665 -4.067412923131794 52.05
      vertex 3.720430129929292 -4.530000374133859 52.05
    endloop
  endfacet
  facet normal 0.9048270524660194 0.425779291565073 0
    outer loop
      vertex 3.2861500501644882 -3.1934237221185677 50.05
      vertex 3.2861500501644882 -3.1934237221185677 52.05
      vertex 3.4866618220809427 -3.6195329274324575 52.05
    endloop
  endfacet
  facet normal 0 0 -1
    outer loop
      vertex -3.6405764746872635 -7.645033635316129 52.05
      vertex -3.9433800601973856 -7.16789153345772 52.05
      vertex -3.720430129929292 -5.46999962586614 52.05
    endloop
  endfacet
  facet normal 0 0 -1
    outer loop
      vertex -3.6405764746872635 -7.645033635316129 52.05
      vertex -3.486661822080943 -6.3804670725675425 52.05
      vertex -3.286150050164488 -6.806576277881433 52.05
    endloop
  endfacet
  facet normal 0 0 -1
    outer loop
      vertex -3.6405764746872635 -7.645033635316129 52.05
      vertex -3.286150050164488 -6.806576277881433 52.05
      vertex -3.2803588233963525 -8.080461976679098 52.05
    endloop
  endfacet
  facet normal 0 0 -1
    outer loop
      vertex -4.35862422507884 -6.119104492241847 52.05
      vertex -4.464516155915151 -5.563999551039368 52.05
      vertex -4.35862422507884 -3.880895507758153 52.05
    endloop
  endfacet
  facet normal 0 0 -1
    outer loop
      vertex -4.35862422507884 -6.119104492241847 52.05
      vertex -4.183994186497132 -3.3434395129189496 52.05
      vertex -4.183994186497132 -6.65656048708105 52.05
    endloop
  endfacet
  facet normal 0 0 -1
    outer loop
      vertex -4.464516155915151 -5.563999551039368 52.05
      vertex -4.5 -5 52.05
      vertex -4.464516155915151 -4.436000448960632 52.05
    endloop
  endfacet
  facet normal 0 0 -1
    outer loop
      vertex -4.464516155915151 -5.563999551039368 52.05
      vertex -4.464516155915151 -4.436000448960632 52.05
      vertex -4.35862422507884 -3.880895507758153 52.05
    endloop
  endfacet
  facet normal 0 0 -1
    outer loop
      vertex -4.35862422507884 -6.119104492241847 52.05
      vertex -4.35862422507884 -3.880895507758153 52.05
      vertex -4.183994186497132 -3.3434395129189496 52.05
    endloop
  endfacet
  facet normal 0 0 -1
    outer loop
      vertex -4.183994186497132 -6.65656048708105 52.05
      vertex -4.183994186497132 -3.3434395129189496 52.05
      vertex -3.9433800601973856 -2.8321084665422807 52.05
    endloop
  endfacet
  facet normal 0 0 -1
    outer loop
      vertex -3.6405764746872635 -7.645033635316129 52.05
      vertex -3.720430129929292 -5.46999962586614 52.05
      vertex -3.6321868542323665 -5.932587076868206 52.05
    endloop
  endfacet
  facet normal 0 0 -1
    outer loop
      vertex -3.9433800601973856 -7.16789153345772 52.05
      vertex -4.183994186497132 -6.65656048708105 52.05
      vertex -3.9433800601973856 -2.8321084665422807 52.05
    endloop
  endfacet
  facet normal 0 0 -1
    outer loop
      vertex -3.9433800601973856 -7.16789153345772 52.05
      vertex -3.75 -5 52.05
      vertex -3.720430129929292 -5.46999962586614 52.05
    endloop
  endfacet
  facet normal 0 0 -1
    outer loop
      vertex -3.6405764746872635 -7.645033635316129 52.05
      vertex -3.6321868542323665 -5.932587076868206 52.05
      vertex -3.486661822080943 -6.3804670725675425 52.05
    endloop
  endfacet
  facet normal 0 0 -1
    outer loop
      vertex -3.9433800601973856 -7.16789153345772 52.05
      vertex -3.6405764746872635 -2.3549663646838708 52.05
      vertex -3.75 -5 52.05
    endloop
  endfacet
  facet normal 0 0 -1
    outer loop
      vertex -3.9433800601973856 -7.16789153345772 52.05
      vertex -3.9433800601973856 -2.8321084665422807 52.05
      vertex -3.6405764746872635 -2.3549663646838708 52.05
    endloop
  endfacet
  facet normal 0 0 -1
    outer loop
      vertex -3.75 -5 52.05
      vertex -3.6405764746872635 -2.3549663646838708 52.05
      vertex -3.720430129929292 -4.53000037413386 52.05
    endloop
  endfacet
  facet normal 0 0 -1
    outer loop
      vertex -3.720430129929292 -4.53000037413386 52.05
      vertex -3.6405764746872635 -2.3549663646838708 52.05
      vertex -3.6321868542323665 -4.067412923131794 52.05
    endloop
  endfacet
  facet normal 0 0 -1
    outer loop
      vertex -3.6321868542323665 -4.067412923131794 52.05
      vertex -3.6405764746872635 -2.3549663646838708 52.05
      vertex -3.486661822080943 -3.619532927432458 52.05
    endloop
  endfacet
  facet normal 0 0 -1
    outer loop
      vertex -3.486661822080943 -3.619532927432458 52.05
      vertex -3.6405764746872635 -2.3549663646838708 52.05
      vertex -3.286150050164488 -3.1934237221185673 52.05
    endloop
  endfacet
  facet normal 0 0 -1
    outer loop
      vertex -3.6405764746872635 -2.3549663646838708 52.05
      vertex -3.2803588233963525 -1.9195380233209018 52.05
      vertex -3.286150050164488 -3.1934237221185673 52.05
    endloop
  endfacet
  facet normal 0 0 -1
    outer loop
      vertex -3.2803588233963525 -8.080461976679098 52.05
      vertex -3.033813728906053 -7.204194696096774 52.05
      vertex -2.868407953869103 -8.467309592491052 52.05
    endloop
  endfacet
  facet normal 0 0 -1
    outer loop
      vertex -2.868407953869103 -8.467309592491052 52.05
      vertex -3.033813728906053 -7.204194696096774 52.05
      vertex -2.733632352830294 -7.5670516472325815 52.05
    endloop
  endfacet
  facet normal 0 0 -1
    outer loop
      vertex -3.2803588233963525 -8.080461976679098 52.05
      vertex -3.286150050164488 -6.806576277881433 52.05
      vertex -3.033813728906053 -7.204194696096774 52.05
    endloop
  endfacet
  facet normal 0 0 -1
    outer loop
      vertex -2.868407953869103 -8.467309592491052 52.05
      vertex -2.733632352830294 -7.5670516472325815 52.05
      vertex -2.4112205774054853 -8.799475664759068 52.05
    endloop
  endfacet
  facet normal 0 0 -1
    outer loop
      vertex -2.733632352830294 -7.5670516472325815 52.05
      vertex -2.390339961557586 -7.88942466040921 52.05
      vertex -2.4112205774054853 -8.799475664759068 52.05
    endloop
  endfacet
  facet normal 0 0 -1
    outer loop
      vertex -2.4112205774054853 -8.799475664759068 52.05
      vertex -2.009350481171238 -8.166229720632556 52.05
      vertex -1.916006812042826 -9.07172173609709 52.05
    endloop
  endfacet
  facet normal 0 0 -1
    outer loop
      vertex -1.916006812042826 -9.07172173609709 52.05
      vertex -2.009350481171238 -8.166229720632556 52.05
      vertex -1.5966723433690215 -8.393101446747574 52.05
    endloop
  endfacet
  facet normal 0 0 -1
    outer loop
      vertex -1.916006812042826 -9.07172173609709 52.05
      vertex -1.5966723433690215 -8.393101446747574 52.05
      vertex -1.3905764746872633 -9.279754323328191 52.05
    endloop
  endfacet
  facet normal 0 0 -1
    outer loop
      vertex -2.4112205774054853 -8.799475664759068 52.05
      vertex -2.390339961557586 -7.88942466040921 52.05
      vertex -2.009350481171238 -8.166229720632556 52.05
    endloop
  endfacet
  facet normal 0 0 -1
    outer loop
      vertex -1.3905764746872633 -9.279754323328191 52.05
      vertex -1.5966723433690215 -8.393101446747574 52.05
      vertex -1.1588137289060527 -8.566461936106826 52.05
    endloop
  endfacet
  facet normal 0 0 -1
    outer loop
      vertex -1.3905764746872633 -9.279754323328191 52.05
      vertex -1.1588137289060527 -8.566461936106826 52.05
      vertex -0.8432159156357617 -9.4202926282791 52.05
    endloop
  endfacet
  facet normal 0 0 -1
    outer loop
      vertex -1.1588137289060527 -8.566461936106826 52.05
      vertex -0.7026799296964681 -8.683577190232583 52.05
      vertex -0.8432159156357617 -9.4202926282791 52.05
    endloop
  endfacet
  facet normal 0 0 -1
    outer loop
      vertex -0.8432159156357617 -9.4202926282791 52.05
      vertex -0.7026799296964681 -8.683577190232583 52.05
      vertex -0.28255733788191195 -9.491120277927223 52.05
    endloop
  endfacet
  facet normal 0 0 -1
    outer loop
      vertex -0.28255733788191195 -9.491120277927223 52.05
      vertex -0.7026799296964681 -8.683577190232583 52.05
      vertex -0.2354644482349268 -8.74260023160602 52.05
    endloop
  endfacet
  facet normal 0 0 -1
    outer loop
      vertex -0.28255733788191195 -9.491120277927223 52.05
      vertex -0.2354644482349268 -8.74260023160602 52.05
      vertex 0.2354644482349266 -8.74260023160602 52.05
    endloop
  endfacet
  facet normal 0 0 -1
    outer loop
      vertex -3.286150050164488 -3.1934237221185673 52.05
      vertex -3.2803588233963525 -1.9195380233209018 52.05
      vertex -3.033813728906053 -2.795805303903226 52.05
    endloop
  endfacet
  facet normal 0 0 -1
    outer loop
      vertex -3.033813728906053 -2.795805303903226 52.05
      vertex -3.2803588233963525 -1.9195380233209018 52.05
      vertex -2.733632352830294 -2.432948352767418 52.05
    endloop
  endfacet
  facet normal 0 0 -1
    outer loop
      vertex -3.2803588233963525 -1.9195380233209018 52.05
      vertex -2.868407953869103 -1.532690407508948 52.05
      vertex -2.733632352830294 -2.432948352767418 52.05
    endloop
  endfacet
  facet normal 0 0 -1
    outer loop
      vertex -2.733632352830294 -2.432948352767418 52.05
      vertex -2.868407953869103 -1.532690407508948 52.05
      vertex -2.390339961557586 -2.11057533959079 52.05
    endloop
  endfacet
  facet normal 0 0 -1
    outer loop
      vertex -2.868407953869103 -1.532690407508948 52.05
      vertex -2.4112205774054853 -1.2005243352409325 52.05
      vertex -2.390339961557586 -2.11057533959079 52.05
    endloop
  endfacet
  facet normal 0 0 -1
    outer loop
      vertex -2.390339961557586 -2.11057533959079 52.05
      vertex -2.4112205774054853 -1.2005243352409325 52.05
      vertex -2.009350481171238 -1.8337702793674437 52.05
    endloop
  endfacet
  facet normal 0 0 -1
    outer loop
      vertex -2.009350481171238 -1.8337702793674437 52.05
      vertex -2.4112205774054853 -1.2005243352409325 52.05
      vertex -1.5966723433690226 -1.6068985532524271 52.05
    endloop
  endfacet
  facet normal 0 0 -1
    outer loop
      vertex -2.4112205774054853 -1.2005243352409325 52.05
      vertex -1.9160068120428273 -0.9282782639029126 52.05
      vertex -1.5966723433690226 -1.6068985532524271 52.05
    endloop
  endfacet
  facet normal 0 0 -1
    outer loop
      vertex -1.9160068120428273 -0.9282782639029126 52.05
      vertex -1.1588137289060527 -1.4335380638931743 52.05
      vertex -1.5966723433690226 -1.6068985532524271 52.05
    endloop
  endfacet
  facet normal 0 0 -1
    outer loop
      vertex -1.9160068120428273 -0.9282782639029126 52.05
      vertex -1.3905764746872633 -0.7202456766718095 52.05
      vertex -1.1588137289060527 -1.4335380638931743 52.05
    endloop
  endfacet
  facet normal 0 0 -1
    outer loop
      vertex -1.1588137289060527 -1.4335380638931743 52.05
      vertex -1.3905764746872633 -0.7202456766718095 52.05
      vertex -0.7026799296964672 -1.3164228097674173 52.05
    endloop
  endfacet
  facet normal 0 0 -1
    outer loop
      vertex -1.3905764746872633 -0.7202456766718095 52.05
      vertex -0.8432159156357606 -0.5797073717209011 52.05
      vertex -0.7026799296964672 -1.3164228097674173 52.05
    endloop
  endfacet
  facet normal 0 0 -1
    outer loop
      vertex -0.7026799296964672 -1.3164228097674173 52.05
      vertex -0.8432159156357606 -0.5797073717209011 52.05
      vertex -0.2354644482349248 -1.2573997683939817 52.05
    endloop
  endfacet
  facet normal 0 0 -1
    outer loop
      vertex -0.2354644482349248 -1.2573997683939817 52.05
      vertex -0.8432159156357606 -0.5797073717209011 52.05
      vertex -0.28255733788190973 -0.5088797220727779 52.05
    endloop
  endfacet
  facet normal 0 0 -1
    outer loop
      vertex -0.2354644482349248 -1.2573997683939817 52.05
      vertex -0.28255733788190973 -0.5088797220727779 52.05
      vertex 0.2354644482349248 -1.2573997683939817 52.05
    endloop
  endfacet
  facet normal -0.9048270524660195 -0.42577929156507266 0
    outer loop
      vertex -3.9433800601973856 -7.16789153345772 52.05
      vertex -4.183994186497132 -6.65656048708105 59.55
      vertex -4.183994186497132 -6.65656048708105 52.05
    endloop
  endfacet
  facet normal -0.8443279255020152 -0.5358267949789965 0
    outer loop
      vertex -3.6405764746872635 -7.645033635316129 52.05
      vertex -3.9433800601973856 -7.16789153345772 59.55
      vertex -3.9433800601973856 -7.16789153345772 52.05
    endloop
  endfacet
  facet normal -0.770513242775789 -0.63742398974869 0
    outer loop
      vertex -3.6405764746872635 -7.645033635316129 52.05
      vertex -3.2803588233963525 -8.080461976679098 52.05
      vertex -3.6405764746872635 -7.645033635316129 59.55
    endloop
  endfacet
  facet normal -0.9980267284282716 -0.06279051952931267 0
    outer loop
      vertex -4.464516155915151 -5.563999551039368 52.05
      vertex -4.5 -5 59.55
      vertex -4.5 -5 52.05
    endloop
  endfacet
  facet normal -0.9510565162951535 -0.3090169943749473 0
    outer loop
      vertex -4.35862422507884 -6.119104492241847 52.05
      vertex -4.183994186497132 -6.65656048708105 52.05
      vertex -4.35862422507884 -6.119104492241847 59.55
    endloop
  endfacet
  facet normal -0.9822872507286886 -0.1873813145857251 0
    outer loop
      vertex -4.35862422507884 -6.119104492241847 52.05
      vertex -4.464516155915151 -5.563999551039368 59.55
      vertex -4.464516155915151 -5.563999551039368 52.05
    endloop
  endfacet
  facet normal -0.9980267284282716 0.06279051952931267 0
    outer loop
      vertex -4.5 -5 52.05
      vertex -4.464516155915151 -4.436000448960632 59.55
      vertex -4.464516155915151 -4.436000448960632 52.05
    endloop
  endfacet
  facet normal -0.9822872507286886 0.18738131458572527 0
    outer loop
      vertex -4.464516155915151 -4.436000448960632 52.05
      vertex -4.35862422507884 -3.880895507758153 59.55
      vertex -4.35862422507884 -3.880895507758153 52.05
    endloop
  endfacet
  facet normal -0.9510565162951536 0.3090169943749468 0
    outer loop
      vertex -4.35862422507884 -3.880895507758153 52.05
      vertex -4.183994186497132 -3.3434395129189496 59.55
      vertex -4.183994186497132 -3.3434395129189496 52.05
    endloop
  endfacet
  facet normal -0.9048270524660191 0.42577929156507327 0
    outer loop
      vertex -4.183994186497132 -3.3434395129189496 52.05
      vertex -3.9433800601973856 -2.8321084665422807 59.55
      vertex -3.9433800601973856 -2.8321084665422807 52.05
    endloop
  endfacet
  facet normal -0.8443279255020154 0.5358267949789962 0
    outer loop
      vertex -3.9433800601973856 -2.8321084665422807 52.05
      vertex -3.6405764746872635 -2.3549663646838708 59.55
      vertex -3.6405764746872635 -2.3549663646838708 52.05
    endloop
  endfacet
  facet normal -0.770513242775789 0.63742398974869 0
    outer loop
      vertex -3.6405764746872635 -2.3549663646838708 52.05
      vertex -3.2803588233963525 -1.9195380233209018 59.55
      vertex -3.2803588233963525 -1.9195380233209018 52.05
    endloop
  endfacet
  facet normal -0.5877852522924741 -0.8090169943749467 0
    outer loop
      vertex -2.868407953869103 -8.467309592491052 52.05
      vertex -2.4112205774054853 -8.799475664759068 52.05
      vertex -2.4112205774054853 -8.799475664759068 59.55
    endloop
  endfacet
  facet normal -0.6845471059286888 -0.7289686274214113 0
    outer loop
      vertex -3.2803588233963525 -8.080461976679098 52.05
      vertex -2.868407953869103 -8.467309592491052 52.05
      vertex -2.868407953869103 -8.467309592491052 59.55
    endloop
  endfacet
  facet normal -0.4817536741017152 -0.8763066800438637 0
    outer loop
      vertex -2.4112205774054853 -8.799475664759068 52.05
      vertex -1.916006812042826 -9.07172173609709 52.05
      vertex -1.916006812042826 -9.07172173609709 59.55
    endloop
  endfacet
  facet normal -0.3681245526846769 -0.9297764858882519 0
    outer loop
      vertex -1.916006812042826 -9.07172173609709 52.05
      vertex -1.3905764746872633 -9.279754323328191 52.05
      vertex -1.3905764746872633 -9.279754323328191 59.55
    endloop
  endfacet
  facet normal -0.2486898871648558 -0.9685831611286309 0
    outer loop
      vertex -1.3905764746872633 -9.279754323328191 52.05
      vertex -0.8432159156357617 -9.4202926282791 52.05
      vertex -0.8432159156357617 -9.4202926282791 59.55
    endloop
  endfacet
  facet normal -0.12533323356430498 -0.9921147013144778 0
    outer loop
      vertex -0.8432159156357617 -9.4202926282791 52.05
      vertex -0.28255733788191195 -9.491120277927223 52.05
      vertex -0.28255733788191195 -9.491120277927223 59.55
    endloop
  endfacet
  facet normal -0.6845471059286888 0.7289686274214113 0
    outer loop
      vertex -3.2803588233963525 -1.9195380233209018 52.05
      vertex -3.2803588233963525 -1.9195380233209018 59.55
      vertex -2.868407953869103 -1.532690407508948 52.05
    endloop
  endfacet
  facet normal -0.5877852522924732 0.8090169943749476 0
    outer loop
      vertex -2.868407953869103 -1.532690407508948 52.05
      vertex -2.868407953869103 -1.532690407508948 59.55
      vertex -2.4112205774054853 -1.2005243352409325 52.05
    endloop
  endfacet
  facet normal -0.481753674101715 0.8763066800438637 0
    outer loop
      vertex -2.4112205774054853 -1.2005243352409325 52.05
      vertex -2.4112205774054853 -1.2005243352409325 59.55
      vertex -1.9160068120428273 -0.9282782639029126 52.05
    endloop
  endfacet
  facet normal -0.3681245526846775 0.9297764858882517 0
    outer loop
      vertex -1.9160068120428273 -0.9282782639029126 52.05
      vertex -1.9160068120428273 -0.9282782639029126 59.55
      vertex -1.3905764746872633 -0.7202456766718095 52.05
    endloop
  endfacet
  facet normal -0.24868988716485532 0.9685831611286309 0
    outer loop
      vertex -1.3905764746872633 -0.7202456766718095 52.05
      vertex -1.3905764746872633 -0.7202456766718095 59.55
      vertex -0.8432159156357606 -0.5797073717209011 52.05
    endloop
  endfacet
  facet normal -0.12533323356430473 0.9921147013144779 0
    outer loop
      vertex -0.8432159156357606 -0.5797073717209011 52.05
      vertex -0.8432159156357606 -0.5797073717209011 59.55
      vertex -0.28255733788190973 -0.5088797220727779 52.05
    endloop
  endfacet
  facet normal 0 1 0
    outer loop
      vertex -0.28255733788190973 -0.5088797220727779 52.05
      vertex -0.28255733788190973 -0.5088797220727779 59.55
      vertex 0.28255733788190973 -0.5088797220727779 52.05
    endloop
  endfacet
  facet normal -0.9048270524660195 -0.42577929156507266 0
    outer loop
      vertex -3.9433800601973856 -7.16789153345772 52.05
      vertex -3.9433800601973856 -7.16789153345772 59.55
      vertex -4.183994186497132 -6.65656048708105 59.55
    endloop
  endfacet
  facet normal -0.8443279255020152 -0.5358267949789965 0
    outer loop
      vertex -3.6405764746872635 -7.645033635316129 52.05
      vertex -3.6405764746872635 -7.645033635316129 59.55
      vertex -3.9433800601973856 -7.16789153345772 59.55
    endloop
  endfacet
  facet normal -0.770513242775789 -0.63742398974869 0
    outer loop
      vertex -3.6405764746872635 -7.645033635316129 59.55
      vertex -3.2803588233963525 -8.080461976679098 52.05
      vertex -3.2803588233963525 -8.080461976679098 59.55
    endloop
  endfacet
  facet normal -0.9980267284282716 -0.06279051952931267 0
    outer loop
      vertex -4.464516155915151 -5.563999551039368 52.05
      vertex -4.464516155915151 -5.563999551039368 59.55
      vertex -4.5 -5 59.55
    endloop
  endfacet
  facet normal -0.9822872507286886 -0.1873813145857251 0
    outer loop
      vertex -4.35862422507884 -6.119104492241847 52.05
      vertex -4.35862422507884 -6.119104492241847 59.55
      vertex -4.464516155915151 -5.563999551039368 59.55
    endloop
  endfacet
  facet normal -0.9510565162951535 -0.3090169943749473 0
    outer loop
      vertex -4.183994186497132 -6.65656048708105 52.05
      vertex -4.183994186497132 -6.65656048708105 59.55
      vertex -4.35862422507884 -6.119104492241847 59.55
    endloop
  endfacet
  facet normal -0.9980267284282716 0.06279051952931267 0
    outer loop
      vertex -4.5 -5 52.05
      vertex -4.5 -5 59.55
      vertex -4.464516155915151 -4.436000448960632 59.55
    endloop
  endfacet
  facet normal -0.9822872507286886 0.18738131458572527 0
    outer loop
      vertex -4.464516155915151 -4.436000448960632 52.05
      vertex -4.464516155915151 -4.436000448960632 59.55
      vertex -4.35862422507884 -3.880895507758153 59.55
    endloop
  endfacet
  facet normal -0.9510565162951536 0.3090169943749468 0
    outer loop
      vertex -4.35862422507884 -3.880895507758153 52.05
      vertex -4.35862422507884 -3.880895507758153 59.55
      vertex -4.183994186497132 -3.3434395129189496 59.55
    endloop
  endfacet
  facet normal -0.9048270524660191 0.42577929156507327 0
    outer loop
      vertex -4.183994186497132 -3.3434395129189496 52.05
      vertex -4.183994186497132 -3.3434395129189496 59.55
      vertex -3.9433800601973856 -2.8321084665422807 59.55
    endloop
  endfacet
  facet normal -0.8443279255020154 0.5358267949789962 0
    outer loop
      vertex -3.9433800601973856 -2.8321084665422807 52.05
      vertex -3.9433800601973856 -2.8321084665422807 59.55
      vertex -3.6405764746872635 -2.3549663646838708 59.55
    endloop
  endfacet
  facet normal -0.770513242775789 0.63742398974869 0
    outer loop
      vertex -3.6405764746872635 -2.3549663646838708 52.05
      vertex -3.6405764746872635 -2.3549663646838708 59.55
      vertex -3.2803588233963525 -1.9195380233209018 59.55
    endloop
  endfacet
  facet normal 0 0 1
    outer loop
      vertex -4.35862422507884 -6.119104492241847 59.55
      vertex -4.183994186497132 -6.65656048708105 59.55
      vertex -4.35862422507884 -3.880895507758153 59.55
    endloop
  endfacet
  facet normal 0 0 1
    outer loop
      vertex -4.35862422507884 -6.119104492241847 59.55
      vertex -4.464516155915151 -4.436000448960632 59.55
      vertex -4.464516155915151 -5.563999551039368 59.55
    endloop
  endfacet
  facet normal 0 0 1
    outer loop
      vertex -3.9433800601973856 -7.16789153345772 59.55
      vertex -4.183994186497132 -3.3434395129189496 59.55
      vertex -4.183994186497132 -6.65656048708105 59.55
    endloop
  endfacet
  facet normal 0 0 1
    outer loop
      vertex -4.464516155915151 -5.563999551039368 59.55
      vertex -4.464516155915151 -4.436000448960632 59.55
      vertex -4.5 -5 59.55
    endloop
  endfacet
  facet normal 0 0 1
    outer loop
      vertex -4.35862422507884 -6.119104492241847 59.55
      vertex -4.35862422507884 -3.880895507758153 59.55
      vertex -4.464516155915151 -4.436000448960632 59.55
    endloop
  endfacet
  facet normal 0 0 1
    outer loop
      vertex -4.183994186497132 -6.65656048708105 59.55
      vertex -4.183994186497132 -3.3434395129189496 59.55
      vertex -4.35862422507884 -3.880895507758153 59.55
    endloop
  endfacet
  facet normal 0 0 1
    outer loop
      vertex -3.6405764746872635 -7.645033635316129 59.55
      vertex -3.9433800601973856 -2.8321084665422807 59.55
      vertex -3.9433800601973856 -7.16789153345772 59.55
    endloop
  endfacet
  facet normal 0 0 1
    outer loop
      vertex -3.6405764746872635 -7.645033635316129 59.55
      vertex -3.2803588233963525 -8.080461976679098 59.55
      vertex -3.6405764746872635 -2.3549663646838708 59.55
    endloop
  endfacet
  facet normal 0 0 1
    outer loop
      vertex -3.9433800601973856 -7.16789153345772 59.55
      vertex -3.9433800601973856 -2.8321084665422807 59.55
      vertex -4.183994186497132 -3.3434395129189496 59.55
    endloop
  endfacet
  facet normal 0 0 1
    outer loop
      vertex -3.6405764746872635 -7.645033635316129 59.55
      vertex -3.6405764746872635 -2.3549663646838708 59.55
      vertex -3.9433800601973856 -2.8321084665422807 59.55
    endloop
  endfacet
  facet normal 0 0 1
    outer loop
      vertex -3.6405764746872635 -2.3549663646838708 59.55
      vertex -3.2803588233963525 -8.080461976679098 59.55
      vertex -3.2803588233963525 -1.9195380233209018 59.55
    endloop
  endfacet
  facet normal -0.5877852522924741 -0.8090169943749467 0
    outer loop
      vertex -2.868407953869103 -8.467309592491052 52.05
      vertex -2.4112205774054853 -8.799475664759068 59.55
      vertex -2.868407953869103 -8.467309592491052 59.55
    endloop
  endfacet
  facet normal -0.6845471059286888 -0.7289686274214113 0
    outer loop
      vertex -3.2803588233963525 -8.080461976679098 52.05
      vertex -2.868407953869103 -8.467309592491052 59.55
      vertex -3.2803588233963525 -8.080461976679098 59.55
    endloop
  endfacet
  facet normal -0.4817536741017152 -0.8763066800438637 0
    outer loop
      vertex -2.4112205774054853 -8.799475664759068 52.05
      vertex -1.916006812042826 -9.07172173609709 59.55
      vertex -2.4112205774054853 -8.799475664759068 59.55
    endloop
  endfacet
  facet normal -0.3681245526846769 -0.9297764858882519 0
    outer loop
      vertex -1.916006812042826 -9.07172173609709 52.05
      vertex -1.3905764746872633 -9.279754323328191 59.55
      vertex -1.916006812042826 -9.07172173609709 59.55
    endloop
  endfacet
  facet normal -0.2486898871648558 -0.9685831611286309 0
    outer loop
      vertex -1.3905764746872633 -9.279754323328191 52.05
      vertex -0.8432159156357617 -9.4202926282791 59.55
      vertex -1.3905764746872633 -9.279754323328191 59.55
    endloop
  endfacet
  facet normal -0.12533323356430498 -0.9921147013144778 0
    outer loop
      vertex -0.8432159156357617 -9.4202926282791 52.05
      vertex -0.28255733788191195 -9.491120277927223 59.55
      vertex -0.8432159156357617 -9.4202926282791 59.55
    endloop
  endfacet
  facet normal 0 -1 0
    outer loop
      vertex -0.28255733788191195 -9.491120277927223 52.05
      vertex 0.28255733788191195 -9.491120277927223 59.55
      vertex -0.28255733788191195 -9.491120277927223 59.55
    endloop
  endfacet
  facet normal 0 0 1
    outer loop
      vertex -2.868407953869103 -8.467309592491052 59.55
      vertex -2.4112205774054853 -8.799475664759068 59.55
      vertex -2.615174535047304 -5.671462695345108 59.55
    endloop
  endfacet
  facet normal 0 0 1
    outer loop
      vertex -2.4112205774054853 -8.799475664759068 59.55
      vertex -2.510396511898279 -5.99393629224863 59.55
      vertex -2.615174535047304 -5.671462695345108 59.55
    endloop
  endfacet
  facet normal 0 0 1
    outer loop
      vertex -1.916006812042826 -9.07172173609709 59.55
      vertex -1.3905764746872633 -9.279754323328191 59.55
      vertex -1.7210447723214621 -7.080385755494632 59.55
    endloop
  endfacet
  facet normal 0 0 1
    outer loop
      vertex -2.4112205774054853 -8.799475664759068 59.55
      vertex -1.916006812042826 -9.07172173609709 59.55
      vertex -2.1843458848123585 -6.587020181189677 59.55
    endloop
  endfacet
  facet normal 0 0 1
    outer loop
      vertex -2.4112205774054853 -8.799475664759068 59.55
      vertex -2.1843458848123585 -6.587020181189677 59.55
      vertex -2.3660280361184314 -6.300734920074632 59.55
    endloop
  endfacet
  facet normal 0 0 1
    outer loop
      vertex -2.4112205774054853 -8.799475664759068 59.55
      vertex -2.3660280361184314 -6.300734920074632 59.55
      vertex -2.510396511898279 -5.99393629224863 59.55
    endloop
  endfacet
  facet normal 0 0 1
    outer loop
      vertex -1.916006812042826 -9.07172173609709 59.55
      vertex -1.7210447723214621 -7.080385755494632 59.55
      vertex -1.9682152940378117 -6.84827718600746 59.55
    endloop
  endfacet
  facet normal 0 0 1
    outer loop
      vertex -1.916006812042826 -9.07172173609709 59.55
      vertex -1.9682152940378117 -6.84827718600746 59.55
      vertex -2.1843458848123585 -6.587020181189677 59.55
    endloop
  endfacet
  facet normal 0 0 1
    outer loop
      vertex -1.3905764746872633 -9.279754323328191 59.55
      vertex -0.8432159156357617 -9.4202926282791 59.55
      vertex -1.1496040872256956 -7.4430330416582535 59.55
    endloop
  endfacet
  facet normal 0 0 1
    outer loop
      vertex -1.7210447723214621 -7.080385755494632 59.55
      vertex -1.3905764746872633 -9.279754323328191 59.55
      vertex -1.4467323464432913 -7.27968539885544 59.55
    endloop
  endfacet
  facet normal 0 0 1
    outer loop
      vertex -1.3905764746872633 -9.279754323328191 59.55
      vertex -1.1496040872256956 -7.4430330416582535 59.55
      vertex -1.4467323464432913 -7.27968539885544 59.55
    endloop
  endfacet
  facet normal 0 0 1
    outer loop
      vertex -0.8432159156357617 -9.4202926282791 59.55
      vertex -0.834345884812358 -7.567852593996914 59.55
      vertex -1.1496040872256956 -7.4430330416582535 59.55
    endloop
  endfacet
  facet normal 0 0 1
    outer loop
      vertex -0.8432159156357617 -9.4202926282791 59.55
      vertex -0.28255733788191195 -9.491120277927223 59.55
      vertex -0.5059295493814571 -7.652175576967459 59.55
    endloop
  endfacet
  facet normal 0 0 1
    outer loop
      vertex -0.28255733788191195 -9.491120277927223 59.55
      vertex 0.28255733788191195 -9.491120277927223 59.55
      vertex -0.16953440272914716 -7.694672166756334 59.55
    endloop
  endfacet
  facet normal 0 0 1
    outer loop
      vertex -0.8432159156357617 -9.4202926282791 59.55
      vertex -0.5059295493814571 -7.652175576967459 59.55
      vertex -0.834345884812358 -7.567852593996914 59.55
    endloop
  endfacet
  facet normal 0 0 1
    outer loop
      vertex -0.28255733788191195 -9.491120277927223 59.55
      vertex -0.16953440272914716 -7.694672166756334 59.55
      vertex -0.5059295493814571 -7.652175576967459 59.55
    endloop
  endfacet
  facet normal -0.6845471059286888 0.7289686274214113 0
    outer loop
      vertex -2.868407953869103 -1.532690407508948 52.05
      vertex -3.2803588233963525 -1.9195380233209018 59.55
      vertex -2.868407953869103 -1.532690407508948 59.55
    endloop
  endfacet
  facet normal -0.5877852522924732 0.8090169943749476 0
    outer loop
      vertex -2.4112205774054853 -1.2005243352409325 52.05
      vertex -2.868407953869103 -1.532690407508948 59.55
      vertex -2.4112205774054853 -1.2005243352409325 59.55
    endloop
  endfacet
  facet normal -0.481753674101715 0.8763066800438637 0
    outer loop
      vertex -1.9160068120428273 -0.9282782639029126 52.05
      vertex -2.4112205774054853 -1.2005243352409325 59.55
      vertex -1.9160068120428273 -0.9282782639029126 59.55
    endloop
  endfacet
  facet normal -0.3681245526846775 0.9297764858882517 0
    outer loop
      vertex -1.3905764746872633 -0.7202456766718095 52.05
      vertex -1.9160068120428273 -0.9282782639029126 59.55
      vertex -1.3905764746872633 -0.7202456766718095 59.55
    endloop
  endfacet
  facet normal -0.24868988716485532 0.9685831611286309 0
    outer loop
      vertex -0.8432159156357606 -0.5797073717209011 52.05
      vertex -1.3905764746872633 -0.7202456766718095 59.55
      vertex -0.8432159156357606 -0.5797073717209011 59.55
    endloop
  endfacet
  facet normal -0.12533323356430473 0.9921147013144779 0
    outer loop
      vertex -0.28255733788190973 -0.5088797220727779 52.05
      vertex -0.8432159156357606 -0.5797073717209011 59.55
      vertex -0.28255733788190973 -0.5088797220727779 59.55
    endloop
  endfacet
  facet normal 0 0 1
    outer loop
      vertex -3.2803588233963525 -8.080461976679098 59.55
      vertex -2.868407953869103 -8.467309592491052 59.55
      vertex -3.2803588233963525 -1.9195380233209018 59.55
    endloop
  endfacet
  facet normal 0 0 1
    outer loop
      vertex -2.868407953869103 -8.467309592491052 59.55
      vertex -2.615174535047304 -5.671462695345108 59.55
      vertex -2.6787096935490906 -5.338399730623621 59.55
    endloop
  endfacet
  facet normal 0 0 1
    outer loop
      vertex -2.868407953869103 -8.467309592491052 59.55
      vertex -2.6787096935490906 -5.338399730623621 59.55
      vertex -2.7 -5 59.55
    endloop
  endfacet
  facet normal 0 0 1
    outer loop
      vertex -2.868407953869103 -8.467309592491052 59.55
      vertex -2.868407953869103 -1.532690407508948 59.55
      vertex -3.2803588233963525 -1.9195380233209018 59.55
    endloop
  endfacet
  facet normal 0 0 1
    outer loop
      vertex -2.868407953869103 -8.467309592491052 59.55
      vertex -2.7 -5 59.55
      vertex -2.868407953869103 -1.532690407508948 59.55
    endloop
  endfacet
  facet normal 0 0 1
    outer loop
      vertex -2.7 -5 59.55
      vertex -2.6787096935490906 -4.661600269376379 59.55
      vertex -2.868407953869103 -1.532690407508948 59.55
    endloop
  endfacet
  facet normal 0 0 1
    outer loop
      vertex -2.6787096935490906 -4.661600269376379 59.55
      vertex -2.615174535047304 -4.328537304654892 59.55
      vertex -2.868407953869103 -1.532690407508948 59.55
    endloop
  endfacet
  facet normal 0 0 1
    outer loop
      vertex -2.615174535047304 -4.328537304654892 59.55
      vertex -2.510396511898279 -4.00606370775137 59.55
      vertex -2.868407953869103 -1.532690407508948 59.55
    endloop
  endfacet
  facet normal 0 0 1
    outer loop
      vertex -2.510396511898279 -4.00606370775137 59.55
      vertex -2.3660280361184314 -3.699265079925368 59.55
      vertex -2.868407953869103 -1.532690407508948 59.55
    endloop
  endfacet
  facet normal 0 0 1
    outer loop
      vertex -2.3660280361184314 -3.699265079925368 59.55
      vertex -2.4112205774054853 -1.2005243352409325 59.55
      vertex -2.868407953869103 -1.532690407508948 59.55
    endloop
  endfacet
  facet normal 0 0 1
    outer loop
      vertex -2.3660280361184314 -3.699265079925368 59.55
      vertex -2.1843458848123585 -3.4129798188103226 59.55
      vertex -2.4112205774054853 -1.2005243352409325 59.55
    endloop
  endfacet
  facet normal 0 0 1
    outer loop
      vertex -2.1843458848123585 -3.4129798188103226 59.55
      vertex -1.9682152940378117 -3.151722813992541 59.55
      vertex -2.4112205774054853 -1.2005243352409325 59.55
    endloop
  endfacet
  facet normal 0 0 1
    outer loop
      vertex -1.9682152940378117 -3.151722813992541 59.55
      vertex -1.7210447723214621 -2.9196142445053685 59.55
      vertex -2.4112205774054853 -1.2005243352409325 59.55
    endloop
  endfacet
  facet normal 0 0 1
    outer loop
      vertex -1.7210447723214621 -2.9196142445053685 59.55
      vertex -1.4467323464432913 -2.7203146011445596 59.55
      vertex -1.9160068120428273 -0.9282782639029126 59.55
    endloop
  endfacet
  facet normal 0 0 1
    outer loop
      vertex -1.7210447723214621 -2.9196142445053685 59.55
      vertex -1.9160068120428273 -0.9282782639029126 59.55
      vertex -2.4112205774054853 -1.2005243352409325 59.55
    endloop
  endfacet
  facet normal 0 0 1
    outer loop
      vertex -1.9160068120428273 -0.9282782639029126 59.55
      vertex -1.4467323464432913 -2.7203146011445596 59.55
      vertex -1.1496040872256956 -2.556966958341747 59.55
    endloop
  endfacet
  facet normal 0 0 1
    outer loop
      vertex -1.1496040872256956 -2.556966958341747 59.55
      vertex -0.834345884812358 -2.4321474060030854 59.55
      vertex -1.3905764746872633 -0.7202456766718095 59.55
    endloop
  endfacet
  facet normal 0 0 1
    outer loop
      vertex -1.9160068120428273 -0.9282782639029126 59.55
      vertex -1.1496040872256956 -2.556966958341747 59.55
      vertex -1.3905764746872633 -0.7202456766718095 59.55
    endloop
  endfacet
  facet normal 0 0 1
    outer loop
      vertex -1.3905764746872633 -0.7202456766718095 59.55
      vertex -0.834345884812358 -2.4321474060030854 59.55
      vertex -0.8432159156357606 -0.5797073717209011 59.55
    endloop
  endfacet
  facet normal 0 0 1
    outer loop
      vertex -0.834345884812358 -2.4321474060030854 59.55
      vertex -0.5059295493814571 -2.3478244230325407 59.55
      vertex -0.8432159156357606 -0.5797073717209011 59.55
    endloop
  endfacet
  facet normal 0 0 1
    outer loop
      vertex -0.5059295493814571 -2.3478244230325407 59.55
      vertex -0.1695344027291454 -2.3053278332436666 59.55
      vertex -0.8432159156357606 -0.5797073717209011 59.55
    endloop
  endfacet
  facet normal 0 0 1
    outer loop
      vertex -0.1695344027291454 -2.3053278332436666 59.55
      vertex 0.16953440272914716 -2.3053278332436666 59.55
      vertex -0.28255733788190973 -0.5088797220727779 59.55
    endloop
  endfacet
  facet normal 0 0 1
    outer loop
      vertex -0.1695344027291454 -2.3053278332436666 59.55
      vertex -0.28255733788190973 -0.5088797220727779 59.55
      vertex -0.8432159156357606 -0.5797073717209011 59.55
    endloop
  endfacet
  facet normal 0 0 -1
    outer loop
      vertex -0.28255733788191195 -9.491120277927223 52.05
      vertex 0.2354644482349266 -8.74260023160602 52.05
      vertex 0.28255733788191195 -9.491120277927223 52.05
    endloop
  endfacet
  facet normal 0 0 -1
    outer loop
      vertex 0.28255733788191195 -9.491120277927223 52.05
      vertex 0.2354644482349266 -8.74260023160602 52.05
      vertex 0.8432159156357617 -9.4202926282791 52.05
    endloop
  endfacet
  facet normal 0 0 -1
    outer loop
      vertex 0.8432159156357617 -9.4202926282791 52.05
      vertex 0.2354644482349266 -8.74260023160602 52.05
      vertex 0.7026799296964681 -8.683577190232583 52.05
    endloop
  endfacet
  facet normal 0 0 -1
    outer loop
      vertex 0.8432159156357617 -9.4202926282791 52.05
      vertex 0.7026799296964681 -8.683577190232583 52.05
      vertex 1.3905764746872633 -9.279754323328191 52.05
    endloop
  endfacet
  facet normal 0 0 -1
    outer loop
      vertex 0.7026799296964681 -8.683577190232583 52.05
      vertex 1.1588137289060527 -8.566461936106826 52.05
      vertex 1.3905764746872633 -9.279754323328191 52.05
    endloop
  endfacet
  facet normal 0 0 -1
    outer loop
      vertex 1.3905764746872633 -9.279754323328191 52.05
      vertex 1.1588137289060527 -8.566461936106826 52.05
      vertex 1.916006812042826 -9.07172173609709 52.05
    endloop
  endfacet
  facet normal 0 0 -1
    outer loop
      vertex 1.1588137289060527 -8.566461936106826 52.05
      vertex 1.5966723433690215 -8.393101446747574 52.05
      vertex 1.916006812042826 -9.07172173609709 52.05
    endloop
  endfacet
  facet normal 0 0 -1
    outer loop
      vertex 1.5966723433690215 -8.393101446747574 52.05
      vertex 2.411220577405483 -8.799475664759068 52.05
      vertex 1.916006812042826 -9.07172173609709 52.05
    endloop
  endfacet
  facet normal 0 0 -1
    outer loop
      vertex 1.5966723433690215 -8.393101446747574 52.05
      vertex 2.0093504811712357 -8.166229720632558 52.05
      vertex 2.411220577405483 -8.799475664759068 52.05
    endloop
  endfacet
  facet normal 0 0 -1
    outer loop
      vertex 2.411220577405483 -8.799475664759068 52.05
      vertex 2.0093504811712357 -8.166229720632558 52.05
      vertex 2.3903399615575873 -7.889424660409209 52.05
    endloop
  endfacet
  facet normal 0 0 -1
    outer loop
      vertex 2.411220577405483 -8.799475664759068 52.05
      vertex 2.3903399615575873 -7.889424660409209 52.05
      vertex 2.868407953869105 -8.46730959249105 52.05
    endloop
  endfacet
  facet normal 0 0 -1
    outer loop
      vertex 2.3903399615575873 -7.889424660409209 52.05
      vertex 2.733632352830294 -7.5670516472325815 52.05
      vertex 2.868407953869105 -8.46730959249105 52.05
    endloop
  endfacet
  facet normal 0 0 -1
    outer loop
      vertex 2.868407953869105 -8.46730959249105 52.05
      vertex 2.733632352830294 -7.5670516472325815 52.05
      vertex 3.2803588233963525 -8.080461976679098 52.05
    endloop
  endfacet
  facet normal 0 0 -1
    outer loop
      vertex 2.733632352830294 -7.5670516472325815 52.05
      vertex 3.033813728906053 -7.204194696096774 52.05
      vertex 3.2803588233963525 -8.080461976679098 52.05
    endloop
  endfacet
  facet normal 0 0 -1
    outer loop
      vertex 3.2803588233963525 -8.080461976679098 52.05
      vertex 3.033813728906053 -7.204194696096774 52.05
      vertex 3.286150050164488 -6.806576277881433 52.05
    endloop
  endfacet
  facet normal 0 0 -1
    outer loop
      vertex -0.28255733788190973 -0.5088797220727779 52.05
      vertex 0.28255733788190973 -0.5088797220727779 52.05
      vertex 0.2354644482349248 -1.2573997683939817 52.05
    endloop
  endfacet
  facet normal 0 0 -1
    outer loop
      vertex 0.2354644482349248 -1.2573997683939817 52.05
      vertex 0.28255733788190973 -0.5088797220727779 52.05
      vertex 0.7026799296964672 -1.3164228097674173 52.05
    endloop
  endfacet
  facet normal 0 0 -1
    outer loop
      vertex 0.7026799296964672 -1.3164228097674173 52.05
      vertex 0.28255733788190973 -0.5088797220727779 52.05
      vertex 0.8432159156357606 -0.5797073717209011 52.05
    endloop
  endfacet
  facet normal 0 0 -1
    outer loop
      vertex 0.7026799296964672 -1.3164228097674173 52.05
      vertex 0.8432159156357606 -0.5797073717209011 52.05
      vertex 1.1588137289060527 -1.4335380638931743 52.05
    endloop
  endfacet
  facet normal 0 0 -1
    outer loop
      vertex 0.8432159156357606 -0.5797073717209011 52.05
      vertex 1.3905764746872633 -0.7202456766718095 52.05
      vertex 1.1588137289060527 -1.4335380638931743 52.05
    endloop
  endfacet
  facet normal 0 0 -1
    outer loop
      vertex 1.1588137289060527 -1.4335380638931743 52.05
      vertex 1.3905764746872633 -0.7202456766718095 52.05
      vertex 1.5966723433690226 -1.6068985532524271 52.05
    endloop
  endfacet
  facet normal 0 0 -1
    outer loop
      vertex 2.0093504811712375 -1.8337702793674433 52.05
      vertex 2.411220577405485 -1.200524335240932 52.05
      vertex 2.3903399615575864 -2.110575339590791 52.05
    endloop
  endfacet
  facet normal 0 0 -1
    outer loop
      vertex 1.5966723433690226 -1.6068985532524271 52.05
      vertex 1.3905764746872633 -0.7202456766718095 52.05
      vertex 1.9160068120428273 -0.9282782639029126 52.05
    endloop
  endfacet
  facet normal 0 0 -1
    outer loop
      vertex 1.5966723433690226 -1.6068985532524271 52.05
      vertex 1.9160068120428273 -0.9282782639029126 52.05
      vertex 2.0093504811712375 -1.8337702793674433 52.05
    endloop
  endfacet
  facet normal 0 0 -1
    outer loop
      vertex 2.0093504811712375 -1.8337702793674433 52.05
      vertex 1.9160068120428273 -0.9282782639029126 52.05
      vertex 2.411220577405485 -1.200524335240932 52.05
    endloop
  endfacet
  facet normal 0 0 -1
    outer loop
      vertex 2.3903399615575864 -2.110575339590791 52.05
      vertex 2.411220577405485 -1.200524335240932 52.05
      vertex 2.7336323528302935 -2.432948352767417 52.05
    endloop
  endfacet
  facet normal 0 0 -1
    outer loop
      vertex 2.411220577405485 -1.200524335240932 52.05
      vertex 2.868407953869104 -1.532690407508949 52.05
      vertex 2.7336323528302935 -2.432948352767417 52.05
    endloop
  endfacet
  facet normal 0 0 -1
    outer loop
      vertex 3.2861500501644882 -3.1934237221185677 52.05
      vertex 3.033813728906053 -2.795805303903226 52.05
      vertex 3.280358823396352 -1.919538023320901 52.05
    endloop
  endfacet
  facet normal 0 0 -1
    outer loop
      vertex 3.033813728906053 -2.795805303903226 52.05
      vertex 2.7336323528302935 -2.432948352767417 52.05
      vertex 2.868407953869104 -1.532690407508949 52.05
    endloop
  endfacet
  facet normal 0 0 -1
    outer loop
      vertex 3.033813728906053 -2.795805303903226 52.05
      vertex 2.868407953869104 -1.532690407508949 52.05
      vertex 3.280358823396352 -1.919538023320901 52.05
    endloop
  endfacet
  facet normal 0 0 -1
    outer loop
      vertex 3.2803588233963525 -8.080461976679098 52.05
      vertex 3.286150050164488 -6.806576277881433 52.05
      vertex 3.6405764746872635 -7.645033635316129 52.05
    endloop
  endfacet
  facet normal 0 0 -1
    outer loop
      vertex 3.286150050164488 -6.806576277881433 52.05
      vertex 3.486661822080942 -6.380467072567544 52.05
      vertex 3.6405764746872635 -7.645033635316129 52.05
    endloop
  endfacet
  facet normal 0 0 -1
    outer loop
      vertex 3.6405764746872635 -7.645033635316129 52.05
      vertex 3.486661822080942 -6.380467072567544 52.05
      vertex 3.632186854232367 -5.932587076868204 52.05
    endloop
  endfacet
  facet normal 0 0 -1
    outer loop
      vertex 3.6405764746872635 -7.645033635316129 52.05
      vertex 3.632186854232367 -5.932587076868204 52.05
      vertex 3.720430129929292 -5.46999962586614 52.05
    endloop
  endfacet
  facet normal 0 0 -1
    outer loop
      vertex 3.6405764746872635 -7.645033635316129 52.05
      vertex 3.720430129929292 -5.46999962586614 52.05
      vertex 3.75 -5 52.05
    endloop
  endfacet
  facet normal 0 0 -1
    outer loop
      vertex 3.6405764746872635 -7.645033635316129 52.05
      vertex 3.943380060197386 -2.832108466542281 52.05
      vertex 3.9433800601973856 -7.16789153345772 52.05
    endloop
  endfacet
  facet normal 0 0 -1
    outer loop
      vertex 3.6405764746872635 -7.645033635316129 52.05
      vertex 3.75 -5 52.05
      vertex 3.943380060197386 -2.832108466542281 52.05
    endloop
  endfacet
  facet normal 0 0 -1
    outer loop
      vertex 3.9433800601973856 -7.16789153345772 52.05
      vertex 3.943380060197386 -2.832108466542281 52.05
      vertex 4.183994186497131 -3.343439512918949 52.05
    endloop
  endfacet
  facet normal 0 0 -1
    outer loop
      vertex 3.75 -5 52.05
      vertex 3.720430129929292 -4.530000374133859 52.05
      vertex 3.943380060197386 -2.832108466542281 52.05
    endloop
  endfacet
  facet normal 0 0 -1
    outer loop
      vertex 3.720430129929292 -4.530000374133859 52.05
      vertex 3.6321868542323665 -4.067412923131794 52.05
      vertex 3.6405764746872635 -2.3549663646838708 52.05
    endloop
  endfacet
  facet normal 0 0 -1
    outer loop
      vertex 3.9433800601973856 -7.16789153345772 52.05
      vertex 4.183994186497131 -3.343439512918949 52.05
      vertex 4.183994186497131 -6.656560487081053 52.05
    endloop
  endfacet
  facet normal 0 0 -1
    outer loop
      vertex 4.183994186497131 -6.656560487081053 52.05
      vertex 4.35862422507884 -3.8808955077581535 52.05
      vertex 4.358624225078841 -6.119104492241845 52.05
    endloop
  endfacet
  facet normal 0 0 -1
    outer loop
      vertex 4.358624225078841 -6.119104492241845 52.05
      vertex 4.464516155915151 -4.43600044896063 52.05
      vertex 4.464516155915151 -5.563999551039368 52.05
    endloop
  endfacet
  facet normal 0 0 -1
    outer loop
      vertex 4.183994186497131 -6.656560487081053 52.05
      vertex 4.183994186497131 -3.343439512918949 52.05
      vertex 4.35862422507884 -3.8808955077581535 52.05
    endloop
  endfacet
  facet normal 0 0 -1
    outer loop
      vertex 4.358624225078841 -6.119104492241845 52.05
      vertex 4.35862422507884 -3.8808955077581535 52.05
      vertex 4.464516155915151 -4.43600044896063 52.05
    endloop
  endfacet
  facet normal 0 0 -1
    outer loop
      vertex 4.464516155915151 -5.563999551039368 52.05
      vertex 4.464516155915151 -4.43600044896063 52.05
      vertex 4.5 -5 52.05
    endloop
  endfacet
  facet normal 0 0 -1
    outer loop
      vertex 3.2861500501644882 -3.1934237221185677 52.05
      vertex 3.6405764746872635 -2.3549663646838708 52.05
      vertex 3.4866618220809427 -3.6195329274324575 52.05
    endloop
  endfacet
  facet normal 0 0 -1
    outer loop
      vertex 3.6321868542323665 -4.067412923131794 52.05
      vertex 3.4866618220809427 -3.6195329274324575 52.05
      vertex 3.6405764746872635 -2.3549663646838708 52.05
    endloop
  endfacet
  facet normal 0 0 -1
    outer loop
      vertex 3.2861500501644882 -3.1934237221185677 52.05
      vertex 3.280358823396352 -1.919538023320901 52.05
      vertex 3.6405764746872635 -2.3549663646838708 52.05
    endloop
  endfacet
  facet normal 0 0 -1
    outer loop
      vertex 3.720430129929292 -4.530000374133859 52.05
      vertex 3.6405764746872635 -2.3549663646838708 52.05
      vertex 3.943380060197386 -2.832108466542281 52.05
    endloop
  endfacet
  facet normal 0 -1 0
    outer loop
      vertex -0.28255733788191195 -9.491120277927223 52.05
      vertex 0.28255733788191195 -9.491120277927223 52.05
      vertex 0.28255733788191195 -9.491120277927223 59.55
    endloop
  endfacet
  facet normal 0.12533323356430498 -0.9921147013144778 0
    outer loop
      vertex 0.28255733788191195 -9.491120277927223 52.05
      vertex 0.8432159156357617 -9.4202926282791 52.05
      vertex 0.8432159156357617 -9.4202926282791 59.55
    endloop
  endfacet
  facet normal 0.2486898871648558 -0.9685831611286309 0
    outer loop
      vertex 0.8432159156357617 -9.4202926282791 52.05
      vertex 1.3905764746872633 -9.279754323328191 52.05
      vertex 1.3905764746872633 -9.279754323328191 59.55
    endloop
  endfacet
  facet normal 0.3681245526846769 -0.9297764858882519 0
    outer loop
      vertex 1.3905764746872633 -9.279754323328191 52.05
      vertex 1.916006812042826 -9.07172173609709 52.05
      vertex 1.916006812042826 -9.07172173609709 59.55
    endloop
  endfacet
  facet normal 0.4817536741017169 -0.8763066800438626 0
    outer loop
      vertex 1.916006812042826 -9.07172173609709 52.05
      vertex 2.411220577405483 -8.799475664759068 52.05
      vertex 2.411220577405483 -8.799475664759068 59.55
    endloop
  endfacet
  facet normal 0.5877852522924729 -0.8090169943749476 0
    outer loop
      vertex 2.411220577405483 -8.799475664759068 52.05
      vertex 2.868407953869105 -8.46730959249105 52.05
      vertex 2.868407953869105 -8.46730959249105 59.55
    endloop
  endfacet
  facet normal 0.6845471059286887 -0.7289686274214113 0
    outer loop
      vertex 2.868407953869105 -8.46730959249105 52.05
      vertex 3.2803588233963525 -8.080461976679098 52.05
      vertex 3.2803588233963525 -8.080461976679098 59.55
    endloop
  endfacet
  facet normal 0.12533323356430473 0.9921147013144779 0
    outer loop
      vertex 0.28255733788190973 -0.5088797220727779 52.05
      vertex 0.28255733788190973 -0.5088797220727779 59.55
      vertex 0.8432159156357606 -0.5797073717209011 52.05
    endloop
  endfacet
  facet normal 0.24868988716485532 0.9685831611286309 0
    outer loop
      vertex 0.8432159156357606 -0.5797073717209011 52.05
      vertex 0.8432159156357606 -0.5797073717209011 59.55
      vertex 1.3905764746872633 -0.7202456766718095 52.05
    endloop
  endfacet
  facet normal 0.3681245526846775 0.9297764858882517 0
    outer loop
      vertex 1.3905764746872633 -0.7202456766718095 52.05
      vertex 1.3905764746872633 -0.7202456766718095 59.55
      vertex 1.9160068120428273 -0.9282782639029126 52.05
    endloop
  endfacet
  facet normal 0.48175367410171477 0.8763066800438638 0
    outer loop
      vertex 1.9160068120428273 -0.9282782639029126 52.05
      vertex 1.9160068120428273 -0.9282782639029126 59.55
      vertex 2.411220577405485 -1.200524335240932 52.05
    endloop
  endfacet
  facet normal 0.5877852522924735 0.809016994374947 0
    outer loop
      vertex 2.411220577405485 -1.200524335240932 52.05
      vertex 2.411220577405485 -1.200524335240932 59.55
      vertex 2.868407953869104 -1.532690407508949 52.05
    endloop
  endfacet
  facet normal 0.6845471059286883 0.7289686274214118 0
    outer loop
      vertex 2.868407953869104 -1.532690407508949 52.05
      vertex 2.868407953869104 -1.532690407508949 59.55
      vertex 3.280358823396352 -1.919538023320901 52.05
    endloop
  endfacet
  facet normal 0.770513242775789 -0.63742398974869 0
    outer loop
      vertex 3.2803588233963525 -8.080461976679098 52.05
      vertex 3.6405764746872635 -7.645033635316129 52.05
      vertex 3.2803588233963525 -8.080461976679098 59.55
    endloop
  endfacet
  facet normal 0.8443279255020152 -0.5358267949789965 0
    outer loop
      vertex 3.6405764746872635 -7.645033635316129 52.05
      vertex 3.9433800601973856 -7.16789153345772 52.05
      vertex 3.6405764746872635 -7.645033635316129 59.55
    endloop
  endfacet
  facet normal 0.9048270524660192 -0.4257792915650732 0
    outer loop
      vertex 3.9433800601973856 -7.16789153345772 52.05
      vertex 4.183994186497131 -6.656560487081053 52.05
      vertex 3.9433800601973856 -7.16789153345772 59.55
    endloop
  endfacet
  facet normal 0.9510565162951536 -0.3090169943749474 0
    outer loop
      vertex 4.183994186497131 -6.656560487081053 52.05
      vertex 4.358624225078841 -6.119104492241845 52.05
      vertex 4.183994186497131 -6.656560487081053 59.55
    endloop
  endfacet
  facet normal 0.9822872507286888 -0.18738131458572443 0
    outer loop
      vertex 4.358624225078841 -6.119104492241845 52.05
      vertex 4.464516155915151 -5.563999551039368 52.05
      vertex 4.358624225078841 -6.119104492241845 59.55
    endloop
  endfacet
  facet normal 0.9980267284282716 -0.06279051952931267 0
    outer loop
      vertex 4.464516155915151 -5.563999551039368 52.05
      vertex 4.5 -5 52.05
      vertex 4.464516155915151 -5.563999551039368 59.55
    endloop
  endfacet
  facet normal 0.9822872507286884 0.18738131458572593 0
    outer loop
      vertex 4.464516155915151 -4.43600044896063 52.05
      vertex 4.35862422507884 -3.8808955077581535 52.05
      vertex 4.464516155915151 -4.43600044896063 59.55
    endloop
  endfacet
  facet normal 0.9510565162951533 0.3090169943749478 0
    outer loop
      vertex 4.183994186497131 -3.343439512918949 52.05
      vertex 4.35862422507884 -3.8808955077581535 59.55
      vertex 4.35862422507884 -3.8808955077581535 52.05
    endloop
  endfacet
  facet normal 0.9980267284282716 0.06279051952931247 0
    outer loop
      vertex 4.5 -5 52.05
      vertex 4.464516155915151 -4.43600044896063 52.05
      vertex 4.5 -5 59.55
    endloop
  endfacet
  facet normal 0.7705132427757893 0.6374239897486897 0
    outer loop
      vertex 3.280358823396352 -1.919538023320901 52.05
      vertex 3.6405764746872635 -2.3549663646838708 59.55
      vertex 3.6405764746872635 -2.3549663646838708 52.05
    endloop
  endfacet
  facet normal 0.8443279255020152 0.5358267949789963 0
    outer loop
      vertex 3.943380060197386 -2.832108466542281 52.05
      vertex 3.6405764746872635 -2.3549663646838708 52.05
      vertex 3.943380060197386 -2.832108466542281 59.55
    endloop
  endfacet
  facet normal 0.9048270524660199 0.425779291565072 0
    outer loop
      vertex 4.183994186497131 -3.343439512918949 52.05
      vertex 3.943380060197386 -2.832108466542281 52.05
      vertex 4.183994186497131 -3.343439512918949 59.55
    endloop
  endfacet
  facet normal 0.12533323356430498 -0.9921147013144778 0
    outer loop
      vertex 0.28255733788191195 -9.491120277927223 52.05
      vertex 0.8432159156357617 -9.4202926282791 59.55
      vertex 0.28255733788191195 -9.491120277927223 59.55
    endloop
  endfacet
  facet normal 0.2486898871648558 -0.9685831611286309 0
    outer loop
      vertex 0.8432159156357617 -9.4202926282791 52.05
      vertex 1.3905764746872633 -9.279754323328191 59.55
      vertex 0.8432159156357617 -9.4202926282791 59.55
    endloop
  endfacet
  facet normal 0.3681245526846769 -0.9297764858882519 0
    outer loop
      vertex 1.3905764746872633 -9.279754323328191 52.05
      vertex 1.916006812042826 -9.07172173609709 59.55
      vertex 1.3905764746872633 -9.279754323328191 59.55
    endloop
  endfacet
  facet normal 0.4817536741017169 -0.8763066800438626 0
    outer loop
      vertex 1.916006812042826 -9.07172173609709 52.05
      vertex 2.411220577405483 -8.799475664759068 59.55
      vertex 1.916006812042826 -9.07172173609709 59.55
    endloop
  endfacet
  facet normal 0.5877852522924729 -0.8090169943749476 0
    outer loop
      vertex 2.411220577405483 -8.799475664759068 52.05
      vertex 2.868407953869105 -8.46730959249105 59.55
      vertex 2.411220577405483 -8.799475664759068 59.55
    endloop
  endfacet
  facet normal 0.6845471059286887 -0.7289686274214113 0
    outer loop
      vertex 2.868407953869105 -8.46730959249105 52.05
      vertex 3.2803588233963525 -8.080461976679098 59.55
      vertex 2.868407953869105 -8.46730959249105 59.55
    endloop
  endfacet
  facet normal 0 0 1
    outer loop
      vertex 0.28255733788191195 -9.491120277927223 59.55
      vertex 0.8432159156357617 -9.4202926282791 59.55
      vertex 0.16953440272914716 -7.694672166756334 59.55
    endloop
  endfacet
  facet normal 0 0 1
    outer loop
      vertex -0.16953440272914716 -7.694672166756334 59.55
      vertex 0.28255733788191195 -9.491120277927223 59.55
      vertex 0.16953440272914716 -7.694672166756334 59.55
    endloop
  endfacet
  facet normal 0 0 1
    outer loop
      vertex 0.8432159156357617 -9.4202926282791 59.55
      vertex 0.5059295493814571 -7.652175576967459 59.55
      vertex 0.16953440272914716 -7.694672166756334 59.55
    endloop
  endfacet
  facet normal 0 0 1
    outer loop
      vertex 0.8432159156357617 -9.4202926282791 59.55
      vertex 0.834345884812358 -7.567852593996914 59.55
      vertex 0.5059295493814571 -7.652175576967459 59.55
    endloop
  endfacet
  facet normal 0 0 1
    outer loop
      vertex 0.8432159156357617 -9.4202926282791 59.55
      vertex 1.3905764746872633 -9.279754323328191 59.55
      vertex 0.834345884812358 -7.567852593996914 59.55
    endloop
  endfacet
  facet normal 0 0 1
    outer loop
      vertex 1.3905764746872633 -9.279754323328191 59.55
      vertex 1.916006812042826 -9.07172173609709 59.55
      vertex 1.1496040872256956 -7.4430330416582535 59.55
    endloop
  endfacet
  facet normal 0 0 1
    outer loop
      vertex 0.834345884812358 -7.567852593996914 59.55
      vertex 1.3905764746872633 -9.279754323328191 59.55
      vertex 1.1496040872256956 -7.4430330416582535 59.55
    endloop
  endfacet
  facet normal 0 0 1
    outer loop
      vertex 1.1496040872256956 -7.4430330416582535 59.55
      vertex 1.916006812042826 -9.07172173609709 59.55
      vertex 1.44673234644329 -7.279685398855442 59.55
    endloop
  endfacet
  facet normal 0 0 1
    outer loop
      vertex 1.44673234644329 -7.279685398855442 59.55
      vertex 1.916006812042826 -9.07172173609709 59.55
      vertex 1.721044772321463 -7.08038575549463 59.55
    endloop
  endfacet
  facet normal 0 0 1
    outer loop
      vertex 1.916006812042826 -9.07172173609709 59.55
      vertex 2.411220577405483 -8.799475664759068 59.55
      vertex 1.721044772321463 -7.08038575549463 59.55
    endloop
  endfacet
  facet normal 0 0 1
    outer loop
      vertex 2.411220577405483 -8.799475664759068 59.55
      vertex 1.9682152940378117 -6.84827718600746 59.55
      vertex 1.721044772321463 -7.08038575549463 59.55
    endloop
  endfacet
  facet normal 0 0 1
    outer loop
      vertex 2.411220577405483 -8.799475664759068 59.55
      vertex 2.1843458848123585 -6.587020181189677 59.55
      vertex 1.9682152940378117 -6.84827718600746 59.55
    endloop
  endfacet
  facet normal 0 0 1
    outer loop
      vertex 2.411220577405483 -8.799475664759068 59.55
      vertex 2.3660280361184314 -6.300734920074632 59.55
      vertex 2.1843458848123585 -6.587020181189677 59.55
    endloop
  endfacet
  facet normal 0 0 1
    outer loop
      vertex 2.411220577405483 -8.799475664759068 59.55
      vertex 2.868407953869105 -8.46730959249105 59.55
      vertex 2.3660280361184314 -6.300734920074632 59.55
    endloop
  endfacet
  facet normal 0 0 1
    outer loop
      vertex 2.868407953869105 -8.46730959249105 59.55
      vertex 2.5103965118982785 -5.993936292248632 59.55
      vertex 2.3660280361184314 -6.300734920074632 59.55
    endloop
  endfacet
  facet normal 0 1 0
    outer loop
      vertex -0.28255733788190973 -0.5088797220727779 59.55
      vertex 0.28255733788190973 -0.5088797220727779 59.55
      vertex 0.28255733788190973 -0.5088797220727779 52.05
    endloop
  endfacet
  facet normal 0.12533323356430473 0.9921147013144779 0
    outer loop
      vertex 0.8432159156357606 -0.5797073717209011 52.05
      vertex 0.28255733788190973 -0.5088797220727779 59.55
      vertex 0.8432159156357606 -0.5797073717209011 59.55
    endloop
  endfacet
  facet normal 0.24868988716485532 0.9685831611286309 0
    outer loop
      vertex 1.3905764746872633 -0.7202456766718095 52.05
      vertex 0.8432159156357606 -0.5797073717209011 59.55
      vertex 1.3905764746872633 -0.7202456766718095 59.55
    endloop
  endfacet
  facet normal 0.3681245526846775 0.9297764858882517 0
    outer loop
      vertex 1.9160068120428273 -0.9282782639029126 52.05
      vertex 1.3905764746872633 -0.7202456766718095 59.55
      vertex 1.9160068120428273 -0.9282782639029126 59.55
    endloop
  endfacet
  facet normal 0.48175367410171477 0.8763066800438638 0
    outer loop
      vertex 2.411220577405485 -1.200524335240932 52.05
      vertex 1.9160068120428273 -0.9282782639029126 59.55
      vertex 2.411220577405485 -1.200524335240932 59.55
    endloop
  endfacet
  facet normal 0.6845471059286883 0.7289686274214118 0
    outer loop
      vertex 3.280358823396352 -1.919538023320901 52.05
      vertex 2.868407953869104 -1.532690407508949 59.55
      vertex 3.280358823396352 -1.919538023320901 59.55
    endloop
  endfacet
  facet normal 0.5877852522924735 0.809016994374947 0
    outer loop
      vertex 2.868407953869104 -1.532690407508949 52.05
      vertex 2.411220577405485 -1.200524335240932 59.55
      vertex 2.868407953869104 -1.532690407508949 59.55
    endloop
  endfacet
  facet normal 0 0 1
    outer loop
      vertex 0.16953440272914716 -2.3053278332436666 59.55
      vertex 0.5059295493814571 -2.3478244230325407 59.55
      vertex 0.28255733788190973 -0.5088797220727779 59.55
    endloop
  endfacet
  facet normal 0 0 1
    outer loop
      vertex 0.5059295493814571 -2.3478244230325407 59.55
      vertex 0.834345884812358 -2.4321474060030854 59.55
      vertex 0.8432159156357606 -0.5797073717209011 59.55
    endloop
  endfacet
  facet normal 0 0 1
    outer loop
      vertex -0.28255733788190973 -0.5088797220727779 59.55
      vertex 0.16953440272914716 -2.3053278332436666 59.55
      vertex 0.28255733788190973 -0.5088797220727779 59.55
    endloop
  endfacet
  facet normal 0 0 1
    outer loop
      vertex 0.5059295493814571 -2.3478244230325407 59.55
      vertex 0.8432159156357606 -0.5797073717209011 59.55
      vertex 0.28255733788190973 -0.5088797220727779 59.55
    endloop
  endfacet
  facet normal 0 0 1
    outer loop
      vertex 1.1496040872256956 -2.556966958341747 59.55
      vertex 0.8432159156357606 -0.5797073717209011 59.55
      vertex 0.834345884812358 -2.4321474060030854 59.55
    endloop
  endfacet
  facet normal 0 0 1
    outer loop
      vertex 1.1496040872256956 -2.556966958341747 59.55
      vertex 1.44673234644329 -2.7203146011445587 59.55
      vertex 1.3905764746872633 -0.7202456766718095 59.55
    endloop
  endfacet
  facet normal 0 0 1
    outer loop
      vertex 1.44673234644329 -2.7203146011445587 59.55
      vertex 1.721044772321463 -2.9196142445053694 59.55
      vertex 1.3905764746872633 -0.7202456766718095 59.55
    endloop
  endfacet
  facet normal 0 0 1
    outer loop
      vertex 1.1496040872256956 -2.556966958341747 59.55
      vertex 1.3905764746872633 -0.7202456766718095 59.55
      vertex 0.8432159156357606 -0.5797073717209011 59.55
    endloop
  endfacet
  facet normal 0 0 1
    outer loop
      vertex 2.868407953869105 -8.46730959249105 59.55
      vertex 2.6151745350473043 -5.671462695345107 59.55
      vertex 2.5103965118982785 -5.993936292248632 59.55
    endloop
  endfacet
  facet normal 0 0 1
    outer loop
      vertex 2.868407953869105 -8.46730959249105 59.55
      vertex 2.6787096935490906 -5.338399730623621 59.55
      vertex 2.6151745350473043 -5.671462695345107 59.55
    endloop
  endfacet
  facet normal 0 0 1
    outer loop
      vertex 2.868407953869105 -8.46730959249105 59.55
      vertex 2.7 -5 59.55
      vertex 2.6787096935490906 -5.338399730623621 59.55
    endloop
  endfacet
  facet normal 0 0 1
    outer loop
      vertex 2.868407953869105 -8.46730959249105 59.55
      vertex 3.2803588233963525 -8.080461976679098 59.55
      vertex 2.868407953869104 -1.532690407508949 59.55
    endloop
  endfacet
  facet normal 0 0 1
    outer loop
      vertex 2.868407953869105 -8.46730959249105 59.55
      vertex 2.868407953869104 -1.532690407508949 59.55
      vertex 2.7 -5 59.55
    endloop
  endfacet
  facet normal 0 0 1
    outer loop
      vertex 2.6787096935490906 -4.661600269376379 59.55
      vertex 2.868407953869104 -1.532690407508949 59.55
      vertex 2.6151745350473043 -4.328537304654893 59.55
    endloop
  endfacet
  facet normal 0 0 1
    outer loop
      vertex 2.7 -5 59.55
      vertex 2.868407953869104 -1.532690407508949 59.55
      vertex 2.6787096935490906 -4.661600269376379 59.55
    endloop
  endfacet
  facet normal 0 0 1
    outer loop
      vertex 3.2803588233963525 -8.080461976679098 59.55
      vertex 3.280358823396352 -1.919538023320901 59.55
      vertex 2.868407953869104 -1.532690407508949 59.55
    endloop
  endfacet
  facet normal 0 0 1
    outer loop
      vertex 1.9682152940378117 -3.151722813992541 59.55
      vertex 1.9160068120428273 -0.9282782639029126 59.55
      vertex 1.721044772321463 -2.9196142445053694 59.55
    endloop
  endfacet
  facet normal 0 0 1
    outer loop
      vertex 1.9682152940378117 -3.151722813992541 59.55
      vertex 2.1843458848123585 -3.4129798188103226 59.55
      vertex 1.9160068120428273 -0.9282782639029126 59.55
    endloop
  endfacet
  facet normal 0 0 1
    outer loop
      vertex 2.5103965118982785 -4.006063707751368 59.55
      vertex 2.411220577405485 -1.200524335240932 59.55
      vertex 2.3660280361184314 -3.699265079925368 59.55
    endloop
  endfacet
  facet normal 0 0 1
    outer loop
      vertex 2.1843458848123585 -3.4129798188103226 59.55
      vertex 2.3660280361184314 -3.699265079925368 59.55
      vertex 2.411220577405485 -1.200524335240932 59.55
    endloop
  endfacet
  facet normal 0 0 1
    outer loop
      vertex 2.1843458848123585 -3.4129798188103226 59.55
      vertex 2.411220577405485 -1.200524335240932 59.55
      vertex 1.9160068120428273 -0.9282782639029126 59.55
    endloop
  endfacet
  facet normal 0 0 1
    outer loop
      vertex 1.3905764746872633 -0.7202456766718095 59.55
      vertex 1.721044772321463 -2.9196142445053694 59.55
      vertex 1.9160068120428273 -0.9282782639029126 59.55
    endloop
  endfacet
  facet normal 0 0 1
    outer loop
      vertex 2.5103965118982785 -4.006063707751368 59.55
      vertex 2.6151745350473043 -4.328537304654893 59.55
      vertex 2.411220577405485 -1.200524335240932 59.55
    endloop
  endfacet
  facet normal 0 0 1
    outer loop
      vertex 2.6151745350473043 -4.328537304654893 59.55
      vertex 2.868407953869104 -1.532690407508949 59.55
      vertex 2.411220577405485 -1.200524335240932 59.55
    endloop
  endfacet
  facet normal 0.770513242775789 -0.63742398974869 0
    outer loop
      vertex 3.2803588233963525 -8.080461976679098 59.55
      vertex 3.6405764746872635 -7.645033635316129 52.05
      vertex 3.6405764746872635 -7.645033635316129 59.55
    endloop
  endfacet
  facet normal 0.8443279255020152 -0.5358267949789965 0
    outer loop
      vertex 3.9433800601973856 -7.16789153345772 52.05
      vertex 3.9433800601973856 -7.16789153345772 59.55
      vertex 3.6405764746872635 -7.645033635316129 59.55
    endloop
  endfacet
  facet normal 0.9048270524660192 -0.4257792915650732 0
    outer loop
      vertex 4.183994186497131 -6.656560487081053 52.05
      vertex 4.183994186497131 -6.656560487081053 59.55
      vertex 3.9433800601973856 -7.16789153345772 59.55
    endloop
  endfacet
  facet normal 0.9510565162951536 -0.3090169943749474 0
    outer loop
      vertex 4.358624225078841 -6.119104492241845 52.05
      vertex 4.358624225078841 -6.119104492241845 59.55
      vertex 4.183994186497131 -6.656560487081053 59.55
    endloop
  endfacet
  facet normal 0.9822872507286888 -0.18738131458572443 0
    outer loop
      vertex 4.464516155915151 -5.563999551039368 52.05
      vertex 4.464516155915151 -5.563999551039368 59.55
      vertex 4.358624225078841 -6.119104492241845 59.55
    endloop
  endfacet
  facet normal 0.9980267284282716 -0.06279051952931267 0
    outer loop
      vertex 4.464516155915151 -5.563999551039368 59.55
      vertex 4.5 -5 52.05
      vertex 4.5 -5 59.55
    endloop
  endfacet
  facet normal 0.9510565162951533 0.3090169943749478 0
    outer loop
      vertex 4.183994186497131 -3.343439512918949 52.05
      vertex 4.183994186497131 -3.343439512918949 59.55
      vertex 4.35862422507884 -3.8808955077581535 59.55
    endloop
  endfacet
  facet normal 0.9822872507286884 0.18738131458572593 0
    outer loop
      vertex 4.35862422507884 -3.8808955077581535 52.05
      vertex 4.35862422507884 -3.8808955077581535 59.55
      vertex 4.464516155915151 -4.43600044896063 59.55
    endloop
  endfacet
  facet normal 0.9980267284282716 0.06279051952931247 0
    outer loop
      vertex 4.464516155915151 -4.43600044896063 52.05
      vertex 4.464516155915151 -4.43600044896063 59.55
      vertex 4.5 -5 59.55
    endloop
  endfacet
  facet normal 0.7705132427757893 0.6374239897486897 0
    outer loop
      vertex 3.280358823396352 -1.919538023320901 52.05
      vertex 3.280358823396352 -1.919538023320901 59.55
      vertex 3.6405764746872635 -2.3549663646838708 59.55
    endloop
  endfacet
  facet normal 0.9048270524660199 0.425779291565072 0
    outer loop
      vertex 3.943380060197386 -2.832108466542281 52.05
      vertex 3.943380060197386 -2.832108466542281 59.55
      vertex 4.183994186497131 -3.343439512918949 59.55
    endloop
  endfacet
  facet normal 0.8443279255020152 0.5358267949789963 0
    outer loop
      vertex 3.6405764746872635 -2.3549663646838708 52.05
      vertex 3.6405764746872635 -2.3549663646838708 59.55
      vertex 3.943380060197386 -2.832108466542281 59.55
    endloop
  endfacet
  facet normal 0 0 1
    outer loop
      vertex 3.2803588233963525 -8.080461976679098 59.55
      vertex 3.6405764746872635 -7.645033635316129 59.55
      vertex 3.280358823396352 -1.919538023320901 59.55
    endloop
  endfacet
  facet normal 0 0 1
    outer loop
      vertex 3.6405764746872635 -7.645033635316129 59.55
      vertex 3.9433800601973856 -7.16789153345772 59.55
      vertex 3.6405764746872635 -2.3549663646838708 59.55
    endloop
  endfacet
  facet normal 0 0 1
    outer loop
      vertex 3.9433800601973856 -7.16789153345772 59.55
      vertex 4.183994186497131 -6.656560487081053 59.55
      vertex 3.943380060197386 -2.832108466542281 59.55
    endloop
  endfacet
  facet normal 0 0 1
    outer loop
      vertex 3.280358823396352 -1.919538023320901 59.55
      vertex 3.6405764746872635 -7.645033635316129 59.55
      vertex 3.6405764746872635 -2.3549663646838708 59.55
    endloop
  endfacet
  facet normal 0 0 1
    outer loop
      vertex 3.9433800601973856 -7.16789153345772 59.55
      vertex 3.943380060197386 -2.832108466542281 59.55
      vertex 3.6405764746872635 -2.3549663646838708 59.55
    endloop
  endfacet
  facet normal 0 0 1
    outer loop
      vertex 4.183994186497131 -6.656560487081053 59.55
      vertex 4.358624225078841 -6.119104492241845 59.55
      vertex 4.183994186497131 -3.343439512918949 59.55
    endloop
  endfacet
  facet normal 0 0 1
    outer loop
      vertex 4.358624225078841 -6.119104492241845 59.55
      vertex 4.464516155915151 -5.563999551039368 59.55
      vertex 4.35862422507884 -3.8808955077581535 59.55
    endloop
  endfacet
  facet normal 0 0 1
    outer loop
      vertex 4.183994186497131 -6.656560487081053 59.55
      vertex 4.183994186497131 -3.343439512918949 59.55
      vertex 3.943380060197386 -2.832108466542281 59.55
    endloop
  endfacet
  facet normal 0 0 1
    outer loop
      vertex 4.358624225078841 -6.119104492241845 59.55
      vertex 4.35862422507884 -3.8808955077581535 59.55
      vertex 4.183994186497131 -3.343439512918949 59.55
    endloop
  endfacet
  facet normal 0 0 1
    outer loop
      vertex 4.464516155915151 -5.563999551039368 59.55
      vertex 4.464516155915151 -4.43600044896063 59.55
      vertex 4.35862422507884 -3.8808955077581535 59.55
    endloop
  endfacet
  facet normal 0 0 1
    outer loop
      vertex 4.464516155915151 -5.563999551039368 59.55
      vertex 4.5 -5 59.55
      vertex 4.464516155915151 -4.43600044896063 59.55
    endloop
  endfacet
  facet normal 0.34098755421130866 0.6202540585172573 0.7064080908128534
    outer loop
      vertex -0.9109055514642946 -6.435357473353426 53.05
      vertex -1.4467323464432913 -7.27968539885544 54.05
      vertex -0.7238247956606231 -6.5382059891922335 53.05
    endloop
  endfacet
  facet normal 0.26056031871295626 0.6581002427794277 0.7064080908128538
    outer loop
      vertex -0.7238247956606231 -6.5382059891922335 53.05
      vertex -1.1496040872256956 -7.4430330416582535 54.05
      vertex -0.5253288904374106 -6.616796077701761 53.05
    endloop
  endfacet
  facet normal 0.17602389133730859 0.6855677930829387 0.7064080908128533
    outer loop
      vertex -0.5253288904374106 -6.616796077701761 53.05
      vertex -0.834345884812358 -7.567852593996914 54.05
      vertex -0.31854823479573224 -6.6698883262387705 53.05
    endloop
  endfacet
  facet normal 0.08871146204370114 0.7022235297511812 0.7064080908128537
    outer loop
      vertex -0.31854823479573224 -6.6698883262387705 53.05
      vertex -0.5059295493814571 -7.652175576967459 54.05
      vertex -0.10674388319983341 -6.696645438328062 53.05
    endloop
  endfacet
  facet normal 0 0.7078047818672455 0.7064080908128536
    outer loop
      vertex -0.10674388319983341 -6.696645438328062 53.05
      vertex -0.16953440272914716 -7.694672166756334 54.05
      vertex 0.10674388319983341 -6.696645438328062 53.05
    endloop
  endfacet
  facet normal 0.41603721228365614 0.5726260972304558 0.7064080908128535
    outer loop
      vertex -0.9109055514642946 -6.435357473353426 53.05
      vertex -1.7210447723214621 -7.080385755494632 54.05
      vertex -1.4467323464432913 -7.27968539885544 54.05
    endloop
  endfacet
  facet normal 0.34098755421131033 0.6202540585172561 0.7064080908128537
    outer loop
      vertex -0.7238247956606231 -6.5382059891922335 53.05
      vertex -1.4467323464432913 -7.27968539885544 54.05
      vertex -1.1496040872256956 -7.4430330416582535 54.05
    endloop
  endfacet
  facet normal 0.26056031871295393 0.6581002427794289 0.7064080908128534
    outer loop
      vertex -0.5253288904374106 -6.616796077701761 53.05
      vertex -1.1496040872256956 -7.4430330416582535 54.05
      vertex -0.834345884812358 -7.567852593996914 54.05
    endloop
  endfacet
  facet normal 0.17602389133731103 0.6855677930829377 0.7064080908128536
    outer loop
      vertex -0.31854823479573224 -6.6698883262387705 53.05
      vertex -0.834345884812358 -7.567852593996914 54.05
      vertex -0.5059295493814571 -7.652175576967459 54.05
    endloop
  endfacet
  facet normal 0.0887114620437005 0.7022235297511813 0.7064080908128536
    outer loop
      vertex -0.10674388319983341 -6.696645438328062 53.05
      vertex -0.5059295493814571 -7.652175576967459 54.05
      vertex -0.16953440272914716 -7.694672166756334 54.05
    endloop
  endfacet
  facet normal 0.684547105928689 0.7289686274214112 0
    outer loop
      vertex -1.7210447723214621 -7.080385755494632 54.05
      vertex -1.9682152940378117 -6.84827718600746 54.05
      vertex -1.9682152940378117 -6.84827718600746 59.55
    endloop
  endfacet
  facet normal 0.5877852522924706 0.8090169943749493 0
    outer loop
      vertex -1.7210447723214621 -7.080385755494632 54.05
      vertex -1.7210447723214621 -7.080385755494632 59.55
      vertex -1.4467323464432913 -7.27968539885544 54.05
    endloop
  endfacet
  facet normal 0.48175367410171754 0.8763066800438623 0
    outer loop
      vertex -1.4467323464432913 -7.27968539885544 54.05
      vertex -1.4467323464432913 -7.27968539885544 59.55
      vertex -1.1496040872256956 -7.4430330416582535 54.05
    endloop
  endfacet
  facet normal 0.36812455268467514 0.9297764858882526 0
    outer loop
      vertex -0.834345884812358 -7.567852593996914 54.05
      vertex -1.1496040872256956 -7.4430330416582535 54.05
      vertex -1.1496040872256956 -7.4430330416582535 59.55
    endloop
  endfacet
  facet normal 0.2486898871648563 0.9685831611286307 0
    outer loop
      vertex -0.834345884812358 -7.567852593996914 54.05
      vertex -0.834345884812358 -7.567852593996914 59.55
      vertex -0.5059295493814571 -7.652175576967459 54.05
    endloop
  endfacet
  facet normal 0.1253332335643065 0.9921147013144777 0
    outer loop
      vertex -0.5059295493814571 -7.652175576967459 54.05
      vertex -0.5059295493814571 -7.652175576967459 59.55
      vertex -0.16953440272914716 -7.694672166756334 54.05
    endloop
  endfacet
  facet normal 0 1 0
    outer loop
      vertex -0.16953440272914716 -7.694672166756334 54.05
      vertex -0.16953440272914716 -7.694672166756334 59.55
      vertex 0.16953440272914716 -7.694672166756334 54.05
    endloop
  endfacet
  facet normal 0.5976193431343776 0.3792607677387344 0.7064080908128537
    outer loop
      vertex -1.4897213560745681 -5.818981245972916 53.05
      vertex -2.3660280361184314 -6.300734920074632 54.05
      vertex -1.3753288904374106 -5.999234928897204 53.05
    endloop
  endfacet
  facet normal 0.6731623500597136 0.21872370629683227 0.7064080908128535
    outer loop
      vertex -1.5806200260100274 -5.625811739563952 53.05
      vertex -1.6465913739186728 -5.4227728081802535 53.05
      vertex -2.615174535047304 -5.671462695345108 54.05
    endloop
  endfacet
  facet normal 0.6404409144982939 0.301368618589806 0.7064080908128537
    outer loop
      vertex -1.4897213560745681 -5.818981245972916 53.05
      vertex -1.5806200260100274 -5.625811739563952 53.05
      vertex -2.510396511898279 -5.99393629224863 54.05
    endloop
  endfacet
  facet normal 0.6952676132329958 0.13262939049634656 0.7064080908128537
    outer loop
      vertex -1.6465913739186728 -5.4227728081802535 53.05
      vertex -1.6865949922346124 -5.213066497059317 53.05
      vertex -2.6787096935490906 -5.338399730623621 54.05
    endloop
  endfacet
  facet normal 0.7064080908128535 0.04444342997877632 0.7064080908128536
    outer loop
      vertex -1.6865949922346124 -5.213066497059317 53.05
      vertex -1.7 -5 53.05
      vertex -2.7 -5 54.05
    endloop
  endfacet
  facet normal 0.7064080908128535 -0.04444342997877632 0.7064080908128537
    outer loop
      vertex -1.7 -5 53.05
      vertex -1.6865949922346124 -4.786933502940683 53.05
      vertex -2.6787096935490906 -4.661600269376379 54.05
    endloop
  endfacet
  facet normal 0.6952676132329959 -0.1326293904963466 0.7064080908128535
    outer loop
      vertex -1.6865949922346124 -4.786933502940683 53.05
      vertex -1.6465913739186728 -4.5772271918197465 53.05
      vertex -2.615174535047304 -4.328537304654892 54.05
    endloop
  endfacet
  facet normal 0.6731623500597135 -0.21872370629683224 0.7064080908128537
    outer loop
      vertex -1.6465913739186728 -4.5772271918197465 53.05
      vertex -1.5806200260100274 -4.374188260436048 53.05
      vertex -2.510396511898279 -4.00606370775137 54.05
    endloop
  endfacet
  facet normal 0.6404409144982937 -0.3013686185898066 0.7064080908128537
    outer loop
      vertex -1.5806200260100274 -4.374188260436048 53.05
      vertex -1.489721356074568 -4.181018754027084 53.05
      vertex -2.3660280361184314 -3.699265079925368 54.05
    endloop
  endfacet
  facet normal 0.5976193431343777 -0.37926076773873374 0.7064080908128537
    outer loop
      vertex -1.489721356074568 -4.181018754027084 53.05
      vertex -1.3753288904374106 -4.000765071102796 53.05
      vertex -2.1843458848123585 -3.4129798188103226 54.05
    endloop
  endfacet
  facet normal 0.6404409144982937 0.3013686185898068 0.7064080908128536
    outer loop
      vertex -1.4897213560745681 -5.818981245972916 53.05
      vertex -2.510396511898279 -5.99393629224863 54.05
      vertex -2.3660280361184314 -6.300734920074632 54.05
    endloop
  endfacet
  facet normal 0.6731623500597139 0.218723706296831 0.7064080908128537
    outer loop
      vertex -1.5806200260100274 -5.625811739563952 53.05
      vertex -2.615174535047304 -5.671462695345108 54.05
      vertex -2.510396511898279 -5.99393629224863 54.05
    endloop
  endfacet
  facet normal 0.7064080908128534 0.04444342997877613 0.7064080908128536
    outer loop
      vertex -1.6865949922346124 -5.213066497059317 53.05
      vertex -2.7 -5 54.05
      vertex -2.6787096935490906 -5.338399730623621 54.05
    endloop
  endfacet
  facet normal 0.6952676132329958 0.13262939049634767 0.7064080908128536
    outer loop
      vertex -1.6465913739186728 -5.4227728081802535 53.05
      vertex -2.6787096935490906 -5.338399730623621 54.05
      vertex -2.615174535047304 -5.671462695345108 54.05
    endloop
  endfacet
  facet normal 0.5976193431343779 0.3792607677387336 0.7064080908128537
    outer loop
      vertex -1.3753288904374106 -5.999234928897204 53.05
      vertex -2.3660280361184314 -6.300734920074632 54.05
      vertex -2.1843458848123585 -6.587020181189677 54.05
    endloop
  endfacet
  facet normal 0.545372957728742 0.45117174802102017 0.7064080908128537
    outer loop
      vertex -1.2392466666164 -6.16373008007877 53.05
      vertex -2.1843458848123585 -6.587020181189677 54.05
      vertex -1.9682152940378117 -6.84827718600746 54.05
    endloop
  endfacet
  facet normal 0.7064080908128535 -0.04444342997877613 0.7064080908128536
    outer loop
      vertex -1.7 -5 53.05
      vertex -2.6787096935490906 -4.661600269376379 54.05
      vertex -2.7 -5 54.05
    endloop
  endfacet
  facet normal 0.6952676132329957 -0.13262939049634764 0.7064080908128538
    outer loop
      vertex -1.6865949922346124 -4.786933502940683 53.05
      vertex -2.615174535047304 -4.328537304654892 54.05
      vertex -2.6787096935490906 -4.661600269376379 54.05
    endloop
  endfacet
  facet normal 0.673162350059714 -0.21872370629683102 0.7064080908128535
    outer loop
      vertex -1.6465913739186728 -4.5772271918197465 53.05
      vertex -2.510396511898279 -4.00606370775137 54.05
      vertex -2.615174535047304 -4.328537304654892 54.05
    endloop
  endfacet
  facet normal 0.6404409144982937 -0.30136861858980674 0.7064080908128537
    outer loop
      vertex -1.5806200260100274 -4.374188260436048 53.05
      vertex -2.3660280361184314 -3.699265079925368 54.05
      vertex -2.510396511898279 -4.00606370775137 54.05
    endloop
  endfacet
  facet normal 0.5976193431343779 -0.3792607677387336 0.7064080908128537
    outer loop
      vertex -1.489721356074568 -4.181018754027084 53.05
      vertex -2.1843458848123585 -3.4129798188103226 54.05
      vertex -2.3660280361184314 -3.699265079925368 54.05
    endloop
  endfacet
  facet normal 0.5453729577287415 -0.4511717480210206 0.7064080908128538
    outer loop
      vertex -1.3753288904374106 -4.000765071102796 53.05
      vertex -1.9682152940378117 -3.151722813992541 54.05
      vertex -2.1843458848123585 -3.4129798188103226 54.05
    endloop
  endfacet
  facet normal 0.4845257149897099 -0.5159674803200774 0.7064080908128537
    outer loop
      vertex -1.2392466666163997 -3.8362699199212296 53.05
      vertex -1.7210447723214621 -2.9196142445053685 54.05
      vertex -1.9682152940378117 -3.151722813992541 54.05
    endloop
  endfacet
  facet normal 0.48452571498971 0.5159674803200772 0.7064080908128538
    outer loop
      vertex -1.0836207825727724 -6.309872512718842 53.05
      vertex -1.2392466666164 -6.16373008007877 53.05
      vertex -1.9682152940378117 -6.84827718600746 54.05
    endloop
  endfacet
  facet normal 0.5453729577287421 0.45117174802101984 0.7064080908128538
    outer loop
      vertex -1.3753288904374106 -5.999234928897204 53.05
      vertex -2.1843458848123585 -6.587020181189677 54.05
      vertex -1.2392466666164 -6.16373008007877 53.05
    endloop
  endfacet
  facet normal 0.4160372122836578 0.5726260972304542 0.7064080908128538
    outer loop
      vertex -1.0836207825727724 -6.309872512718842 53.05
      vertex -1.7210447723214621 -7.080385755494632 54.05
      vertex -0.9109055514642946 -6.435357473353426 53.05
    endloop
  endfacet
  facet normal 0.5453729577287418 -0.4511717480210204 0.7064080908128537
    outer loop
      vertex -1.3753288904374106 -4.000765071102796 53.05
      vertex -1.2392466666163997 -3.8362699199212296 53.05
      vertex -1.9682152940378117 -3.151722813992541 54.05
    endloop
  endfacet
  facet normal 0.4845257149897104 -0.515967480320077 0.7064080908128536
    outer loop
      vertex -1.2392466666163997 -3.8362699199212296 53.05
      vertex -1.0836207825727724 -3.690127487281158 53.05
      vertex -1.7210447723214621 -2.9196142445053685 54.05
    endloop
  endfacet
  facet normal 0.4845257149897099 0.5159674803200774 0.7064080908128537
    outer loop
      vertex -1.0836207825727724 -6.309872512718842 53.05
      vertex -1.9682152940378117 -6.84827718600746 54.05
      vertex -1.7210447723214621 -7.080385755494632 54.05
    endloop
  endfacet
  facet normal 0.4160372122836578 -0.5726260972304545 0.7064080908128536
    outer loop
      vertex -1.0836207825727724 -3.690127487281158 53.05
      vertex -0.9109055514642945 -3.5646425266465744 53.05
      vertex -1.4467323464432913 -2.7203146011445596 54.05
    endloop
  endfacet
  facet normal 0.3409875542113087 -0.6202540585172571 0.7064080908128536
    outer loop
      vertex -0.9109055514642945 -3.5646425266465744 53.05
      vertex -0.7238247956606231 -3.4617940108077665 53.05
      vertex -1.1496040872256956 -2.556966958341747 54.05
    endloop
  endfacet
  facet normal 0.2605603187129549 -0.6581002427794284 0.7064080908128537
    outer loop
      vertex -0.7238247956606231 -3.4617940108077665 53.05
      vertex -0.5253288904374105 -3.383203922298239 53.05
      vertex -0.834345884812358 -2.4321474060030854 54.05
    endloop
  endfacet
  facet normal 0.17602389133730956 -0.685567793082938 0.7064080908128537
    outer loop
      vertex -0.5253288904374105 -3.383203922298239 53.05
      vertex -0.31854823479573174 -3.3301116737612295 53.05
      vertex -0.5059295493814571 -2.3478244230325407 54.05
    endloop
  endfacet
  facet normal 0.08871146204369956 -0.7022235297511814 0.7064080908128536
    outer loop
      vertex -0.31854823479573174 -3.3301116737612295 53.05
      vertex -0.10674388319983256 -3.3033545616719384 53.05
      vertex -0.16953440272914716 -2.3053278332436666 54.05
    endloop
  endfacet
  facet normal 0.41603721228365725 -0.5726260972304548 0.7064080908128536
    outer loop
      vertex -1.0836207825727724 -3.690127487281158 53.05
      vertex -1.4467323464432913 -2.7203146011445596 54.05
      vertex -1.7210447723214621 -2.9196142445053685 54.05
    endloop
  endfacet
  facet normal 0.34098755421130894 -0.620254058517257 0.7064080908128536
    outer loop
      vertex -0.9109055514642945 -3.5646425266465744 53.05
      vertex -1.1496040872256956 -2.556966958341747 54.05
      vertex -1.4467323464432913 -2.7203146011445596 54.05
    endloop
  endfacet
  facet normal 0.2605603187129555 -0.6581002427794281 0.7064080908128536
    outer loop
      vertex -0.7238247956606231 -3.4617940108077665 53.05
      vertex -0.834345884812358 -2.4321474060030854 54.05
      vertex -1.1496040872256956 -2.556966958341747 54.05
    endloop
  endfacet
  facet normal 0.17602389133731017 -0.6855677930829379 0.7064080908128536
    outer loop
      vertex -0.5253288904374105 -3.383203922298239 53.05
      vertex -0.5059295493814571 -2.3478244230325407 54.05
      vertex -0.834345884812358 -2.4321474060030854 54.05
    endloop
  endfacet
  facet normal 0.08871146204369958 -0.7022235297511813 0.7064080908128536
    outer loop
      vertex -0.31854823479573174 -3.3301116737612295 53.05
      vertex -0.16953440272914716 -2.3053278332436666 54.05
      vertex -0.5059295493814571 -2.3478244230325407 54.05
    endloop
  endfacet
  facet normal 0 -0.7078047818672456 0.7064080908128537
    outer loop
      vertex -0.10674388319983256 -3.3033545616719384 53.05
      vertex 0.16953440272914716 -2.3053278332436666 54.05
      vertex -0.16953440272914716 -2.3053278332436666 54.05
    endloop
  endfacet
  facet normal 0.9048270524660195 0.4257792915650729 0
    outer loop
      vertex -2.3660280361184314 -6.300734920074632 54.05
      vertex -2.510396511898279 -5.99393629224863 54.05
      vertex -2.510396511898279 -5.99393629224863 59.55
    endloop
  endfacet
  facet normal 0.9822872507286884 0.18738131458572618 0
    outer loop
      vertex -2.615174535047304 -5.671462695345108 54.05
      vertex -2.6787096935490906 -5.338399730623621 54.05
      vertex -2.6787096935490906 -5.338399730623621 59.55
    endloop
  endfacet
  facet normal 0.9980267284282716 0.06279051952931261 0
    outer loop
      vertex -2.6787096935490906 -5.338399730623621 54.05
      vertex -2.7 -5 54.05
      vertex -2.7 -5 59.55
    endloop
  endfacet
  facet normal 0.9510565162951538 0.3090169943749466 0
    outer loop
      vertex -2.615174535047304 -5.671462695345108 54.05
      vertex -2.615174535047304 -5.671462695345108 59.55
      vertex -2.510396511898279 -5.99393629224863 54.05
    endloop
  endfacet
  facet normal 0.9980267284282716 -0.06279051952931261 0
    outer loop
      vertex -2.7 -5 54.05
      vertex -2.6787096935490906 -4.661600269376379 54.05
      vertex -2.6787096935490906 -4.661600269376379 59.55
    endloop
  endfacet
  facet normal 0.9822872507286884 -0.18738131458572618 0
    outer loop
      vertex -2.6787096935490906 -4.661600269376379 54.05
      vertex -2.615174535047304 -4.328537304654892 54.05
      vertex -2.615174535047304 -4.328537304654892 59.55
    endloop
  endfacet
  facet normal 0.9510565162951538 -0.3090169943749466 0
    outer loop
      vertex -2.615174535047304 -4.328537304654892 54.05
      vertex -2.510396511898279 -4.00606370775137 54.05
      vertex -2.510396511898279 -4.00606370775137 59.55
    endloop
  endfacet
  facet normal 0.8443279255020154 0.535826794978996 0
    outer loop
      vertex -2.3660280361184314 -6.300734920074632 54.05
      vertex -2.3660280361184314 -6.300734920074632 59.55
      vertex -2.1843458848123585 -6.587020181189677 54.05
    endloop
  endfacet
  facet normal 0.7705132427757898 0.6374239897486891 0
    outer loop
      vertex -2.1843458848123585 -6.587020181189677 54.05
      vertex -2.1843458848123585 -6.587020181189677 59.55
      vertex -1.9682152940378117 -6.84827718600746 54.05
    endloop
  endfacet
  facet normal 0.9048270524660195 -0.4257792915650729 0
    outer loop
      vertex -2.510396511898279 -4.00606370775137 54.05
      vertex -2.3660280361184314 -3.699265079925368 54.05
      vertex -2.3660280361184314 -3.699265079925368 59.55
    endloop
  endfacet
  facet normal 0.8443279255020154 -0.535826794978996 0
    outer loop
      vertex -2.3660280361184314 -3.699265079925368 54.05
      vertex -2.1843458848123585 -3.4129798188103226 54.05
      vertex -2.1843458848123585 -3.4129798188103226 59.55
    endloop
  endfacet
  facet normal 0.7705132427757893 -0.6374239897486896 0
    outer loop
      vertex -2.1843458848123585 -3.4129798188103226 54.05
      vertex -1.9682152940378117 -3.151722813992541 54.05
      vertex -1.9682152940378117 -3.151722813992541 59.55
    endloop
  endfacet
  facet normal 0.684547105928689 -0.7289686274214112 0
    outer loop
      vertex -1.9682152940378117 -3.151722813992541 54.05
      vertex -1.7210447723214621 -2.9196142445053685 54.05
      vertex -1.7210447723214621 -2.9196142445053685 59.55
    endloop
  endfacet
  facet normal 0.5877852522924722 -0.809016994374948 0
    outer loop
      vertex -1.7210447723214621 -2.9196142445053685 54.05
      vertex -1.4467323464432913 -2.7203146011445596 54.05
      vertex -1.4467323464432913 -2.7203146011445596 59.55
    endloop
  endfacet
  facet normal 0.48175367410171555 -0.8763066800438635 0
    outer loop
      vertex -1.4467323464432913 -2.7203146011445596 54.05
      vertex -1.1496040872256956 -2.556966958341747 54.05
      vertex -1.1496040872256956 -2.556966958341747 59.55
    endloop
  endfacet
  facet normal 0.3681245526846774 -0.9297764858882517 0
    outer loop
      vertex -1.1496040872256956 -2.556966958341747 54.05
      vertex -0.834345884812358 -2.4321474060030854 54.05
      vertex -0.834345884812358 -2.4321474060030854 59.55
    endloop
  endfacet
  facet normal 0.24868988716485504 -0.968583161128631 0
    outer loop
      vertex -0.834345884812358 -2.4321474060030854 54.05
      vertex -0.5059295493814571 -2.3478244230325407 54.05
      vertex -0.5059295493814571 -2.3478244230325407 59.55
    endloop
  endfacet
  facet normal 0.12533323356430523 -0.9921147013144778 -3.9068705400931096e-17
    outer loop
      vertex -0.5059295493814571 -2.3478244230325407 54.05
      vertex -0.16953440272914716 -2.3053278332436666 54.05
      vertex -0.1695344027291454 -2.3053278332436666 59.55
    endloop
  endfacet
  facet normal 0.7705132427757898 0.6374239897486891 0
    outer loop
      vertex -1.9682152940378117 -6.84827718600746 54.05
      vertex -2.1843458848123585 -6.587020181189677 59.55
      vertex -1.9682152940378117 -6.84827718600746 59.55
    endloop
  endfacet
  facet normal 0.684547105928689 0.7289686274214112 0
    outer loop
      vertex -1.7210447723214621 -7.080385755494632 54.05
      vertex -1.9682152940378117 -6.84827718600746 59.55
      vertex -1.7210447723214621 -7.080385755494632 59.55
    endloop
  endfacet
  facet normal 0.5877852522924706 0.8090169943749493 0
    outer loop
      vertex -1.7210447723214621 -7.080385755494632 59.55
      vertex -1.4467323464432913 -7.27968539885544 59.55
      vertex -1.4467323464432913 -7.27968539885544 54.05
    endloop
  endfacet
  facet normal 0.48175367410171754 0.8763066800438623 0
    outer loop
      vertex -1.1496040872256956 -7.4430330416582535 54.05
      vertex -1.4467323464432913 -7.27968539885544 59.55
      vertex -1.1496040872256956 -7.4430330416582535 59.55
    endloop
  endfacet
  facet normal 0.36812455268467514 0.9297764858882526 0
    outer loop
      vertex -0.834345884812358 -7.567852593996914 54.05
      vertex -1.1496040872256956 -7.4430330416582535 59.55
      vertex -0.834345884812358 -7.567852593996914 59.55
    endloop
  endfacet
  facet normal 0.2486898871648563 0.9685831611286307 0
    outer loop
      vertex -0.5059295493814571 -7.652175576967459 54.05
      vertex -0.834345884812358 -7.567852593996914 59.55
      vertex -0.5059295493814571 -7.652175576967459 59.55
    endloop
  endfacet
  facet normal 0.1253332335643065 0.9921147013144777 0
    outer loop
      vertex -0.16953440272914716 -7.694672166756334 54.05
      vertex -0.5059295493814571 -7.652175576967459 59.55
      vertex -0.16953440272914716 -7.694672166756334 59.55
    endloop
  endfacet
  facet normal 0.9980267284282716 0.06279051952931261 0
    outer loop
      vertex -2.6787096935490906 -5.338399730623621 54.05
      vertex -2.7 -5 59.55
      vertex -2.6787096935490906 -5.338399730623621 59.55
    endloop
  endfacet
  facet normal 0.9510565162951538 0.3090169943749466 0
    outer loop
      vertex -2.510396511898279 -5.99393629224863 54.05
      vertex -2.615174535047304 -5.671462695345108 59.55
      vertex -2.510396511898279 -5.99393629224863 59.55
    endloop
  endfacet
  facet normal 0.9822872507286884 0.18738131458572618 0
    outer loop
      vertex -2.615174535047304 -5.671462695345108 54.05
      vertex -2.6787096935490906 -5.338399730623621 59.55
      vertex -2.615174535047304 -5.671462695345108 59.55
    endloop
  endfacet
  facet normal 0.9980267284282716 -0.06279051952931261 0
    outer loop
      vertex -2.7 -5 54.05
      vertex -2.6787096935490906 -4.661600269376379 59.55
      vertex -2.7 -5 59.55
    endloop
  endfacet
  facet normal 0.9822872507286884 -0.18738131458572618 0
    outer loop
      vertex -2.6787096935490906 -4.661600269376379 54.05
      vertex -2.615174535047304 -4.328537304654892 59.55
      vertex -2.6787096935490906 -4.661600269376379 59.55
    endloop
  endfacet
  facet normal 0.9510565162951538 -0.3090169943749466 0
    outer loop
      vertex -2.615174535047304 -4.328537304654892 54.05
      vertex -2.510396511898279 -4.00606370775137 59.55
      vertex -2.615174535047304 -4.328537304654892 59.55
    endloop
  endfacet
  facet normal 0.9048270524660195 -0.4257792915650729 0
    outer loop
      vertex -2.510396511898279 -4.00606370775137 54.05
      vertex -2.3660280361184314 -3.699265079925368 59.55
      vertex -2.510396511898279 -4.00606370775137 59.55
    endloop
  endfacet
  facet normal 0.8443279255020154 0.535826794978996 0
    outer loop
      vertex -2.1843458848123585 -6.587020181189677 54.05
      vertex -2.3660280361184314 -6.300734920074632 59.55
      vertex -2.1843458848123585 -6.587020181189677 59.55
    endloop
  endfacet
  facet normal 0.9048270524660195 0.4257792915650729 0
    outer loop
      vertex -2.3660280361184314 -6.300734920074632 54.05
      vertex -2.510396511898279 -5.99393629224863 59.55
      vertex -2.3660280361184314 -6.300734920074632 59.55
    endloop
  endfacet
  facet normal 0.8443279255020154 -0.535826794978996 0
    outer loop
      vertex -2.3660280361184314 -3.699265079925368 54.05
      vertex -2.1843458848123585 -3.4129798188103226 59.55
      vertex -2.3660280361184314 -3.699265079925368 59.55
    endloop
  endfacet
  facet normal 0.7705132427757893 -0.6374239897486896 0
    outer loop
      vertex -2.1843458848123585 -3.4129798188103226 54.05
      vertex -1.9682152940378117 -3.151722813992541 59.55
      vertex -2.1843458848123585 -3.4129798188103226 59.55
    endloop
  endfacet
  facet normal 0.684547105928689 -0.7289686274214112 0
    outer loop
      vertex -1.9682152940378117 -3.151722813992541 54.05
      vertex -1.7210447723214621 -2.9196142445053685 59.55
      vertex -1.9682152940378117 -3.151722813992541 59.55
    endloop
  endfacet
  facet normal 0.5877852522924722 -0.809016994374948 0
    outer loop
      vertex -1.7210447723214621 -2.9196142445053685 54.05
      vertex -1.4467323464432913 -2.7203146011445596 59.55
      vertex -1.7210447723214621 -2.9196142445053685 59.55
    endloop
  endfacet
  facet normal 0.48175367410171555 -0.8763066800438635 0
    outer loop
      vertex -1.4467323464432913 -2.7203146011445596 54.05
      vertex -1.1496040872256956 -2.556966958341747 59.55
      vertex -1.4467323464432913 -2.7203146011445596 59.55
    endloop
  endfacet
  facet normal 0.3681245526846774 -0.9297764858882517 0
    outer loop
      vertex -1.1496040872256956 -2.556966958341747 54.05
      vertex -0.834345884812358 -2.4321474060030854 59.55
      vertex -1.1496040872256956 -2.556966958341747 59.55
    endloop
  endfacet
  facet normal 0.24868988716485504 -0.968583161128631 0
    outer loop
      vertex -0.834345884812358 -2.4321474060030854 54.05
      vertex -0.5059295493814571 -2.3478244230325407 59.55
      vertex -0.834345884812358 -2.4321474060030854 59.55
    endloop
  endfacet
  facet normal 0.1253332335643046 -0.9921147013144778 0
    outer loop
      vertex -0.5059295493814571 -2.3478244230325407 54.05
      vertex -0.1695344027291454 -2.3053278332436666 59.55
      vertex -0.5059295493814571 -2.3478244230325407 59.55
    endloop
  endfacet
  facet normal 0 -1 0
    outer loop
      vertex -0.16953440272914716 -2.3053278332436666 54.05
      vertex 0.16953440272914716 -2.3053278332436666 59.55
      vertex -0.1695344027291454 -2.3053278332436666 59.55
    endloop
  endfacet
  facet normal -0.08871146204370119 0.7022235297511813 0.7064080908128536
    outer loop
      vertex 0.10674388319983341 -6.696645438328062 53.05
      vertex 0.16953440272914716 -7.694672166756334 54.05
      vertex 0.3185482347957322 -6.6698883262387705 53.05
    endloop
  endfacet
  facet normal -0.17602389133730842 0.6855677930829382 0.7064080908128537
    outer loop
      vertex 0.3185482347957322 -6.6698883262387705 53.05
      vertex 0.5059295493814571 -7.652175576967459 54.05
      vertex 0.5253288904374106 -6.616796077701761 53.05
    endloop
  endfacet
  facet normal -0.26056031871295626 0.6581002427794281 0.7064080908128534
    outer loop
      vertex 0.5253288904374106 -6.616796077701761 53.05
      vertex 0.834345884812358 -7.567852593996914 54.05
      vertex 0.7238247956606232 -6.5382059891922335 53.05
    endloop
  endfacet
  facet normal -0.3409875542113078 0.6202540585172575 0.7064080908128537
    outer loop
      vertex 0.7238247956606232 -6.5382059891922335 53.05
      vertex 1.1496040872256956 -7.4430330416582535 54.05
      vertex 0.9109055514642936 -6.4353574733534264 53.05
    endloop
  endfacet
  facet normal 0 0.7078047818672456 0.7064080908128537
    outer loop
      vertex -0.16953440272914716 -7.694672166756334 54.05
      vertex 0.16953440272914716 -7.694672166756334 54.05
      vertex 0.10674388319983341 -6.696645438328062 53.05
    endloop
  endfacet
  facet normal -0.0887114620437005 0.7022235297511813 0.7064080908128536
    outer loop
      vertex 0.3185482347957322 -6.6698883262387705 53.05
      vertex 0.16953440272914716 -7.694672166756334 54.05
      vertex 0.5059295493814571 -7.652175576967459 54.05
    endloop
  endfacet
  facet normal -0.1760238913373111 0.685567793082938 0.7064080908128534
    outer loop
      vertex 0.5253288904374106 -6.616796077701761 53.05
      vertex 0.5059295493814571 -7.652175576967459 54.05
      vertex 0.834345884812358 -7.567852593996914 54.05
    endloop
  endfacet
  facet normal -0.2605603187129539 0.6581002427794288 0.7064080908128536
    outer loop
      vertex 0.7238247956606232 -6.5382059891922335 53.05
      vertex 0.834345884812358 -7.567852593996914 54.05
      vertex 1.1496040872256956 -7.4430330416582535 54.05
    endloop
  endfacet
  facet normal -0.34098755421130866 0.6202540585172571 0.7064080908128536
    outer loop
      vertex 0.9109055514642936 -6.4353574733534264 53.05
      vertex 1.1496040872256956 -7.4430330416582535 54.05
      vertex 1.44673234644329 -7.279685398855442 54.05
    endloop
  endfacet
  facet normal -0.4160372122836588 0.5726260972304539 0.7064080908128534
    outer loop
      vertex 1.083620782572773 -6.309872512718842 53.05
      vertex 1.44673234644329 -7.279685398855442 54.05
      vertex 1.721044772321463 -7.08038575549463 54.05
    endloop
  endfacet
  facet normal -0.1253332335643065 0.9921147013144777 0
    outer loop
      vertex 0.16953440272914716 -7.694672166756334 54.05
      vertex 0.16953440272914716 -7.694672166756334 59.55
      vertex 0.5059295493814571 -7.652175576967459 54.05
    endloop
  endfacet
  facet normal -0.2486898871648563 0.9685831611286307 0
    outer loop
      vertex 0.5059295493814571 -7.652175576967459 54.05
      vertex 0.5059295493814571 -7.652175576967459 59.55
      vertex 0.834345884812358 -7.567852593996914 54.05
    endloop
  endfacet
  facet normal -0.36812455268467514 0.9297764858882526 0
    outer loop
      vertex 0.834345884812358 -7.567852593996914 54.05
      vertex 0.834345884812358 -7.567852593996914 59.55
      vertex 1.1496040872256956 -7.4430330416582535 54.05
    endloop
  endfacet
  facet normal -0.4817536741017152 0.8763066800438637 0
    outer loop
      vertex 1.1496040872256956 -7.4430330416582535 54.05
      vertex 1.1496040872256956 -7.4430330416582535 59.55
      vertex 1.44673234644329 -7.279685398855442 54.05
    endloop
  endfacet
  facet normal -0.5877852522924742 0.8090169943749466 0
    outer loop
      vertex 1.44673234644329 -7.279685398855442 54.05
      vertex 1.44673234644329 -7.279685398855442 59.55
      vertex 1.721044772321463 -7.08038575549463 54.05
    endloop
  endfacet
  facet normal -0.6845471059286874 0.7289686274214126 0
    outer loop
      vertex 1.721044772321463 -7.08038575549463 54.05
      vertex 1.721044772321463 -7.08038575549463 59.55
      vertex 1.9682152940378117 -6.84827718600746 54.05
    endloop
  endfacet
  facet normal -0.7705132427757898 0.6374239897486891 0
    outer loop
      vertex 1.9682152940378117 -6.84827718600746 54.05
      vertex 1.9682152940378117 -6.84827718600746 59.55
      vertex 2.1843458848123585 -6.587020181189677 54.05
    endloop
  endfacet
  facet normal -0.4160372122836573 0.572626097230455 0.7064080908128536
    outer loop
      vertex 0.9109055514642936 -6.4353574733534264 53.05
      vertex 1.44673234644329 -7.279685398855442 54.05
      vertex 1.083620782572773 -6.309872512718842 53.05
    endloop
  endfacet
  facet normal -0.4845257149897114 0.5159674803200766 0.7064080908128533
    outer loop
      vertex 1.083620782572773 -6.309872512718842 53.05
      vertex 1.721044772321463 -7.08038575549463 54.05
      vertex 1.2392466666164 -6.16373008007877 53.05
    endloop
  endfacet
  facet normal -0.5453729577287417 0.4511717480210203 0.7064080908128537
    outer loop
      vertex 1.2392466666164 -6.16373008007877 53.05
      vertex 1.9682152940378117 -6.84827718600746 54.05
      vertex 1.3753288904374108 -5.999234928897204 53.05
    endloop
  endfacet
  facet normal -0.41603721228365853 -0.5726260972304537 0.7064080908128538
    outer loop
      vertex 0.9109055514642943 -3.5646425266465744 53.05
      vertex 1.0836207825727728 -3.690127487281159 53.05
      vertex 1.721044772321463 -2.9196142445053694 54.05
    endloop
  endfacet
  facet normal -0.48452571498970926 -0.5159674803200781 0.7064080908128536
    outer loop
      vertex 1.2392466666164 -3.8362699199212296 53.05
      vertex 1.9682152940378117 -3.151722813992541 54.05
      vertex 1.0836207825727728 -3.690127487281159 53.05
    endloop
  endfacet
  facet normal -0.5453729577287418 -0.4511717480210204 0.7064080908128538
    outer loop
      vertex 1.2392466666164 -3.8362699199212296 53.05
      vertex 1.3753288904374108 -4.000765071102796 53.05
      vertex 2.1843458848123585 -3.4129798188103226 54.05
    endloop
  endfacet
  facet normal 0 -0.7078047818672457 0.7064080908128537
    outer loop
      vertex -0.10674388319983256 -3.3033545616719384 53.05
      vertex 0.1067438831998334 -3.3033545616719384 53.05
      vertex 0.16953440272914716 -2.3053278332436666 54.05
    endloop
  endfacet
  facet normal -0.08871146204369973 -0.7022235297511814 0.7064080908128536
    outer loop
      vertex 0.1067438831998334 -3.3033545616719384 53.05
      vertex 0.3185482347957322 -3.3301116737612295 53.05
      vertex 0.5059295493814571 -2.3478244230325407 54.05
    endloop
  endfacet
  facet normal -0.17602389133730983 -0.685567793082938 0.7064080908128536
    outer loop
      vertex 0.3185482347957322 -3.3301116737612295 53.05
      vertex 0.5253288904374106 -3.383203922298239 53.05
      vertex 0.834345884812358 -2.4321474060030854 54.05
    endloop
  endfacet
  facet normal -0.26056031871295493 -0.6581002427794285 0.7064080908128535
    outer loop
      vertex 0.5253288904374106 -3.383203922298239 53.05
      vertex 0.7238247956606232 -3.4617940108077665 53.05
      vertex 1.1496040872256956 -2.556966958341747 54.05
    endloop
  endfacet
  facet normal -0.34098755421130916 -0.6202540585172568 0.7064080908128537
    outer loop
      vertex 0.7238247956606232 -3.4617940108077665 53.05
      vertex 0.9109055514642943 -3.5646425266465744 53.05
      vertex 1.44673234644329 -2.7203146011445587 54.05
    endloop
  endfacet
  facet normal -0.08871146204369959 -0.7022235297511814 0.7064080908128536
    outer loop
      vertex 0.1067438831998334 -3.3033545616719384 53.05
      vertex 0.5059295493814571 -2.3478244230325407 54.05
      vertex 0.16953440272914716 -2.3053278332436666 54.05
    endloop
  endfacet
  facet normal -0.17602389133731008 -0.6855677930829378 0.7064080908128536
    outer loop
      vertex 0.3185482347957322 -3.3301116737612295 53.05
      vertex 0.834345884812358 -2.4321474060030854 54.05
      vertex 0.5059295493814571 -2.3478244230325407 54.05
    endloop
  endfacet
  facet normal -0.26056031871295543 -0.658100242779428 0.7064080908128536
    outer loop
      vertex 0.5253288904374106 -3.383203922298239 53.05
      vertex 1.1496040872256956 -2.556966958341747 54.05
      vertex 0.834345884812358 -2.4321474060030854 54.05
    endloop
  endfacet
  facet normal -0.3409875542113087 -0.6202540585172571 0.7064080908128536
    outer loop
      vertex 0.7238247956606232 -3.4617940108077665 53.05
      vertex 1.44673234644329 -2.7203146011445587 54.05
      vertex 1.1496040872256956 -2.556966958341747 54.05
    endloop
  endfacet
  facet normal -0.41603721228365753 -0.5726260972304547 0.7064080908128535
    outer loop
      vertex 0.9109055514642943 -3.5646425266465744 53.05
      vertex 1.721044772321463 -2.9196142445053694 54.05
      vertex 1.44673234644329 -2.7203146011445587 54.05
    endloop
  endfacet
  facet normal -0.48452571498970975 -0.5159674803200773 0.7064080908128537
    outer loop
      vertex 1.0836207825727728 -3.690127487281159 53.05
      vertex 1.9682152940378117 -3.151722813992541 54.05
      vertex 1.721044772321463 -2.9196142445053694 54.05
    endloop
  endfacet
  facet normal -0.5976193431343778 0.37926076773873385 0.7064080908128537
    outer loop
      vertex 1.3753288904374108 -5.999234928897204 53.05
      vertex 2.1843458848123585 -6.587020181189677 54.05
      vertex 1.4897213560745681 -5.818981245972916 53.05
    endloop
  endfacet
  facet normal -0.6404409144982932 0.30136861858980774 0.7064080908128536
    outer loop
      vertex 1.4897213560745681 -5.818981245972916 53.05
      vertex 2.3660280361184314 -6.300734920074632 54.05
      vertex 1.5806200260100272 -5.625811739563954 53.05
    endloop
  endfacet
  facet normal -0.6731623500597137 0.21872370629683166 0.7064080908128536
    outer loop
      vertex 1.5806200260100272 -5.625811739563954 53.05
      vertex 2.5103965118982785 -5.993936292248632 54.05
      vertex 1.6465913739186733 -5.422772808180253 53.05
    endloop
  endfacet
  facet normal -0.6952676132329959 0.1326293904963464 0.7064080908128534
    outer loop
      vertex 1.6465913739186733 -5.422772808180253 53.05
      vertex 2.6151745350473043 -5.671462695345107 54.05
      vertex 1.6865949922346126 -5.213066497059317 53.05
    endloop
  endfacet
  facet normal -0.7064080908128536 0.04444342997877634 0.7064080908128537
    outer loop
      vertex 1.6865949922346126 -5.213066497059317 53.05
      vertex 2.6787096935490906 -5.338399730623621 54.05
      vertex 1.7000000000000002 -5 53.05
    endloop
  endfacet
  facet normal -0.7064080908128536 -0.04444342997877634 0.7064080908128536
    outer loop
      vertex 1.6865949922346126 -4.786933502940683 53.05
      vertex 1.7000000000000002 -5 53.05
      vertex 2.7 -5 54.05
    endloop
  endfacet
  facet normal -0.6952676132329959 -0.1326293904963464 0.7064080908128536
    outer loop
      vertex 1.6865949922346126 -4.786933502940683 53.05
      vertex 2.6787096935490906 -4.661600269376379 54.05
      vertex 1.6465913739186733 -4.577227191819747 53.05
    endloop
  endfacet
  facet normal -0.6731623500597138 -0.21872370629683172 0.7064080908128535
    outer loop
      vertex 1.6465913739186733 -4.577227191819747 53.05
      vertex 2.6151745350473043 -4.328537304654893 54.05
      vertex 1.5806200260100272 -4.374188260436046 53.05
    endloop
  endfacet
  facet normal -0.5976193431343778 -0.37926076773873385 0.7064080908128536
    outer loop
      vertex 1.3753288904374108 -4.000765071102796 53.05
      vertex 1.4897213560745681 -4.181018754027084 53.05
      vertex 2.3660280361184314 -3.699265079925368 54.05
    endloop
  endfacet
  facet normal -0.6404409144982933 -0.3013686185898078 0.7064080908128536
    outer loop
      vertex 1.5806200260100272 -4.374188260436046 53.05
      vertex 2.5103965118982785 -4.006063707751368 54.05
      vertex 1.4897213560745681 -4.181018754027084 53.05
    endloop
  endfacet
  facet normal -0.48452571498970876 0.5159674803200783 0.7064080908128538
    outer loop
      vertex 1.2392466666164 -6.16373008007877 53.05
      vertex 1.721044772321463 -7.08038575549463 54.05
      vertex 1.9682152940378117 -6.84827718600746 54.05
    endloop
  endfacet
  facet normal -0.545372957728742 0.45117174802102017 0.7064080908128536
    outer loop
      vertex 1.3753288904374108 -5.999234928897204 53.05
      vertex 1.9682152940378117 -6.84827718600746 54.05
      vertex 2.1843458848123585 -6.587020181189677 54.05
    endloop
  endfacet
  facet normal -0.5976193431343781 0.37926076773873363 0.7064080908128536
    outer loop
      vertex 1.4897213560745681 -5.818981245972916 53.05
      vertex 2.1843458848123585 -6.587020181189677 54.05
      vertex 2.3660280361184314 -6.300734920074632 54.05
    endloop
  endfacet
  facet normal -0.6404409144982934 0.30136861858980746 0.7064080908128536
    outer loop
      vertex 1.5806200260100272 -5.625811739563954 53.05
      vertex 2.3660280361184314 -6.300734920074632 54.05
      vertex 2.5103965118982785 -5.993936292248632 54.05
    endloop
  endfacet
  facet normal -0.6731623500597139 0.21872370629683102 0.7064080908128536
    outer loop
      vertex 1.6465913739186733 -5.422772808180253 53.05
      vertex 2.5103965118982785 -5.993936292248632 54.05
      vertex 2.6151745350473043 -5.671462695345107 54.05
    endloop
  endfacet
  facet normal -0.6952676132329958 0.13262939049634712 0.7064080908128536
    outer loop
      vertex 1.6865949922346126 -5.213066497059317 53.05
      vertex 2.6151745350473043 -5.671462695345107 54.05
      vertex 2.6787096935490906 -5.338399730623621 54.05
    endloop
  endfacet
  facet normal -0.7064080908128535 0.04444342997877613 0.7064080908128535
    outer loop
      vertex 2.6787096935490906 -5.338399730623621 54.05
      vertex 2.7 -5 54.05
      vertex 1.7000000000000002 -5 53.05
    endloop
  endfacet
  facet normal -0.5453729577287416 -0.4511717480210207 0.7064080908128536
    outer loop
      vertex 1.2392466666164 -3.8362699199212296 53.05
      vertex 2.1843458848123585 -3.4129798188103226 54.05
      vertex 1.9682152940378117 -3.151722813992541 54.05
    endloop
  endfacet
  facet normal -0.597619343134378 -0.37926076773873363 0.7064080908128537
    outer loop
      vertex 1.3753288904374108 -4.000765071102796 53.05
      vertex 2.3660280361184314 -3.699265079925368 54.05
      vertex 2.1843458848123585 -3.4129798188103226 54.05
    endloop
  endfacet
  facet normal -0.7064080908128535 -0.04444342997877613 0.7064080908128535
    outer loop
      vertex 1.6865949922346126 -4.786933502940683 53.05
      vertex 2.7 -5 54.05
      vertex 2.6787096935490906 -4.661600269376379 54.05
    endloop
  endfacet
  facet normal -0.6952676132329959 -0.13262939049634712 0.7064080908128535
    outer loop
      vertex 1.6465913739186733 -4.577227191819747 53.05
      vertex 2.6787096935490906 -4.661600269376379 54.05
      vertex 2.6151745350473043 -4.328537304654893 54.05
    endloop
  endfacet
  facet normal -0.6731623500597138 -0.21872370629683102 0.7064080908128536
    outer loop
      vertex 1.5806200260100272 -4.374188260436046 53.05
      vertex 2.6151745350473043 -4.328537304654893 54.05
      vertex 2.5103965118982785 -4.006063707751368 54.05
    endloop
  endfacet
  facet normal -0.6404409144982934 -0.30136861858980746 0.7064080908128536
    outer loop
      vertex 1.4897213560745681 -4.181018754027084 53.05
      vertex 2.5103965118982785 -4.006063707751368 54.05
      vertex 2.3660280361184314 -3.699265079925368 54.05
    endloop
  endfacet
  facet normal 0 -1 0
    outer loop
      vertex -0.16953440272914716 -2.3053278332436666 54.05
      vertex 0.16953440272914716 -2.3053278332436666 54.05
      vertex 0.16953440272914716 -2.3053278332436666 59.55
    endloop
  endfacet
  facet normal -0.12533323356430523 -0.9921147013144778 0
    outer loop
      vertex 0.16953440272914716 -2.3053278332436666 54.05
      vertex 0.5059295493814571 -2.3478244230325407 54.05
      vertex 0.5059295493814571 -2.3478244230325407 59.55
    endloop
  endfacet
  facet normal -0.24868988716485504 -0.968583161128631 0
    outer loop
      vertex 0.5059295493814571 -2.3478244230325407 54.05
      vertex 0.834345884812358 -2.4321474060030854 54.05
      vertex 0.834345884812358 -2.4321474060030854 59.55
    endloop
  endfacet
  facet normal -0.3681245526846774 -0.9297764858882517 0
    outer loop
      vertex 1.1496040872256956 -2.556966958341747 54.05
      vertex 1.1496040872256956 -2.556966958341747 59.55
      vertex 0.834345884812358 -2.4321474060030854 54.05
    endloop
  endfacet
  facet normal -0.4817536741017152 -0.8763066800438637 0
    outer loop
      vertex 1.1496040872256956 -2.556966958341747 54.05
      vertex 1.44673234644329 -2.7203146011445587 54.05
      vertex 1.44673234644329 -2.7203146011445587 59.55
    endloop
  endfacet
  facet normal -0.8443279255020154 0.535826794978996 0
    outer loop
      vertex 2.1843458848123585 -6.587020181189677 54.05
      vertex 2.1843458848123585 -6.587020181189677 59.55
      vertex 2.3660280361184314 -6.300734920074632 54.05
    endloop
  endfacet
  facet normal -0.904827052466019 0.4257792915650739 0
    outer loop
      vertex 2.3660280361184314 -6.300734920074632 54.05
      vertex 2.3660280361184314 -6.300734920074632 59.55
      vertex 2.5103965118982785 -5.993936292248632 54.05
    endloop
  endfacet
  facet normal -0.8443279255020154 -0.535826794978996 0
    outer loop
      vertex 2.1843458848123585 -3.4129798188103226 54.05
      vertex 2.3660280361184314 -3.699265079925368 54.05
      vertex 2.3660280361184314 -3.699265079925368 59.55
    endloop
  endfacet
  facet normal -0.9510565162951539 0.30901699437494673 0
    outer loop
      vertex 2.5103965118982785 -5.993936292248632 54.05
      vertex 2.5103965118982785 -5.993936292248632 59.55
      vertex 2.6151745350473043 -5.671462695345107 54.05
    endloop
  endfacet
  facet normal -0.9822872507286885 0.18738131458572538 0
    outer loop
      vertex 2.6151745350473043 -5.671462695345107 54.05
      vertex 2.6151745350473043 -5.671462695345107 59.55
      vertex 2.6787096935490906 -5.338399730623621 54.05
    endloop
  endfacet
  facet normal -0.9980267284282716 0.06279051952931261 0
    outer loop
      vertex 2.6787096935490906 -5.338399730623621 54.05
      vertex 2.6787096935490906 -5.338399730623621 59.55
      vertex 2.7 -5 54.05
    endloop
  endfacet
  facet normal -0.9510565162951539 -0.30901699437494673 0
    outer loop
      vertex 2.5103965118982785 -4.006063707751368 54.05
      vertex 2.6151745350473043 -4.328537304654893 54.05
      vertex 2.6151745350473043 -4.328537304654893 59.55
    endloop
  endfacet
  facet normal -0.9980267284282716 -0.06279051952931261 0
    outer loop
      vertex 2.7 -5 54.05
      vertex 2.7 -5 59.55
      vertex 2.6787096935490906 -4.661600269376379 54.05
    endloop
  endfacet
  facet normal -0.9822872507286885 -0.18738131458572538 0
    outer loop
      vertex 2.6787096935490906 -4.661600269376379 54.05
      vertex 2.6787096935490906 -4.661600269376379 59.55
      vertex 2.6151745350473043 -4.328537304654893 54.05
    endloop
  endfacet
  facet normal -0.904827052466019 -0.4257792915650739 0
    outer loop
      vertex 2.5103965118982785 -4.006063707751368 54.05
      vertex 2.5103965118982785 -4.006063707751368 59.55
      vertex 2.3660280361184314 -3.699265079925368 54.05
    endloop
  endfacet
  facet normal -0.5877852522924726 -0.8090169943749479 0
    outer loop
      vertex 1.44673234644329 -2.7203146011445587 54.05
      vertex 1.721044772321463 -2.9196142445053694 54.05
      vertex 1.721044772321463 -2.9196142445053694 59.55
    endloop
  endfacet
  facet normal -0.6845471059286888 -0.7289686274214113 0
    outer loop
      vertex 1.9682152940378117 -3.151722813992541 54.05
      vertex 1.9682152940378117 -3.151722813992541 59.55
      vertex 1.721044772321463 -2.9196142445053694 54.05
    endloop
  endfacet
  facet normal -0.7705132427757893 -0.6374239897486896 0
    outer loop
      vertex 1.9682152940378117 -3.151722813992541 54.05
      vertex 2.1843458848123585 -3.4129798188103226 54.05
      vertex 2.1843458848123585 -3.4129798188103226 59.55
    endloop
  endfacet
  facet normal 0 1 0
    outer loop
      vertex -0.16953440272914716 -7.694672166756334 59.55
      vertex 0.16953440272914716 -7.694672166756334 59.55
      vertex 0.16953440272914716 -7.694672166756334 54.05
    endloop
  endfacet
  facet normal -0.1253332335643065 0.9921147013144777 0
    outer loop
      vertex 0.5059295493814571 -7.652175576967459 54.05
      vertex 0.16953440272914716 -7.694672166756334 59.55
      vertex 0.5059295493814571 -7.652175576967459 59.55
    endloop
  endfacet
  facet normal -0.2486898871648563 0.9685831611286307 0
    outer loop
      vertex 0.834345884812358 -7.567852593996914 54.05
      vertex 0.5059295493814571 -7.652175576967459 59.55
      vertex 0.834345884812358 -7.567852593996914 59.55
    endloop
  endfacet
  facet normal -0.36812455268467514 0.9297764858882526 0
    outer loop
      vertex 0.834345884812358 -7.567852593996914 59.55
      vertex 1.1496040872256956 -7.4430330416582535 59.55
      vertex 1.1496040872256956 -7.4430330416582535 54.05
    endloop
  endfacet
  facet normal -0.4817536741017152 0.8763066800438637 0
    outer loop
      vertex 1.44673234644329 -7.279685398855442 54.05
      vertex 1.1496040872256956 -7.4430330416582535 59.55
      vertex 1.44673234644329 -7.279685398855442 59.55
    endloop
  endfacet
  facet normal -0.5877852522924742 0.8090169943749466 0
    outer loop
      vertex 1.44673234644329 -7.279685398855442 59.55
      vertex 1.721044772321463 -7.08038575549463 59.55
      vertex 1.721044772321463 -7.08038575549463 54.05
    endloop
  endfacet
  facet normal -0.6845471059286874 0.7289686274214126 0
    outer loop
      vertex 1.9682152940378117 -6.84827718600746 54.05
      vertex 1.721044772321463 -7.08038575549463 59.55
      vertex 1.9682152940378117 -6.84827718600746 59.55
    endloop
  endfacet
  facet normal -0.12533323356430523 -0.9921147013144778 0
    outer loop
      vertex 0.16953440272914716 -2.3053278332436666 54.05
      vertex 0.5059295493814571 -2.3478244230325407 59.55
      vertex 0.16953440272914716 -2.3053278332436666 59.55
    endloop
  endfacet
  facet normal -0.24868988716485504 -0.968583161128631 0
    outer loop
      vertex 0.5059295493814571 -2.3478244230325407 54.05
      vertex 0.834345884812358 -2.4321474060030854 59.55
      vertex 0.5059295493814571 -2.3478244230325407 59.55
    endloop
  endfacet
  facet normal -0.3681245526846774 -0.9297764858882517 0
    outer loop
      vertex 1.1496040872256956 -2.556966958341747 59.55
      vertex 0.834345884812358 -2.4321474060030854 59.55
      vertex 0.834345884812358 -2.4321474060030854 54.05
    endloop
  endfacet
  facet normal -0.4817536741017152 -0.8763066800438637 0
    outer loop
      vertex 1.1496040872256956 -2.556966958341747 54.05
      vertex 1.44673234644329 -2.7203146011445587 59.55
      vertex 1.1496040872256956 -2.556966958341747 59.55
    endloop
  endfacet
  facet normal -0.5877852522924726 -0.8090169943749479 0
    outer loop
      vertex 1.44673234644329 -2.7203146011445587 54.05
      vertex 1.721044772321463 -2.9196142445053694 59.55
      vertex 1.44673234644329 -2.7203146011445587 59.55
    endloop
  endfacet
  facet normal -0.7705132427757898 0.6374239897486891 0
    outer loop
      vertex 2.1843458848123585 -6.587020181189677 54.05
      vertex 1.9682152940378117 -6.84827718600746 59.55
      vertex 2.1843458848123585 -6.587020181189677 59.55
    endloop
  endfacet
  facet normal -0.8443279255020154 0.535826794978996 0
    outer loop
      vertex 2.3660280361184314 -6.300734920074632 54.05
      vertex 2.1843458848123585 -6.587020181189677 59.55
      vertex 2.3660280361184314 -6.300734920074632 59.55
    endloop
  endfacet
  facet normal -0.904827052466019 -0.4257792915650739 0
    outer loop
      vertex 2.3660280361184314 -3.699265079925368 54.05
      vertex 2.5103965118982785 -4.006063707751368 59.55
      vertex 2.3660280361184314 -3.699265079925368 59.55
    endloop
  endfacet
  facet normal -0.8443279255020154 -0.535826794978996 0
    outer loop
      vertex 2.1843458848123585 -3.4129798188103226 54.05
      vertex 2.3660280361184314 -3.699265079925368 59.55
      vertex 2.1843458848123585 -3.4129798188103226 59.55
    endloop
  endfacet
  facet normal -0.904827052466019 0.4257792915650739 0
    outer loop
      vertex 2.5103965118982785 -5.993936292248632 54.05
      vertex 2.3660280361184314 -6.300734920074632 59.55
      vertex 2.5103965118982785 -5.993936292248632 59.55
    endloop
  endfacet
  facet normal -0.9510565162951539 0.30901699437494673 0
    outer loop
      vertex 2.6151745350473043 -5.671462695345107 54.05
      vertex 2.5103965118982785 -5.993936292248632 59.55
      vertex 2.6151745350473043 -5.671462695345107 59.55
    endloop
  endfacet
  facet normal -0.9822872507286885 0.18738131458572538 0
    outer loop
      vertex 2.6787096935490906 -5.338399730623621 54.05
      vertex 2.6151745350473043 -5.671462695345107 59.55
      vertex 2.6787096935490906 -5.338399730623621 59.55
    endloop
  endfacet
  facet normal -0.9980267284282716 0.06279051952931261 0
    outer loop
      vertex 2.6787096935490906 -5.338399730623621 59.55
      vertex 2.7 -5 59.55
      vertex 2.7 -5 54.05
    endloop
  endfacet
  facet normal -0.9822872507286885 -0.18738131458572538 0
    outer loop
      vertex 2.6151745350473043 -4.328537304654893 54.05
      vertex 2.6787096935490906 -4.661600269376379 59.55
      vertex 2.6151745350473043 -4.328537304654893 59.55
    endloop
  endfacet
  facet normal -0.9980267284282716 -0.06279051952931261 0
    outer loop
      vertex 2.6787096935490906 -4.661600269376379 54.05
      vertex 2.7 -5 59.55
      vertex 2.6787096935490906 -4.661600269376379 59.55
    endloop
  endfacet
  facet normal -0.9510565162951539 -0.30901699437494673 0
    outer loop
      vertex 2.5103965118982785 -4.006063707751368 54.05
      vertex 2.6151745350473043 -4.328537304654893 59.55
      vertex 2.5103965118982785 -4.006063707751368 59.55
    endloop
  endfacet
  facet normal -0.6845471059286888 -0.7289686274214113 0
    outer loop
      vertex 1.721044772321463 -2.9196142445053694 54.05
      vertex 1.9682152940378117 -3.151722813992541 59.55
      vertex 1.721044772321463 -2.9196142445053694 59.55
    endloop
  endfacet
  facet normal -0.7705132427757893 -0.6374239897486896 0
    outer loop
      vertex 1.9682152940378117 -3.151722813992541 54.05
      vertex 2.1843458848123585 -3.4129798188103226 59.55
      vertex 1.9682152940378117 -3.151722813992541 59.55
    endloop
  endfacet
  facet normal 0.9822872507286887 0.18738131458572466 0
    outer loop
      vertex -1.6465913739186728 -5.4227728081802535 50.05
      vertex -1.6865949922346124 -5.213066497059317 50.05
      vertex -1.6865949922346124 -5.213066497059317 53.05
    endloop
  endfacet
  facet normal 0.9980267284282716 0.06279051952931289 0
    outer loop
      vertex -1.6865949922346124 -5.213066497059317 50.05
      vertex -1.7 -5 50.05
      vertex -1.7 -5 53.05
    endloop
  endfacet
  facet normal 0.9980267284282716 -0.06279051952931289 0
    outer loop
      vertex -1.7 -5 50.05
      vertex -1.6865949922346124 -4.786933502940683 50.05
      vertex -1.6865949922346124 -4.786933502940683 53.05
    endloop
  endfacet
  facet normal 0.9822872507286887 -0.18738131458572466 0
    outer loop
      vertex -1.6865949922346124 -4.786933502940683 50.05
      vertex -1.6465913739186728 -4.5772271918197465 50.05
      vertex -1.6465913739186728 -4.5772271918197465 53.05
    endloop
  endfacet
  facet normal 0.9822872507286887 0.18738131458572466 0
    outer loop
      vertex -1.6465913739186728 -5.4227728081802535 50.05
      vertex -1.6865949922346124 -5.213066497059317 53.05
      vertex -1.6465913739186728 -5.4227728081802535 53.05
    endloop
  endfacet
  facet normal 0.9980267284282716 0.06279051952931289 0
    outer loop
      vertex -1.6865949922346124 -5.213066497059317 50.05
      vertex -1.7 -5 53.05
      vertex -1.6865949922346124 -5.213066497059317 53.05
    endloop
  endfacet
  facet normal 0.9980267284282716 -0.06279051952931289 0
    outer loop
      vertex -1.7 -5 50.05
      vertex -1.6865949922346124 -4.786933502940683 53.05
      vertex -1.7 -5 53.05
    endloop
  endfacet
  facet normal 0.9822872507286887 -0.18738131458572466 0
    outer loop
      vertex -1.6865949922346124 -4.786933502940683 50.05
      vertex -1.6465913739186728 -4.5772271918197465 53.05
      vertex -1.6865949922346124 -4.786933502940683 53.05
    endloop
  endfacet
  facet normal 0.7705132427757896 0.6374239897486893 0
    outer loop
      vertex -1.3753288904374106 -5.999234928897204 50.05
      vertex -1.3753288904374106 -5.999234928897204 53.05
      vertex -1.2392466666163997 -6.16373008007877 50.05
    endloop
  endfacet
  facet normal 0.9510565162951532 0.30901699437494845 0
    outer loop
      vertex -1.5806200260100274 -5.625811739563952 50.05
      vertex -1.6465913739186728 -5.4227728081802535 50.05
      vertex -1.6465913739186728 -5.4227728081802535 53.05
    endloop
  endfacet
  facet normal 0.9048270524660195 0.4257792915650727 0
    outer loop
      vertex -1.489721356074568 -5.818981245972916 50.05
      vertex -1.5806200260100274 -5.625811739563952 50.05
      vertex -1.5806200260100274 -5.625811739563952 53.05
    endloop
  endfacet
  facet normal 0.8443279255020153 0.5358267949789964 6.249282021508876e-17
    outer loop
      vertex -1.489721356074568 -5.818981245972916 50.05
      vertex -1.4897213560745681 -5.818981245972916 53.05
      vertex -1.3753288904374106 -5.999234928897204 50.05
    endloop
  endfacet
  facet normal 0.5877852522924729 0.8090169943749477 0
    outer loop
      vertex -1.0836207825727724 -6.309872512718842 50.05
      vertex -1.0836207825727724 -6.309872512718842 53.05
      vertex -0.9109055514642945 -6.435357473353426 50.05
    endloop
  endfacet
  facet normal 0.6845471059286896 0.7289686274214107 5.41708940433076e-17
    outer loop
      vertex -1.0836207825727724 -6.309872512718842 50.05
      vertex -1.2392466666163997 -6.16373008007877 50.05
      vertex -1.2392466666164 -6.16373008007877 53.05
    endloop
  endfacet
  facet normal 0.48175367410171527 0.8763066800438636 1.782846737284961e-17
    outer loop
      vertex -0.9109055514642945 -6.435357473353426 50.05
      vertex -0.9109055514642946 -6.435357473353426 53.05
      vertex -0.7238247956606231 -6.5382059891922335 50.05
    endloop
  endfacet
  facet normal 0.9510565162951532 -0.30901699437494845 0
    outer loop
      vertex -1.6465913739186728 -4.5772271918197465 50.05
      vertex -1.5806200260100274 -4.374188260436048 50.05
      vertex -1.5806200260100274 -4.374188260436048 53.05
    endloop
  endfacet
  facet normal 0.9048270524660195 -0.4257792915650727 0
    outer loop
      vertex -1.5806200260100274 -4.374188260436048 50.05
      vertex -1.489721356074568 -4.181018754027084 50.05
      vertex -1.489721356074568 -4.181018754027084 53.05
    endloop
  endfacet
  facet normal 0.8443279255020153 -0.5358267949789964 0
    outer loop
      vertex -1.489721356074568 -4.181018754027084 50.05
      vertex -1.3753288904374106 -4.000765071102796 50.05
      vertex -1.3753288904374106 -4.000765071102796 53.05
    endloop
  endfacet
  facet normal 0.7705132427757896 -0.6374239897486893 0
    outer loop
      vertex -1.3753288904374106 -4.000765071102796 50.05
      vertex -1.2392466666163997 -3.8362699199212296 50.05
      vertex -1.2392466666163997 -3.8362699199212296 53.05
    endloop
  endfacet
  facet normal 0.6845471059286896 -0.7289686274214107 0
    outer loop
      vertex -1.2392466666163997 -3.8362699199212296 50.05
      vertex -1.0836207825727724 -3.690127487281158 50.05
      vertex -1.0836207825727724 -3.690127487281158 53.05
    endloop
  endfacet
  facet normal 0.5877852522924729 -0.8090169943749477 0
    outer loop
      vertex -1.0836207825727724 -3.690127487281158 50.05
      vertex -0.9109055514642945 -3.5646425266465744 50.05
      vertex -0.9109055514642945 -3.5646425266465744 53.05
    endloop
  endfacet
  facet normal 0.368124552684675 0.9297764858882526 0
    outer loop
      vertex -0.7238247956606231 -6.5382059891922335 50.05
      vertex -0.7238247956606231 -6.5382059891922335 53.05
      vertex -0.5253288904374106 -6.6167960777017605 50.05
    endloop
  endfacet
  facet normal 0.24868988716485654 0.9685831611286306 2.8675822046645964e-16
    outer loop
      vertex -0.5253288904374106 -6.6167960777017605 50.05
      vertex -0.5253288904374106 -6.616796077701761 53.05
      vertex -0.3185482347957322 -6.6698883262387705 50.05
    endloop
  endfacet
  facet normal 0.12533323356430742 0.9921147013144774 2.3191306942302764e-18
    outer loop
      vertex -0.3185482347957322 -6.6698883262387705 50.05
      vertex -0.31854823479573224 -6.6698883262387705 53.05
      vertex -0.1067438831998334 -6.696645438328062 50.05
    endloop
  endfacet
  facet normal 0 1 0
    outer loop
      vertex -0.1067438831998334 -6.696645438328062 50.05
      vertex -0.10674388319983341 -6.696645438328062 53.05
      vertex 0.1067438831998334 -6.696645438328062 50.05
    endloop
  endfacet
  facet normal 0.48175367410171477 -0.8763066800438639 3.7919625830315405e-17
    outer loop
      vertex -0.9109055514642945 -3.5646425266465744 50.05
      vertex -0.7238247956606236 -3.461794010807767 50.05
      vertex -0.7238247956606231 -3.4617940108077665 53.05
    endloop
  endfacet
  facet normal 0.3681245526846777 -0.9297764858882516 -1.3542723510826928e-17
    outer loop
      vertex -0.7238247956606236 -3.461794010807767 50.05
      vertex -0.5253288904374106 -3.383203922298239 50.05
      vertex -0.5253288904374105 -3.383203922298239 53.05
    endloop
  endfacet
  facet normal 0.8443279255020147 0.5358267949789971 0
    outer loop
      vertex -1.3753288904374106 -5.999234928897204 50.05
      vertex -1.4897213560745681 -5.818981245972916 53.05
      vertex -1.3753288904374106 -5.999234928897204 53.05
    endloop
  endfacet
  facet normal 0.7705132427757901 0.6374239897486886 5.702943619388502e-17
    outer loop
      vertex -1.2392466666163997 -6.16373008007877 50.05
      vertex -1.3753288904374106 -5.999234928897204 53.05
      vertex -1.2392466666164 -6.16373008007877 53.05
    endloop
  endfacet
  facet normal 0.9510565162951532 0.30901699437494845 0
    outer loop
      vertex -1.5806200260100274 -5.625811739563952 50.05
      vertex -1.6465913739186728 -5.4227728081802535 53.05
      vertex -1.5806200260100274 -5.625811739563952 53.05
    endloop
  endfacet
  facet normal 0.9048270524660199 0.4257792915650719 6.697065513009932e-17
    outer loop
      vertex -1.489721356074568 -5.818981245972916 50.05
      vertex -1.5806200260100274 -5.625811739563952 53.05
      vertex -1.4897213560745681 -5.818981245972916 53.05
    endloop
  endfacet
  facet normal 0.6845471059286891 0.7289686274214111 0
    outer loop
      vertex -1.0836207825727724 -6.309872512718842 50.05
      vertex -1.2392466666164 -6.16373008007877 53.05
      vertex -1.0836207825727724 -6.309872512718842 53.05
    endloop
  endfacet
  facet normal 0.5877852522924731 0.8090169943749475 2.175242402100701e-17
    outer loop
      vertex -0.9109055514642945 -6.435357473353426 50.05
      vertex -1.0836207825727724 -6.309872512718842 53.05
      vertex -0.9109055514642946 -6.435357473353426 53.05
    endloop
  endfacet
  facet normal 0.9510565162951532 -0.30901699437494845 0
    outer loop
      vertex -1.6465913739186728 -4.5772271918197465 50.05
      vertex -1.5806200260100274 -4.374188260436048 53.05
      vertex -1.6465913739186728 -4.5772271918197465 53.05
    endloop
  endfacet
  facet normal 0.9048270524660195 -0.4257792915650727 0
    outer loop
      vertex -1.5806200260100274 -4.374188260436048 50.05
      vertex -1.489721356074568 -4.181018754027084 53.05
      vertex -1.5806200260100274 -4.374188260436048 53.05
    endloop
  endfacet
  facet normal 0.8443279255020153 -0.5358267949789964 0
    outer loop
      vertex -1.489721356074568 -4.181018754027084 50.05
      vertex -1.3753288904374106 -4.000765071102796 53.05
      vertex -1.489721356074568 -4.181018754027084 53.05
    endloop
  endfacet
  facet normal 0.7705132427757896 -0.6374239897486893 0
    outer loop
      vertex -1.3753288904374106 -4.000765071102796 50.05
      vertex -1.2392466666163997 -3.8362699199212296 53.05
      vertex -1.3753288904374106 -4.000765071102796 53.05
    endloop
  endfacet
  facet normal 0.6845471059286896 -0.7289686274214107 0
    outer loop
      vertex -1.2392466666163997 -3.8362699199212296 50.05
      vertex -1.0836207825727724 -3.690127487281158 53.05
      vertex -1.2392466666163997 -3.8362699199212296 53.05
    endloop
  endfacet
  facet normal 0.5877852522924729 -0.8090169943749477 0
    outer loop
      vertex -1.0836207825727724 -3.690127487281158 50.05
      vertex -0.9109055514642945 -3.5646425266465744 53.05
      vertex -1.0836207825727724 -3.690127487281158 53.05
    endloop
  endfacet
  facet normal 0.48175367410171527 -0.8763066800438636 0
    outer loop
      vertex -0.9109055514642945 -3.5646425266465744 50.05
      vertex -0.7238247956606231 -3.4617940108077665 53.05
      vertex -0.9109055514642945 -3.5646425266465744 53.05
    endloop
  endfacet
  facet normal 0.481753674101715 0.8763066800438637 0
    outer loop
      vertex -0.7238247956606231 -6.5382059891922335 50.05
      vertex -0.9109055514642946 -6.435357473353426 53.05
      vertex -0.7238247956606231 -6.5382059891922335 53.05
    endloop
  endfacet
  facet normal 0.3681245526846786 0.9297764858882512 2.7526913663685427e-16
    outer loop
      vertex -0.5253288904374106 -6.6167960777017605 50.05
      vertex -0.7238247956606231 -6.5382059891922335 53.05
      vertex -0.5253288904374106 -6.616796077701761 53.05
    endloop
  endfacet
  facet normal 0.24868988716485274 0.9685831611286315 4.601687312030862e-18
    outer loop
      vertex -0.3185482347957322 -6.6698883262387705 50.05
      vertex -0.5253288904374106 -6.616796077701761 53.05
      vertex -0.31854823479573224 -6.6698883262387705 53.05
    endloop
  endfacet
  facet normal 0.12533323356430742 0.9921147013144775 5.797826735575691e-19
    outer loop
      vertex -0.1067438831998334 -6.696645438328062 50.05
      vertex -0.31854823479573224 -6.6698883262387705 53.05
      vertex -0.10674388319983341 -6.696645438328062 53.05
    endloop
  endfacet
  facet normal 0.3681245526846766 -0.9297764858882519 6.951784259836649e-17
    outer loop
      vertex -0.7238247956606236 -3.461794010807767 50.05
      vertex -0.5253288904374105 -3.383203922298239 53.05
      vertex -0.7238247956606231 -3.4617940108077665 53.05
    endloop
  endfacet
  facet normal 0.24868988716485413 -0.9685831611286313 0
    outer loop
      vertex -0.5253288904374106 -3.383203922298239 50.05
      vertex -0.31854823479573174 -3.3301116737612295 50.05
      vertex -0.31854823479573174 -3.3301116737612295 53.05
    endloop
  endfacet
  facet normal 0.12533323356430517 -0.9921147013144778 0
    outer loop
      vertex -0.31854823479573174 -3.3301116737612295 50.05
      vertex -0.10674388319983256 -3.3033545616719384 50.05
      vertex -0.10674388319983256 -3.3033545616719384 53.05
    endloop
  endfacet
  facet normal 0.24868988716485427 -0.9685831611286313 -9.20337462406178e-18
    outer loop
      vertex -0.5253288904374106 -3.383203922298239 50.05
      vertex -0.31854823479573174 -3.3301116737612295 53.05
      vertex -0.5253288904374105 -3.383203922298239 53.05
    endloop
  endfacet
  facet normal 0.12533323356430517 -0.9921147013144778 0
    outer loop
      vertex -0.31854823479573174 -3.3301116737612295 50.05
      vertex -0.10674388319983256 -3.3033545616719384 53.05
      vertex -0.31854823479573174 -3.3301116737612295 53.05
    endloop
  endfacet
  facet normal 0 -1 0
    outer loop
      vertex -0.10674388319983256 -3.3033545616719384 50.05
      vertex 0.1067438831998334 -3.3033545616719384 53.05
      vertex -0.10674388319983256 -3.3033545616719384 53.05
    endloop
  endfacet
  facet normal -0.12533323356430742 0.9921147013144774 5.797826735575691e-19
    outer loop
      vertex 0.1067438831998334 -6.696645438328062 50.05
      vertex 0.10674388319983341 -6.696645438328062 53.05
      vertex 0.3185482347957322 -6.6698883262387705 50.05
    endloop
  endfacet
  facet normal -0.24868988716485654 0.9685831611286306 0
    outer loop
      vertex 0.3185482347957322 -6.6698883262387705 50.05
      vertex 0.3185482347957322 -6.6698883262387705 53.05
      vertex 0.5253288904374106 -6.6167960777017605 50.05
    endloop
  endfacet
  facet normal -0.368124552684675 0.9297764858882526 2.752691366368546e-16
    outer loop
      vertex 0.5253288904374106 -6.6167960777017605 50.05
      vertex 0.5253288904374106 -6.616796077701761 53.05
      vertex 0.7238247956606231 -6.5382059891922335 50.05
    endloop
  endfacet
  facet normal -0.48175367410171727 0.8763066800438626 1.7828467372849683e-17
    outer loop
      vertex 0.7238247956606231 -6.5382059891922335 50.05
      vertex 0.7238247956606232 -6.5382059891922335 53.05
      vertex 0.9109055514642935 -6.435357473353426 50.05
    endloop
  endfacet
  facet normal -0.3681245526846777 -0.9297764858882516 8.125634106496158e-17
    outer loop
      vertex 0.5253288904374106 -3.383203922298239 50.05
      vertex 0.7238247956606236 -3.461794010807767 50.05
      vertex 0.7238247956606232 -3.4617940108077665 53.05
    endloop
  endfacet
  facet normal -0.5877852522924725 0.8090169943749479 2.6126956921250243e-16
    outer loop
      vertex 0.9109055514642935 -6.435357473353426 50.05
      vertex 0.9109055514642936 -6.4353574733534264 53.05
      vertex 1.0836207825727728 -6.309872512718841 50.05
    endloop
  endfacet
  facet normal -0.6845471059286884 0.7289686274214118 2.6648473173420936e-16
    outer loop
      vertex 1.0836207825727728 -6.309872512718841 50.05
      vertex 1.083620782572773 -6.309872512718842 53.05
      vertex 1.2392466666163997 -6.16373008007877 50.05
    endloop
  endfacet
  facet normal -0.7705132427757896 0.6374239897486893 5.702943619388499e-17
    outer loop
      vertex 1.2392466666163997 -6.16373008007877 50.05
      vertex 1.2392466666164 -6.16373008007877 53.05
      vertex 1.3753288904374106 -5.999234928897204 50.05
    endloop
  endfacet
  facet normal -0.8443279255020153 0.5358267949789964 6.249282021508876e-17
    outer loop
      vertex 1.3753288904374106 -5.999234928897204 50.05
      vertex 1.3753288904374108 -5.999234928897204 53.05
      vertex 1.489721356074568 -5.818981245972916 50.05
    endloop
  endfacet
  facet normal -0.9048270524660192 0.4257792915650735 6.697065513009927e-17
    outer loop
      vertex 1.489721356074568 -5.818981245972916 50.05
      vertex 1.4897213560745681 -5.818981245972916 53.05
      vertex 1.5806200260100272 -5.625811739563953 50.05
    endloop
  endfacet
  facet normal -0.9510565162951534 0.3090169943749479 9.14874085748079e-17
    outer loop
      vertex 1.5806200260100272 -5.625811739563953 50.05
      vertex 1.5806200260100272 -5.625811739563954 53.05
      vertex 1.646591373918673 -5.422772808180253 50.05
    endloop
  endfacet
  facet normal -0.4817536741017152 -0.8763066800438637 0
    outer loop
      vertex 0.7238247956606236 -3.461794010807767 50.05
      vertex 0.9109055514642943 -3.5646425266465744 50.05
      vertex 0.9109055514642943 -3.5646425266465744 53.05
    endloop
  endfacet
  facet normal -0.5877852522924734 -0.8090169943749473 -7.583925166063081e-17
    outer loop
      vertex 0.9109055514642943 -3.5646425266465744 50.05
      vertex 1.0836207825727726 -3.6901274872811585 50.05
      vertex 1.0836207825727728 -3.690127487281159 53.05
    endloop
  endfacet
  facet normal -0.684547105928688 -0.7289686274214123 -5.72423700228502e-17
    outer loop
      vertex 1.2392466666163997 -3.836269919921229 50.05
      vertex 1.2392466666164 -3.8362699199212296 53.05
      vertex 1.0836207825727726 -3.6901274872811585 50.05
    endloop
  endfacet
  facet normal -0.9510565162951534 -0.3090169943749482 4.929723703994797e-17
    outer loop
      vertex 1.6465913739186728 -4.5772271918197465 50.05
      vertex 1.6465913739186733 -4.577227191819747 53.05
      vertex 1.5806200260100272 -4.374188260436047 50.05
    endloop
  endfacet
  facet normal -0.9048270524660195 -0.4257792915650726 1.2605599277443502e-16
    outer loop
      vertex 1.5806200260100272 -4.374188260436047 50.05
      vertex 1.5806200260100272 -4.374188260436046 53.05
      vertex 1.4897213560745681 -4.181018754027084 50.05
    endloop
  endfacet
  facet normal -0.7705132427757905 -0.6374239897486883 5.958798344763846e-17
    outer loop
      vertex 1.2392466666163997 -3.836269919921229 50.05
      vertex 1.3753288904374106 -4.000765071102796 50.05
      vertex 1.3753288904374108 -4.000765071102796 53.05
    endloop
  endfacet
  facet normal -0.8443279255020147 -0.5358267949789971 0
    outer loop
      vertex 1.3753288904374106 -4.000765071102796 50.05
      vertex 1.4897213560745681 -4.181018754027084 50.05
      vertex 1.4897213560745681 -4.181018754027084 53.05
    endloop
  endfacet
  facet normal 0 1 0
    outer loop
      vertex -0.10674388319983341 -6.696645438328062 53.05
      vertex 0.10674388319983341 -6.696645438328062 53.05
      vertex 0.1067438831998334 -6.696645438328062 50.05
    endloop
  endfacet
  facet normal -0.12533323356430742 0.9921147013144774 0
    outer loop
      vertex 0.3185482347957322 -6.6698883262387705 50.05
      vertex 0.10674388319983341 -6.696645438328062 53.05
      vertex 0.3185482347957322 -6.6698883262387705 53.05
    endloop
  endfacet
  facet normal -0.24868988716485269 0.9685831611286317 2.8675822046646e-16
    outer loop
      vertex 0.5253288904374106 -6.6167960777017605 50.05
      vertex 0.3185482347957322 -6.6698883262387705 53.05
      vertex 0.5253288904374106 -6.616796077701761 53.05
    endloop
  endfacet
  facet normal -0.3681245526846784 0.9297764858882512 1.3623345144012214e-17
    outer loop
      vertex 0.7238247956606231 -6.5382059891922335 50.05
      vertex 0.5253288904374106 -6.616796077701761 53.05
      vertex 0.7238247956606232 -6.5382059891922335 53.05
    endloop
  endfacet
  facet normal -0.3681245526846766 -0.9297764858882519 0
    outer loop
      vertex 0.5253288904374106 -3.383203922298239 50.05
      vertex 0.7238247956606232 -3.4617940108077665 53.05
      vertex 0.5253288904374106 -3.383203922298239 53.05
    endloop
  endfacet
  facet normal -0.48175367410171593 -0.8763066800438633 5.840557755093843e-17
    outer loop
      vertex 0.7238247956606236 -3.461794010807767 50.05
      vertex 0.9109055514642943 -3.5646425266465744 53.05
      vertex 0.7238247956606232 -3.4617940108077665 53.05
    endloop
  endfacet
  facet normal -0.48175367410171405 0.8763066800438643 2.7726736145752376e-16
    outer loop
      vertex 0.9109055514642935 -6.435357473353426 50.05
      vertex 0.7238247956606232 -6.5382059891922335 53.05
      vertex 0.9109055514642936 -6.4353574733534264 53.05
    endloop
  endfacet
  facet normal -0.5877852522924722 0.8090169943749482 2.830219932335095e-16
    outer loop
      vertex 1.0836207825727728 -6.309872512718841 50.05
      vertex 0.9109055514642936 -6.4353574733534264 53.05
      vertex 1.083620782572773 -6.309872512718842 53.05
    endloop
  endfacet
  facet normal -0.6845471059286906 0.7289686274214097 5.066666389616989e-17
    outer loop
      vertex 1.2392466666163997 -6.16373008007877 50.05
      vertex 1.083620782572773 -6.309872512718842 53.05
      vertex 1.2392466666164 -6.16373008007877 53.05
    endloop
  endfacet
  facet normal -0.7705132427757896 0.6374239897486893 5.702943619388499e-17
    outer loop
      vertex 1.3753288904374106 -5.999234928897204 50.05
      vertex 1.2392466666164 -6.16373008007877 53.05
      vertex 1.3753288904374108 -5.999234928897204 53.05
    endloop
  endfacet
  facet normal -0.8443279255020153 0.5358267949789964 6.249282021508876e-17
    outer loop
      vertex 1.489721356074568 -5.818981245972916 50.05
      vertex 1.3753288904374108 -5.999234928897204 53.05
      vertex 1.4897213560745681 -5.818981245972916 53.05
    endloop
  endfacet
  facet normal -0.9048270524660188 0.4257792915650742 1.260559927744355e-16
    outer loop
      vertex 1.5806200260100272 -5.625811739563953 50.05
      vertex 1.4897213560745681 -5.818981245972916 53.05
      vertex 1.5806200260100272 -5.625811739563954 53.05
    endloop
  endfacet
  facet normal -0.9510565162951534 0.30901699437494756 7.039232280737798e-17
    outer loop
      vertex 1.646591373918673 -5.422772808180253 50.05
      vertex 1.5806200260100272 -5.625811739563954 53.05
      vertex 1.6465913739186733 -5.422772808180253 53.05
    endloop
  endfacet
  facet normal -0.5877852522924741 -0.8090169943749467 0
    outer loop
      vertex 0.9109055514642943 -3.5646425266465744 50.05
      vertex 1.0836207825727728 -3.690127487281159 53.05
      vertex 0.9109055514642943 -3.5646425266465744 53.05
    endloop
  endfacet
  facet normal -0.684547105928688 -0.7289686274214123 -5.72423700228502e-17
    outer loop
      vertex 1.0836207825727726 -3.6901274872811585 50.05
      vertex 1.2392466666164 -3.8362699199212296 53.05
      vertex 1.0836207825727728 -3.690127487281159 53.05
    endloop
  endfacet
  facet normal -0.9048270524660188 -0.4257792915650742 0
    outer loop
      vertex 1.4897213560745681 -4.181018754027084 50.05
      vertex 1.5806200260100272 -4.374188260436046 53.05
      vertex 1.4897213560745681 -4.181018754027084 53.05
    endloop
  endfacet
  facet normal -0.9510565162951534 -0.30901699437494756 9.148740857480782e-17
    outer loop
      vertex 1.5806200260100272 -4.374188260436047 50.05
      vertex 1.6465913739186733 -4.577227191819747 53.05
      vertex 1.5806200260100272 -4.374188260436046 53.05
    endloop
  endfacet
  facet normal -0.7705132427757896 -0.6374239897486893 -3.732826912177163e-17
    outer loop
      vertex 1.2392466666163997 -3.836269919921229 50.05
      vertex 1.3753288904374108 -4.000765071102796 53.05
      vertex 1.2392466666164 -3.8362699199212296 53.05
    endloop
  endfacet
  facet normal -0.8443279255020153 -0.5358267949789964 6.249282021508876e-17
    outer loop
      vertex 1.3753288904374106 -4.000765071102796 50.05
      vertex 1.4897213560745681 -4.181018754027084 53.05
      vertex 1.3753288904374108 -4.000765071102796 53.05
    endloop
  endfacet
  facet normal 0 -1 0
    outer loop
      vertex -0.10674388319983256 -3.3033545616719384 50.05
      vertex 0.10674388319983209 -3.3033545616719384 50.05
      vertex 0.1067438831998334 -3.3033545616719384 53.05
    endloop
  endfacet
  facet normal -0.12533323356430487 -0.9921147013144778 1.895981291515766e-17
    outer loop
      vertex 0.10674388319983209 -3.3033545616719384 50.05
      vertex 0.31854823479573174 -3.3301116737612295 50.05
      vertex 0.3185482347957322 -3.3301116737612295 53.05
    endloop
  endfacet
  facet normal -0.24868988716485413 -0.9685831611286313 0
    outer loop
      vertex 0.31854823479573174 -3.3301116737612295 50.05
      vertex 0.5253288904374106 -3.383203922298239 50.05
      vertex 0.5253288904374106 -3.383203922298239 53.05
    endloop
  endfacet
  facet normal -0.12533323356430537 -0.9921147013144778 5.44995713144106e-17
    outer loop
      vertex 0.10674388319983209 -3.3033545616719384 50.05
      vertex 0.3185482347957322 -3.3301116737612295 53.05
      vertex 0.1067438831998334 -3.3033545616719384 53.05
    endloop
  endfacet
  facet normal -0.2486898871648546 -0.9685831611286311 3.681349849624717e-17
    outer loop
      vertex 0.31854823479573174 -3.3301116737612295 50.05
      vertex 0.5253288904374106 -3.383203922298239 53.05
      vertex 0.3185482347957322 -3.3301116737612295 53.05
    endloop
  endfacet
  facet normal -0.9822872507286888 0.18738131458572443 7.270386150364895e-17
    outer loop
      vertex 1.646591373918673 -5.422772808180253 50.05
      vertex 1.6465913739186733 -5.422772808180253 53.05
      vertex 1.6865949922346124 -5.213066497059317 50.05
    endloop
  endfacet
  facet normal -0.9980267284282716 0.06279051952931289 7.38688168728257e-17
    outer loop
      vertex 1.6865949922346124 -5.213066497059317 50.05
      vertex 1.6865949922346126 -5.213066497059317 53.05
      vertex 1.7 -5 50.05
    endloop
  endfacet
  facet normal -0.9980267284282716 -0.06279051952931262 7.380784313400664e-17
    outer loop
      vertex 1.6865949922346124 -4.786933502940682 50.05
      vertex 1.7 -5 50.05
      vertex 1.7000000000000002 -5 53.05
    endloop
  endfacet
  facet normal -0.9822872507286885 -0.1873813145857254 1.722784821362173e-17
    outer loop
      vertex 1.6865949922346124 -4.786933502940682 50.05
      vertex 1.6865949922346126 -4.786933502940683 53.05
      vertex 1.6465913739186728 -4.5772271918197465 50.05
    endloop
  endfacet
  facet normal -0.9822872507286888 0.18738131458572443 7.270386150364895e-17
    outer loop
      vertex 1.6865949922346124 -5.213066497059317 50.05
      vertex 1.6465913739186733 -5.422772808180253 53.05
      vertex 1.6865949922346126 -5.213066497059317 53.05
    endloop
  endfacet
  facet normal -0.9980267284282716 0.06279051952931289 7.380784313400695e-17
    outer loop
      vertex 1.6865949922346126 -5.213066497059317 53.05
      vertex 1.7000000000000002 -5 53.05
      vertex 1.7 -5 50.05
    endloop
  endfacet
  facet normal -0.9980267284282716 -0.06279051952931289 5.527908873692737e-17
    outer loop
      vertex 1.6865949922346124 -4.786933502940682 50.05
      vertex 1.7000000000000002 -5 53.05
      vertex 1.6865949922346126 -4.786933502940683 53.05
    endloop
  endfacet
  facet normal -0.9822872507286888 -0.18738131458572443 8.9931709717271e-17
    outer loop
      vertex 1.6465913739186728 -4.5772271918197465 50.05
      vertex 1.6865949922346126 -4.786933502940683 53.05
      vertex 1.6465913739186733 -4.577227191819747 53.05
    endloop
  endfacet
endsolid OpenSCAD_Model
