solid OpenSCAD_Model
  facet normal -0.9048270524660195 -0.42577929156507255 0
    outer loop
      vertex -2.928795930547992 -6.159592340956735 7.75
      vertex -2.7603660421381697 -6.517524073420404 7.75
      vertex -2.928795930547992 -6.159592340956735 9.75
    endloop
  endfacet
  facet normal -0.7705132427757893 -0.6374239897486896 0
    outer loop
      vertex -2.5484035322810845 -6.8515235447212905 7.75
      vertex -2.2962511763774467 -7.156323383675369 7.75
      vertex -2.5484035322810845 -6.8515235447212905 9.75
    endloop
  endfacet
  facet normal -0.8443279255020155 -0.535826794978996 0
    outer loop
      vertex -2.5484035322810845 -6.8515235447212905 7.75
      vertex -2.7603660421381697 -6.517524073420404 9.75
      vertex -2.7603660421381697 -6.517524073420404 7.75
    endloop
  endfacet
  facet normal -0.9048270524660195 -0.42577929156507255 0
    outer loop
      vertex -2.7603660421381697 -6.517524073420404 7.75
      vertex -2.7603660421381697 -6.517524073420404 9.75
      vertex -2.928795930547992 -6.159592340956735 9.75
    endloop
  endfacet
  facet normal -0.8443279255020155 -0.535826794978996 0
    outer loop
      vertex -2.5484035322810845 -6.8515235447212905 7.75
      vertex -2.5484035322810845 -6.8515235447212905 9.75
      vertex -2.7603660421381697 -6.517524073420404 9.75
    endloop
  endfacet
  facet normal -0.7705132427757893 -0.6374239897486896 0
    outer loop
      vertex -2.2962511763774467 -7.156323383675369 7.75
      vertex -2.2962511763774467 -7.156323383675369 9.75
      vertex -2.5484035322810845 -6.8515235447212905 9.75
    endloop
  endfacet
  facet normal -0.9510565162951535 -0.30901699437494745 0
    outer loop
      vertex -2.928795930547992 -6.159592340956735 7.75
      vertex -3.051036957555188 -5.783373144569293 9.75
      vertex -3.051036957555188 -5.783373144569293 7.75
    endloop
  endfacet
  facet normal 0 0 -1
    outer loop
      vertex -2.928795930547992 -6.159592340956735 7.75
      vertex -2.7603660421381697 -3.4824759265795966 7.75
      vertex -2.7603660421381697 -6.517524073420404 7.75
    endloop
  endfacet
  facet normal 0 0 -1
    outer loop
      vertex -2.928795930547992 -6.159592340956735 7.75
      vertex -3.051036957555188 -5.783373144569293 7.75
      vertex -2.928795930547992 -3.8404076590432648 7.75
    endloop
  endfacet
  facet normal 0 0 -1
    outer loop
      vertex -3.051036957555188 -5.783373144569293 7.75
      vertex -3.1251613091406054 -5.394799685727558 7.75
      vertex -3.051036957555188 -4.216626855430707 7.75
    endloop
  endfacet
  facet normal -0.9822872507286885 -0.18738131458572546 0
    outer loop
      vertex -3.051036957555188 -5.783373144569293 7.75
      vertex -3.1251613091406054 -5.394799685727558 9.75
      vertex -3.1251613091406054 -5.394799685727558 7.75
    endloop
  endfacet
  facet normal -0.9980267284282716 -0.06279051952931256 0
    outer loop
      vertex -3.1251613091406054 -5.394799685727558 7.75
      vertex -3.15 -5 9.75
      vertex -3.15 -5 7.75
    endloop
  endfacet
  facet normal 0 0 -1
    outer loop
      vertex -2.5484035322810845 -6.8515235447212905 7.75
      vertex -2.2962511763774467 -2.843676616324631 7.75
      vertex -2.2962511763774467 -7.156323383675369 7.75
    endloop
  endfacet
  facet normal 0 0 -1
    outer loop
      vertex -2.5484035322810845 -6.8515235447212905 7.75
      vertex -2.7603660421381697 -6.517524073420404 7.75
      vertex -2.5484035322810845 -3.1484764552787095 7.75
    endloop
  endfacet
  facet normal -0.9510565162951535 -0.30901699437494745 0
    outer loop
      vertex -2.928795930547992 -6.159592340956735 7.75
      vertex -2.928795930547992 -6.159592340956735 9.75
      vertex -3.051036957555188 -5.783373144569293 9.75
    endloop
  endfacet
  facet normal -0.9822872507286885 -0.18738131458572546 0
    outer loop
      vertex -3.051036957555188 -5.783373144569293 7.75
      vertex -3.051036957555188 -5.783373144569293 9.75
      vertex -3.1251613091406054 -5.394799685727558 9.75
    endloop
  endfacet
  facet normal -0.9980267284282716 -0.06279051952931256 0
    outer loop
      vertex -3.1251613091406054 -5.394799685727558 7.75
      vertex -3.1251613091406054 -5.394799685727558 9.75
      vertex -3.15 -5 9.75
    endloop
  endfacet
  facet normal -0.6845471059286878 -0.7289686274214124 0
    outer loop
      vertex -2.2962511763774467 -7.156323383675369 7.75
      vertex -2.0078855677083722 -7.427116714743736 7.75
      vertex -2.0078855677083722 -7.427116714743736 9.75
    endloop
  endfacet
  facet normal -0.5877852522924741 -0.8090169943749467 0
    outer loop
      vertex -2.0078855677083722 -7.427116714743736 7.75
      vertex -1.6878544041838397 -7.6596329653313475 7.75
      vertex -1.6878544041838397 -7.6596329653313475 9.75
    endloop
  endfacet
  facet normal -0.4817536741017142 -0.8763066800438641 0
    outer loop
      vertex -1.6878544041838397 -7.6596329653313475 7.75
      vertex -1.3412047684299782 -7.850205215267962 7.75
      vertex -1.3412047684299782 -7.850205215267962 9.75
    endloop
  endfacet
  facet normal -0.6845471059286878 -0.7289686274214124 0
    outer loop
      vertex -2.2962511763774467 -7.156323383675369 7.75
      vertex -2.0078855677083722 -7.427116714743736 9.75
      vertex -2.2962511763774467 -7.156323383675369 9.75
    endloop
  endfacet
  facet normal -0.5877852522924741 -0.8090169943749467 0
    outer loop
      vertex -2.0078855677083722 -7.427116714743736 7.75
      vertex -1.6878544041838397 -7.6596329653313475 9.75
      vertex -2.0078855677083722 -7.427116714743736 9.75
    endloop
  endfacet
  facet normal -0.36812455268467764 -0.9297764858882516 0
    outer loop
      vertex -1.3412047684299782 -7.850205215267962 7.75
      vertex -0.9734035322810842 -7.995828026329733 9.75
      vertex -1.3412047684299782 -7.850205215267962 9.75
    endloop
  endfacet
  facet normal -0.4817536741017142 -0.8763066800438641 0
    outer loop
      vertex -1.6878544041838397 -7.6596329653313475 7.75
      vertex -1.3412047684299782 -7.850205215267962 9.75
      vertex -1.6878544041838397 -7.6596329653313475 9.75
    endloop
  endfacet
  facet normal -0.36812455268467764 -0.9297764858882516 0
    outer loop
      vertex -1.3412047684299782 -7.850205215267962 7.75
      vertex -0.9734035322810842 -7.995828026329733 7.75
      vertex -0.9734035322810842 -7.995828026329733 9.75
    endloop
  endfacet
  facet normal -0.2486898871648546 -0.9685831611286312 0
    outer loop
      vertex -0.9734035322810842 -7.995828026329733 7.75
      vertex -0.5902511409450332 -8.094204839795369 7.75
      vertex -0.5902511409450332 -8.094204839795369 9.75
    endloop
  endfacet
  facet normal 0 0 -1
    outer loop
      vertex -1.3412047684299782 -7.850205215267962 7.75
      vertex -0.9109055514642945 -6.435357473353426 7.75
      vertex -0.9734035322810842 -7.995828026329733 7.75
    endloop
  endfacet
  facet normal 0 0 -1
    outer loop
      vertex -0.9734035322810842 -7.995828026329733 7.75
      vertex -0.5253288904374106 -6.6167960777017605 7.75
      vertex -0.5902511409450332 -8.094204839795369 7.75
    endloop
  endfacet
  facet normal -0.12533323356430762 -0.9921147013144774 -2.192631425562459e-17
    outer loop
      vertex -0.5902511409450332 -8.094204839795369 7.75
      vertex -0.19779013651733834 -8.143784194549056 7.75
      vertex -0.19779013651733868 -8.143784194549056 9.75
    endloop
  endfacet
  facet normal 0 0 -1
    outer loop
      vertex -0.5902511409450332 -8.094204839795369 7.75
      vertex -0.1067438831998334 -6.696645438328062 7.75
      vertex -0.19779013651733834 -8.143784194549056 7.75
    endloop
  endfacet
  facet normal 0 0 -1
    outer loop
      vertex -0.19779013651733834 -8.143784194549056 7.75
      vertex -0.1067438831998334 -6.696645438328062 7.75
      vertex 0.19779013651733834 -8.143784194549056 7.75
    endloop
  endfacet
  facet normal -0.2486898871648546 -0.9685831611286312 0
    outer loop
      vertex -0.9734035322810842 -7.995828026329733 7.75
      vertex -0.5902511409450332 -8.094204839795369 9.75
      vertex -0.9734035322810842 -7.995828026329733 9.75
    endloop
  endfacet
  facet normal -0.12533323356430773 -0.9921147013144774 0
    outer loop
      vertex -0.5902511409450332 -8.094204839795369 7.75
      vertex -0.19779013651733868 -8.143784194549056 9.75
      vertex -0.5902511409450332 -8.094204839795369 9.75
    endloop
  endfacet
  facet normal 0 -1 0
    outer loop
      vertex -0.19779013651733834 -8.143784194549056 7.75
      vertex 0.19779013651733834 -8.143784194549056 9.75
      vertex -0.19779013651733868 -8.143784194549056 9.75
    endloop
  endfacet
  facet normal 0 0 -1
    outer loop
      vertex -2.0078855677083722 -7.427116714743736 7.75
      vertex -1.6865949922346124 -5.213066497059317 7.75
      vertex -1.6878544041838397 -7.6596329653313475 7.75
    endloop
  endfacet
  facet normal 0 0 -1
    outer loop
      vertex -1.6878544041838397 -7.6596329653313475 7.75
      vertex -1.2392466666163997 -6.16373008007877 7.75
      vertex -1.3412047684299782 -7.850205215267962 7.75
    endloop
  endfacet
  facet normal 0 0 -1
    outer loop
      vertex -1.3412047684299782 -7.850205215267962 7.75
      vertex -1.2392466666163997 -6.16373008007877 7.75
      vertex -1.0836207825727724 -6.309872512718842 7.75
    endloop
  endfacet
  facet normal 0 0 -1
    outer loop
      vertex -1.6878544041838397 -7.6596329653313475 7.75
      vertex -1.3753288904374106 -5.999234928897204 7.75
      vertex -1.2392466666163997 -6.16373008007877 7.75
    endloop
  endfacet
  facet normal 0 0 -1
    outer loop
      vertex -1.6878544041838397 -7.6596329653313475 7.75
      vertex -1.489721356074568 -5.818981245972916 7.75
      vertex -1.3753288904374106 -5.999234928897204 7.75
    endloop
  endfacet
  facet normal 0 0 -1
    outer loop
      vertex -1.6878544041838397 -7.6596329653313475 7.75
      vertex -1.5806200260100274 -5.625811739563952 7.75
      vertex -1.489721356074568 -5.818981245972916 7.75
    endloop
  endfacet
  facet normal 0 0 -1
    outer loop
      vertex -1.6878544041838397 -7.6596329653313475 7.75
      vertex -1.6465913739186728 -5.4227728081802535 7.75
      vertex -1.5806200260100274 -5.625811739563952 7.75
    endloop
  endfacet
  facet normal 0 0 -1
    outer loop
      vertex -2.2962511763774467 -7.156323383675369 7.75
      vertex -2.0078855677083722 -2.5728832852562635 7.75
      vertex -2.0078855677083722 -7.427116714743736 7.75
    endloop
  endfacet
  facet normal 0 0 -1
    outer loop
      vertex -2.0078855677083722 -7.427116714743736 7.75
      vertex -1.7 -5 7.75
      vertex -1.6865949922346124 -5.213066497059317 7.75
    endloop
  endfacet
  facet normal 0 0 -1
    outer loop
      vertex -1.6878544041838397 -7.6596329653313475 7.75
      vertex -1.6865949922346124 -5.213066497059317 7.75
      vertex -1.6465913739186728 -5.4227728081802535 7.75
    endloop
  endfacet
  facet normal 0 0 -1
    outer loop
      vertex -0.9734035322810842 -7.995828026329733 7.75
      vertex -0.9109055514642945 -6.435357473353426 7.75
      vertex -0.7238247956606231 -6.5382059891922335 7.75
    endloop
  endfacet
  facet normal 0 0 -1
    outer loop
      vertex -1.3412047684299782 -7.850205215267962 7.75
      vertex -1.0836207825727724 -6.309872512718842 7.75
      vertex -0.9109055514642945 -6.435357473353426 7.75
    endloop
  endfacet
  facet normal 0 0 -1
    outer loop
      vertex -0.9734035322810842 -7.995828026329733 7.75
      vertex -0.7238247956606231 -6.5382059891922335 7.75
      vertex -0.5253288904374106 -6.6167960777017605 7.75
    endloop
  endfacet
  facet normal 0 0 -1
    outer loop
      vertex -0.5902511409450332 -8.094204839795369 7.75
      vertex -0.5253288904374106 -6.6167960777017605 7.75
      vertex -0.3185482347957322 -6.6698883262387705 7.75
    endloop
  endfacet
  facet normal 0 0 -1
    outer loop
      vertex -0.5902511409450332 -8.094204839795369 7.75
      vertex -0.3185482347957322 -6.6698883262387705 7.75
      vertex -0.1067438831998334 -6.696645438328062 7.75
    endloop
  endfacet
  facet normal 0 0 -1
    outer loop
      vertex -3.1251613091406054 -5.394799685727558 7.75
      vertex -3.15 -5 7.75
      vertex -3.1251613091406054 -4.605200314272442 7.75
    endloop
  endfacet
  facet normal 0 0 -1
    outer loop
      vertex -3.1251613091406054 -5.394799685727558 7.75
      vertex -3.1251613091406054 -4.605200314272442 7.75
      vertex -3.051036957555188 -4.216626855430707 7.75
    endloop
  endfacet
  facet normal 0 0 -1
    outer loop
      vertex -3.051036957555188 -5.783373144569293 7.75
      vertex -3.051036957555188 -4.216626855430707 7.75
      vertex -2.928795930547992 -3.8404076590432648 7.75
    endloop
  endfacet
  facet normal 0 0 -1
    outer loop
      vertex -2.928795930547992 -6.159592340956735 7.75
      vertex -2.928795930547992 -3.8404076590432648 7.75
      vertex -2.7603660421381697 -3.4824759265795966 7.75
    endloop
  endfacet
  facet normal -0.9980267284282716 0.06279051952931256 0
    outer loop
      vertex -3.15 -5 7.75
      vertex -3.1251613091406054 -4.605200314272442 9.75
      vertex -3.1251613091406054 -4.605200314272442 7.75
    endloop
  endfacet
  facet normal -0.9822872507286885 0.18738131458572546 0
    outer loop
      vertex -3.1251613091406054 -4.605200314272442 7.75
      vertex -3.051036957555188 -4.216626855430707 9.75
      vertex -3.051036957555188 -4.216626855430707 7.75
    endloop
  endfacet
  facet normal -0.9510565162951536 0.3090169943749471 0
    outer loop
      vertex -3.051036957555188 -4.216626855430707 7.75
      vertex -2.928795930547992 -3.8404076590432648 9.75
      vertex -2.928795930547992 -3.8404076590432648 7.75
    endloop
  endfacet
  facet normal 0 0 -1
    outer loop
      vertex -2.7603660421381697 -6.517524073420404 7.75
      vertex -2.7603660421381697 -3.4824759265795966 7.75
      vertex -2.5484035322810845 -3.1484764552787095 7.75
    endloop
  endfacet
  facet normal 0 0 -1
    outer loop
      vertex -2.5484035322810845 -6.8515235447212905 7.75
      vertex -2.5484035322810845 -3.1484764552787095 7.75
      vertex -2.2962511763774467 -2.843676616324631 7.75
    endloop
  endfacet
  facet normal -0.9980267284282716 0.06279051952931256 0
    outer loop
      vertex -3.15 -5 7.75
      vertex -3.15 -5 9.75
      vertex -3.1251613091406054 -4.605200314272442 9.75
    endloop
  endfacet
  facet normal -0.9822872507286885 0.18738131458572546 0
    outer loop
      vertex -3.1251613091406054 -4.605200314272442 7.75
      vertex -3.1251613091406054 -4.605200314272442 9.75
      vertex -3.051036957555188 -4.216626855430707 9.75
    endloop
  endfacet
  facet normal -0.9510565162951536 0.3090169943749471 0
    outer loop
      vertex -3.051036957555188 -4.216626855430707 7.75
      vertex -3.051036957555188 -4.216626855430707 9.75
      vertex -2.928795930547992 -3.8404076590432648 9.75
    endloop
  endfacet
  facet normal -0.9048270524660191 0.4257792915650735 0
    outer loop
      vertex -2.928795930547992 -3.8404076590432648 7.75
      vertex -2.7603660421381697 -3.4824759265795966 9.75
      vertex -2.7603660421381697 -3.4824759265795966 7.75
    endloop
  endfacet
  facet normal -0.8443279255020159 0.5358267949789954 0
    outer loop
      vertex -2.7603660421381697 -3.4824759265795966 7.75
      vertex -2.5484035322810845 -3.1484764552787095 9.75
      vertex -2.5484035322810845 -3.1484764552787095 7.75
    endloop
  endfacet
  facet normal -0.7705132427757888 0.6374239897486902 0
    outer loop
      vertex -2.5484035322810845 -3.1484764552787095 7.75
      vertex -2.2962511763774467 -2.843676616324631 9.75
      vertex -2.2962511763774467 -2.843676616324631 7.75
    endloop
  endfacet
  facet normal -0.9048270524660191 0.4257792915650735 0
    outer loop
      vertex -2.928795930547992 -3.8404076590432648 7.75
      vertex -2.928795930547992 -3.8404076590432648 9.75
      vertex -2.7603660421381697 -3.4824759265795966 9.75
    endloop
  endfacet
  facet normal -0.8443279255020159 0.5358267949789954 0
    outer loop
      vertex -2.7603660421381697 -3.4824759265795966 7.75
      vertex -2.7603660421381697 -3.4824759265795966 9.75
      vertex -2.5484035322810845 -3.1484764552787095 9.75
    endloop
  endfacet
  facet normal -0.7705132427757888 0.6374239897486902 0
    outer loop
      vertex -2.5484035322810845 -3.1484764552787095 7.75
      vertex -2.5484035322810845 -3.1484764552787095 9.75
      vertex -2.2962511763774467 -2.843676616324631 9.75
    endloop
  endfacet
  facet normal 0 0 -1
    outer loop
      vertex -2.0078855677083722 -7.427116714743736 7.75
      vertex -1.6878544041838397 -2.340367034668653 7.75
      vertex -1.7 -5 7.75
    endloop
  endfacet
  facet normal 0 0 -1
    outer loop
      vertex -2.2962511763774467 -7.156323383675369 7.75
      vertex -2.2962511763774467 -2.843676616324631 7.75
      vertex -2.0078855677083722 -2.5728832852562635 7.75
    endloop
  endfacet
  facet normal 0 0 -1
    outer loop
      vertex -2.0078855677083722 -7.427116714743736 7.75
      vertex -2.0078855677083722 -2.5728832852562635 7.75
      vertex -1.6878544041838397 -2.340367034668653 7.75
    endloop
  endfacet
  facet normal 0 0 -1
    outer loop
      vertex -1.6878544041838397 -2.340367034668653 7.75
      vertex -1.6865949922346124 -4.786933502940683 7.75
      vertex -1.7 -5 7.75
    endloop
  endfacet
  facet normal 0 0 -1
    outer loop
      vertex -1.6878544041838397 -2.340367034668653 7.75
      vertex -1.6465913739186728 -4.5772271918197465 7.75
      vertex -1.6865949922346124 -4.786933502940683 7.75
    endloop
  endfacet
  facet normal 0 0 -1
    outer loop
      vertex -1.6878544041838397 -2.340367034668653 7.75
      vertex -1.5806200260100274 -4.374188260436048 7.75
      vertex -1.6465913739186728 -4.5772271918197465 7.75
    endloop
  endfacet
  facet normal 0 0 -1
    outer loop
      vertex -1.6878544041838397 -2.340367034668653 7.75
      vertex -1.489721356074568 -4.181018754027084 7.75
      vertex -1.5806200260100274 -4.374188260436048 7.75
    endloop
  endfacet
  facet normal 0 0 -1
    outer loop
      vertex -1.341204768429979 -2.149794784732039 7.75
      vertex -1.3753288904374106 -4.000765071102796 7.75
      vertex -1.489721356074568 -4.181018754027084 7.75
    endloop
  endfacet
  facet normal 0 0 -1
    outer loop
      vertex -1.341204768429979 -2.149794784732039 7.75
      vertex -1.2392466666163997 -3.8362699199212296 7.75
      vertex -1.3753288904374106 -4.000765071102796 7.75
    endloop
  endfacet
  facet normal 0 0 -1
    outer loop
      vertex -1.6878544041838397 -2.340367034668653 7.75
      vertex -1.341204768429979 -2.149794784732039 7.75
      vertex -1.489721356074568 -4.181018754027084 7.75
    endloop
  endfacet
  facet normal 0 0 -1
    outer loop
      vertex -1.341204768429979 -2.149794784732039 7.75
      vertex -1.0836207825727724 -3.690127487281158 7.75
      vertex -1.2392466666163997 -3.8362699199212296 7.75
    endloop
  endfacet
  facet normal 0 0 -1
    outer loop
      vertex -0.9734035322810842 -2.0041719736702666 7.75
      vertex -0.9109055514642945 -3.5646425266465744 7.75
      vertex -1.0836207825727724 -3.690127487281158 7.75
    endloop
  endfacet
  facet normal 0 0 -1
    outer loop
      vertex -0.9734035322810842 -2.0041719736702666 7.75
      vertex -0.7238247956606236 -3.461794010807767 7.75
      vertex -0.9109055514642945 -3.5646425266465744 7.75
    endloop
  endfacet
  facet normal 0 0 -1
    outer loop
      vertex -0.5902511409450324 -1.9057951602046308 7.75
      vertex -0.5253288904374106 -3.383203922298239 7.75
      vertex -0.7238247956606236 -3.461794010807767 7.75
    endloop
  endfacet
  facet normal 0 0 -1
    outer loop
      vertex -0.5902511409450324 -1.9057951602046308 7.75
      vertex -0.31854823479573174 -3.3301116737612295 7.75
      vertex -0.5253288904374106 -3.383203922298239 7.75
    endloop
  endfacet
  facet normal 0 0 -1
    outer loop
      vertex -0.19779013651733682 -1.8562158054509448 7.75
      vertex -0.10674388319983256 -3.3033545616719384 7.75
      vertex -0.31854823479573174 -3.3301116737612295 7.75
    endloop
  endfacet
  facet normal 0 0 -1
    outer loop
      vertex -0.19779013651733682 -1.8562158054509448 7.75
      vertex 0.10674388319983222 -3.3033545616719384 7.75
      vertex -0.10674388319983256 -3.3033545616719384 7.75
    endloop
  endfacet
  facet normal -0.684547105928689 0.7289686274214112 0
    outer loop
      vertex -2.2962511763774467 -2.843676616324631 7.75
      vertex -2.2962511763774467 -2.843676616324631 9.75
      vertex -2.0078855677083722 -2.5728832852562635 7.75
    endloop
  endfacet
  facet normal -0.5877852522924727 0.8090169943749479 0
    outer loop
      vertex -2.0078855677083722 -2.5728832852562635 7.75
      vertex -2.0078855677083722 -2.5728832852562635 9.75
      vertex -1.6878544041838397 -2.340367034668653 7.75
    endloop
  endfacet
  facet normal 0 0 -1
    outer loop
      vertex -1.341204768429979 -2.149794784732039 7.75
      vertex -0.9734035322810842 -2.0041719736702666 7.75
      vertex -1.0836207825727724 -3.690127487281158 7.75
    endloop
  endfacet
  facet normal -0.48175367410171516 0.8763066800438637 0
    outer loop
      vertex -1.6878544041838397 -2.340367034668653 7.75
      vertex -1.6878544041838397 -2.340367034668653 9.75
      vertex -1.341204768429979 -2.149794784732039 7.75
    endloop
  endfacet
  facet normal -0.36812455268467786 0.9297764858882515 0
    outer loop
      vertex -1.341204768429979 -2.149794784732039 7.75
      vertex -1.341204768429979 -2.149794784732039 9.75
      vertex -0.9734035322810842 -2.0041719736702666 7.75
    endloop
  endfacet
  facet normal -0.684547105928689 0.7289686274214112 0
    outer loop
      vertex -2.2962511763774467 -2.843676616324631 9.75
      vertex -2.0078855677083722 -2.5728832852562635 9.75
      vertex -2.0078855677083722 -2.5728832852562635 7.75
    endloop
  endfacet
  facet normal -0.5877852522924727 0.8090169943749479 0
    outer loop
      vertex -1.6878544041838397 -2.340367034668653 7.75
      vertex -2.0078855677083722 -2.5728832852562635 9.75
      vertex -1.6878544041838397 -2.340367034668653 9.75
    endloop
  endfacet
  facet normal -0.48175367410171516 0.8763066800438637 0
    outer loop
      vertex -1.341204768429979 -2.149794784732039 7.75
      vertex -1.6878544041838397 -2.340367034668653 9.75
      vertex -1.341204768429979 -2.149794784732039 9.75
    endloop
  endfacet
  facet normal 0 0 -1
    outer loop
      vertex -0.9734035322810842 -2.0041719736702666 7.75
      vertex -0.5902511409450324 -1.9057951602046308 7.75
      vertex -0.7238247956606236 -3.461794010807767 7.75
    endloop
  endfacet
  facet normal -0.24868988716485516 0.968583161128631 0
    outer loop
      vertex -0.9734035322810842 -2.0041719736702666 7.75
      vertex -0.9734035322810842 -2.0041719736702666 9.75
      vertex -0.5902511409450324 -1.9057951602046308 7.75
    endloop
  endfacet
  facet normal 0 0 -1
    outer loop
      vertex -0.5902511409450324 -1.9057951602046308 7.75
      vertex -0.19779013651733682 -1.8562158054509448 7.75
      vertex -0.31854823479573174 -3.3301116737612295 7.75
    endloop
  endfacet
  facet normal -0.12533323356430406 0.9921147013144779 0
    outer loop
      vertex -0.5902511409450324 -1.9057951602046308 7.75
      vertex -0.5902511409450324 -1.9057951602046308 9.75
      vertex -0.19779013651733682 -1.8562158054509448 7.75
    endloop
  endfacet
  facet normal 0 1 0
    outer loop
      vertex -0.19779013651733682 -1.8562158054509448 7.75
      vertex -0.19779013651733682 -1.8562158054509448 9.75
      vertex 0.19779013651733682 -1.8562158054509448 7.75
    endloop
  endfacet
  facet normal -0.36812455268467786 0.9297764858882515 0
    outer loop
      vertex -1.341204768429979 -2.149794784732039 9.75
      vertex -0.9734035322810842 -2.0041719736702666 9.75
      vertex -0.9734035322810842 -2.0041719736702666 7.75
    endloop
  endfacet
  facet normal -0.24868988716485516 0.968583161128631 0
    outer loop
      vertex -0.5902511409450324 -1.9057951602046308 7.75
      vertex -0.9734035322810842 -2.0041719736702666 9.75
      vertex -0.5902511409450324 -1.9057951602046308 9.75
    endloop
  endfacet
  facet normal -0.12533323356430406 0.9921147013144779 0
    outer loop
      vertex -0.19779013651733682 -1.8562158054509448 7.75
      vertex -0.5902511409450324 -1.9057951602046308 9.75
      vertex -0.19779013651733682 -1.8562158054509448 9.75
    endloop
  endfacet
  facet normal 0 -1 0
    outer loop
      vertex -0.19779013651733834 -8.143784194549056 7.75
      vertex 0.19779013651733834 -8.143784194549056 7.75
      vertex 0.19779013651733834 -8.143784194549056 9.75
    endloop
  endfacet
  facet normal 0.12533323356430762 -0.9921147013144774 0
    outer loop
      vertex 0.19779013651733834 -8.143784194549056 7.75
      vertex 0.5902511409450332 -8.094204839795369 7.75
      vertex 0.5902511409450332 -8.094204839795369 9.75
    endloop
  endfacet
  facet normal 0 0 -1
    outer loop
      vertex 0.19779013651733834 -8.143784194549056 7.75
      vertex 0.3185482347957322 -6.6698883262387705 7.75
      vertex 0.5902511409450332 -8.094204839795369 7.75
    endloop
  endfacet
  facet normal 0.2486898871648546 -0.9685831611286312 0
    outer loop
      vertex 0.5902511409450332 -8.094204839795369 7.75
      vertex 0.9734035322810842 -7.995828026329733 7.75
      vertex 0.9734035322810842 -7.995828026329733 9.75
    endloop
  endfacet
  facet normal 0 0 -1
    outer loop
      vertex 0.5902511409450332 -8.094204839795369 7.75
      vertex 0.7238247956606231 -6.5382059891922335 7.75
      vertex 0.9734035322810842 -7.995828026329733 7.75
    endloop
  endfacet
  facet normal 0.12533323356430762 -0.9921147013144774 0
    outer loop
      vertex 0.19779013651733834 -8.143784194549056 7.75
      vertex 0.5902511409450332 -8.094204839795369 9.75
      vertex 0.19779013651733834 -8.143784194549056 9.75
    endloop
  endfacet
  facet normal 0.2486898871648546 -0.9685831611286312 0
    outer loop
      vertex 0.5902511409450332 -8.094204839795369 7.75
      vertex 0.9734035322810842 -7.995828026329733 9.75
      vertex 0.5902511409450332 -8.094204839795369 9.75
    endloop
  endfacet
  facet normal 0.36812455268467764 -0.9297764858882516 0
    outer loop
      vertex 0.9734035322810842 -7.995828026329733 7.75
      vertex 1.3412047684299782 -7.850205215267962 9.75
      vertex 0.9734035322810842 -7.995828026329733 9.75
    endloop
  endfacet
  facet normal 0.36812455268467764 -0.9297764858882516 0
    outer loop
      vertex 0.9734035322810842 -7.995828026329733 7.75
      vertex 1.3412047684299782 -7.850205215267962 7.75
      vertex 1.3412047684299782 -7.850205215267962 9.75
    endloop
  endfacet
  facet normal 0 0 -1
    outer loop
      vertex 0.9734035322810842 -7.995828026329733 7.75
      vertex 1.0836207825727728 -6.309872512718841 7.75
      vertex 1.3412047684299782 -7.850205215267962 7.75
    endloop
  endfacet
  facet normal 0.4817536741017161 -0.8763066800438631 0
    outer loop
      vertex 1.3412047684299782 -7.850205215267962 7.75
      vertex 1.687854404183838 -7.6596329653313475 7.75
      vertex 1.687854404183838 -7.6596329653313475 9.75
    endloop
  endfacet
  facet normal 0.5877852522924709 -0.809016994374949 0
    outer loop
      vertex 1.687854404183838 -7.6596329653313475 7.75
      vertex 2.007885567708373 -7.427116714743736 7.75
      vertex 2.007885567708373 -7.427116714743736 9.75
    endloop
  endfacet
  facet normal 0.6845471059286888 -0.7289686274214113 0
    outer loop
      vertex 2.007885567708373 -7.427116714743736 7.75
      vertex 2.2962511763774467 -7.156323383675369 7.75
      vertex 2.2962511763774467 -7.156323383675369 9.75
    endloop
  endfacet
  facet normal 0.4817536741017161 -0.8763066800438631 0
    outer loop
      vertex 1.3412047684299782 -7.850205215267962 7.75
      vertex 1.687854404183838 -7.6596329653313475 9.75
      vertex 1.3412047684299782 -7.850205215267962 9.75
    endloop
  endfacet
  facet normal 0.5877852522924709 -0.809016994374949 0
    outer loop
      vertex 1.687854404183838 -7.6596329653313475 7.75
      vertex 2.007885567708373 -7.427116714743736 9.75
      vertex 1.687854404183838 -7.6596329653313475 9.75
    endloop
  endfacet
  facet normal 0.6845471059286888 -0.7289686274214113 0
    outer loop
      vertex 2.007885567708373 -7.427116714743736 7.75
      vertex 2.2962511763774467 -7.156323383675369 9.75
      vertex 2.007885567708373 -7.427116714743736 9.75
    endloop
  endfacet
  facet normal 0 0 -1
    outer loop
      vertex 0.19779013651733834 -8.143784194549056 7.75
      vertex -0.1067438831998334 -6.696645438328062 7.75
      vertex 0.1067438831998334 -6.696645438328062 7.75
    endloop
  endfacet
  facet normal 0 0 -1
    outer loop
      vertex 0.19779013651733834 -8.143784194549056 7.75
      vertex 0.1067438831998334 -6.696645438328062 7.75
      vertex 0.3185482347957322 -6.6698883262387705 7.75
    endloop
  endfacet
  facet normal 0 0 -1
    outer loop
      vertex 0.5902511409450332 -8.094204839795369 7.75
      vertex 0.3185482347957322 -6.6698883262387705 7.75
      vertex 0.5253288904374106 -6.6167960777017605 7.75
    endloop
  endfacet
  facet normal 0 0 -1
    outer loop
      vertex 0.5902511409450332 -8.094204839795369 7.75
      vertex 0.5253288904374106 -6.6167960777017605 7.75
      vertex 0.7238247956606231 -6.5382059891922335 7.75
    endloop
  endfacet
  facet normal 0 0 -1
    outer loop
      vertex 0.9734035322810842 -7.995828026329733 7.75
      vertex 0.7238247956606231 -6.5382059891922335 7.75
      vertex 0.9109055514642935 -6.435357473353426 7.75
    endloop
  endfacet
  facet normal 0 0 -1
    outer loop
      vertex 0.9734035322810842 -7.995828026329733 7.75
      vertex 0.9109055514642935 -6.435357473353426 7.75
      vertex 1.0836207825727728 -6.309872512718841 7.75
    endloop
  endfacet
  facet normal 0 0 -1
    outer loop
      vertex 1.3412047684299782 -7.850205215267962 7.75
      vertex 1.0836207825727728 -6.309872512718841 7.75
      vertex 1.2392466666163997 -6.16373008007877 7.75
    endloop
  endfacet
  facet normal 0 0 -1
    outer loop
      vertex 1.3412047684299782 -7.850205215267962 7.75
      vertex 1.489721356074568 -5.818981245972916 7.75
      vertex 1.687854404183838 -7.6596329653313475 7.75
    endloop
  endfacet
  facet normal 0 0 -1
    outer loop
      vertex 1.3412047684299782 -7.850205215267962 7.75
      vertex 1.2392466666163997 -6.16373008007877 7.75
      vertex 1.3753288904374106 -5.999234928897204 7.75
    endloop
  endfacet
  facet normal 0 0 -1
    outer loop
      vertex 1.3412047684299782 -7.850205215267962 7.75
      vertex 1.3753288904374106 -5.999234928897204 7.75
      vertex 1.489721356074568 -5.818981245972916 7.75
    endloop
  endfacet
  facet normal 0 0 -1
    outer loop
      vertex 1.687854404183838 -7.6596329653313475 7.75
      vertex 1.489721356074568 -5.818981245972916 7.75
      vertex 1.5806200260100272 -5.625811739563953 7.75
    endloop
  endfacet
  facet normal 0 0 -1
    outer loop
      vertex 1.687854404183838 -7.6596329653313475 7.75
      vertex 1.5806200260100272 -5.625811739563953 7.75
      vertex 1.646591373918673 -5.422772808180253 7.75
    endloop
  endfacet
  facet normal 0 0 -1
    outer loop
      vertex 1.687854404183838 -7.6596329653313475 7.75
      vertex 1.646591373918673 -5.422772808180253 7.75
      vertex 1.6865949922346124 -5.213066497059317 7.75
    endloop
  endfacet
  facet normal 0 0 -1
    outer loop
      vertex 1.687854404183838 -7.6596329653313475 7.75
      vertex 1.6865949922346124 -5.213066497059317 7.75
      vertex 1.7 -5 7.75
    endloop
  endfacet
  facet normal 0 0 -1
    outer loop
      vertex 1.687854404183838 -7.6596329653313475 7.75
      vertex 2.0078855677083727 -2.5728832852562644 7.75
      vertex 2.007885567708373 -7.427116714743736 7.75
    endloop
  endfacet
  facet normal 0 0 -1
    outer loop
      vertex 2.007885567708373 -7.427116714743736 7.75
      vertex 2.2962511763774462 -2.8436766163246308 7.75
      vertex 2.2962511763774467 -7.156323383675369 7.75
    endloop
  endfacet
  facet normal 0 0 -1
    outer loop
      vertex 1.687854404183838 -7.6596329653313475 7.75
      vertex 1.7 -5 7.75
      vertex 2.0078855677083727 -2.5728832852562644 7.75
    endloop
  endfacet
  facet normal 0.7705132427757893 -0.6374239897486896 0
    outer loop
      vertex 2.2962511763774467 -7.156323383675369 7.75
      vertex 2.5484035322810845 -6.8515235447212905 7.75
      vertex 2.2962511763774467 -7.156323383675369 9.75
    endloop
  endfacet
  facet normal 0.8443279255020155 -0.535826794978996 0
    outer loop
      vertex 2.5484035322810845 -6.8515235447212905 7.75
      vertex 2.7603660421381697 -6.517524073420404 7.75
      vertex 2.5484035322810845 -6.8515235447212905 9.75
    endloop
  endfacet
  facet normal 0.9048270524660196 -0.4257792915650725 0
    outer loop
      vertex 2.7603660421381697 -6.517524073420404 7.75
      vertex 2.928795930547991 -6.159592340956737 7.75
      vertex 2.7603660421381697 -6.517524073420404 9.75
    endloop
  endfacet
  facet normal 0.7705132427757893 -0.6374239897486896 0
    outer loop
      vertex 2.5484035322810845 -6.8515235447212905 7.75
      vertex 2.5484035322810845 -6.8515235447212905 9.75
      vertex 2.2962511763774467 -7.156323383675369 9.75
    endloop
  endfacet
  facet normal 0.8443279255020155 -0.535826794978996 0
    outer loop
      vertex 2.7603660421381697 -6.517524073420404 7.75
      vertex 2.7603660421381697 -6.517524073420404 9.75
      vertex 2.5484035322810845 -6.8515235447212905 9.75
    endloop
  endfacet
  facet normal 0.9048270524660196 -0.4257792915650725 0
    outer loop
      vertex 2.928795930547991 -6.159592340956737 7.75
      vertex 2.928795930547991 -6.159592340956737 9.75
      vertex 2.7603660421381697 -6.517524073420404 9.75
    endloop
  endfacet
  facet normal 0 0 -1
    outer loop
      vertex 2.2962511763774467 -7.156323383675369 7.75
      vertex 2.5484035322810845 -3.1484764552787095 7.75
      vertex 2.5484035322810845 -6.8515235447212905 7.75
    endloop
  endfacet
  facet normal 0 0 -1
    outer loop
      vertex 2.5484035322810845 -6.8515235447212905 7.75
      vertex 2.76036604213817 -3.482475926579597 7.75
      vertex 2.7603660421381697 -6.517524073420404 7.75
    endloop
  endfacet
  facet normal 0.9510565162951532 -0.30901699437494856 0
    outer loop
      vertex 2.928795930547991 -6.159592340956737 7.75
      vertex 3.0510369575551883 -5.783373144569292 7.75
      vertex 2.928795930547991 -6.159592340956737 9.75
    endloop
  endfacet
  facet normal 0.9822872507286886 -0.18738131458572477 0
    outer loop
      vertex 3.0510369575551883 -5.783373144569292 7.75
      vertex 3.1251613091406054 -5.394799685727558 7.75
      vertex 3.0510369575551883 -5.783373144569292 9.75
    endloop
  endfacet
  facet normal 0 0 -1
    outer loop
      vertex 2.7603660421381697 -6.517524073420404 7.75
      vertex 2.9287959305479916 -3.8404076590432643 7.75
      vertex 2.928795930547991 -6.159592340956737 7.75
    endloop
  endfacet
  facet normal 0 0 -1
    outer loop
      vertex 2.928795930547991 -6.159592340956737 7.75
      vertex 3.051036957555188 -4.216626855430707 7.75
      vertex 3.0510369575551883 -5.783373144569292 7.75
    endloop
  endfacet
  facet normal 0 0 -1
    outer loop
      vertex 3.0510369575551883 -5.783373144569292 7.75
      vertex 3.1251613091406054 -4.605200314272442 7.75
      vertex 3.1251613091406054 -5.394799685727558 7.75
    endloop
  endfacet
  facet normal 0.9980267284282716 -0.06279051952931256 0
    outer loop
      vertex 3.1251613091406054 -5.394799685727558 7.75
      vertex 3.15 -5 7.75
      vertex 3.1251613091406054 -5.394799685727558 9.75
    endloop
  endfacet
  facet normal 0.9510565162951532 -0.30901699437494856 0
    outer loop
      vertex 2.928795930547991 -6.159592340956737 9.75
      vertex 3.0510369575551883 -5.783373144569292 7.75
      vertex 3.0510369575551883 -5.783373144569292 9.75
    endloop
  endfacet
  facet normal 0.9822872507286886 -0.18738131458572477 0
    outer loop
      vertex 3.1251613091406054 -5.394799685727558 7.75
      vertex 3.1251613091406054 -5.394799685727558 9.75
      vertex 3.0510369575551883 -5.783373144569292 9.75
    endloop
  endfacet
  facet normal 0.9980267284282716 -0.06279051952931256 0
    outer loop
      vertex 3.1251613091406054 -5.394799685727558 9.75
      vertex 3.15 -5 7.75
      vertex 3.15 -5 9.75
    endloop
  endfacet
  facet normal 0 0 -1
    outer loop
      vertex 0.5902511409450324 -1.9057951602046308 7.75
      vertex 0.31854823479573174 -3.3301116737612295 7.75
      vertex 0.10674388319983222 -3.3033545616719384 7.75
    endloop
  endfacet
  facet normal 0 0 -1
    outer loop
      vertex 0.5902511409450324 -1.9057951602046308 7.75
      vertex 0.5253288904374106 -3.383203922298239 7.75
      vertex 0.31854823479573174 -3.3301116737612295 7.75
    endloop
  endfacet
  facet normal 0 0 -1
    outer loop
      vertex 0.9734035322810842 -2.0041719736702666 7.75
      vertex 0.7238247956606236 -3.461794010807767 7.75
      vertex 0.5253288904374106 -3.383203922298239 7.75
    endloop
  endfacet
  facet normal 0 0 -1
    outer loop
      vertex 1.341204768429979 -2.149794784732039 7.75
      vertex 1.0836207825727726 -3.6901274872811585 7.75
      vertex 0.9109055514642943 -3.5646425266465744 7.75
    endloop
  endfacet
  facet normal 0 0 -1
    outer loop
      vertex 0.9734035322810842 -2.0041719736702666 7.75
      vertex 0.9109055514642943 -3.5646425266465744 7.75
      vertex 0.7238247956606236 -3.461794010807767 7.75
    endloop
  endfacet
  facet normal 0 0 -1
    outer loop
      vertex 1.6878544041838395 -2.3403670346686525 7.75
      vertex 1.6865949922346124 -4.786933502940682 7.75
      vertex 1.6465913739186728 -4.5772271918197465 7.75
    endloop
  endfacet
  facet normal 0 0 -1
    outer loop
      vertex 2.0078855677083727 -2.5728832852562644 7.75
      vertex 1.7 -5 7.75
      vertex 1.6865949922346124 -4.786933502940682 7.75
    endloop
  endfacet
  facet normal 0 0 -1
    outer loop
      vertex 2.007885567708373 -7.427116714743736 7.75
      vertex 2.0078855677083727 -2.5728832852562644 7.75
      vertex 2.2962511763774462 -2.8436766163246308 7.75
    endloop
  endfacet
  facet normal 0 0 -1
    outer loop
      vertex 1.6878544041838395 -2.3403670346686525 7.75
      vertex 1.6465913739186728 -4.5772271918197465 7.75
      vertex 1.5806200260100272 -4.374188260436047 7.75
    endloop
  endfacet
  facet normal 0 0 -1
    outer loop
      vertex 1.6878544041838395 -2.3403670346686525 7.75
      vertex 1.5806200260100272 -4.374188260436047 7.75
      vertex 1.4897213560745681 -4.181018754027084 7.75
    endloop
  endfacet
  facet normal 0 0 -1
    outer loop
      vertex 1.6878544041838395 -2.3403670346686525 7.75
      vertex 1.4897213560745681 -4.181018754027084 7.75
      vertex 1.3753288904374106 -4.000765071102796 7.75
    endloop
  endfacet
  facet normal 0 0 -1
    outer loop
      vertex 1.6878544041838395 -2.3403670346686525 7.75
      vertex 1.3753288904374106 -4.000765071102796 7.75
      vertex 1.2392466666163997 -3.836269919921229 7.75
    endloop
  endfacet
  facet normal 0 0 -1
    outer loop
      vertex 1.341204768429979 -2.149794784732039 7.75
      vertex 1.2392466666163997 -3.836269919921229 7.75
      vertex 1.0836207825727726 -3.6901274872811585 7.75
    endloop
  endfacet
  facet normal 0 0 -1
    outer loop
      vertex 1.341204768429979 -2.149794784732039 7.75
      vertex 1.6878544041838395 -2.3403670346686525 7.75
      vertex 1.2392466666163997 -3.836269919921229 7.75
    endloop
  endfacet
  facet normal 0 0 -1
    outer loop
      vertex 1.6878544041838395 -2.3403670346686525 7.75
      vertex 2.0078855677083727 -2.5728832852562644 7.75
      vertex 1.6865949922346124 -4.786933502940682 7.75
    endloop
  endfacet
  facet normal 0 0 -1
    outer loop
      vertex -0.19779013651733682 -1.8562158054509448 7.75
      vertex 0.19779013651733682 -1.8562158054509448 7.75
      vertex 0.10674388319983222 -3.3033545616719384 7.75
    endloop
  endfacet
  facet normal 0 0 -1
    outer loop
      vertex 0.19779013651733682 -1.8562158054509448 7.75
      vertex 0.5902511409450324 -1.9057951602046308 7.75
      vertex 0.10674388319983222 -3.3033545616719384 7.75
    endloop
  endfacet
  facet normal 0.12533323356430406 0.9921147013144779 0
    outer loop
      vertex 0.19779013651733682 -1.8562158054509448 7.75
      vertex 0.19779013651733682 -1.8562158054509448 9.75
      vertex 0.5902511409450324 -1.9057951602046308 7.75
    endloop
  endfacet
  facet normal 0 0 -1
    outer loop
      vertex 0.5902511409450324 -1.9057951602046308 7.75
      vertex 0.9734035322810842 -2.0041719736702666 7.75
      vertex 0.5253288904374106 -3.383203922298239 7.75
    endloop
  endfacet
  facet normal 0 0 -1
    outer loop
      vertex 0.9734035322810842 -2.0041719736702666 7.75
      vertex 1.341204768429979 -2.149794784732039 7.75
      vertex 0.9109055514642943 -3.5646425266465744 7.75
    endloop
  endfacet
  facet normal 0.24868988716485516 0.968583161128631 0
    outer loop
      vertex 0.5902511409450324 -1.9057951602046308 7.75
      vertex 0.5902511409450324 -1.9057951602046308 9.75
      vertex 0.9734035322810842 -2.0041719736702666 7.75
    endloop
  endfacet
  facet normal 0.36812455268467786 0.9297764858882515 0
    outer loop
      vertex 0.9734035322810842 -2.0041719736702666 7.75
      vertex 0.9734035322810842 -2.0041719736702666 9.75
      vertex 1.341204768429979 -2.149794784732039 7.75
    endloop
  endfacet
  facet normal 0 1 0
    outer loop
      vertex -0.19779013651733682 -1.8562158054509448 9.75
      vertex 0.19779013651733682 -1.8562158054509448 9.75
      vertex 0.19779013651733682 -1.8562158054509448 7.75
    endloop
  endfacet
  facet normal 0.12533323356430406 0.9921147013144779 0
    outer loop
      vertex 0.5902511409450324 -1.9057951602046308 7.75
      vertex 0.19779013651733682 -1.8562158054509448 9.75
      vertex 0.5902511409450324 -1.9057951602046308 9.75
    endloop
  endfacet
  facet normal 0.24868988716485516 0.968583161128631 0
    outer loop
      vertex 0.9734035322810842 -2.0041719736702666 7.75
      vertex 0.5902511409450324 -1.9057951602046308 9.75
      vertex 0.9734035322810842 -2.0041719736702666 9.75
    endloop
  endfacet
  facet normal 0.4817536741017145 0.8763066800438639 0
    outer loop
      vertex 1.341204768429979 -2.149794784732039 7.75
      vertex 1.341204768429979 -2.149794784732039 9.75
      vertex 1.6878544041838395 -2.3403670346686525 7.75
    endloop
  endfacet
  facet normal 0.587785252292474 0.8090169943749468 0
    outer loop
      vertex 1.6878544041838395 -2.3403670346686525 7.75
      vertex 1.6878544041838395 -2.3403670346686525 9.75
      vertex 2.0078855677083727 -2.5728832852562644 7.75
    endloop
  endfacet
  facet normal 0.6845471059286883 0.7289686274214119 0
    outer loop
      vertex 2.0078855677083727 -2.5728832852562644 7.75
      vertex 2.0078855677083727 -2.5728832852562644 9.75
      vertex 2.2962511763774462 -2.8436766163246308 7.75
    endloop
  endfacet
  facet normal 0.4817536741017145 0.8763066800438639 0
    outer loop
      vertex 1.6878544041838395 -2.3403670346686525 7.75
      vertex 1.341204768429979 -2.149794784732039 9.75
      vertex 1.6878544041838395 -2.3403670346686525 9.75
    endloop
  endfacet
  facet normal 0.36812455268467786 0.9297764858882515 0
    outer loop
      vertex 0.9734035322810842 -2.0041719736702666 9.75
      vertex 1.341204768429979 -2.149794784732039 9.75
      vertex 1.341204768429979 -2.149794784732039 7.75
    endloop
  endfacet
  facet normal 0.587785252292474 0.8090169943749468 0
    outer loop
      vertex 2.0078855677083727 -2.5728832852562644 7.75
      vertex 1.6878544041838395 -2.3403670346686525 9.75
      vertex 2.0078855677083727 -2.5728832852562644 9.75
    endloop
  endfacet
  facet normal 0.6845471059286883 0.7289686274214119 0
    outer loop
      vertex 2.0078855677083727 -2.5728832852562644 9.75
      vertex 2.2962511763774462 -2.8436766163246308 9.75
      vertex 2.2962511763774462 -2.8436766163246308 7.75
    endloop
  endfacet
  facet normal 0 0 -1
    outer loop
      vertex 2.5484035322810845 -6.8515235447212905 7.75
      vertex 2.5484035322810845 -3.1484764552787095 7.75
      vertex 2.76036604213817 -3.482475926579597 7.75
    endloop
  endfacet
  facet normal 0 0 -1
    outer loop
      vertex 2.2962511763774467 -7.156323383675369 7.75
      vertex 2.2962511763774462 -2.8436766163246308 7.75
      vertex 2.5484035322810845 -3.1484764552787095 7.75
    endloop
  endfacet
  facet normal 0 0 -1
    outer loop
      vertex 3.0510369575551883 -5.783373144569292 7.75
      vertex 3.051036957555188 -4.216626855430707 7.75
      vertex 3.1251613091406054 -4.605200314272442 7.75
    endloop
  endfacet
  facet normal 0 0 -1
    outer loop
      vertex 2.928795930547991 -6.159592340956737 7.75
      vertex 2.9287959305479916 -3.8404076590432643 7.75
      vertex 3.051036957555188 -4.216626855430707 7.75
    endloop
  endfacet
  facet normal 0 0 -1
    outer loop
      vertex 2.7603660421381697 -6.517524073420404 7.75
      vertex 2.76036604213817 -3.482475926579597 7.75
      vertex 2.9287959305479916 -3.8404076590432643 7.75
    endloop
  endfacet
  facet normal 0 0 -1
    outer loop
      vertex 3.1251613091406054 -5.394799685727558 7.75
      vertex 3.1251613091406054 -4.605200314272442 7.75
      vertex 3.15 -5 7.75
    endloop
  endfacet
  facet normal 0.9980267284282716 0.06279051952931256 0
    outer loop
      vertex 3.15 -5 7.75
      vertex 3.1251613091406054 -4.605200314272442 7.75
      vertex 3.15 -5 9.75
    endloop
  endfacet
  facet normal 0.9822872507286885 0.18738131458572546 0
    outer loop
      vertex 3.1251613091406054 -4.605200314272442 7.75
      vertex 3.051036957555188 -4.216626855430707 7.75
      vertex 3.1251613091406054 -4.605200314272442 9.75
    endloop
  endfacet
  facet normal 0.9510565162951534 0.3090169943749478 0
    outer loop
      vertex 3.051036957555188 -4.216626855430707 7.75
      vertex 2.9287959305479916 -3.8404076590432643 7.75
      vertex 3.051036957555188 -4.216626855430707 9.75
    endloop
  endfacet
  facet normal 0.9980267284282716 0.06279051952931256 0
    outer loop
      vertex 3.1251613091406054 -4.605200314272442 7.75
      vertex 3.1251613091406054 -4.605200314272442 9.75
      vertex 3.15 -5 9.75
    endloop
  endfacet
  facet normal 0.9822872507286885 0.18738131458572546 0
    outer loop
      vertex 3.051036957555188 -4.216626855430707 7.75
      vertex 3.051036957555188 -4.216626855430707 9.75
      vertex 3.1251613091406054 -4.605200314272442 9.75
    endloop
  endfacet
  facet normal 0.9510565162951534 0.3090169943749478 0
    outer loop
      vertex 3.051036957555188 -4.216626855430707 9.75
      vertex 2.9287959305479916 -3.8404076590432643 7.75
      vertex 2.9287959305479916 -3.8404076590432643 9.75
    endloop
  endfacet
  facet normal 0.8443279255020156 0.5358267949789958 0
    outer loop
      vertex 2.76036604213817 -3.482475926579597 7.75
      vertex 2.5484035322810845 -3.1484764552787095 7.75
      vertex 2.76036604213817 -3.482475926579597 9.75
    endloop
  endfacet
  facet normal 0.7705132427757887 0.6374239897486903 0
    outer loop
      vertex 2.2962511763774462 -2.8436766163246308 7.75
      vertex 2.5484035322810845 -3.1484764552787095 9.75
      vertex 2.5484035322810845 -3.1484764552787095 7.75
    endloop
  endfacet
  facet normal 0.9048270524660196 0.4257792915650725 0
    outer loop
      vertex 2.76036604213817 -3.482475926579597 7.75
      vertex 2.9287959305479916 -3.8404076590432643 9.75
      vertex 2.9287959305479916 -3.8404076590432643 7.75
    endloop
  endfacet
  facet normal 0.7705132427757887 0.6374239897486903 0
    outer loop
      vertex 2.2962511763774462 -2.8436766163246308 7.75
      vertex 2.2962511763774462 -2.8436766163246308 9.75
      vertex 2.5484035322810845 -3.1484764552787095 9.75
    endloop
  endfacet
  facet normal 0.8443279255020156 0.5358267949789958 0
    outer loop
      vertex 2.5484035322810845 -3.1484764552787095 7.75
      vertex 2.5484035322810845 -3.1484764552787095 9.75
      vertex 2.76036604213817 -3.482475926579597 9.75
    endloop
  endfacet
  facet normal 0.9048270524660196 0.4257792915650725 0
    outer loop
      vertex 2.76036604213817 -3.482475926579597 7.75
      vertex 2.76036604213817 -3.482475926579597 9.75
      vertex 2.9287959305479916 -3.8404076590432643 9.75
    endloop
  endfacet
  facet normal 0 0 -1
    outer loop
      vertex -2.868407953869103 -8.467309592491052 9.75
      vertex -3.2803588233963525 -8.080461976679098 9.75
      vertex -2.928795930547992 -6.159592340956735 9.75
    endloop
  endfacet
  facet normal 0 0 -1
    outer loop
      vertex -2.868407953869103 -8.467309592491052 9.75
      vertex -2.5484035322810845 -6.8515235447212905 9.75
      vertex -2.4112205774054853 -8.799475664759068 9.75
    endloop
  endfacet
  facet normal 0 0 -1
    outer loop
      vertex -2.868407953869103 -8.467309592491052 9.75
      vertex -2.7603660421381697 -6.517524073420404 9.75
      vertex -2.5484035322810845 -6.8515235447212905 9.75
    endloop
  endfacet
  facet normal 0 0 -1
    outer loop
      vertex -2.4112205774054853 -8.799475664759068 9.75
      vertex -2.5484035322810845 -6.8515235447212905 9.75
      vertex -2.2962511763774467 -7.156323383675369 9.75
    endloop
  endfacet
  facet normal -0.8443279255020152 -0.5358267949789965 0
    outer loop
      vertex -3.6405764746872635 -7.645033635316129 9.75
      vertex -3.9433800601973856 -7.16789153345772 17.25
      vertex -3.9433800601973856 -7.16789153345772 9.75
    endloop
  endfacet
  facet normal -0.770513242775789 -0.63742398974869 0
    outer loop
      vertex -3.6405764746872635 -7.645033635316129 9.75
      vertex -3.2803588233963525 -8.080461976679098 9.75
      vertex -3.6405764746872635 -7.645033635316129 17.25
    endloop
  endfacet
  facet normal -0.5877852522924741 -0.8090169943749467 0
    outer loop
      vertex -2.868407953869103 -8.467309592491052 9.75
      vertex -2.4112205774054853 -8.799475664759068 9.75
      vertex -2.4112205774054853 -8.799475664759068 17.25
    endloop
  endfacet
  facet normal -0.6845471059286888 -0.7289686274214113 0
    outer loop
      vertex -2.868407953869103 -8.467309592491052 9.75
      vertex -2.868407953869103 -8.467309592491052 17.25
      vertex -3.2803588233963525 -8.080461976679098 9.75
    endloop
  endfacet
  facet normal 0 0 -1
    outer loop
      vertex -4.183994186497132 -6.65656048708105 9.75
      vertex -4.35862422507884 -6.119104492241847 9.75
      vertex -4.183994186497132 -3.3434395129189496 9.75
    endloop
  endfacet
  facet normal 0 0 -1
    outer loop
      vertex -4.35862422507884 -6.119104492241847 9.75
      vertex -4.464516155915151 -5.563999551039368 9.75
      vertex -4.35862422507884 -3.880895507758153 9.75
    endloop
  endfacet
  facet normal 0 0 -1
    outer loop
      vertex -3.9433800601973856 -7.16789153345772 9.75
      vertex -4.183994186497132 -6.65656048708105 9.75
      vertex -3.9433800601973856 -2.8321084665422807 9.75
    endloop
  endfacet
  facet normal 0 0 -1
    outer loop
      vertex -3.6405764746872635 -7.645033635316129 9.75
      vertex -3.9433800601973856 -7.16789153345772 9.75
      vertex -3.6405764746872635 -2.3549663646838708 9.75
    endloop
  endfacet
  facet normal 0 0 -1
    outer loop
      vertex -3.6405764746872635 -7.645033635316129 9.75
      vertex -3.2803588233963525 -1.9195380233209018 9.75
      vertex -3.2803588233963525 -8.080461976679098 9.75
    endloop
  endfacet
  facet normal 0 0 -1
    outer loop
      vertex -2.868407953869103 -8.467309592491052 9.75
      vertex -2.928795930547992 -6.159592340956735 9.75
      vertex -2.7603660421381697 -6.517524073420404 9.75
    endloop
  endfacet
  facet normal 0 0 -1
    outer loop
      vertex -3.2803588233963525 -8.080461976679098 9.75
      vertex -3.1251613091406054 -5.394799685727558 9.75
      vertex -3.051036957555188 -5.783373144569293 9.75
    endloop
  endfacet
  facet normal 0 0 -1
    outer loop
      vertex -3.2803588233963525 -8.080461976679098 9.75
      vertex -3.15 -5 9.75
      vertex -3.1251613091406054 -5.394799685727558 9.75
    endloop
  endfacet
  facet normal 0 0 -1
    outer loop
      vertex -3.2803588233963525 -8.080461976679098 9.75
      vertex -3.051036957555188 -5.783373144569293 9.75
      vertex -2.928795930547992 -6.159592340956735 9.75
    endloop
  endfacet
  facet normal -0.9048270524660195 -0.42577929156507266 0
    outer loop
      vertex -3.9433800601973856 -7.16789153345772 9.75
      vertex -4.183994186497132 -6.65656048708105 17.25
      vertex -4.183994186497132 -6.65656048708105 9.75
    endloop
  endfacet
  facet normal -0.9510565162951535 -0.3090169943749473 0
    outer loop
      vertex -4.183994186497132 -6.65656048708105 9.75
      vertex -4.35862422507884 -6.119104492241847 17.25
      vertex -4.35862422507884 -6.119104492241847 9.75
    endloop
  endfacet
  facet normal -0.9822872507286886 -0.1873813145857251 0
    outer loop
      vertex -4.35862422507884 -6.119104492241847 9.75
      vertex -4.464516155915151 -5.563999551039368 17.25
      vertex -4.464516155915151 -5.563999551039368 9.75
    endloop
  endfacet
  facet normal -0.9980267284282716 -0.06279051952931267 0
    outer loop
      vertex -4.464516155915151 -5.563999551039368 9.75
      vertex -4.5 -5 17.25
      vertex -4.5 -5 9.75
    endloop
  endfacet
  facet normal 0 0 -1
    outer loop
      vertex -2.4112205774054853 -8.799475664759068 9.75
      vertex -2.0078855677083722 -7.427116714743736 9.75
      vertex -1.916006812042826 -9.07172173609709 9.75
    endloop
  endfacet
  facet normal 0 0 -1
    outer loop
      vertex -1.916006812042826 -9.07172173609709 9.75
      vertex -1.6878544041838397 -7.6596329653313475 9.75
      vertex -1.3905764746872633 -9.279754323328191 9.75
    endloop
  endfacet
  facet normal 0 0 -1
    outer loop
      vertex -1.3905764746872633 -9.279754323328191 9.75
      vertex -1.3412047684299782 -7.850205215267962 9.75
      vertex -0.9734035322810842 -7.995828026329733 9.75
    endloop
  endfacet
  facet normal 0 0 -1
    outer loop
      vertex -1.916006812042826 -9.07172173609709 9.75
      vertex -2.0078855677083722 -7.427116714743736 9.75
      vertex -1.6878544041838397 -7.6596329653313475 9.75
    endloop
  endfacet
  facet normal 0 0 -1
    outer loop
      vertex -2.4112205774054853 -8.799475664759068 9.75
      vertex -2.2962511763774467 -7.156323383675369 9.75
      vertex -2.0078855677083722 -7.427116714743736 9.75
    endloop
  endfacet
  facet normal 0 0 -1
    outer loop
      vertex -1.3905764746872633 -9.279754323328191 9.75
      vertex -1.6878544041838397 -7.6596329653313475 9.75
      vertex -1.3412047684299782 -7.850205215267962 9.75
    endloop
  endfacet
  facet normal 0 0 -1
    outer loop
      vertex -0.8432159156357617 -9.4202926282791 9.75
      vertex -0.5902511409450332 -8.094204839795369 9.75
      vertex -0.28255733788191195 -9.491120277927223 9.75
    endloop
  endfacet
  facet normal 0 0 -1
    outer loop
      vertex -1.3905764746872633 -9.279754323328191 9.75
      vertex -0.9734035322810842 -7.995828026329733 9.75
      vertex -0.8432159156357617 -9.4202926282791 9.75
    endloop
  endfacet
  facet normal 0 0 -1
    outer loop
      vertex -0.8432159156357617 -9.4202926282791 9.75
      vertex -0.9734035322810842 -7.995828026329733 9.75
      vertex -0.5902511409450332 -8.094204839795369 9.75
    endloop
  endfacet
  facet normal 0 0 -1
    outer loop
      vertex -0.28255733788191195 -9.491120277927223 9.75
      vertex -0.5902511409450332 -8.094204839795369 9.75
      vertex -0.19779013651733868 -8.143784194549056 9.75
    endloop
  endfacet
  facet normal 0 0 -1
    outer loop
      vertex -0.28255733788191195 -9.491120277927223 9.75
      vertex -0.19779013651733868 -8.143784194549056 9.75
      vertex 0.19779013651733834 -8.143784194549056 9.75
    endloop
  endfacet
  facet normal -0.4817536741017152 -0.8763066800438637 0
    outer loop
      vertex -2.4112205774054853 -8.799475664759068 9.75
      vertex -1.916006812042826 -9.07172173609709 9.75
      vertex -1.916006812042826 -9.07172173609709 17.25
    endloop
  endfacet
  facet normal -0.3681245526846769 -0.9297764858882519 0
    outer loop
      vertex -1.916006812042826 -9.07172173609709 9.75
      vertex -1.3905764746872633 -9.279754323328191 9.75
      vertex -1.3905764746872633 -9.279754323328191 17.25
    endloop
  endfacet
  facet normal -0.2486898871648558 -0.9685831611286309 0
    outer loop
      vertex -1.3905764746872633 -9.279754323328191 9.75
      vertex -0.8432159156357617 -9.4202926282791 9.75
      vertex -0.8432159156357617 -9.4202926282791 17.25
    endloop
  endfacet
  facet normal -0.12533323356430498 -0.9921147013144778 0
    outer loop
      vertex -0.8432159156357617 -9.4202926282791 9.75
      vertex -0.28255733788191195 -9.491120277927223 9.75
      vertex -0.28255733788191195 -9.491120277927223 17.25
    endloop
  endfacet
  facet normal -0.770513242775789 -0.63742398974869 0
    outer loop
      vertex -3.2803588233963525 -8.080461976679098 9.75
      vertex -3.2803588233963525 -8.080461976679098 17.25
      vertex -3.6405764746872635 -7.645033635316129 17.25
    endloop
  endfacet
  facet normal -0.8443279255020152 -0.5358267949789965 0
    outer loop
      vertex -3.6405764746872635 -7.645033635316129 9.75
      vertex -3.6405764746872635 -7.645033635316129 17.25
      vertex -3.9433800601973856 -7.16789153345772 17.25
    endloop
  endfacet
  facet normal -0.5877852522924741 -0.8090169943749467 0
    outer loop
      vertex -2.868407953869103 -8.467309592491052 9.75
      vertex -2.4112205774054853 -8.799475664759068 17.25
      vertex -2.868407953869103 -8.467309592491052 17.25
    endloop
  endfacet
  facet normal -0.6845471059286888 -0.7289686274214113 0
    outer loop
      vertex -3.2803588233963525 -8.080461976679098 9.75
      vertex -2.868407953869103 -8.467309592491052 17.25
      vertex -3.2803588233963525 -8.080461976679098 17.25
    endloop
  endfacet
  facet normal 0 0 1
    outer loop
      vertex -2.868407953869103 -8.467309592491052 17.25
      vertex -2.4112205774054853 -8.799475664759068 17.25
      vertex -2.615174535047304 -5.671462695345108 17.25
    endloop
  endfacet
  facet normal -0.9048270524660195 -0.42577929156507266 0
    outer loop
      vertex -3.9433800601973856 -7.16789153345772 9.75
      vertex -3.9433800601973856 -7.16789153345772 17.25
      vertex -4.183994186497132 -6.65656048708105 17.25
    endloop
  endfacet
  facet normal -0.9510565162951535 -0.3090169943749473 0
    outer loop
      vertex -4.183994186497132 -6.65656048708105 9.75
      vertex -4.183994186497132 -6.65656048708105 17.25
      vertex -4.35862422507884 -6.119104492241847 17.25
    endloop
  endfacet
  facet normal -0.9822872507286886 -0.1873813145857251 0
    outer loop
      vertex -4.35862422507884 -6.119104492241847 9.75
      vertex -4.35862422507884 -6.119104492241847 17.25
      vertex -4.464516155915151 -5.563999551039368 17.25
    endloop
  endfacet
  facet normal -0.9980267284282716 -0.06279051952931267 0
    outer loop
      vertex -4.464516155915151 -5.563999551039368 9.75
      vertex -4.464516155915151 -5.563999551039368 17.25
      vertex -4.5 -5 17.25
    endloop
  endfacet
  facet normal 0 0 1
    outer loop
      vertex -3.9433800601973856 -7.16789153345772 17.25
      vertex -4.183994186497132 -3.3434395129189496 17.25
      vertex -4.183994186497132 -6.65656048708105 17.25
    endloop
  endfacet
  facet normal 0 0 1
    outer loop
      vertex -4.35862422507884 -6.119104492241847 17.25
      vertex -4.464516155915151 -4.436000448960632 17.25
      vertex -4.464516155915151 -5.563999551039368 17.25
    endloop
  endfacet
  facet normal 0 0 1
    outer loop
      vertex -4.183994186497132 -6.65656048708105 17.25
      vertex -4.35862422507884 -3.880895507758153 17.25
      vertex -4.35862422507884 -6.119104492241847 17.25
    endloop
  endfacet
  facet normal 0 0 1
    outer loop
      vertex -3.6405764746872635 -7.645033635316129 17.25
      vertex -3.9433800601973856 -2.8321084665422807 17.25
      vertex -3.9433800601973856 -7.16789153345772 17.25
    endloop
  endfacet
  facet normal 0 0 1
    outer loop
      vertex -3.6405764746872635 -7.645033635316129 17.25
      vertex -3.2803588233963525 -8.080461976679098 17.25
      vertex -3.6405764746872635 -2.3549663646838708 17.25
    endloop
  endfacet
  facet normal 0 0 1
    outer loop
      vertex -2.868407953869103 -8.467309592491052 17.25
      vertex -3.2803588233963525 -1.9195380233209018 17.25
      vertex -3.2803588233963525 -8.080461976679098 17.25
    endloop
  endfacet
  facet normal 0 0 1
    outer loop
      vertex -2.4112205774054853 -8.799475664759068 17.25
      vertex -2.3660280361184314 -6.300734920074632 17.25
      vertex -2.510396511898279 -5.99393629224863 17.25
    endloop
  endfacet
  facet normal 0 0 1
    outer loop
      vertex -2.4112205774054853 -8.799475664759068 17.25
      vertex -2.1843458848123585 -6.587020181189677 17.25
      vertex -2.3660280361184314 -6.300734920074632 17.25
    endloop
  endfacet
  facet normal 0 0 1
    outer loop
      vertex -2.4112205774054853 -8.799475664759068 17.25
      vertex -2.510396511898279 -5.99393629224863 17.25
      vertex -2.615174535047304 -5.671462695345108 17.25
    endloop
  endfacet
  facet normal 0 0 1
    outer loop
      vertex -2.868407953869103 -8.467309592491052 17.25
      vertex -2.615174535047304 -5.671462695345108 17.25
      vertex -2.6787096935490906 -5.338399730623621 17.25
    endloop
  endfacet
  facet normal 0 0 1
    outer loop
      vertex -2.868407953869103 -8.467309592491052 17.25
      vertex -2.6787096935490906 -5.338399730623621 17.25
      vertex -2.7 -5 17.25
    endloop
  endfacet
  facet normal -0.3681245526846769 -0.9297764858882519 0
    outer loop
      vertex -1.916006812042826 -9.07172173609709 9.75
      vertex -1.3905764746872633 -9.279754323328191 17.25
      vertex -1.916006812042826 -9.07172173609709 17.25
    endloop
  endfacet
  facet normal -0.4817536741017152 -0.8763066800438637 0
    outer loop
      vertex -2.4112205774054853 -8.799475664759068 9.75
      vertex -1.916006812042826 -9.07172173609709 17.25
      vertex -2.4112205774054853 -8.799475664759068 17.25
    endloop
  endfacet
  facet normal -0.2486898871648558 -0.9685831611286309 0
    outer loop
      vertex -1.3905764746872633 -9.279754323328191 9.75
      vertex -0.8432159156357617 -9.4202926282791 17.25
      vertex -1.3905764746872633 -9.279754323328191 17.25
    endloop
  endfacet
  facet normal -0.12533323356430498 -0.9921147013144778 0
    outer loop
      vertex -0.8432159156357617 -9.4202926282791 9.75
      vertex -0.28255733788191195 -9.491120277927223 17.25
      vertex -0.8432159156357617 -9.4202926282791 17.25
    endloop
  endfacet
  facet normal 0 -1 0
    outer loop
      vertex -0.28255733788191195 -9.491120277927223 9.75
      vertex 0.28255733788191195 -9.491120277927223 17.25
      vertex -0.28255733788191195 -9.491120277927223 17.25
    endloop
  endfacet
  facet normal 0 0 1
    outer loop
      vertex -1.916006812042826 -9.07172173609709 17.25
      vertex -1.3905764746872633 -9.279754323328191 17.25
      vertex -1.7210447723214621 -7.080385755494632 17.25
    endloop
  endfacet
  facet normal 0 0 1
    outer loop
      vertex -1.3905764746872633 -9.279754323328191 17.25
      vertex -0.8432159156357617 -9.4202926282791 17.25
      vertex -1.1496040872256956 -7.4430330416582535 17.25
    endloop
  endfacet
  facet normal 0 0 1
    outer loop
      vertex -2.4112205774054853 -8.799475664759068 17.25
      vertex -1.916006812042826 -9.07172173609709 17.25
      vertex -2.1843458848123585 -6.587020181189677 17.25
    endloop
  endfacet
  facet normal 0 0 1
    outer loop
      vertex -1.916006812042826 -9.07172173609709 17.25
      vertex -1.9682152940378117 -6.84827718600746 17.25
      vertex -2.1843458848123585 -6.587020181189677 17.25
    endloop
  endfacet
  facet normal 0 0 1
    outer loop
      vertex -1.916006812042826 -9.07172173609709 17.25
      vertex -1.7210447723214621 -7.080385755494632 17.25
      vertex -1.9682152940378117 -6.84827718600746 17.25
    endloop
  endfacet
  facet normal 0 0 1
    outer loop
      vertex -1.3905764746872633 -9.279754323328191 17.25
      vertex -1.4467323464432913 -7.27968539885544 17.25
      vertex -1.7210447723214621 -7.080385755494632 17.25
    endloop
  endfacet
  facet normal 0 0 1
    outer loop
      vertex -1.3905764746872633 -9.279754323328191 17.25
      vertex -1.1496040872256956 -7.4430330416582535 17.25
      vertex -1.4467323464432913 -7.27968539885544 17.25
    endloop
  endfacet
  facet normal 0 0 1
    outer loop
      vertex -0.8432159156357617 -9.4202926282791 17.25
      vertex -0.28255733788191195 -9.491120277927223 17.25
      vertex -0.5059295493814571 -7.652175576967459 17.25
    endloop
  endfacet
  facet normal 0 0 1
    outer loop
      vertex -0.28255733788191195 -9.491120277927223 17.25
      vertex 0.28255733788191195 -9.491120277927223 17.25
      vertex -0.16953440272914716 -7.694672166756334 17.25
    endloop
  endfacet
  facet normal 0 0 1
    outer loop
      vertex -0.8432159156357617 -9.4202926282791 17.25
      vertex -0.834345884812358 -7.567852593996914 17.25
      vertex -1.1496040872256956 -7.4430330416582535 17.25
    endloop
  endfacet
  facet normal 0 0 1
    outer loop
      vertex -0.8432159156357617 -9.4202926282791 17.25
      vertex -0.5059295493814571 -7.652175576967459 17.25
      vertex -0.834345884812358 -7.567852593996914 17.25
    endloop
  endfacet
  facet normal 0 0 1
    outer loop
      vertex -0.28255733788191195 -9.491120277927223 17.25
      vertex -0.16953440272914716 -7.694672166756334 17.25
      vertex -0.5059295493814571 -7.652175576967459 17.25
    endloop
  endfacet
  facet normal 0 0 -1
    outer loop
      vertex -4.464516155915151 -5.563999551039368 9.75
      vertex -4.5 -5 9.75
      vertex -4.464516155915151 -4.436000448960632 9.75
    endloop
  endfacet
  facet normal 0 0 -1
    outer loop
      vertex -4.464516155915151 -5.563999551039368 9.75
      vertex -4.464516155915151 -4.436000448960632 9.75
      vertex -4.35862422507884 -3.880895507758153 9.75
    endloop
  endfacet
  facet normal 0 0 -1
    outer loop
      vertex -4.35862422507884 -6.119104492241847 9.75
      vertex -4.35862422507884 -3.880895507758153 9.75
      vertex -4.183994186497132 -3.3434395129189496 9.75
    endloop
  endfacet
  facet normal 0 0 -1
    outer loop
      vertex -4.183994186497132 -6.65656048708105 9.75
      vertex -4.183994186497132 -3.3434395129189496 9.75
      vertex -3.9433800601973856 -2.8321084665422807 9.75
    endloop
  endfacet
  facet normal 0 0 -1
    outer loop
      vertex -3.9433800601973856 -7.16789153345772 9.75
      vertex -3.9433800601973856 -2.8321084665422807 9.75
      vertex -3.6405764746872635 -2.3549663646838708 9.75
    endloop
  endfacet
  facet normal 0 0 -1
    outer loop
      vertex -3.6405764746872635 -7.645033635316129 9.75
      vertex -3.6405764746872635 -2.3549663646838708 9.75
      vertex -3.2803588233963525 -1.9195380233209018 9.75
    endloop
  endfacet
  facet normal 0 0 -1
    outer loop
      vertex -3.2803588233963525 -8.080461976679098 9.75
      vertex -3.2803588233963525 -1.9195380233209018 9.75
      vertex -3.15 -5 9.75
    endloop
  endfacet
  facet normal 0 0 -1
    outer loop
      vertex -3.15 -5 9.75
      vertex -3.2803588233963525 -1.9195380233209018 9.75
      vertex -3.1251613091406054 -4.605200314272442 9.75
    endloop
  endfacet
  facet normal 0 0 -1
    outer loop
      vertex -3.1251613091406054 -4.605200314272442 9.75
      vertex -3.2803588233963525 -1.9195380233209018 9.75
      vertex -3.051036957555188 -4.216626855430707 9.75
    endloop
  endfacet
  facet normal 0 0 -1
    outer loop
      vertex -3.051036957555188 -4.216626855430707 9.75
      vertex -3.2803588233963525 -1.9195380233209018 9.75
      vertex -2.928795930547992 -3.8404076590432648 9.75
    endloop
  endfacet
  facet normal 0 0 -1
    outer loop
      vertex -2.928795930547992 -3.8404076590432648 9.75
      vertex -2.868407953869103 -1.532690407508948 9.75
      vertex -2.7603660421381697 -3.4824759265795966 9.75
    endloop
  endfacet
  facet normal -0.9980267284282716 0.06279051952931267 0
    outer loop
      vertex -4.5 -5 9.75
      vertex -4.464516155915151 -4.436000448960632 17.25
      vertex -4.464516155915151 -4.436000448960632 9.75
    endloop
  endfacet
  facet normal -0.9822872507286886 0.18738131458572527 0
    outer loop
      vertex -4.464516155915151 -4.436000448960632 9.75
      vertex -4.35862422507884 -3.880895507758153 17.25
      vertex -4.35862422507884 -3.880895507758153 9.75
    endloop
  endfacet
  facet normal -0.9510565162951536 0.3090169943749468 0
    outer loop
      vertex -4.35862422507884 -3.880895507758153 9.75
      vertex -4.183994186497132 -3.3434395129189496 17.25
      vertex -4.183994186497132 -3.3434395129189496 9.75
    endloop
  endfacet
  facet normal -0.9048270524660191 0.42577929156507327 0
    outer loop
      vertex -4.183994186497132 -3.3434395129189496 9.75
      vertex -3.9433800601973856 -2.8321084665422807 17.25
      vertex -3.9433800601973856 -2.8321084665422807 9.75
    endloop
  endfacet
  facet normal 0 0 -1
    outer loop
      vertex -2.928795930547992 -3.8404076590432648 9.75
      vertex -3.2803588233963525 -1.9195380233209018 9.75
      vertex -2.868407953869103 -1.532690407508948 9.75
    endloop
  endfacet
  facet normal 0 0 -1
    outer loop
      vertex -2.7603660421381697 -3.4824759265795966 9.75
      vertex -2.868407953869103 -1.532690407508948 9.75
      vertex -2.5484035322810845 -3.1484764552787095 9.75
    endloop
  endfacet
  facet normal 0 0 -1
    outer loop
      vertex -2.5484035322810845 -3.1484764552787095 9.75
      vertex -2.868407953869103 -1.532690407508948 9.75
      vertex -2.2962511763774467 -2.843676616324631 9.75
    endloop
  endfacet
  facet normal 0 0 -1
    outer loop
      vertex -2.2962511763774467 -2.843676616324631 9.75
      vertex -2.868407953869103 -1.532690407508948 9.75
      vertex -2.4112205774054853 -1.2005243352409325 9.75
    endloop
  endfacet
  facet normal -0.8443279255020154 0.5358267949789962 0
    outer loop
      vertex -3.9433800601973856 -2.8321084665422807 9.75
      vertex -3.6405764746872635 -2.3549663646838708 17.25
      vertex -3.6405764746872635 -2.3549663646838708 9.75
    endloop
  endfacet
  facet normal -0.770513242775789 0.63742398974869 0
    outer loop
      vertex -3.6405764746872635 -2.3549663646838708 9.75
      vertex -3.2803588233963525 -1.9195380233209018 17.25
      vertex -3.2803588233963525 -1.9195380233209018 9.75
    endloop
  endfacet
  facet normal -0.6845471059286888 0.7289686274214113 0
    outer loop
      vertex -3.2803588233963525 -1.9195380233209018 9.75
      vertex -3.2803588233963525 -1.9195380233209018 17.25
      vertex -2.868407953869103 -1.532690407508948 9.75
    endloop
  endfacet
  facet normal -0.5877852522924732 0.8090169943749476 0
    outer loop
      vertex -2.868407953869103 -1.532690407508948 9.75
      vertex -2.868407953869103 -1.532690407508948 17.25
      vertex -2.4112205774054853 -1.2005243352409325 9.75
    endloop
  endfacet
  facet normal 0 0 -1
    outer loop
      vertex -2.2962511763774467 -2.843676616324631 9.75
      vertex -2.4112205774054853 -1.2005243352409325 9.75
      vertex -2.0078855677083722 -2.5728832852562635 9.75
    endloop
  endfacet
  facet normal 0 0 -1
    outer loop
      vertex -2.0078855677083722 -2.5728832852562635 9.75
      vertex -1.9160068120428273 -0.9282782639029126 9.75
      vertex -1.6878544041838397 -2.340367034668653 9.75
    endloop
  endfacet
  facet normal 0 0 -1
    outer loop
      vertex -1.6878544041838397 -2.340367034668653 9.75
      vertex -1.9160068120428273 -0.9282782639029126 9.75
      vertex -1.341204768429979 -2.149794784732039 9.75
    endloop
  endfacet
  facet normal 0 0 -1
    outer loop
      vertex -2.4112205774054853 -1.2005243352409325 9.75
      vertex -1.9160068120428273 -0.9282782639029126 9.75
      vertex -2.0078855677083722 -2.5728832852562635 9.75
    endloop
  endfacet
  facet normal 0 0 -1
    outer loop
      vertex -1.341204768429979 -2.149794784732039 9.75
      vertex -1.9160068120428273 -0.9282782639029126 9.75
      vertex -1.3905764746872633 -0.7202456766718095 9.75
    endloop
  endfacet
  facet normal 0 0 -1
    outer loop
      vertex -1.341204768429979 -2.149794784732039 9.75
      vertex -1.3905764746872633 -0.7202456766718095 9.75
      vertex -0.9734035322810842 -2.0041719736702666 9.75
    endloop
  endfacet
  facet normal 0 0 -1
    outer loop
      vertex -1.3905764746872633 -0.7202456766718095 9.75
      vertex -0.5902511409450324 -1.9057951602046308 9.75
      vertex -0.9734035322810842 -2.0041719736702666 9.75
    endloop
  endfacet
  facet normal 0 0 -1
    outer loop
      vertex -1.3905764746872633 -0.7202456766718095 9.75
      vertex -0.8432159156357606 -0.5797073717209011 9.75
      vertex -0.5902511409450324 -1.9057951602046308 9.75
    endloop
  endfacet
  facet normal 0 0 -1
    outer loop
      vertex -0.5902511409450324 -1.9057951602046308 9.75
      vertex -0.8432159156357606 -0.5797073717209011 9.75
      vertex -0.19779013651733682 -1.8562158054509448 9.75
    endloop
  endfacet
  facet normal 0 0 -1
    outer loop
      vertex -0.19779013651733682 -1.8562158054509448 9.75
      vertex -0.28255733788190973 -0.5088797220727779 9.75
      vertex 0.19779013651733682 -1.8562158054509448 9.75
    endloop
  endfacet
  facet normal 0 0 -1
    outer loop
      vertex -0.19779013651733682 -1.8562158054509448 9.75
      vertex -0.8432159156357606 -0.5797073717209011 9.75
      vertex -0.28255733788190973 -0.5088797220727779 9.75
    endloop
  endfacet
  facet normal -0.481753674101715 0.8763066800438637 0
    outer loop
      vertex -2.4112205774054853 -1.2005243352409325 9.75
      vertex -2.4112205774054853 -1.2005243352409325 17.25
      vertex -1.9160068120428273 -0.9282782639029126 9.75
    endloop
  endfacet
  facet normal -0.3681245526846775 0.9297764858882517 0
    outer loop
      vertex -1.9160068120428273 -0.9282782639029126 9.75
      vertex -1.9160068120428273 -0.9282782639029126 17.25
      vertex -1.3905764746872633 -0.7202456766718095 9.75
    endloop
  endfacet
  facet normal -0.24868988716485532 0.9685831611286309 0
    outer loop
      vertex -1.3905764746872633 -0.7202456766718095 9.75
      vertex -1.3905764746872633 -0.7202456766718095 17.25
      vertex -0.8432159156357606 -0.5797073717209011 9.75
    endloop
  endfacet
  facet normal -0.12533323356430473 0.9921147013144779 0
    outer loop
      vertex -0.8432159156357606 -0.5797073717209011 9.75
      vertex -0.8432159156357606 -0.5797073717209011 17.25
      vertex -0.28255733788190973 -0.5088797220727779 9.75
    endloop
  endfacet
  facet normal 0 1 0
    outer loop
      vertex -0.28255733788190973 -0.5088797220727779 9.75
      vertex -0.28255733788190973 -0.5088797220727779 17.25
      vertex 0.28255733788190973 -0.5088797220727779 9.75
    endloop
  endfacet
  facet normal -0.9980267284282716 0.06279051952931267 0
    outer loop
      vertex -4.5 -5 9.75
      vertex -4.5 -5 17.25
      vertex -4.464516155915151 -4.436000448960632 17.25
    endloop
  endfacet
  facet normal -0.9822872507286886 0.18738131458572527 0
    outer loop
      vertex -4.464516155915151 -4.436000448960632 9.75
      vertex -4.464516155915151 -4.436000448960632 17.25
      vertex -4.35862422507884 -3.880895507758153 17.25
    endloop
  endfacet
  facet normal -0.9510565162951536 0.3090169943749468 0
    outer loop
      vertex -4.35862422507884 -3.880895507758153 9.75
      vertex -4.35862422507884 -3.880895507758153 17.25
      vertex -4.183994186497132 -3.3434395129189496 17.25
    endloop
  endfacet
  facet normal -0.9048270524660191 0.42577929156507327 0
    outer loop
      vertex -4.183994186497132 -3.3434395129189496 9.75
      vertex -4.183994186497132 -3.3434395129189496 17.25
      vertex -3.9433800601973856 -2.8321084665422807 17.25
    endloop
  endfacet
  facet normal 0 0 1
    outer loop
      vertex -4.464516155915151 -5.563999551039368 17.25
      vertex -4.464516155915151 -4.436000448960632 17.25
      vertex -4.5 -5 17.25
    endloop
  endfacet
  facet normal 0 0 1
    outer loop
      vertex -4.35862422507884 -6.119104492241847 17.25
      vertex -4.35862422507884 -3.880895507758153 17.25
      vertex -4.464516155915151 -4.436000448960632 17.25
    endloop
  endfacet
  facet normal 0 0 1
    outer loop
      vertex -4.183994186497132 -6.65656048708105 17.25
      vertex -4.183994186497132 -3.3434395129189496 17.25
      vertex -4.35862422507884 -3.880895507758153 17.25
    endloop
  endfacet
  facet normal 0 0 1
    outer loop
      vertex -3.9433800601973856 -7.16789153345772 17.25
      vertex -3.9433800601973856 -2.8321084665422807 17.25
      vertex -4.183994186497132 -3.3434395129189496 17.25
    endloop
  endfacet
  facet normal 0 0 1
    outer loop
      vertex -3.6405764746872635 -7.645033635316129 17.25
      vertex -3.6405764746872635 -2.3549663646838708 17.25
      vertex -3.9433800601973856 -2.8321084665422807 17.25
    endloop
  endfacet
  facet normal 0 0 1
    outer loop
      vertex -3.2803588233963525 -8.080461976679098 17.25
      vertex -3.2803588233963525 -1.9195380233209018 17.25
      vertex -3.6405764746872635 -2.3549663646838708 17.25
    endloop
  endfacet
  facet normal 0 0 1
    outer loop
      vertex -2.868407953869103 -8.467309592491052 17.25
      vertex -2.868407953869103 -1.532690407508948 17.25
      vertex -3.2803588233963525 -1.9195380233209018 17.25
    endloop
  endfacet
  facet normal 0 0 1
    outer loop
      vertex -2.868407953869103 -8.467309592491052 17.25
      vertex -2.7 -5 17.25
      vertex -2.868407953869103 -1.532690407508948 17.25
    endloop
  endfacet
  facet normal 0 0 1
    outer loop
      vertex -2.868407953869103 -1.532690407508948 17.25
      vertex -2.7 -5 17.25
      vertex -2.6787096935490906 -4.661600269376379 17.25
    endloop
  endfacet
  facet normal 0 0 1
    outer loop
      vertex -2.868407953869103 -1.532690407508948 17.25
      vertex -2.6787096935490906 -4.661600269376379 17.25
      vertex -2.615174535047304 -4.328537304654892 17.25
    endloop
  endfacet
  facet normal 0 0 1
    outer loop
      vertex -2.868407953869103 -1.532690407508948 17.25
      vertex -2.615174535047304 -4.328537304654892 17.25
      vertex -2.510396511898279 -4.00606370775137 17.25
    endloop
  endfacet
  facet normal 0 0 1
    outer loop
      vertex -2.868407953869103 -1.532690407508948 17.25
      vertex -2.510396511898279 -4.00606370775137 17.25
      vertex -2.3660280361184314 -3.699265079925368 17.25
    endloop
  endfacet
  facet normal 0 0 1
    outer loop
      vertex -2.4112205774054853 -1.2005243352409325 17.25
      vertex -2.3660280361184314 -3.699265079925368 17.25
      vertex -2.1843458848123585 -3.4129798188103226 17.25
    endloop
  endfacet
  facet normal -0.8443279255020154 0.5358267949789962 0
    outer loop
      vertex -3.9433800601973856 -2.8321084665422807 9.75
      vertex -3.9433800601973856 -2.8321084665422807 17.25
      vertex -3.6405764746872635 -2.3549663646838708 17.25
    endloop
  endfacet
  facet normal -0.770513242775789 0.63742398974869 0
    outer loop
      vertex -3.6405764746872635 -2.3549663646838708 9.75
      vertex -3.6405764746872635 -2.3549663646838708 17.25
      vertex -3.2803588233963525 -1.9195380233209018 17.25
    endloop
  endfacet
  facet normal -0.6845471059286888 0.7289686274214113 0
    outer loop
      vertex -2.868407953869103 -1.532690407508948 9.75
      vertex -3.2803588233963525 -1.9195380233209018 17.25
      vertex -2.868407953869103 -1.532690407508948 17.25
    endloop
  endfacet
  facet normal -0.5877852522924732 0.8090169943749476 0
    outer loop
      vertex -2.4112205774054853 -1.2005243352409325 9.75
      vertex -2.868407953869103 -1.532690407508948 17.25
      vertex -2.4112205774054853 -1.2005243352409325 17.25
    endloop
  endfacet
  facet normal 0 0 1
    outer loop
      vertex -2.868407953869103 -1.532690407508948 17.25
      vertex -2.3660280361184314 -3.699265079925368 17.25
      vertex -2.4112205774054853 -1.2005243352409325 17.25
    endloop
  endfacet
  facet normal -0.481753674101715 0.8763066800438637 0
    outer loop
      vertex -1.9160068120428273 -0.9282782639029126 9.75
      vertex -2.4112205774054853 -1.2005243352409325 17.25
      vertex -1.9160068120428273 -0.9282782639029126 17.25
    endloop
  endfacet
  facet normal -0.3681245526846775 0.9297764858882517 0
    outer loop
      vertex -1.3905764746872633 -0.7202456766718095 9.75
      vertex -1.9160068120428273 -0.9282782639029126 17.25
      vertex -1.3905764746872633 -0.7202456766718095 17.25
    endloop
  endfacet
  facet normal -0.24868988716485532 0.9685831611286309 0
    outer loop
      vertex -0.8432159156357606 -0.5797073717209011 9.75
      vertex -1.3905764746872633 -0.7202456766718095 17.25
      vertex -0.8432159156357606 -0.5797073717209011 17.25
    endloop
  endfacet
  facet normal -0.12533323356430473 0.9921147013144779 0
    outer loop
      vertex -0.28255733788190973 -0.5088797220727779 9.75
      vertex -0.8432159156357606 -0.5797073717209011 17.25
      vertex -0.28255733788190973 -0.5088797220727779 17.25
    endloop
  endfacet
  facet normal 0 0 1
    outer loop
      vertex -2.4112205774054853 -1.2005243352409325 17.25
      vertex -2.1843458848123585 -3.4129798188103226 17.25
      vertex -1.9682152940378117 -3.151722813992541 17.25
    endloop
  endfacet
  facet normal 0 0 1
    outer loop
      vertex -2.4112205774054853 -1.2005243352409325 17.25
      vertex -1.9682152940378117 -3.151722813992541 17.25
      vertex -1.7210447723214621 -2.9196142445053685 17.25
    endloop
  endfacet
  facet normal 0 0 1
    outer loop
      vertex -2.4112205774054853 -1.2005243352409325 17.25
      vertex -1.7210447723214621 -2.9196142445053685 17.25
      vertex -1.9160068120428273 -0.9282782639029126 17.25
    endloop
  endfacet
  facet normal 0 0 1
    outer loop
      vertex -1.9160068120428273 -0.9282782639029126 17.25
      vertex -1.7210447723214621 -2.9196142445053685 17.25
      vertex -1.4467323464432913 -2.7203146011445596 17.25
    endloop
  endfacet
  facet normal 0 0 1
    outer loop
      vertex -1.9160068120428273 -0.9282782639029126 17.25
      vertex -1.4467323464432913 -2.7203146011445596 17.25
      vertex -1.1496040872256956 -2.556966958341747 17.25
    endloop
  endfacet
  facet normal 0 0 1
    outer loop
      vertex -1.9160068120428273 -0.9282782639029126 17.25
      vertex -1.1496040872256956 -2.556966958341747 17.25
      vertex -1.3905764746872633 -0.7202456766718095 17.25
    endloop
  endfacet
  facet normal 0 0 1
    outer loop
      vertex -1.3905764746872633 -0.7202456766718095 17.25
      vertex -1.1496040872256956 -2.556966958341747 17.25
      vertex -0.834345884812358 -2.4321474060030854 17.25
    endloop
  endfacet
  facet normal 0 0 1
    outer loop
      vertex -0.8432159156357606 -0.5797073717209011 17.25
      vertex -0.834345884812358 -2.4321474060030854 17.25
      vertex -0.5059295493814571 -2.3478244230325407 17.25
    endloop
  endfacet
  facet normal 0 0 1
    outer loop
      vertex -0.8432159156357606 -0.5797073717209011 17.25
      vertex -0.5059295493814571 -2.3478244230325407 17.25
      vertex -0.1695344027291454 -2.3053278332436666 17.25
    endloop
  endfacet
  facet normal 0 0 1
    outer loop
      vertex -0.28255733788190973 -0.5088797220727779 17.25
      vertex -0.1695344027291454 -2.3053278332436666 17.25
      vertex 0.16953440272914716 -2.3053278332436666 17.25
    endloop
  endfacet
  facet normal 0 0 1
    outer loop
      vertex -1.3905764746872633 -0.7202456766718095 17.25
      vertex -0.834345884812358 -2.4321474060030854 17.25
      vertex -0.8432159156357606 -0.5797073717209011 17.25
    endloop
  endfacet
  facet normal 0 0 1
    outer loop
      vertex -0.8432159156357606 -0.5797073717209011 17.25
      vertex -0.1695344027291454 -2.3053278332436666 17.25
      vertex -0.28255733788190973 -0.5088797220727779 17.25
    endloop
  endfacet
  facet normal 0 0 -1
    outer loop
      vertex -0.28255733788191195 -9.491120277927223 9.75
      vertex 0.19779013651733834 -8.143784194549056 9.75
      vertex 0.28255733788191195 -9.491120277927223 9.75
    endloop
  endfacet
  facet normal 0 0 -1
    outer loop
      vertex 0.28255733788191195 -9.491120277927223 9.75
      vertex 0.19779013651733834 -8.143784194549056 9.75
      vertex 0.8432159156357617 -9.4202926282791 9.75
    endloop
  endfacet
  facet normal 0 0 -1
    outer loop
      vertex 0.8432159156357617 -9.4202926282791 9.75
      vertex 0.19779013651733834 -8.143784194549056 9.75
      vertex 0.5902511409450332 -8.094204839795369 9.75
    endloop
  endfacet
  facet normal 0 0 -1
    outer loop
      vertex 0.8432159156357617 -9.4202926282791 9.75
      vertex 0.5902511409450332 -8.094204839795369 9.75
      vertex 1.3905764746872633 -9.279754323328191 9.75
    endloop
  endfacet
  facet normal 0 0 -1
    outer loop
      vertex 0.5902511409450332 -8.094204839795369 9.75
      vertex 0.9734035322810842 -7.995828026329733 9.75
      vertex 1.3905764746872633 -9.279754323328191 9.75
    endloop
  endfacet
  facet normal 0 0 -1
    outer loop
      vertex 0.9734035322810842 -7.995828026329733 9.75
      vertex 1.3412047684299782 -7.850205215267962 9.75
      vertex 1.3905764746872633 -9.279754323328191 9.75
    endloop
  endfacet
  facet normal 0 0 -1
    outer loop
      vertex 1.3905764746872633 -9.279754323328191 9.75
      vertex 1.3412047684299782 -7.850205215267962 9.75
      vertex 1.916006812042826 -9.07172173609709 9.75
    endloop
  endfacet
  facet normal 0 0 -1
    outer loop
      vertex 1.916006812042826 -9.07172173609709 9.75
      vertex 2.007885567708373 -7.427116714743736 9.75
      vertex 2.411220577405483 -8.799475664759068 9.75
    endloop
  endfacet
  facet normal 0 0 -1
    outer loop
      vertex 1.916006812042826 -9.07172173609709 9.75
      vertex 1.3412047684299782 -7.850205215267962 9.75
      vertex 1.687854404183838 -7.6596329653313475 9.75
    endloop
  endfacet
  facet normal 0 0 -1
    outer loop
      vertex 1.916006812042826 -9.07172173609709 9.75
      vertex 1.687854404183838 -7.6596329653313475 9.75
      vertex 2.007885567708373 -7.427116714743736 9.75
    endloop
  endfacet
  facet normal 0 0 -1
    outer loop
      vertex 2.007885567708373 -7.427116714743736 9.75
      vertex 2.2962511763774467 -7.156323383675369 9.75
      vertex 2.411220577405483 -8.799475664759068 9.75
    endloop
  endfacet
  facet normal 0 -1 0
    outer loop
      vertex -0.28255733788191195 -9.491120277927223 9.75
      vertex 0.28255733788191195 -9.491120277927223 9.75
      vertex 0.28255733788191195 -9.491120277927223 17.25
    endloop
  endfacet
  facet normal 0.12533323356430498 -0.9921147013144778 0
    outer loop
      vertex 0.28255733788191195 -9.491120277927223 9.75
      vertex 0.8432159156357617 -9.4202926282791 9.75
      vertex 0.8432159156357617 -9.4202926282791 17.25
    endloop
  endfacet
  facet normal 0.2486898871648558 -0.9685831611286309 0
    outer loop
      vertex 0.8432159156357617 -9.4202926282791 9.75
      vertex 1.3905764746872633 -9.279754323328191 9.75
      vertex 1.3905764746872633 -9.279754323328191 17.25
    endloop
  endfacet
  facet normal 0.3681245526846769 -0.9297764858882519 0
    outer loop
      vertex 1.3905764746872633 -9.279754323328191 9.75
      vertex 1.916006812042826 -9.07172173609709 9.75
      vertex 1.916006812042826 -9.07172173609709 17.25
    endloop
  endfacet
  facet normal 0.4817536741017169 -0.8763066800438626 0
    outer loop
      vertex 1.916006812042826 -9.07172173609709 9.75
      vertex 2.411220577405483 -8.799475664759068 9.75
      vertex 2.411220577405483 -8.799475664759068 17.25
    endloop
  endfacet
  facet normal 0 0 -1
    outer loop
      vertex 2.411220577405483 -8.799475664759068 9.75
      vertex 2.2962511763774467 -7.156323383675369 9.75
      vertex 2.868407953869105 -8.46730959249105 9.75
    endloop
  endfacet
  facet normal 0 0 -1
    outer loop
      vertex 2.868407953869105 -8.46730959249105 9.75
      vertex 2.2962511763774467 -7.156323383675369 9.75
      vertex 2.5484035322810845 -6.8515235447212905 9.75
    endloop
  endfacet
  facet normal 0 0 -1
    outer loop
      vertex 2.868407953869105 -8.46730959249105 9.75
      vertex 2.5484035322810845 -6.8515235447212905 9.75
      vertex 2.7603660421381697 -6.517524073420404 9.75
    endloop
  endfacet
  facet normal 0 0 -1
    outer loop
      vertex 2.868407953869105 -8.46730959249105 9.75
      vertex 2.928795930547991 -6.159592340956737 9.75
      vertex 3.2803588233963525 -8.080461976679098 9.75
    endloop
  endfacet
  facet normal 0.5877852522924729 -0.8090169943749476 0
    outer loop
      vertex 2.411220577405483 -8.799475664759068 9.75
      vertex 2.868407953869105 -8.46730959249105 9.75
      vertex 2.868407953869105 -8.46730959249105 17.25
    endloop
  endfacet
  facet normal 0.6845471059286887 -0.7289686274214113 0
    outer loop
      vertex 2.868407953869105 -8.46730959249105 9.75
      vertex 3.2803588233963525 -8.080461976679098 9.75
      vertex 3.2803588233963525 -8.080461976679098 17.25
    endloop
  endfacet
  facet normal 0.770513242775789 -0.63742398974869 0
    outer loop
      vertex 3.2803588233963525 -8.080461976679098 9.75
      vertex 3.6405764746872635 -7.645033635316129 9.75
      vertex 3.2803588233963525 -8.080461976679098 17.25
    endloop
  endfacet
  facet normal 0.8443279255020152 -0.5358267949789965 0
    outer loop
      vertex 3.6405764746872635 -7.645033635316129 9.75
      vertex 3.9433800601973856 -7.16789153345772 9.75
      vertex 3.6405764746872635 -7.645033635316129 17.25
    endloop
  endfacet
  facet normal 0 0 -1
    outer loop
      vertex 2.868407953869105 -8.46730959249105 9.75
      vertex 2.7603660421381697 -6.517524073420404 9.75
      vertex 2.928795930547991 -6.159592340956737 9.75
    endloop
  endfacet
  facet normal 0 0 -1
    outer loop
      vertex 3.2803588233963525 -8.080461976679098 9.75
      vertex 2.928795930547991 -6.159592340956737 9.75
      vertex 3.0510369575551883 -5.783373144569292 9.75
    endloop
  endfacet
  facet normal 0 0 -1
    outer loop
      vertex 3.2803588233963525 -8.080461976679098 9.75
      vertex 3.0510369575551883 -5.783373144569292 9.75
      vertex 3.1251613091406054 -5.394799685727558 9.75
    endloop
  endfacet
  facet normal 0 0 -1
    outer loop
      vertex 3.2803588233963525 -8.080461976679098 9.75
      vertex 3.1251613091406054 -5.394799685727558 9.75
      vertex 3.15 -5 9.75
    endloop
  endfacet
  facet normal 0 0 -1
    outer loop
      vertex 3.2803588233963525 -8.080461976679098 9.75
      vertex 3.6405764746872635 -2.3549663646838708 9.75
      vertex 3.6405764746872635 -7.645033635316129 9.75
    endloop
  endfacet
  facet normal 0 0 -1
    outer loop
      vertex 3.6405764746872635 -7.645033635316129 9.75
      vertex 3.943380060197386 -2.832108466542281 9.75
      vertex 3.9433800601973856 -7.16789153345772 9.75
    endloop
  endfacet
  facet normal 0 0 -1
    outer loop
      vertex 3.9433800601973856 -7.16789153345772 9.75
      vertex 4.183994186497131 -3.343439512918949 9.75
      vertex 4.183994186497131 -6.656560487081053 9.75
    endloop
  endfacet
  facet normal 0 0 -1
    outer loop
      vertex 4.183994186497131 -6.656560487081053 9.75
      vertex 4.35862422507884 -3.8808955077581535 9.75
      vertex 4.358624225078841 -6.119104492241845 9.75
    endloop
  endfacet
  facet normal 0 0 -1
    outer loop
      vertex 4.358624225078841 -6.119104492241845 9.75
      vertex 4.464516155915151 -4.43600044896063 9.75
      vertex 4.464516155915151 -5.563999551039368 9.75
    endloop
  endfacet
  facet normal 0.9048270524660192 -0.4257792915650732 0
    outer loop
      vertex 3.9433800601973856 -7.16789153345772 9.75
      vertex 4.183994186497131 -6.656560487081053 9.75
      vertex 3.9433800601973856 -7.16789153345772 17.25
    endloop
  endfacet
  facet normal 0.9510565162951536 -0.3090169943749474 0
    outer loop
      vertex 4.183994186497131 -6.656560487081053 9.75
      vertex 4.358624225078841 -6.119104492241845 9.75
      vertex 4.183994186497131 -6.656560487081053 17.25
    endloop
  endfacet
  facet normal 0.9822872507286888 -0.18738131458572443 0
    outer loop
      vertex 4.358624225078841 -6.119104492241845 9.75
      vertex 4.464516155915151 -5.563999551039368 9.75
      vertex 4.358624225078841 -6.119104492241845 17.25
    endloop
  endfacet
  facet normal 0.9980267284282716 -0.06279051952931267 0
    outer loop
      vertex 4.464516155915151 -5.563999551039368 9.75
      vertex 4.5 -5 9.75
      vertex 4.464516155915151 -5.563999551039368 17.25
    endloop
  endfacet
  facet normal 0.12533323356430498 -0.9921147013144778 0
    outer loop
      vertex 0.28255733788191195 -9.491120277927223 9.75
      vertex 0.8432159156357617 -9.4202926282791 17.25
      vertex 0.28255733788191195 -9.491120277927223 17.25
    endloop
  endfacet
  facet normal 0.2486898871648558 -0.9685831611286309 0
    outer loop
      vertex 0.8432159156357617 -9.4202926282791 9.75
      vertex 1.3905764746872633 -9.279754323328191 17.25
      vertex 0.8432159156357617 -9.4202926282791 17.25
    endloop
  endfacet
  facet normal 0.3681245526846769 -0.9297764858882519 0
    outer loop
      vertex 1.3905764746872633 -9.279754323328191 9.75
      vertex 1.916006812042826 -9.07172173609709 17.25
      vertex 1.3905764746872633 -9.279754323328191 17.25
    endloop
  endfacet
  facet normal 0.4817536741017169 -0.8763066800438626 0
    outer loop
      vertex 1.916006812042826 -9.07172173609709 9.75
      vertex 2.411220577405483 -8.799475664759068 17.25
      vertex 1.916006812042826 -9.07172173609709 17.25
    endloop
  endfacet
  facet normal 0 0 1
    outer loop
      vertex 0.28255733788191195 -9.491120277927223 17.25
      vertex 0.8432159156357617 -9.4202926282791 17.25
      vertex 0.16953440272914716 -7.694672166756334 17.25
    endloop
  endfacet
  facet normal 0 0 1
    outer loop
      vertex 0.8432159156357617 -9.4202926282791 17.25
      vertex 1.3905764746872633 -9.279754323328191 17.25
      vertex 0.834345884812358 -7.567852593996914 17.25
    endloop
  endfacet
  facet normal 0 0 1
    outer loop
      vertex 0.28255733788191195 -9.491120277927223 17.25
      vertex 0.16953440272914716 -7.694672166756334 17.25
      vertex -0.16953440272914716 -7.694672166756334 17.25
    endloop
  endfacet
  facet normal 0 0 1
    outer loop
      vertex 0.8432159156357617 -9.4202926282791 17.25
      vertex 0.5059295493814571 -7.652175576967459 17.25
      vertex 0.16953440272914716 -7.694672166756334 17.25
    endloop
  endfacet
  facet normal 0 0 1
    outer loop
      vertex 0.8432159156357617 -9.4202926282791 17.25
      vertex 0.834345884812358 -7.567852593996914 17.25
      vertex 0.5059295493814571 -7.652175576967459 17.25
    endloop
  endfacet
  facet normal 0 0 1
    outer loop
      vertex 1.3905764746872633 -9.279754323328191 17.25
      vertex 1.1496040872256956 -7.4430330416582535 17.25
      vertex 0.834345884812358 -7.567852593996914 17.25
    endloop
  endfacet
  facet normal 0 0 1
    outer loop
      vertex 1.3905764746872633 -9.279754323328191 17.25
      vertex 1.916006812042826 -9.07172173609709 17.25
      vertex 1.1496040872256956 -7.4430330416582535 17.25
    endloop
  endfacet
  facet normal 0 0 1
    outer loop
      vertex 1.916006812042826 -9.07172173609709 17.25
      vertex 1.44673234644329 -7.279685398855442 17.25
      vertex 1.1496040872256956 -7.4430330416582535 17.25
    endloop
  endfacet
  facet normal 0 0 1
    outer loop
      vertex 1.916006812042826 -9.07172173609709 17.25
      vertex 1.721044772321463 -7.08038575549463 17.25
      vertex 1.44673234644329 -7.279685398855442 17.25
    endloop
  endfacet
  facet normal 0 0 1
    outer loop
      vertex 1.916006812042826 -9.07172173609709 17.25
      vertex 2.411220577405483 -8.799475664759068 17.25
      vertex 1.721044772321463 -7.08038575549463 17.25
    endloop
  endfacet
  facet normal 0 0 1
    outer loop
      vertex 2.411220577405483 -8.799475664759068 17.25
      vertex 1.9682152940378117 -6.84827718600746 17.25
      vertex 1.721044772321463 -7.08038575549463 17.25
    endloop
  endfacet
  facet normal 0 0 1
    outer loop
      vertex 2.411220577405483 -8.799475664759068 17.25
      vertex 2.1843458848123585 -6.587020181189677 17.25
      vertex 1.9682152940378117 -6.84827718600746 17.25
    endloop
  endfacet
  facet normal 0.5877852522924729 -0.8090169943749476 0
    outer loop
      vertex 2.411220577405483 -8.799475664759068 9.75
      vertex 2.868407953869105 -8.46730959249105 17.25
      vertex 2.411220577405483 -8.799475664759068 17.25
    endloop
  endfacet
  facet normal 0.6845471059286887 -0.7289686274214113 0
    outer loop
      vertex 2.868407953869105 -8.46730959249105 9.75
      vertex 3.2803588233963525 -8.080461976679098 17.25
      vertex 2.868407953869105 -8.46730959249105 17.25
    endloop
  endfacet
  facet normal 0.770513242775789 -0.63742398974869 0
    outer loop
      vertex 3.6405764746872635 -7.645033635316129 9.75
      vertex 3.6405764746872635 -7.645033635316129 17.25
      vertex 3.2803588233963525 -8.080461976679098 17.25
    endloop
  endfacet
  facet normal 0.8443279255020152 -0.5358267949789965 0
    outer loop
      vertex 3.9433800601973856 -7.16789153345772 9.75
      vertex 3.9433800601973856 -7.16789153345772 17.25
      vertex 3.6405764746872635 -7.645033635316129 17.25
    endloop
  endfacet
  facet normal 0 0 1
    outer loop
      vertex 2.411220577405483 -8.799475664759068 17.25
      vertex 2.868407953869105 -8.46730959249105 17.25
      vertex 2.3660280361184314 -6.300734920074632 17.25
    endloop
  endfacet
  facet normal 0.9048270524660192 -0.4257792915650732 0
    outer loop
      vertex 4.183994186497131 -6.656560487081053 9.75
      vertex 4.183994186497131 -6.656560487081053 17.25
      vertex 3.9433800601973856 -7.16789153345772 17.25
    endloop
  endfacet
  facet normal 0.9510565162951536 -0.3090169943749474 0
    outer loop
      vertex 4.358624225078841 -6.119104492241845 9.75
      vertex 4.358624225078841 -6.119104492241845 17.25
      vertex 4.183994186497131 -6.656560487081053 17.25
    endloop
  endfacet
  facet normal 0.9822872507286888 -0.18738131458572443 0
    outer loop
      vertex 4.464516155915151 -5.563999551039368 9.75
      vertex 4.464516155915151 -5.563999551039368 17.25
      vertex 4.358624225078841 -6.119104492241845 17.25
    endloop
  endfacet
  facet normal 0.9980267284282716 -0.06279051952931267 0
    outer loop
      vertex 4.464516155915151 -5.563999551039368 17.25
      vertex 4.5 -5 9.75
      vertex 4.5 -5 17.25
    endloop
  endfacet
  facet normal 0 0 1
    outer loop
      vertex 2.411220577405483 -8.799475664759068 17.25
      vertex 2.3660280361184314 -6.300734920074632 17.25
      vertex 2.1843458848123585 -6.587020181189677 17.25
    endloop
  endfacet
  facet normal 0 0 1
    outer loop
      vertex 2.868407953869105 -8.46730959249105 17.25
      vertex 2.5103965118982785 -5.993936292248632 17.25
      vertex 2.3660280361184314 -6.300734920074632 17.25
    endloop
  endfacet
  facet normal 0 0 1
    outer loop
      vertex 2.868407953869105 -8.46730959249105 17.25
      vertex 2.6151745350473043 -5.671462695345107 17.25
      vertex 2.5103965118982785 -5.993936292248632 17.25
    endloop
  endfacet
  facet normal 0 0 1
    outer loop
      vertex 2.868407953869105 -8.46730959249105 17.25
      vertex 2.6787096935490906 -5.338399730623621 17.25
      vertex 2.6151745350473043 -5.671462695345107 17.25
    endloop
  endfacet
  facet normal 0 0 1
    outer loop
      vertex 2.868407953869105 -8.46730959249105 17.25
      vertex 2.7 -5 17.25
      vertex 2.6787096935490906 -5.338399730623621 17.25
    endloop
  endfacet
  facet normal 0 0 1
    outer loop
      vertex 2.868407953869105 -8.46730959249105 17.25
      vertex 3.2803588233963525 -8.080461976679098 17.25
      vertex 2.868407953869104 -1.532690407508949 17.25
    endloop
  endfacet
  facet normal 0 0 1
    outer loop
      vertex 3.2803588233963525 -8.080461976679098 17.25
      vertex 3.6405764746872635 -7.645033635316129 17.25
      vertex 3.280358823396352 -1.919538023320901 17.25
    endloop
  endfacet
  facet normal 0 0 1
    outer loop
      vertex 3.6405764746872635 -7.645033635316129 17.25
      vertex 3.9433800601973856 -7.16789153345772 17.25
      vertex 3.6405764746872635 -2.3549663646838708 17.25
    endloop
  endfacet
  facet normal 0 0 1
    outer loop
      vertex 3.9433800601973856 -7.16789153345772 17.25
      vertex 4.183994186497131 -6.656560487081053 17.25
      vertex 3.943380060197386 -2.832108466542281 17.25
    endloop
  endfacet
  facet normal 0 0 1
    outer loop
      vertex 4.183994186497131 -6.656560487081053 17.25
      vertex 4.358624225078841 -6.119104492241845 17.25
      vertex 4.183994186497131 -3.343439512918949 17.25
    endloop
  endfacet
  facet normal 0 0 1
    outer loop
      vertex 4.358624225078841 -6.119104492241845 17.25
      vertex 4.464516155915151 -5.563999551039368 17.25
      vertex 4.35862422507884 -3.8808955077581535 17.25
    endloop
  endfacet
  facet normal 0 0 -1
    outer loop
      vertex 0.19779013651733682 -1.8562158054509448 9.75
      vertex 0.28255733788190973 -0.5088797220727779 9.75
      vertex 0.5902511409450324 -1.9057951602046308 9.75
    endloop
  endfacet
  facet normal 0 0 -1
    outer loop
      vertex -0.28255733788190973 -0.5088797220727779 9.75
      vertex 0.28255733788190973 -0.5088797220727779 9.75
      vertex 0.19779013651733682 -1.8562158054509448 9.75
    endloop
  endfacet
  facet normal 0 0 -1
    outer loop
      vertex 0.5902511409450324 -1.9057951602046308 9.75
      vertex 0.8432159156357606 -0.5797073717209011 9.75
      vertex 0.9734035322810842 -2.0041719736702666 9.75
    endloop
  endfacet
  facet normal 0 0 -1
    outer loop
      vertex 0.9734035322810842 -2.0041719736702666 9.75
      vertex 0.8432159156357606 -0.5797073717209011 9.75
      vertex 1.3905764746872633 -0.7202456766718095 9.75
    endloop
  endfacet
  facet normal 0 0 -1
    outer loop
      vertex 0.5902511409450324 -1.9057951602046308 9.75
      vertex 0.28255733788190973 -0.5088797220727779 9.75
      vertex 0.8432159156357606 -0.5797073717209011 9.75
    endloop
  endfacet
  facet normal 0 0 -1
    outer loop
      vertex 1.341204768429979 -2.149794784732039 9.75
      vertex 1.3905764746872633 -0.7202456766718095 9.75
      vertex 1.6878544041838395 -2.3403670346686525 9.75
    endloop
  endfacet
  facet normal 0 0 -1
    outer loop
      vertex 2.0078855677083727 -2.5728832852562644 9.75
      vertex 2.411220577405485 -1.200524335240932 9.75
      vertex 2.2962511763774462 -2.8436766163246308 9.75
    endloop
  endfacet
  facet normal 0 0 -1
    outer loop
      vertex 1.6878544041838395 -2.3403670346686525 9.75
      vertex 1.9160068120428273 -0.9282782639029126 9.75
      vertex 2.0078855677083727 -2.5728832852562644 9.75
    endloop
  endfacet
  facet normal 0 0 -1
    outer loop
      vertex 0.9734035322810842 -2.0041719736702666 9.75
      vertex 1.3905764746872633 -0.7202456766718095 9.75
      vertex 1.341204768429979 -2.149794784732039 9.75
    endloop
  endfacet
  facet normal 0 0 -1
    outer loop
      vertex 1.6878544041838395 -2.3403670346686525 9.75
      vertex 1.3905764746872633 -0.7202456766718095 9.75
      vertex 1.9160068120428273 -0.9282782639029126 9.75
    endloop
  endfacet
  facet normal 0 0 -1
    outer loop
      vertex 2.0078855677083727 -2.5728832852562644 9.75
      vertex 1.9160068120428273 -0.9282782639029126 9.75
      vertex 2.411220577405485 -1.200524335240932 9.75
    endloop
  endfacet
  facet normal 0.12533323356430473 0.9921147013144779 0
    outer loop
      vertex 0.28255733788190973 -0.5088797220727779 9.75
      vertex 0.28255733788190973 -0.5088797220727779 17.25
      vertex 0.8432159156357606 -0.5797073717209011 9.75
    endloop
  endfacet
  facet normal 0.24868988716485532 0.9685831611286309 0
    outer loop
      vertex 0.8432159156357606 -0.5797073717209011 9.75
      vertex 0.8432159156357606 -0.5797073717209011 17.25
      vertex 1.3905764746872633 -0.7202456766718095 9.75
    endloop
  endfacet
  facet normal 0.3681245526846775 0.9297764858882517 0
    outer loop
      vertex 1.3905764746872633 -0.7202456766718095 9.75
      vertex 1.3905764746872633 -0.7202456766718095 17.25
      vertex 1.9160068120428273 -0.9282782639029126 9.75
    endloop
  endfacet
  facet normal 0.48175367410171477 0.8763066800438638 0
    outer loop
      vertex 1.9160068120428273 -0.9282782639029126 9.75
      vertex 1.9160068120428273 -0.9282782639029126 17.25
      vertex 2.411220577405485 -1.200524335240932 9.75
    endloop
  endfacet
  facet normal 0 0 -1
    outer loop
      vertex 3.2803588233963525 -8.080461976679098 9.75
      vertex 3.15 -5 9.75
      vertex 3.280358823396352 -1.919538023320901 9.75
    endloop
  endfacet
  facet normal 0 0 -1
    outer loop
      vertex 3.051036957555188 -4.216626855430707 9.75
      vertex 2.9287959305479916 -3.8404076590432643 9.75
      vertex 3.280358823396352 -1.919538023320901 9.75
    endloop
  endfacet
  facet normal 0 0 -1
    outer loop
      vertex 3.15 -5 9.75
      vertex 3.1251613091406054 -4.605200314272442 9.75
      vertex 3.280358823396352 -1.919538023320901 9.75
    endloop
  endfacet
  facet normal 0 0 -1
    outer loop
      vertex 3.1251613091406054 -4.605200314272442 9.75
      vertex 3.051036957555188 -4.216626855430707 9.75
      vertex 3.280358823396352 -1.919538023320901 9.75
    endloop
  endfacet
  facet normal 0 0 -1
    outer loop
      vertex 2.76036604213817 -3.482475926579597 9.75
      vertex 2.868407953869104 -1.532690407508949 9.75
      vertex 2.9287959305479916 -3.8404076590432643 9.75
    endloop
  endfacet
  facet normal 0 0 -1
    outer loop
      vertex 3.2803588233963525 -8.080461976679098 9.75
      vertex 3.280358823396352 -1.919538023320901 9.75
      vertex 3.6405764746872635 -2.3549663646838708 9.75
    endloop
  endfacet
  facet normal 0 0 -1
    outer loop
      vertex 3.6405764746872635 -7.645033635316129 9.75
      vertex 3.6405764746872635 -2.3549663646838708 9.75
      vertex 3.943380060197386 -2.832108466542281 9.75
    endloop
  endfacet
  facet normal 0 0 -1
    outer loop
      vertex 3.9433800601973856 -7.16789153345772 9.75
      vertex 3.943380060197386 -2.832108466542281 9.75
      vertex 4.183994186497131 -3.343439512918949 9.75
    endloop
  endfacet
  facet normal 0 0 -1
    outer loop
      vertex 4.464516155915151 -5.563999551039368 9.75
      vertex 4.464516155915151 -4.43600044896063 9.75
      vertex 4.5 -5 9.75
    endloop
  endfacet
  facet normal 0 0 -1
    outer loop
      vertex 4.358624225078841 -6.119104492241845 9.75
      vertex 4.35862422507884 -3.8808955077581535 9.75
      vertex 4.464516155915151 -4.43600044896063 9.75
    endloop
  endfacet
  facet normal 0 0 -1
    outer loop
      vertex 4.183994186497131 -6.656560487081053 9.75
      vertex 4.183994186497131 -3.343439512918949 9.75
      vertex 4.35862422507884 -3.8808955077581535 9.75
    endloop
  endfacet
  facet normal 0.9980267284282716 0.06279051952931247 0
    outer loop
      vertex 4.5 -5 9.75
      vertex 4.464516155915151 -4.43600044896063 9.75
      vertex 4.5 -5 17.25
    endloop
  endfacet
  facet normal 0.9822872507286884 0.18738131458572593 0
    outer loop
      vertex 4.464516155915151 -4.43600044896063 9.75
      vertex 4.35862422507884 -3.8808955077581535 9.75
      vertex 4.464516155915151 -4.43600044896063 17.25
    endloop
  endfacet
  facet normal 0.9510565162951533 0.3090169943749478 0
    outer loop
      vertex 4.35862422507884 -3.8808955077581535 9.75
      vertex 4.183994186497131 -3.343439512918949 9.75
      vertex 4.35862422507884 -3.8808955077581535 17.25
    endloop
  endfacet
  facet normal 0.9048270524660199 0.425779291565072 0
    outer loop
      vertex 4.183994186497131 -3.343439512918949 9.75
      vertex 3.943380060197386 -2.832108466542281 9.75
      vertex 4.183994186497131 -3.343439512918949 17.25
    endloop
  endfacet
  facet normal 0 0 -1
    outer loop
      vertex 2.2962511763774462 -2.8436766163246308 9.75
      vertex 2.411220577405485 -1.200524335240932 9.75
      vertex 2.5484035322810845 -3.1484764552787095 9.75
    endloop
  endfacet
  facet normal 0 0 -1
    outer loop
      vertex 2.76036604213817 -3.482475926579597 9.75
      vertex 2.5484035322810845 -3.1484764552787095 9.75
      vertex 2.868407953869104 -1.532690407508949 9.75
    endloop
  endfacet
  facet normal 0 0 -1
    outer loop
      vertex 2.5484035322810845 -3.1484764552787095 9.75
      vertex 2.411220577405485 -1.200524335240932 9.75
      vertex 2.868407953869104 -1.532690407508949 9.75
    endloop
  endfacet
  facet normal 0 0 -1
    outer loop
      vertex 2.9287959305479916 -3.8404076590432643 9.75
      vertex 2.868407953869104 -1.532690407508949 9.75
      vertex 3.280358823396352 -1.919538023320901 9.75
    endloop
  endfacet
  facet normal 0.6845471059286883 0.7289686274214118 0
    outer loop
      vertex 3.280358823396352 -1.919538023320901 9.75
      vertex 2.868407953869104 -1.532690407508949 9.75
      vertex 2.868407953869104 -1.532690407508949 17.25
    endloop
  endfacet
  facet normal 0.5877852522924735 0.809016994374947 0
    outer loop
      vertex 2.411220577405485 -1.200524335240932 9.75
      vertex 2.411220577405485 -1.200524335240932 17.25
      vertex 2.868407953869104 -1.532690407508949 9.75
    endloop
  endfacet
  facet normal 0.7705132427757893 0.6374239897486897 0
    outer loop
      vertex 3.280358823396352 -1.919538023320901 9.75
      vertex 3.6405764746872635 -2.3549663646838708 17.25
      vertex 3.6405764746872635 -2.3549663646838708 9.75
    endloop
  endfacet
  facet normal 0.8443279255020152 0.5358267949789963 0
    outer loop
      vertex 3.943380060197386 -2.832108466542281 9.75
      vertex 3.6405764746872635 -2.3549663646838708 9.75
      vertex 3.943380060197386 -2.832108466542281 17.25
    endloop
  endfacet
  facet normal 0 1 0
    outer loop
      vertex -0.28255733788190973 -0.5088797220727779 17.25
      vertex 0.28255733788190973 -0.5088797220727779 17.25
      vertex 0.28255733788190973 -0.5088797220727779 9.75
    endloop
  endfacet
  facet normal 0.12533323356430473 0.9921147013144779 0
    outer loop
      vertex 0.8432159156357606 -0.5797073717209011 9.75
      vertex 0.28255733788190973 -0.5088797220727779 17.25
      vertex 0.8432159156357606 -0.5797073717209011 17.25
    endloop
  endfacet
  facet normal 0.24868988716485532 0.9685831611286309 0
    outer loop
      vertex 1.3905764746872633 -0.7202456766718095 9.75
      vertex 0.8432159156357606 -0.5797073717209011 17.25
      vertex 1.3905764746872633 -0.7202456766718095 17.25
    endloop
  endfacet
  facet normal 0.48175367410171477 0.8763066800438638 0
    outer loop
      vertex 2.411220577405485 -1.200524335240932 9.75
      vertex 1.9160068120428273 -0.9282782639029126 17.25
      vertex 2.411220577405485 -1.200524335240932 17.25
    endloop
  endfacet
  facet normal 0.3681245526846775 0.9297764858882517 0
    outer loop
      vertex 1.9160068120428273 -0.9282782639029126 9.75
      vertex 1.3905764746872633 -0.7202456766718095 17.25
      vertex 1.9160068120428273 -0.9282782639029126 17.25
    endloop
  endfacet
  facet normal 0 0 1
    outer loop
      vertex 0.28255733788190973 -0.5088797220727779 17.25
      vertex 0.16953440272914716 -2.3053278332436666 17.25
      vertex 0.5059295493814571 -2.3478244230325407 17.25
    endloop
  endfacet
  facet normal 0 0 1
    outer loop
      vertex 0.8432159156357606 -0.5797073717209011 17.25
      vertex 0.5059295493814571 -2.3478244230325407 17.25
      vertex 0.834345884812358 -2.4321474060030854 17.25
    endloop
  endfacet
  facet normal 0 0 1
    outer loop
      vertex 0.8432159156357606 -0.5797073717209011 17.25
      vertex 0.834345884812358 -2.4321474060030854 17.25
      vertex 1.1496040872256956 -2.556966958341747 17.25
    endloop
  endfacet
  facet normal 0 0 1
    outer loop
      vertex -0.28255733788190973 -0.5088797220727779 17.25
      vertex 0.16953440272914716 -2.3053278332436666 17.25
      vertex 0.28255733788190973 -0.5088797220727779 17.25
    endloop
  endfacet
  facet normal 0 0 1
    outer loop
      vertex 0.28255733788190973 -0.5088797220727779 17.25
      vertex 0.5059295493814571 -2.3478244230325407 17.25
      vertex 0.8432159156357606 -0.5797073717209011 17.25
    endloop
  endfacet
  facet normal 0 0 1
    outer loop
      vertex 1.3905764746872633 -0.7202456766718095 17.25
      vertex 1.1496040872256956 -2.556966958341747 17.25
      vertex 1.44673234644329 -2.7203146011445587 17.25
    endloop
  endfacet
  facet normal 0 0 1
    outer loop
      vertex 1.3905764746872633 -0.7202456766718095 17.25
      vertex 1.44673234644329 -2.7203146011445587 17.25
      vertex 1.721044772321463 -2.9196142445053694 17.25
    endloop
  endfacet
  facet normal 0 0 1
    outer loop
      vertex 1.9160068120428273 -0.9282782639029126 17.25
      vertex 1.721044772321463 -2.9196142445053694 17.25
      vertex 1.9682152940378117 -3.151722813992541 17.25
    endloop
  endfacet
  facet normal 0 0 1
    outer loop
      vertex 1.9160068120428273 -0.9282782639029126 17.25
      vertex 1.9682152940378117 -3.151722813992541 17.25
      vertex 2.1843458848123585 -3.4129798188103226 17.25
    endloop
  endfacet
  facet normal 0 0 1
    outer loop
      vertex 1.9160068120428273 -0.9282782639029126 17.25
      vertex 2.1843458848123585 -3.4129798188103226 17.25
      vertex 2.411220577405485 -1.200524335240932 17.25
    endloop
  endfacet
  facet normal 0 0 1
    outer loop
      vertex 0.8432159156357606 -0.5797073717209011 17.25
      vertex 1.1496040872256956 -2.556966958341747 17.25
      vertex 1.3905764746872633 -0.7202456766718095 17.25
    endloop
  endfacet
  facet normal 0 0 1
    outer loop
      vertex 1.3905764746872633 -0.7202456766718095 17.25
      vertex 1.721044772321463 -2.9196142445053694 17.25
      vertex 1.9160068120428273 -0.9282782639029126 17.25
    endloop
  endfacet
  facet normal 0.9980267284282716 0.06279051952931247 0
    outer loop
      vertex 4.464516155915151 -4.43600044896063 9.75
      vertex 4.464516155915151 -4.43600044896063 17.25
      vertex 4.5 -5 17.25
    endloop
  endfacet
  facet normal 0.9822872507286884 0.18738131458572593 0
    outer loop
      vertex 4.35862422507884 -3.8808955077581535 9.75
      vertex 4.35862422507884 -3.8808955077581535 17.25
      vertex 4.464516155915151 -4.43600044896063 17.25
    endloop
  endfacet
  facet normal 0.9510565162951533 0.3090169943749478 0
    outer loop
      vertex 4.183994186497131 -3.343439512918949 9.75
      vertex 4.183994186497131 -3.343439512918949 17.25
      vertex 4.35862422507884 -3.8808955077581535 17.25
    endloop
  endfacet
  facet normal 0.9048270524660199 0.425779291565072 0
    outer loop
      vertex 3.943380060197386 -2.832108466542281 9.75
      vertex 3.943380060197386 -2.832108466542281 17.25
      vertex 4.183994186497131 -3.343439512918949 17.25
    endloop
  endfacet
  facet normal 0 0 1
    outer loop
      vertex 2.868407953869105 -8.46730959249105 17.25
      vertex 2.868407953869104 -1.532690407508949 17.25
      vertex 2.7 -5 17.25
    endloop
  endfacet
  facet normal 0 0 1
    outer loop
      vertex 2.868407953869104 -1.532690407508949 17.25
      vertex 2.6787096935490906 -4.661600269376379 17.25
      vertex 2.7 -5 17.25
    endloop
  endfacet
  facet normal 0 0 1
    outer loop
      vertex 2.868407953869104 -1.532690407508949 17.25
      vertex 2.6151745350473043 -4.328537304654893 17.25
      vertex 2.6787096935490906 -4.661600269376379 17.25
    endloop
  endfacet
  facet normal 0 0 1
    outer loop
      vertex 2.411220577405485 -1.200524335240932 17.25
      vertex 2.5103965118982785 -4.006063707751368 17.25
      vertex 2.6151745350473043 -4.328537304654893 17.25
    endloop
  endfacet
  facet normal 0 0 1
    outer loop
      vertex 2.411220577405485 -1.200524335240932 17.25
      vertex 2.1843458848123585 -3.4129798188103226 17.25
      vertex 2.3660280361184314 -3.699265079925368 17.25
    endloop
  endfacet
  facet normal 0 0 1
    outer loop
      vertex 2.411220577405485 -1.200524335240932 17.25
      vertex 2.3660280361184314 -3.699265079925368 17.25
      vertex 2.5103965118982785 -4.006063707751368 17.25
    endloop
  endfacet
  facet normal 0 0 1
    outer loop
      vertex 3.2803588233963525 -8.080461976679098 17.25
      vertex 3.280358823396352 -1.919538023320901 17.25
      vertex 2.868407953869104 -1.532690407508949 17.25
    endloop
  endfacet
  facet normal 0 0 1
    outer loop
      vertex 3.6405764746872635 -7.645033635316129 17.25
      vertex 3.6405764746872635 -2.3549663646838708 17.25
      vertex 3.280358823396352 -1.919538023320901 17.25
    endloop
  endfacet
  facet normal 0 0 1
    outer loop
      vertex 3.9433800601973856 -7.16789153345772 17.25
      vertex 3.943380060197386 -2.832108466542281 17.25
      vertex 3.6405764746872635 -2.3549663646838708 17.25
    endloop
  endfacet
  facet normal 0 0 1
    outer loop
      vertex 4.464516155915151 -5.563999551039368 17.25
      vertex 4.5 -5 17.25
      vertex 4.464516155915151 -4.43600044896063 17.25
    endloop
  endfacet
  facet normal 0 0 1
    outer loop
      vertex 4.358624225078841 -6.119104492241845 17.25
      vertex 4.35862422507884 -3.8808955077581535 17.25
      vertex 4.183994186497131 -3.343439512918949 17.25
    endloop
  endfacet
  facet normal 0 0 1
    outer loop
      vertex 4.464516155915151 -5.563999551039368 17.25
      vertex 4.464516155915151 -4.43600044896063 17.25
      vertex 4.35862422507884 -3.8808955077581535 17.25
    endloop
  endfacet
  facet normal 0 0 1
    outer loop
      vertex 4.183994186497131 -6.656560487081053 17.25
      vertex 4.183994186497131 -3.343439512918949 17.25
      vertex 3.943380060197386 -2.832108466542281 17.25
    endloop
  endfacet
  facet normal 0.6845471059286883 0.7289686274214118 0
    outer loop
      vertex 3.280358823396352 -1.919538023320901 9.75
      vertex 2.868407953869104 -1.532690407508949 17.25
      vertex 3.280358823396352 -1.919538023320901 17.25
    endloop
  endfacet
  facet normal 0.5877852522924735 0.809016994374947 0
    outer loop
      vertex 2.868407953869104 -1.532690407508949 9.75
      vertex 2.411220577405485 -1.200524335240932 17.25
      vertex 2.868407953869104 -1.532690407508949 17.25
    endloop
  endfacet
  facet normal 0.8443279255020152 0.5358267949789963 0
    outer loop
      vertex 3.6405764746872635 -2.3549663646838708 9.75
      vertex 3.6405764746872635 -2.3549663646838708 17.25
      vertex 3.943380060197386 -2.832108466542281 17.25
    endloop
  endfacet
  facet normal 0.7705132427757893 0.6374239897486897 0
    outer loop
      vertex 3.280358823396352 -1.919538023320901 9.75
      vertex 3.280358823396352 -1.919538023320901 17.25
      vertex 3.6405764746872635 -2.3549663646838708 17.25
    endloop
  endfacet
  facet normal 0 0 1
    outer loop
      vertex 2.411220577405485 -1.200524335240932 17.25
      vertex 2.6151745350473043 -4.328537304654893 17.25
      vertex 2.868407953869104 -1.532690407508949 17.25
    endloop
  endfacet
  facet normal 0.6952676132329958 0.13262939049634767 0.7064080908128536
    outer loop
      vertex -2.615174535047304 -5.671462695345108 11.75
      vertex -1.6465913739186728 -5.4227728081802535 10.75
      vertex -2.6787096935490906 -5.338399730623621 11.75
    endloop
  endfacet
  facet normal 0.7064080908128534 0.04444342997877613 0.7064080908128536
    outer loop
      vertex -2.6787096935490906 -5.338399730623621 11.75
      vertex -1.6865949922346124 -5.213066497059317 10.75
      vertex -2.7 -5 11.75
    endloop
  endfacet
  facet normal 0.17602389133731103 0.6855677930829377 0.7064080908128536
    outer loop
      vertex -0.834345884812358 -7.567852593996914 11.75
      vertex -0.5059295493814571 -7.652175576967459 11.75
      vertex -0.31854823479573224 -6.6698883262387705 10.75
    endloop
  endfacet
  facet normal 0.0887114620437005 0.7022235297511813 0.7064080908128536
    outer loop
      vertex -0.5059295493814571 -7.652175576967459 11.75
      vertex -0.16953440272914716 -7.694672166756334 11.75
      vertex -0.10674388319983341 -6.696645438328062 10.75
    endloop
  endfacet
  facet normal 0.48452571498971 0.5159674803200772 0.7064080908128538
    outer loop
      vertex -1.9682152940378117 -6.84827718600746 11.75
      vertex -1.0836207825727724 -6.309872512718842 10.75
      vertex -1.2392466666164 -6.16373008007877 10.75
    endloop
  endfacet
  facet normal 0.5453729577287421 0.4511717480210199 0.7064080908128537
    outer loop
      vertex -2.1843458848123585 -6.587020181189677 11.75
      vertex -1.2392466666164 -6.16373008007877 10.75
      vertex -1.3753288904374106 -5.999234928897204 10.75
    endloop
  endfacet
  facet normal 0.4160372122836577 0.5726260972304541 0.7064080908128538
    outer loop
      vertex -1.7210447723214621 -7.080385755494632 11.75
      vertex -0.9109055514642946 -6.435357473353426 10.75
      vertex -1.0836207825727724 -6.309872512718842 10.75
    endloop
  endfacet
  facet normal 0.5976193431343779 0.3792607677387336 0.7064080908128537
    outer loop
      vertex -2.1843458848123585 -6.587020181189677 11.75
      vertex -1.3753288904374106 -5.999234928897204 10.75
      vertex -2.3660280361184314 -6.300734920074632 11.75
    endloop
  endfacet
  facet normal 0.545372957728742 0.45117174802102017 0.7064080908128537
    outer loop
      vertex -2.1843458848123585 -6.587020181189677 11.75
      vertex -1.9682152940378117 -6.84827718600746 11.75
      vertex -1.2392466666164 -6.16373008007877 10.75
    endloop
  endfacet
  facet normal 0.48452571498970987 0.5159674803200773 0.7064080908128537
    outer loop
      vertex -1.7210447723214621 -7.080385755494632 11.75
      vertex -1.0836207825727724 -6.309872512718842 10.75
      vertex -1.9682152940378117 -6.84827718600746 11.75
    endloop
  endfacet
  facet normal 0.41603721228365614 0.5726260972304558 0.7064080908128535
    outer loop
      vertex -1.7210447723214621 -7.080385755494632 11.75
      vertex -1.4467323464432913 -7.27968539885544 11.75
      vertex -0.9109055514642946 -6.435357473353426 10.75
    endloop
  endfacet
  facet normal 0.5976193431343776 0.3792607677387344 0.7064080908128537
    outer loop
      vertex -2.3660280361184314 -6.300734920074632 11.75
      vertex -1.3753288904374106 -5.999234928897204 10.75
      vertex -1.4897213560745681 -5.818981245972916 10.75
    endloop
  endfacet
  facet normal 0.6404409144982939 0.301368618589806 0.7064080908128536
    outer loop
      vertex -2.510396511898279 -5.99393629224863 11.75
      vertex -1.4897213560745681 -5.818981245972916 10.75
      vertex -1.5806200260100274 -5.625811739563952 10.75
    endloop
  endfacet
  facet normal 0.6731623500597137 0.21872370629683233 0.7064080908128535
    outer loop
      vertex -2.615174535047304 -5.671462695345108 11.75
      vertex -1.5806200260100274 -5.625811739563952 10.75
      vertex -1.6465913739186728 -5.4227728081802535 10.75
    endloop
  endfacet
  facet normal 0.6952676132329958 0.13262939049634656 0.7064080908128537
    outer loop
      vertex -2.6787096935490906 -5.338399730623621 11.75
      vertex -1.6465913739186728 -5.4227728081802535 10.75
      vertex -1.6865949922346124 -5.213066497059317 10.75
    endloop
  endfacet
  facet normal 0.7064080908128535 0.04444342997877632 0.7064080908128536
    outer loop
      vertex -1.6865949922346124 -5.213066497059317 10.75
      vertex -1.7 -5 10.75
      vertex -2.7 -5 11.75
    endloop
  endfacet
  facet normal 0.6404409144982937 0.3013686185898068 0.7064080908128536
    outer loop
      vertex -2.3660280361184314 -6.300734920074632 11.75
      vertex -1.4897213560745681 -5.818981245972916 10.75
      vertex -2.510396511898279 -5.99393629224863 11.75
    endloop
  endfacet
  facet normal 0.6731623500597139 0.218723706296831 0.7064080908128537
    outer loop
      vertex -2.510396511898279 -5.99393629224863 11.75
      vertex -1.5806200260100274 -5.625811739563952 10.75
      vertex -2.615174535047304 -5.671462695345108 11.75
    endloop
  endfacet
  facet normal 0.34098755421130866 0.6202540585172573 0.7064080908128533
    outer loop
      vertex -1.4467323464432913 -7.27968539885544 11.75
      vertex -0.7238247956606231 -6.5382059891922335 10.75
      vertex -0.9109055514642946 -6.435357473353426 10.75
    endloop
  endfacet
  facet normal 0.2605603187129562 0.6581002427794276 0.7064080908128537
    outer loop
      vertex -1.1496040872256956 -7.4430330416582535 11.75
      vertex -0.5253288904374106 -6.616796077701761 10.75
      vertex -0.7238247956606231 -6.5382059891922335 10.75
    endloop
  endfacet
  facet normal 0.08871146204370114 0.7022235297511812 0.7064080908128537
    outer loop
      vertex -0.5059295493814571 -7.652175576967459 11.75
      vertex -0.10674388319983341 -6.696645438328062 10.75
      vertex -0.31854823479573224 -6.6698883262387705 10.75
    endloop
  endfacet
  facet normal 0.17602389133730859 0.6855677930829387 0.7064080908128533
    outer loop
      vertex -0.834345884812358 -7.567852593996914 11.75
      vertex -0.31854823479573224 -6.6698883262387705 10.75
      vertex -0.5253288904374106 -6.616796077701761 10.75
    endloop
  endfacet
  facet normal 0 0.7078047818672457 0.7064080908128536
    outer loop
      vertex -0.16953440272914716 -7.694672166756334 11.75
      vertex 0.10674388319983341 -6.696645438328062 10.75
      vertex -0.10674388319983341 -6.696645438328062 10.75
    endloop
  endfacet
  facet normal 0.34098755421131033 0.6202540585172561 0.7064080908128536
    outer loop
      vertex -1.4467323464432913 -7.27968539885544 11.75
      vertex -1.1496040872256956 -7.4430330416582535 11.75
      vertex -0.7238247956606231 -6.5382059891922335 10.75
    endloop
  endfacet
  facet normal 0.26056031871295393 0.6581002427794289 0.7064080908128534
    outer loop
      vertex -1.1496040872256956 -7.4430330416582535 11.75
      vertex -0.834345884812358 -7.567852593996914 11.75
      vertex -0.5253288904374106 -6.616796077701761 10.75
    endloop
  endfacet
  facet normal 0.8443279255020154 0.535826794978996 0
    outer loop
      vertex -2.1843458848123585 -6.587020181189677 11.75
      vertex -2.3660280361184314 -6.300734920074632 11.75
      vertex -2.3660280361184314 -6.300734920074632 17.25
    endloop
  endfacet
  facet normal 0.9510565162951538 0.3090169943749466 0
    outer loop
      vertex -2.510396511898279 -5.99393629224863 11.75
      vertex -2.615174535047304 -5.671462695345108 11.75
      vertex -2.615174535047304 -5.671462695345108 17.25
    endloop
  endfacet
  facet normal 0.9048270524660195 0.4257792915650729 0
    outer loop
      vertex -2.3660280361184314 -6.300734920074632 11.75
      vertex -2.510396511898279 -5.99393629224863 11.75
      vertex -2.510396511898279 -5.99393629224863 17.25
    endloop
  endfacet
  facet normal 0.9822872507286884 0.18738131458572618 0
    outer loop
      vertex -2.615174535047304 -5.671462695345108 11.75
      vertex -2.6787096935490906 -5.338399730623621 11.75
      vertex -2.6787096935490906 -5.338399730623621 17.25
    endloop
  endfacet
  facet normal 0.9980267284282716 0.06279051952931261 0
    outer loop
      vertex -2.6787096935490906 -5.338399730623621 11.75
      vertex -2.7 -5 11.75
      vertex -2.7 -5 17.25
    endloop
  endfacet
  facet normal 0.9048270524660195 0.4257792915650729 0
    outer loop
      vertex -2.3660280361184314 -6.300734920074632 11.75
      vertex -2.510396511898279 -5.99393629224863 17.25
      vertex -2.3660280361184314 -6.300734920074632 17.25
    endloop
  endfacet
  facet normal 0.9510565162951538 0.3090169943749466 0
    outer loop
      vertex -2.510396511898279 -5.99393629224863 11.75
      vertex -2.615174535047304 -5.671462695345108 17.25
      vertex -2.510396511898279 -5.99393629224863 17.25
    endloop
  endfacet
  facet normal 0.9822872507286884 0.18738131458572618 0
    outer loop
      vertex -2.615174535047304 -5.671462695345108 11.75
      vertex -2.6787096935490906 -5.338399730623621 17.25
      vertex -2.615174535047304 -5.671462695345108 17.25
    endloop
  endfacet
  facet normal 0.9980267284282716 0.06279051952931261 0
    outer loop
      vertex -2.6787096935490906 -5.338399730623621 11.75
      vertex -2.7 -5 17.25
      vertex -2.6787096935490906 -5.338399730623621 17.25
    endloop
  endfacet
  facet normal 0.48175367410171754 0.8763066800438623 0
    outer loop
      vertex -1.4467323464432913 -7.27968539885544 11.75
      vertex -1.4467323464432913 -7.27968539885544 17.25
      vertex -1.1496040872256956 -7.4430330416582535 11.75
    endloop
  endfacet
  facet normal 0.36812455268467514 0.9297764858882526 0
    outer loop
      vertex -1.1496040872256956 -7.4430330416582535 11.75
      vertex -1.1496040872256956 -7.4430330416582535 17.25
      vertex -0.834345884812358 -7.567852593996914 11.75
    endloop
  endfacet
  facet normal 0.2486898871648563 0.9685831611286307 0
    outer loop
      vertex -0.834345884812358 -7.567852593996914 11.75
      vertex -0.834345884812358 -7.567852593996914 17.25
      vertex -0.5059295493814571 -7.652175576967459 11.75
    endloop
  endfacet
  facet normal 0.1253332335643065 0.9921147013144777 0
    outer loop
      vertex -0.5059295493814571 -7.652175576967459 11.75
      vertex -0.5059295493814571 -7.652175576967459 17.25
      vertex -0.16953440272914716 -7.694672166756334 11.75
    endloop
  endfacet
  facet normal 0 1 0
    outer loop
      vertex -0.16953440272914716 -7.694672166756334 11.75
      vertex -0.16953440272914716 -7.694672166756334 17.25
      vertex 0.16953440272914716 -7.694672166756334 11.75
    endloop
  endfacet
  facet normal 0.48175367410171754 0.8763066800438623 0
    outer loop
      vertex -1.1496040872256956 -7.4430330416582535 11.75
      vertex -1.4467323464432913 -7.27968539885544 17.25
      vertex -1.1496040872256956 -7.4430330416582535 17.25
    endloop
  endfacet
  facet normal 0.36812455268467514 0.9297764858882526 0
    outer loop
      vertex -0.834345884812358 -7.567852593996914 11.75
      vertex -1.1496040872256956 -7.4430330416582535 17.25
      vertex -0.834345884812358 -7.567852593996914 17.25
    endloop
  endfacet
  facet normal 0.2486898871648563 0.9685831611286307 0
    outer loop
      vertex -0.5059295493814571 -7.652175576967459 11.75
      vertex -0.834345884812358 -7.567852593996914 17.25
      vertex -0.5059295493814571 -7.652175576967459 17.25
    endloop
  endfacet
  facet normal 0.1253332335643065 0.9921147013144777 0
    outer loop
      vertex -0.16953440272914716 -7.694672166756334 11.75
      vertex -0.5059295493814571 -7.652175576967459 17.25
      vertex -0.16953440272914716 -7.694672166756334 17.25
    endloop
  endfacet
  facet normal 0.684547105928689 0.7289686274214112 0
    outer loop
      vertex -1.7210447723214621 -7.080385755494632 11.75
      vertex -1.9682152940378117 -6.84827718600746 11.75
      vertex -1.9682152940378117 -6.84827718600746 17.25
    endloop
  endfacet
  facet normal 0.7705132427757898 0.6374239897486891 0
    outer loop
      vertex -2.1843458848123585 -6.587020181189677 11.75
      vertex -2.1843458848123585 -6.587020181189677 17.25
      vertex -1.9682152940378117 -6.84827718600746 11.75
    endloop
  endfacet
  facet normal 0.5877852522924706 0.8090169943749493 0
    outer loop
      vertex -1.7210447723214621 -7.080385755494632 11.75
      vertex -1.7210447723214621 -7.080385755494632 17.25
      vertex -1.4467323464432913 -7.27968539885544 11.75
    endloop
  endfacet
  facet normal 0.7705132427757898 0.6374239897486891 0
    outer loop
      vertex -1.9682152940378117 -6.84827718600746 11.75
      vertex -2.1843458848123585 -6.587020181189677 17.25
      vertex -1.9682152940378117 -6.84827718600746 17.25
    endloop
  endfacet
  facet normal 0.684547105928689 0.7289686274214112 0
    outer loop
      vertex -1.7210447723214621 -7.080385755494632 11.75
      vertex -1.9682152940378117 -6.84827718600746 17.25
      vertex -1.7210447723214621 -7.080385755494632 17.25
    endloop
  endfacet
  facet normal 0.8443279255020154 0.535826794978996 0
    outer loop
      vertex -2.1843458848123585 -6.587020181189677 11.75
      vertex -2.3660280361184314 -6.300734920074632 17.25
      vertex -2.1843458848123585 -6.587020181189677 17.25
    endloop
  endfacet
  facet normal 0.5877852522924706 0.8090169943749493 0
    outer loop
      vertex -1.4467323464432913 -7.27968539885544 11.75
      vertex -1.7210447723214621 -7.080385755494632 17.25
      vertex -1.4467323464432913 -7.27968539885544 17.25
    endloop
  endfacet
  facet normal 0.7064080908128535 -0.04444342997877613 0.7064080908128536
    outer loop
      vertex -2.7 -5 11.75
      vertex -1.7 -5 10.75
      vertex -2.6787096935490906 -4.661600269376379 11.75
    endloop
  endfacet
  facet normal 0.6952676132329957 -0.13262939049634764 0.7064080908128538
    outer loop
      vertex -2.6787096935490906 -4.661600269376379 11.75
      vertex -1.6865949922346124 -4.786933502940683 10.75
      vertex -2.615174535047304 -4.328537304654892 11.75
    endloop
  endfacet
  facet normal 0.673162350059714 -0.218723706296831 0.7064080908128535
    outer loop
      vertex -2.615174535047304 -4.328537304654892 11.75
      vertex -1.6465913739186728 -4.5772271918197465 10.75
      vertex -2.510396511898279 -4.00606370775137 11.75
    endloop
  endfacet
  facet normal 0.7064080908128535 -0.04444342997877632 0.7064080908128536
    outer loop
      vertex -2.6787096935490906 -4.661600269376379 11.75
      vertex -1.7 -5 10.75
      vertex -1.6865949922346124 -4.786933502940683 10.75
    endloop
  endfacet
  facet normal 0.695267613232996 -0.13262939049634662 0.7064080908128535
    outer loop
      vertex -2.615174535047304 -4.328537304654892 11.75
      vertex -1.6865949922346124 -4.786933502940683 10.75
      vertex -1.6465913739186728 -4.5772271918197465 10.75
    endloop
  endfacet
  facet normal 0.6731623500597133 -0.2187237062968322 0.7064080908128537
    outer loop
      vertex -2.510396511898279 -4.00606370775137 11.75
      vertex -1.6465913739186728 -4.5772271918197465 10.75
      vertex -1.5806200260100274 -4.374188260436048 10.75
    endloop
  endfacet
  facet normal 0.6404409144982937 -0.3013686185898066 0.7064080908128537
    outer loop
      vertex -2.3660280361184314 -3.699265079925368 11.75
      vertex -1.5806200260100274 -4.374188260436048 10.75
      vertex -1.489721356074568 -4.181018754027084 10.75
    endloop
  endfacet
  facet normal 0.6404409144982937 -0.30136861858980674 0.7064080908128537
    outer loop
      vertex -2.510396511898279 -4.00606370775137 11.75
      vertex -1.5806200260100274 -4.374188260436048 10.75
      vertex -2.3660280361184314 -3.699265079925368 11.75
    endloop
  endfacet
  facet normal 0.5976193431343777 -0.37926076773873374 0.7064080908128537
    outer loop
      vertex -1.489721356074568 -4.181018754027084 10.75
      vertex -1.3753288904374106 -4.000765071102796 10.75
      vertex -2.1843458848123585 -3.4129798188103226 11.75
    endloop
  endfacet
  facet normal 0.5453729577287418 -0.4511717480210204 0.7064080908128537
    outer loop
      vertex -1.3753288904374106 -4.000765071102796 10.75
      vertex -1.2392466666163997 -3.8362699199212296 10.75
      vertex -1.9682152940378117 -3.151722813992541 11.75
    endloop
  endfacet
  facet normal 0.4845257149897104 -0.515967480320077 0.7064080908128535
    outer loop
      vertex -1.7210447723214621 -2.9196142445053685 11.75
      vertex -1.2392466666163997 -3.8362699199212296 10.75
      vertex -1.0836207825727724 -3.690127487281158 10.75
    endloop
  endfacet
  facet normal 0.4160372122836578 -0.5726260972304545 0.7064080908128536
    outer loop
      vertex -1.4467323464432913 -2.7203146011445596 11.75
      vertex -1.0836207825727724 -3.690127487281158 10.75
      vertex -0.9109055514642945 -3.5646425266465744 10.75
    endloop
  endfacet
  facet normal 0.5976193431343779 -0.3792607677387336 0.7064080908128537
    outer loop
      vertex -2.3660280361184314 -3.699265079925368 11.75
      vertex -1.489721356074568 -4.181018754027084 10.75
      vertex -2.1843458848123585 -3.4129798188103226 11.75
    endloop
  endfacet
  facet normal 0.5453729577287415 -0.4511717480210206 0.7064080908128538
    outer loop
      vertex -1.3753288904374106 -4.000765071102796 10.75
      vertex -1.9682152940378117 -3.151722813992541 11.75
      vertex -2.1843458848123585 -3.4129798188103226 11.75
    endloop
  endfacet
  facet normal 0.4845257149897099 -0.5159674803200774 0.7064080908128537
    outer loop
      vertex -1.9682152940378117 -3.151722813992541 11.75
      vertex -1.2392466666163997 -3.8362699199212296 10.75
      vertex -1.7210447723214621 -2.9196142445053685 11.75
    endloop
  endfacet
  facet normal 0.41603721228365725 -0.5726260972304548 0.7064080908128536
    outer loop
      vertex -1.7210447723214621 -2.9196142445053685 11.75
      vertex -1.0836207825727724 -3.690127487281158 10.75
      vertex -1.4467323464432913 -2.7203146011445596 11.75
    endloop
  endfacet
  facet normal 0.340987554211309 -0.620254058517257 0.7064080908128535
    outer loop
      vertex -1.4467323464432913 -2.7203146011445596 11.75
      vertex -0.9109055514642945 -3.5646425266465744 10.75
      vertex -1.1496040872256956 -2.556966958341747 11.75
    endloop
  endfacet
  facet normal 0.3409875542113087 -0.6202540585172571 0.7064080908128536
    outer loop
      vertex -0.9109055514642945 -3.5646425266465744 10.75
      vertex -0.7238247956606231 -3.4617940108077665 10.75
      vertex -1.1496040872256956 -2.556966958341747 11.75
    endloop
  endfacet
  facet normal 0.2605603187129549 -0.6581002427794284 0.7064080908128537
    outer loop
      vertex -0.7238247956606231 -3.4617940108077665 10.75
      vertex -0.5253288904374105 -3.383203922298239 10.75
      vertex -0.834345884812358 -2.4321474060030854 11.75
    endloop
  endfacet
  facet normal 0.17602389133730956 -0.685567793082938 0.7064080908128537
    outer loop
      vertex -0.5253288904374105 -3.383203922298239 10.75
      vertex -0.31854823479573174 -3.3301116737612295 10.75
      vertex -0.5059295493814571 -2.3478244230325407 11.75
    endloop
  endfacet
  facet normal 0.08871146204369956 -0.7022235297511814 0.7064080908128536
    outer loop
      vertex -0.31854823479573174 -3.3301116737612295 10.75
      vertex -0.10674388319983256 -3.3033545616719384 10.75
      vertex -0.16953440272914716 -2.3053278332436666 11.75
    endloop
  endfacet
  facet normal 0.2605603187129555 -0.6581002427794281 0.7064080908128536
    outer loop
      vertex -0.7238247956606231 -3.4617940108077665 10.75
      vertex -0.834345884812358 -2.4321474060030854 11.75
      vertex -1.1496040872256956 -2.556966958341747 11.75
    endloop
  endfacet
  facet normal 0.17602389133731017 -0.6855677930829379 0.7064080908128536
    outer loop
      vertex -0.834345884812358 -2.4321474060030854 11.75
      vertex -0.5253288904374105 -3.383203922298239 10.75
      vertex -0.5059295493814571 -2.3478244230325407 11.75
    endloop
  endfacet
  facet normal 0.08871146204369958 -0.7022235297511813 0.7064080908128536
    outer loop
      vertex -0.31854823479573174 -3.3301116737612295 10.75
      vertex -0.16953440272914716 -2.3053278332436666 11.75
      vertex -0.5059295493814571 -2.3478244230325407 11.75
    endloop
  endfacet
  facet normal 0 -0.7078047818672456 0.7064080908128537
    outer loop
      vertex -0.10674388319983256 -3.3033545616719384 10.75
      vertex 0.16953440272914716 -2.3053278332436666 11.75
      vertex -0.16953440272914716 -2.3053278332436666 11.75
    endloop
  endfacet
  facet normal 0.9980267284282716 -0.06279051952931261 0
    outer loop
      vertex -2.7 -5 11.75
      vertex -2.6787096935490906 -4.661600269376379 11.75
      vertex -2.6787096935490906 -4.661600269376379 17.25
    endloop
  endfacet
  facet normal 0.9822872507286884 -0.18738131458572618 0
    outer loop
      vertex -2.6787096935490906 -4.661600269376379 11.75
      vertex -2.615174535047304 -4.328537304654892 11.75
      vertex -2.615174535047304 -4.328537304654892 17.25
    endloop
  endfacet
  facet normal 0.9510565162951538 -0.3090169943749466 0
    outer loop
      vertex -2.615174535047304 -4.328537304654892 11.75
      vertex -2.510396511898279 -4.00606370775137 11.75
      vertex -2.510396511898279 -4.00606370775137 17.25
    endloop
  endfacet
  facet normal 0.9048270524660195 -0.4257792915650729 0
    outer loop
      vertex -2.510396511898279 -4.00606370775137 11.75
      vertex -2.3660280361184314 -3.699265079925368 11.75
      vertex -2.3660280361184314 -3.699265079925368 17.25
    endloop
  endfacet
  facet normal 0.9980267284282716 -0.06279051952931261 0
    outer loop
      vertex -2.7 -5 11.75
      vertex -2.6787096935490906 -4.661600269376379 17.25
      vertex -2.7 -5 17.25
    endloop
  endfacet
  facet normal 0.9822872507286884 -0.18738131458572618 0
    outer loop
      vertex -2.6787096935490906 -4.661600269376379 11.75
      vertex -2.615174535047304 -4.328537304654892 17.25
      vertex -2.6787096935490906 -4.661600269376379 17.25
    endloop
  endfacet
  facet normal 0.9510565162951538 -0.3090169943749466 0
    outer loop
      vertex -2.615174535047304 -4.328537304654892 11.75
      vertex -2.510396511898279 -4.00606370775137 17.25
      vertex -2.615174535047304 -4.328537304654892 17.25
    endloop
  endfacet
  facet normal 0.9048270524660195 -0.4257792915650729 0
    outer loop
      vertex -2.510396511898279 -4.00606370775137 11.75
      vertex -2.3660280361184314 -3.699265079925368 17.25
      vertex -2.510396511898279 -4.00606370775137 17.25
    endloop
  endfacet
  facet normal 0.8443279255020154 -0.535826794978996 0
    outer loop
      vertex -2.3660280361184314 -3.699265079925368 11.75
      vertex -2.1843458848123585 -3.4129798188103226 17.25
      vertex -2.3660280361184314 -3.699265079925368 17.25
    endloop
  endfacet
  facet normal 0.8443279255020154 -0.535826794978996 0
    outer loop
      vertex -2.3660280361184314 -3.699265079925368 11.75
      vertex -2.1843458848123585 -3.4129798188103226 11.75
      vertex -2.1843458848123585 -3.4129798188103226 17.25
    endloop
  endfacet
  facet normal 0.7705132427757893 -0.6374239897486896 0
    outer loop
      vertex -2.1843458848123585 -3.4129798188103226 11.75
      vertex -1.9682152940378117 -3.151722813992541 11.75
      vertex -1.9682152940378117 -3.151722813992541 17.25
    endloop
  endfacet
  facet normal 0.684547105928689 -0.7289686274214112 0
    outer loop
      vertex -1.9682152940378117 -3.151722813992541 11.75
      vertex -1.7210447723214621 -2.9196142445053685 11.75
      vertex -1.7210447723214621 -2.9196142445053685 17.25
    endloop
  endfacet
  facet normal 0.5877852522924722 -0.809016994374948 0
    outer loop
      vertex -1.7210447723214621 -2.9196142445053685 11.75
      vertex -1.4467323464432913 -2.7203146011445596 11.75
      vertex -1.4467323464432913 -2.7203146011445596 17.25
    endloop
  endfacet
  facet normal 0.7705132427757893 -0.6374239897486896 0
    outer loop
      vertex -2.1843458848123585 -3.4129798188103226 11.75
      vertex -1.9682152940378117 -3.151722813992541 17.25
      vertex -2.1843458848123585 -3.4129798188103226 17.25
    endloop
  endfacet
  facet normal 0.684547105928689 -0.7289686274214112 0
    outer loop
      vertex -1.9682152940378117 -3.151722813992541 11.75
      vertex -1.7210447723214621 -2.9196142445053685 17.25
      vertex -1.9682152940378117 -3.151722813992541 17.25
    endloop
  endfacet
  facet normal 0.5877852522924722 -0.809016994374948 0
    outer loop
      vertex -1.7210447723214621 -2.9196142445053685 11.75
      vertex -1.4467323464432913 -2.7203146011445596 17.25
      vertex -1.7210447723214621 -2.9196142445053685 17.25
    endloop
  endfacet
  facet normal 0.48175367410171555 -0.8763066800438635 0
    outer loop
      vertex -1.4467323464432913 -2.7203146011445596 11.75
      vertex -1.1496040872256956 -2.556966958341747 11.75
      vertex -1.1496040872256956 -2.556966958341747 17.25
    endloop
  endfacet
  facet normal 0.3681245526846774 -0.9297764858882517 0
    outer loop
      vertex -1.1496040872256956 -2.556966958341747 11.75
      vertex -0.834345884812358 -2.4321474060030854 11.75
      vertex -0.834345884812358 -2.4321474060030854 17.25
    endloop
  endfacet
  facet normal 0.24868988716485504 -0.968583161128631 0
    outer loop
      vertex -0.834345884812358 -2.4321474060030854 11.75
      vertex -0.5059295493814571 -2.3478244230325407 11.75
      vertex -0.5059295493814571 -2.3478244230325407 17.25
    endloop
  endfacet
  facet normal 0.12533323356430523 -0.9921147013144778 -3.9068705400931096e-17
    outer loop
      vertex -0.5059295493814571 -2.3478244230325407 11.75
      vertex -0.16953440272914716 -2.3053278332436666 11.75
      vertex -0.1695344027291454 -2.3053278332436666 17.25
    endloop
  endfacet
  facet normal 0.48175367410171555 -0.8763066800438635 0
    outer loop
      vertex -1.4467323464432913 -2.7203146011445596 11.75
      vertex -1.1496040872256956 -2.556966958341747 17.25
      vertex -1.4467323464432913 -2.7203146011445596 17.25
    endloop
  endfacet
  facet normal 0.3681245526846774 -0.9297764858882517 0
    outer loop
      vertex -1.1496040872256956 -2.556966958341747 11.75
      vertex -0.834345884812358 -2.4321474060030854 17.25
      vertex -1.1496040872256956 -2.556966958341747 17.25
    endloop
  endfacet
  facet normal 0.24868988716485504 -0.968583161128631 0
    outer loop
      vertex -0.834345884812358 -2.4321474060030854 11.75
      vertex -0.5059295493814571 -2.3478244230325407 17.25
      vertex -0.834345884812358 -2.4321474060030854 17.25
    endloop
  endfacet
  facet normal 0.1253332335643046 -0.9921147013144778 0
    outer loop
      vertex -0.5059295493814571 -2.3478244230325407 11.75
      vertex -0.1695344027291454 -2.3053278332436666 17.25
      vertex -0.5059295493814571 -2.3478244230325407 17.25
    endloop
  endfacet
  facet normal 0 -1 0
    outer loop
      vertex -0.16953440272914716 -2.3053278332436666 11.75
      vertex 0.16953440272914716 -2.3053278332436666 17.25
      vertex -0.1695344027291454 -2.3053278332436666 17.25
    endloop
  endfacet
  facet normal 0 0.7078047818672456 0.7064080908128537
    outer loop
      vertex -0.16953440272914716 -7.694672166756334 11.75
      vertex 0.16953440272914716 -7.694672166756334 11.75
      vertex 0.10674388319983341 -6.696645438328062 10.75
    endloop
  endfacet
  facet normal -0.0887114620437005 0.7022235297511813 0.7064080908128536
    outer loop
      vertex 0.16953440272914716 -7.694672166756334 11.75
      vertex 0.5059295493814571 -7.652175576967459 11.75
      vertex 0.3185482347957322 -6.6698883262387705 10.75
    endloop
  endfacet
  facet normal -0.1760238913373111 0.685567793082938 0.7064080908128534
    outer loop
      vertex 0.5059295493814571 -7.652175576967459 11.75
      vertex 0.834345884812358 -7.567852593996914 11.75
      vertex 0.5253288904374106 -6.616796077701761 10.75
    endloop
  endfacet
  facet normal -0.08871146204370119 0.7022235297511813 0.7064080908128536
    outer loop
      vertex 0.16953440272914716 -7.694672166756334 11.75
      vertex 0.3185482347957322 -6.6698883262387705 10.75
      vertex 0.10674388319983341 -6.696645438328062 10.75
    endloop
  endfacet
  facet normal -0.17602389133730842 0.6855677930829382 0.7064080908128537
    outer loop
      vertex 0.5059295493814571 -7.652175576967459 11.75
      vertex 0.5253288904374106 -6.616796077701761 10.75
      vertex 0.3185482347957322 -6.6698883262387705 10.75
    endloop
  endfacet
  facet normal -0.26056031871295626 0.6581002427794281 0.7064080908128534
    outer loop
      vertex 0.5253288904374106 -6.616796077701761 10.75
      vertex 0.834345884812358 -7.567852593996914 11.75
      vertex 0.7238247956606232 -6.5382059891922335 10.75
    endloop
  endfacet
  facet normal -0.3409875542113078 0.6202540585172575 0.7064080908128536
    outer loop
      vertex 1.1496040872256956 -7.4430330416582535 11.75
      vertex 0.9109055514642936 -6.4353574733534264 10.75
      vertex 0.7238247956606232 -6.5382059891922335 10.75
    endloop
  endfacet
  facet normal -0.2605603187129539 0.6581002427794288 0.7064080908128537
    outer loop
      vertex 0.834345884812358 -7.567852593996914 11.75
      vertex 1.1496040872256956 -7.4430330416582535 11.75
      vertex 0.7238247956606232 -6.5382059891922335 10.75
    endloop
  endfacet
  facet normal -0.4160372122836573 0.572626097230455 0.7064080908128536
    outer loop
      vertex 0.9109055514642936 -6.4353574733534264 10.75
      vertex 1.44673234644329 -7.279685398855442 11.75
      vertex 1.083620782572773 -6.309872512718842 10.75
    endloop
  endfacet
  facet normal -0.4845257149897114 0.5159674803200766 0.7064080908128533
    outer loop
      vertex 1.083620782572773 -6.309872512718842 10.75
      vertex 1.721044772321463 -7.08038575549463 11.75
      vertex 1.2392466666164 -6.16373008007877 10.75
    endloop
  endfacet
  facet normal -0.5453729577287417 0.4511717480210203 0.7064080908128537
    outer loop
      vertex 1.2392466666164 -6.16373008007877 10.75
      vertex 1.9682152940378117 -6.84827718600746 11.75
      vertex 1.3753288904374108 -5.999234928897204 10.75
    endloop
  endfacet
  facet normal -0.5976193431343778 0.37926076773873385 0.7064080908128536
    outer loop
      vertex 2.1843458848123585 -6.587020181189677 11.75
      vertex 1.4897213560745681 -5.818981245972916 10.75
      vertex 1.3753288904374108 -5.999234928897204 10.75
    endloop
  endfacet
  facet normal -0.34098755421130866 0.6202540585172571 0.7064080908128536
    outer loop
      vertex 1.1496040872256956 -7.4430330416582535 11.75
      vertex 1.44673234644329 -7.279685398855442 11.75
      vertex 0.9109055514642936 -6.4353574733534264 10.75
    endloop
  endfacet
  facet normal -0.4160372122836588 0.5726260972304539 0.7064080908128534
    outer loop
      vertex 1.083620782572773 -6.309872512718842 10.75
      vertex 1.44673234644329 -7.279685398855442 11.75
      vertex 1.721044772321463 -7.08038575549463 11.75
    endloop
  endfacet
  facet normal -0.48452571498970876 0.5159674803200783 0.7064080908128538
    outer loop
      vertex 1.2392466666164 -6.16373008007877 10.75
      vertex 1.721044772321463 -7.08038575549463 11.75
      vertex 1.9682152940378117 -6.84827718600746 11.75
    endloop
  endfacet
  facet normal -0.545372957728742 0.45117174802102017 0.7064080908128537
    outer loop
      vertex 1.9682152940378117 -6.84827718600746 11.75
      vertex 2.1843458848123585 -6.587020181189677 11.75
      vertex 1.3753288904374108 -5.999234928897204 10.75
    endloop
  endfacet
  facet normal -0.5976193431343781 0.37926076773873363 0.7064080908128536
    outer loop
      vertex 2.1843458848123585 -6.587020181189677 11.75
      vertex 2.3660280361184314 -6.300734920074632 11.75
      vertex 1.4897213560745681 -5.818981245972916 10.75
    endloop
  endfacet
  facet normal -0.6404409144982932 0.30136861858980774 0.7064080908128536
    outer loop
      vertex 1.4897213560745681 -5.818981245972916 10.75
      vertex 2.3660280361184314 -6.300734920074632 11.75
      vertex 1.5806200260100272 -5.625811739563954 10.75
    endloop
  endfacet
  facet normal -0.6731623500597137 0.21872370629683166 0.7064080908128536
    outer loop
      vertex 1.5806200260100272 -5.625811739563954 10.75
      vertex 2.5103965118982785 -5.993936292248632 11.75
      vertex 1.6465913739186733 -5.422772808180253 10.75
    endloop
  endfacet
  facet normal -0.6952676132329959 0.1326293904963464 0.7064080908128534
    outer loop
      vertex 1.6465913739186733 -5.422772808180253 10.75
      vertex 2.6151745350473043 -5.671462695345107 11.75
      vertex 1.6865949922346126 -5.213066497059317 10.75
    endloop
  endfacet
  facet normal -0.7064080908128536 0.04444342997877634 0.7064080908128537
    outer loop
      vertex 1.6865949922346126 -5.213066497059317 10.75
      vertex 2.6787096935490906 -5.338399730623621 11.75
      vertex 1.7000000000000002 -5 10.75
    endloop
  endfacet
  facet normal -0.6404409144982934 0.30136861858980746 0.7064080908128536
    outer loop
      vertex 1.5806200260100272 -5.625811739563954 10.75
      vertex 2.3660280361184314 -6.300734920074632 11.75
      vertex 2.5103965118982785 -5.993936292248632 11.75
    endloop
  endfacet
  facet normal -0.6731623500597139 0.21872370629683102 0.7064080908128536
    outer loop
      vertex 1.6465913739186733 -5.422772808180253 10.75
      vertex 2.5103965118982785 -5.993936292248632 11.75
      vertex 2.6151745350473043 -5.671462695345107 11.75
    endloop
  endfacet
  facet normal -0.6952676132329958 0.13262939049634712 0.7064080908128536
    outer loop
      vertex 1.6865949922346126 -5.213066497059317 10.75
      vertex 2.6151745350473043 -5.671462695345107 11.75
      vertex 2.6787096935490906 -5.338399730623621 11.75
    endloop
  endfacet
  facet normal -0.7064080908128535 0.04444342997877613 0.7064080908128535
    outer loop
      vertex 2.6787096935490906 -5.338399730623621 11.75
      vertex 2.7 -5 11.75
      vertex 1.7000000000000002 -5 10.75
    endloop
  endfacet
  facet normal -0.1253332335643065 0.9921147013144777 0
    outer loop
      vertex 0.16953440272914716 -7.694672166756334 11.75
      vertex 0.16953440272914716 -7.694672166756334 17.25
      vertex 0.5059295493814571 -7.652175576967459 11.75
    endloop
  endfacet
  facet normal -0.2486898871648563 0.9685831611286307 0
    outer loop
      vertex 0.5059295493814571 -7.652175576967459 11.75
      vertex 0.5059295493814571 -7.652175576967459 17.25
      vertex 0.834345884812358 -7.567852593996914 11.75
    endloop
  endfacet
  facet normal -0.36812455268467514 0.9297764858882526 0
    outer loop
      vertex 0.834345884812358 -7.567852593996914 11.75
      vertex 0.834345884812358 -7.567852593996914 17.25
      vertex 1.1496040872256956 -7.4430330416582535 11.75
    endloop
  endfacet
  facet normal -0.4817536741017152 0.8763066800438637 0
    outer loop
      vertex 1.1496040872256956 -7.4430330416582535 11.75
      vertex 1.1496040872256956 -7.4430330416582535 17.25
      vertex 1.44673234644329 -7.279685398855442 11.75
    endloop
  endfacet
  facet normal 0 1 0
    outer loop
      vertex 0.16953440272914716 -7.694672166756334 11.75
      vertex -0.16953440272914716 -7.694672166756334 17.25
      vertex 0.16953440272914716 -7.694672166756334 17.25
    endloop
  endfacet
  facet normal -0.1253332335643065 0.9921147013144777 0
    outer loop
      vertex 0.5059295493814571 -7.652175576967459 11.75
      vertex 0.16953440272914716 -7.694672166756334 17.25
      vertex 0.5059295493814571 -7.652175576967459 17.25
    endloop
  endfacet
  facet normal -0.2486898871648563 0.9685831611286307 0
    outer loop
      vertex 0.834345884812358 -7.567852593996914 11.75
      vertex 0.5059295493814571 -7.652175576967459 17.25
      vertex 0.834345884812358 -7.567852593996914 17.25
    endloop
  endfacet
  facet normal -0.36812455268467514 0.9297764858882526 0
    outer loop
      vertex 1.1496040872256956 -7.4430330416582535 11.75
      vertex 0.834345884812358 -7.567852593996914 17.25
      vertex 1.1496040872256956 -7.4430330416582535 17.25
    endloop
  endfacet
  facet normal -0.4817536741017152 0.8763066800438637 0
    outer loop
      vertex 1.44673234644329 -7.279685398855442 11.75
      vertex 1.1496040872256956 -7.4430330416582535 17.25
      vertex 1.44673234644329 -7.279685398855442 17.25
    endloop
  endfacet
  facet normal -0.5877852522924742 0.8090169943749466 0
    outer loop
      vertex 1.44673234644329 -7.279685398855442 11.75
      vertex 1.44673234644329 -7.279685398855442 17.25
      vertex 1.721044772321463 -7.08038575549463 11.75
    endloop
  endfacet
  facet normal -0.6845471059286874 0.7289686274214126 0
    outer loop
      vertex 1.721044772321463 -7.08038575549463 11.75
      vertex 1.721044772321463 -7.08038575549463 17.25
      vertex 1.9682152940378117 -6.84827718600746 11.75
    endloop
  endfacet
  facet normal -0.7705132427757898 0.6374239897486891 0
    outer loop
      vertex 1.9682152940378117 -6.84827718600746 11.75
      vertex 1.9682152940378117 -6.84827718600746 17.25
      vertex 2.1843458848123585 -6.587020181189677 11.75
    endloop
  endfacet
  facet normal -0.8443279255020154 0.535826794978996 0
    outer loop
      vertex 2.1843458848123585 -6.587020181189677 11.75
      vertex 2.1843458848123585 -6.587020181189677 17.25
      vertex 2.3660280361184314 -6.300734920074632 11.75
    endloop
  endfacet
  facet normal -0.5877852522924742 0.8090169943749466 0
    outer loop
      vertex 1.721044772321463 -7.08038575549463 11.75
      vertex 1.44673234644329 -7.279685398855442 17.25
      vertex 1.721044772321463 -7.08038575549463 17.25
    endloop
  endfacet
  facet normal -0.6845471059286874 0.7289686274214126 0
    outer loop
      vertex 1.9682152940378117 -6.84827718600746 11.75
      vertex 1.721044772321463 -7.08038575549463 17.25
      vertex 1.9682152940378117 -6.84827718600746 17.25
    endloop
  endfacet
  facet normal -0.7705132427757898 0.6374239897486891 0
    outer loop
      vertex 2.1843458848123585 -6.587020181189677 11.75
      vertex 1.9682152940378117 -6.84827718600746 17.25
      vertex 2.1843458848123585 -6.587020181189677 17.25
    endloop
  endfacet
  facet normal -0.904827052466019 0.4257792915650739 0
    outer loop
      vertex 2.3660280361184314 -6.300734920074632 11.75
      vertex 2.3660280361184314 -6.300734920074632 17.25
      vertex 2.5103965118982785 -5.993936292248632 11.75
    endloop
  endfacet
  facet normal -0.9510565162951539 0.30901699437494673 0
    outer loop
      vertex 2.5103965118982785 -5.993936292248632 11.75
      vertex 2.5103965118982785 -5.993936292248632 17.25
      vertex 2.6151745350473043 -5.671462695345107 11.75
    endloop
  endfacet
  facet normal -0.9822872507286885 0.18738131458572538 0
    outer loop
      vertex 2.6151745350473043 -5.671462695345107 11.75
      vertex 2.6151745350473043 -5.671462695345107 17.25
      vertex 2.6787096935490906 -5.338399730623621 11.75
    endloop
  endfacet
  facet normal -0.9980267284282716 0.06279051952931261 0
    outer loop
      vertex 2.6787096935490906 -5.338399730623621 11.75
      vertex 2.6787096935490906 -5.338399730623621 17.25
      vertex 2.7 -5 11.75
    endloop
  endfacet
  facet normal -0.8443279255020154 0.535826794978996 0
    outer loop
      vertex 2.3660280361184314 -6.300734920074632 11.75
      vertex 2.1843458848123585 -6.587020181189677 17.25
      vertex 2.3660280361184314 -6.300734920074632 17.25
    endloop
  endfacet
  facet normal -0.904827052466019 0.4257792915650739 0
    outer loop
      vertex 2.5103965118982785 -5.993936292248632 11.75
      vertex 2.3660280361184314 -6.300734920074632 17.25
      vertex 2.5103965118982785 -5.993936292248632 17.25
    endloop
  endfacet
  facet normal -0.9510565162951539 0.30901699437494673 0
    outer loop
      vertex 2.6151745350473043 -5.671462695345107 11.75
      vertex 2.5103965118982785 -5.993936292248632 17.25
      vertex 2.6151745350473043 -5.671462695345107 17.25
    endloop
  endfacet
  facet normal -0.9822872507286885 0.18738131458572538 0
    outer loop
      vertex 2.6787096935490906 -5.338399730623621 11.75
      vertex 2.6151745350473043 -5.671462695345107 17.25
      vertex 2.6787096935490906 -5.338399730623621 17.25
    endloop
  endfacet
  facet normal -0.9980267284282716 0.06279051952931261 0
    outer loop
      vertex 2.7 -5 11.75
      vertex 2.6787096935490906 -5.338399730623621 17.25
      vertex 2.7 -5 17.25
    endloop
  endfacet
  facet normal 0 -0.7078047818672457 0.7064080908128537
    outer loop
      vertex -0.10674388319983256 -3.3033545616719384 10.75
      vertex 0.1067438831998334 -3.3033545616719384 10.75
      vertex 0.16953440272914716 -2.3053278332436666 11.75
    endloop
  endfacet
  facet normal -0.17602389133730983 -0.685567793082938 0.7064080908128536
    outer loop
      vertex 0.3185482347957322 -3.3301116737612295 10.75
      vertex 0.5253288904374106 -3.383203922298239 10.75
      vertex 0.834345884812358 -2.4321474060030854 11.75
    endloop
  endfacet
  facet normal -0.08871146204369973 -0.7022235297511814 0.7064080908128536
    outer loop
      vertex 0.3185482347957322 -3.3301116737612295 10.75
      vertex 0.5059295493814571 -2.3478244230325407 11.75
      vertex 0.1067438831998334 -3.3033545616719384 10.75
    endloop
  endfacet
  facet normal -0.26056031871295493 -0.6581002427794285 0.7064080908128535
    outer loop
      vertex 0.5253288904374106 -3.383203922298239 10.75
      vertex 0.7238247956606232 -3.4617940108077665 10.75
      vertex 1.1496040872256956 -2.556966958341747 11.75
    endloop
  endfacet
  facet normal -0.34098755421130916 -0.6202540585172568 0.7064080908128537
    outer loop
      vertex 0.7238247956606232 -3.4617940108077665 10.75
      vertex 0.9109055514642943 -3.5646425266465744 10.75
      vertex 1.44673234644329 -2.7203146011445587 11.75
    endloop
  endfacet
  facet normal -0.26056031871295543 -0.658100242779428 0.7064080908128536
    outer loop
      vertex 0.5253288904374106 -3.383203922298239 10.75
      vertex 1.1496040872256956 -2.556966958341747 11.75
      vertex 0.834345884812358 -2.4321474060030854 11.75
    endloop
  endfacet
  facet normal -0.3409875542113087 -0.6202540585172571 0.7064080908128536
    outer loop
      vertex 0.7238247956606232 -3.4617940108077665 10.75
      vertex 1.44673234644329 -2.7203146011445587 11.75
      vertex 1.1496040872256956 -2.556966958341747 11.75
    endloop
  endfacet
  facet normal -0.7064080908128536 -0.04444342997877634 0.7064080908128536
    outer loop
      vertex 1.6865949922346126 -4.786933502940683 10.75
      vertex 1.7000000000000002 -5 10.75
      vertex 2.7 -5 11.75
    endloop
  endfacet
  facet normal -0.6952676132329959 -0.1326293904963464 0.7064080908128536
    outer loop
      vertex 1.6865949922346126 -4.786933502940683 10.75
      vertex 2.6787096935490906 -4.661600269376379 11.75
      vertex 1.6465913739186733 -4.577227191819747 10.75
    endloop
  endfacet
  facet normal -0.6731623500597138 -0.21872370629683172 0.7064080908128535
    outer loop
      vertex 1.6465913739186733 -4.577227191819747 10.75
      vertex 2.6151745350473043 -4.328537304654893 11.75
      vertex 1.5806200260100272 -4.374188260436046 10.75
    endloop
  endfacet
  facet normal -0.6404409144982933 -0.3013686185898078 0.7064080908128536
    outer loop
      vertex 1.5806200260100272 -4.374188260436046 10.75
      vertex 2.5103965118982785 -4.006063707751368 11.75
      vertex 1.4897213560745681 -4.181018754027084 10.75
    endloop
  endfacet
  facet normal -0.5976193431343778 -0.37926076773873385 0.7064080908128536
    outer loop
      vertex 1.4897213560745681 -4.181018754027084 10.75
      vertex 2.3660280361184314 -3.699265079925368 11.75
      vertex 1.3753288904374108 -4.000765071102796 10.75
    endloop
  endfacet
  facet normal -0.6731623500597138 -0.21872370629683102 0.7064080908128536
    outer loop
      vertex 1.5806200260100272 -4.374188260436046 10.75
      vertex 2.6151745350473043 -4.328537304654893 11.75
      vertex 2.5103965118982785 -4.006063707751368 11.75
    endloop
  endfacet
  facet normal -0.6404409144982934 -0.30136861858980746 0.7064080908128536
    outer loop
      vertex 1.4897213560745681 -4.181018754027084 10.75
      vertex 2.5103965118982785 -4.006063707751368 11.75
      vertex 2.3660280361184314 -3.699265079925368 11.75
    endloop
  endfacet
  facet normal -0.41603721228365853 -0.5726260972304537 0.7064080908128537
    outer loop
      vertex 1.0836207825727728 -3.690127487281159 10.75
      vertex 1.721044772321463 -2.9196142445053694 11.75
      vertex 0.9109055514642943 -3.5646425266465744 10.75
    endloop
  endfacet
  facet normal -0.5453729577287418 -0.4511717480210204 0.7064080908128538
    outer loop
      vertex 1.2392466666164 -3.8362699199212296 10.75
      vertex 1.3753288904374108 -4.000765071102796 10.75
      vertex 2.1843458848123585 -3.4129798188103226 11.75
    endloop
  endfacet
  facet normal -0.48452571498970914 -0.5159674803200781 0.7064080908128536
    outer loop
      vertex 1.0836207825727728 -3.690127487281159 10.75
      vertex 1.2392466666164 -3.8362699199212296 10.75
      vertex 1.9682152940378117 -3.151722813992541 11.75
    endloop
  endfacet
  facet normal -0.41603721228365753 -0.5726260972304547 0.7064080908128535
    outer loop
      vertex 0.9109055514642943 -3.5646425266465744 10.75
      vertex 1.721044772321463 -2.9196142445053694 11.75
      vertex 1.44673234644329 -2.7203146011445587 11.75
    endloop
  endfacet
  facet normal -0.48452571498970975 -0.5159674803200773 0.7064080908128537
    outer loop
      vertex 1.0836207825727728 -3.690127487281159 10.75
      vertex 1.9682152940378117 -3.151722813992541 11.75
      vertex 1.721044772321463 -2.9196142445053694 11.75
    endloop
  endfacet
  facet normal -0.5453729577287416 -0.4511717480210207 0.7064080908128536
    outer loop
      vertex 1.2392466666164 -3.8362699199212296 10.75
      vertex 2.1843458848123585 -3.4129798188103226 11.75
      vertex 1.9682152940378117 -3.151722813992541 11.75
    endloop
  endfacet
  facet normal -0.597619343134378 -0.37926076773873363 0.7064080908128537
    outer loop
      vertex 1.3753288904374108 -4.000765071102796 10.75
      vertex 2.3660280361184314 -3.699265079925368 11.75
      vertex 2.1843458848123585 -3.4129798188103226 11.75
    endloop
  endfacet
  facet normal -0.08871146204369959 -0.7022235297511814 0.7064080908128536
    outer loop
      vertex 0.1067438831998334 -3.3033545616719384 10.75
      vertex 0.5059295493814571 -2.3478244230325407 11.75
      vertex 0.16953440272914716 -2.3053278332436666 11.75
    endloop
  endfacet
  facet normal -0.17602389133731008 -0.6855677930829378 0.7064080908128536
    outer loop
      vertex 0.3185482347957322 -3.3301116737612295 10.75
      vertex 0.834345884812358 -2.4321474060030854 11.75
      vertex 0.5059295493814571 -2.3478244230325407 11.75
    endloop
  endfacet
  facet normal -0.7064080908128535 -0.04444342997877613 0.7064080908128535
    outer loop
      vertex 1.6865949922346126 -4.786933502940683 10.75
      vertex 2.7 -5 11.75
      vertex 2.6787096935490906 -4.661600269376379 11.75
    endloop
  endfacet
  facet normal -0.6952676132329959 -0.13262939049634712 0.7064080908128535
    outer loop
      vertex 1.6465913739186733 -4.577227191819747 10.75
      vertex 2.6787096935490906 -4.661600269376379 11.75
      vertex 2.6151745350473043 -4.328537304654893 11.75
    endloop
  endfacet
  facet normal -0.5877852522924726 -0.8090169943749479 0
    outer loop
      vertex 1.44673234644329 -2.7203146011445587 11.75
      vertex 1.721044772321463 -2.9196142445053694 11.75
      vertex 1.721044772321463 -2.9196142445053694 17.25
    endloop
  endfacet
  facet normal -0.7705132427757893 -0.6374239897486896 0
    outer loop
      vertex 1.9682152940378117 -3.151722813992541 11.75
      vertex 2.1843458848123585 -3.4129798188103226 11.75
      vertex 2.1843458848123585 -3.4129798188103226 17.25
    endloop
  endfacet
  facet normal -0.6845471059286888 -0.7289686274214113 0
    outer loop
      vertex 1.9682152940378117 -3.151722813992541 11.75
      vertex 1.9682152940378117 -3.151722813992541 17.25
      vertex 1.721044772321463 -2.9196142445053694 11.75
    endloop
  endfacet
  facet normal -0.5877852522924726 -0.8090169943749479 0
    outer loop
      vertex 1.44673234644329 -2.7203146011445587 11.75
      vertex 1.721044772321463 -2.9196142445053694 17.25
      vertex 1.44673234644329 -2.7203146011445587 17.25
    endloop
  endfacet
  facet normal -0.8443279255020154 -0.535826794978996 0
    outer loop
      vertex 2.1843458848123585 -3.4129798188103226 11.75
      vertex 2.3660280361184314 -3.699265079925368 17.25
      vertex 2.1843458848123585 -3.4129798188103226 17.25
    endloop
  endfacet
  facet normal -0.6845471059286888 -0.7289686274214113 0
    outer loop
      vertex 1.721044772321463 -2.9196142445053694 11.75
      vertex 1.9682152940378117 -3.151722813992541 17.25
      vertex 1.721044772321463 -2.9196142445053694 17.25
    endloop
  endfacet
  facet normal -0.7705132427757893 -0.6374239897486896 0
    outer loop
      vertex 1.9682152940378117 -3.151722813992541 11.75
      vertex 2.1843458848123585 -3.4129798188103226 17.25
      vertex 1.9682152940378117 -3.151722813992541 17.25
    endloop
  endfacet
  facet normal 0 -1 0
    outer loop
      vertex -0.16953440272914716 -2.3053278332436666 11.75
      vertex 0.16953440272914716 -2.3053278332436666 11.75
      vertex 0.16953440272914716 -2.3053278332436666 17.25
    endloop
  endfacet
  facet normal -0.12533323356430523 -0.9921147013144778 0
    outer loop
      vertex 0.16953440272914716 -2.3053278332436666 11.75
      vertex 0.5059295493814571 -2.3478244230325407 11.75
      vertex 0.5059295493814571 -2.3478244230325407 17.25
    endloop
  endfacet
  facet normal -0.24868988716485504 -0.968583161128631 0
    outer loop
      vertex 0.5059295493814571 -2.3478244230325407 11.75
      vertex 0.834345884812358 -2.4321474060030854 11.75
      vertex 0.834345884812358 -2.4321474060030854 17.25
    endloop
  endfacet
  facet normal -0.3681245526846774 -0.9297764858882517 0
    outer loop
      vertex 0.834345884812358 -2.4321474060030854 11.75
      vertex 1.1496040872256956 -2.556966958341747 11.75
      vertex 1.1496040872256956 -2.556966958341747 17.25
    endloop
  endfacet
  facet normal -0.4817536741017152 -0.8763066800438637 0
    outer loop
      vertex 1.1496040872256956 -2.556966958341747 11.75
      vertex 1.44673234644329 -2.7203146011445587 11.75
      vertex 1.44673234644329 -2.7203146011445587 17.25
    endloop
  endfacet
  facet normal -0.12533323356430523 -0.9921147013144778 0
    outer loop
      vertex 0.16953440272914716 -2.3053278332436666 11.75
      vertex 0.5059295493814571 -2.3478244230325407 17.25
      vertex 0.16953440272914716 -2.3053278332436666 17.25
    endloop
  endfacet
  facet normal -0.24868988716485504 -0.968583161128631 0
    outer loop
      vertex 0.5059295493814571 -2.3478244230325407 11.75
      vertex 0.834345884812358 -2.4321474060030854 17.25
      vertex 0.5059295493814571 -2.3478244230325407 17.25
    endloop
  endfacet
  facet normal -0.3681245526846774 -0.9297764858882517 0
    outer loop
      vertex 0.834345884812358 -2.4321474060030854 11.75
      vertex 1.1496040872256956 -2.556966958341747 17.25
      vertex 0.834345884812358 -2.4321474060030854 17.25
    endloop
  endfacet
  facet normal -0.4817536741017152 -0.8763066800438637 0
    outer loop
      vertex 1.1496040872256956 -2.556966958341747 11.75
      vertex 1.44673234644329 -2.7203146011445587 17.25
      vertex 1.1496040872256956 -2.556966958341747 17.25
    endloop
  endfacet
  facet normal -0.9980267284282716 -0.06279051952931261 0
    outer loop
      vertex 2.7 -5 11.75
      vertex 2.7 -5 17.25
      vertex 2.6787096935490906 -4.661600269376379 11.75
    endloop
  endfacet
  facet normal -0.9822872507286885 -0.18738131458572538 0
    outer loop
      vertex 2.6787096935490906 -4.661600269376379 11.75
      vertex 2.6787096935490906 -4.661600269376379 17.25
      vertex 2.6151745350473043 -4.328537304654893 11.75
    endloop
  endfacet
  facet normal -0.904827052466019 -0.4257792915650739 0
    outer loop
      vertex 2.5103965118982785 -4.006063707751368 11.75
      vertex 2.5103965118982785 -4.006063707751368 17.25
      vertex 2.3660280361184314 -3.699265079925368 11.75
    endloop
  endfacet
  facet normal -0.9510565162951539 -0.30901699437494673 0
    outer loop
      vertex 2.6151745350473043 -4.328537304654893 11.75
      vertex 2.6151745350473043 -4.328537304654893 17.25
      vertex 2.5103965118982785 -4.006063707751368 11.75
    endloop
  endfacet
  facet normal -0.8443279255020154 -0.535826794978996 0
    outer loop
      vertex 2.3660280361184314 -3.699265079925368 11.75
      vertex 2.3660280361184314 -3.699265079925368 17.25
      vertex 2.1843458848123585 -3.4129798188103226 11.75
    endloop
  endfacet
  facet normal -0.9980267284282716 -0.06279051952931261 0
    outer loop
      vertex 2.6787096935490906 -4.661600269376379 11.75
      vertex 2.7 -5 17.25
      vertex 2.6787096935490906 -4.661600269376379 17.25
    endloop
  endfacet
  facet normal -0.9822872507286885 -0.18738131458572538 0
    outer loop
      vertex 2.6151745350473043 -4.328537304654893 11.75
      vertex 2.6787096935490906 -4.661600269376379 17.25
      vertex 2.6151745350473043 -4.328537304654893 17.25
    endloop
  endfacet
  facet normal -0.9510565162951539 -0.30901699437494673 0
    outer loop
      vertex 2.5103965118982785 -4.006063707751368 11.75
      vertex 2.6151745350473043 -4.328537304654893 17.25
      vertex 2.5103965118982785 -4.006063707751368 17.25
    endloop
  endfacet
  facet normal -0.904827052466019 -0.4257792915650739 0
    outer loop
      vertex 2.3660280361184314 -3.699265079925368 11.75
      vertex 2.5103965118982785 -4.006063707751368 17.25
      vertex 2.3660280361184314 -3.699265079925368 17.25
    endloop
  endfacet
  facet normal 0.6845471059286896 0.7289686274214107 5.0666663896169814e-17
    outer loop
      vertex -1.2392466666164 -6.16373008007877 10.75
      vertex -1.0836207825727724 -6.309872512718842 7.75
      vertex -1.2392466666163997 -6.16373008007877 7.75
    endloop
  endfacet
  facet normal 0.6845471059286891 0.7289686274214111 0
    outer loop
      vertex -1.2392466666164 -6.16373008007877 10.75
      vertex -1.0836207825727724 -6.309872512718842 10.75
      vertex -1.0836207825727724 -6.309872512718842 7.75
    endloop
  endfacet
  facet normal 0.9980267284282716 0.06279051952931289 0
    outer loop
      vertex -1.7 -5 10.75
      vertex -1.6865949922346124 -5.213066497059317 7.75
      vertex -1.7 -5 7.75
    endloop
  endfacet
  facet normal 0.8443279255020153 0.5358267949789964 6.249282021508876e-17
    outer loop
      vertex -1.4897213560745681 -5.818981245972916 10.75
      vertex -1.3753288904374106 -5.999234928897204 7.75
      vertex -1.489721356074568 -5.818981245972916 7.75
    endloop
  endfacet
  facet normal 0.9048270524660195 0.4257792915650727 0
    outer loop
      vertex -1.5806200260100274 -5.625811739563952 10.75
      vertex -1.489721356074568 -5.818981245972916 7.75
      vertex -1.5806200260100274 -5.625811739563952 7.75
    endloop
  endfacet
  facet normal 0.7705132427757896 0.6374239897486893 0
    outer loop
      vertex -1.3753288904374106 -5.999234928897204 10.75
      vertex -1.2392466666163997 -6.16373008007877 7.75
      vertex -1.3753288904374106 -5.999234928897204 7.75
    endloop
  endfacet
  facet normal 0.9510565162951532 0.30901699437494845 0
    outer loop
      vertex -1.6465913739186728 -5.4227728081802535 10.75
      vertex -1.5806200260100274 -5.625811739563952 7.75
      vertex -1.6465913739186728 -5.4227728081802535 7.75
    endloop
  endfacet
  facet normal 0.9822872507286887 0.18738131458572466 0
    outer loop
      vertex -1.6865949922346124 -5.213066497059317 10.75
      vertex -1.6465913739186728 -5.4227728081802535 7.75
      vertex -1.6865949922346124 -5.213066497059317 7.75
    endloop
  endfacet
  facet normal 0.9980267284282716 0.06279051952931289 0
    outer loop
      vertex -1.6865949922346124 -5.213066497059317 10.75
      vertex -1.6865949922346124 -5.213066497059317 7.75
      vertex -1.7 -5 10.75
    endloop
  endfacet
  facet normal 0.8443279255020147 0.5358267949789971 0
    outer loop
      vertex -1.3753288904374106 -5.999234928897204 10.75
      vertex -1.3753288904374106 -5.999234928897204 7.75
      vertex -1.4897213560745681 -5.818981245972916 10.75
    endloop
  endfacet
  facet normal 0.9048270524660199 0.4257792915650719 6.697065513009932e-17
    outer loop
      vertex -1.4897213560745681 -5.818981245972916 10.75
      vertex -1.489721356074568 -5.818981245972916 7.75
      vertex -1.5806200260100274 -5.625811739563952 10.75
    endloop
  endfacet
  facet normal 0.7705132427757901 0.6374239897486886 5.958798344763859e-17
    outer loop
      vertex -1.3753288904374106 -5.999234928897204 10.75
      vertex -1.2392466666164 -6.16373008007877 10.75
      vertex -1.2392466666163997 -6.16373008007877 7.75
    endloop
  endfacet
  facet normal 0.9510565162951532 0.30901699437494845 0
    outer loop
      vertex -1.5806200260100274 -5.625811739563952 10.75
      vertex -1.5806200260100274 -5.625811739563952 7.75
      vertex -1.6465913739186728 -5.4227728081802535 10.75
    endloop
  endfacet
  facet normal 0.9822872507286887 0.18738131458572466 0
    outer loop
      vertex -1.6465913739186728 -5.4227728081802535 10.75
      vertex -1.6465913739186728 -5.4227728081802535 7.75
      vertex -1.6865949922346124 -5.213066497059317 10.75
    endloop
  endfacet
  facet normal 0.48175367410171527 0.8763066800438636 1.782846737284961e-17
    outer loop
      vertex -0.9109055514642946 -6.435357473353426 10.75
      vertex -0.7238247956606231 -6.5382059891922335 7.75
      vertex -0.9109055514642945 -6.435357473353426 7.75
    endloop
  endfacet
  facet normal 0.5877852522924729 0.8090169943749477 0
    outer loop
      vertex -1.0836207825727724 -6.309872512718842 10.75
      vertex -0.9109055514642945 -6.435357473353426 7.75
      vertex -1.0836207825727724 -6.309872512718842 7.75
    endloop
  endfacet
  facet normal 0.368124552684675 0.9297764858882526 0
    outer loop
      vertex -0.7238247956606231 -6.5382059891922335 10.75
      vertex -0.5253288904374106 -6.6167960777017605 7.75
      vertex -0.7238247956606231 -6.5382059891922335 7.75
    endloop
  endfacet
  facet normal 0 1 0
    outer loop
      vertex -0.10674388319983341 -6.696645438328062 10.75
      vertex 0.1067438831998334 -6.696645438328062 7.75
      vertex -0.1067438831998334 -6.696645438328062 7.75
    endloop
  endfacet
  facet normal 0.24868988716485654 0.9685831611286306 2.8675822046645964e-16
    outer loop
      vertex -0.5253288904374106 -6.616796077701761 10.75
      vertex -0.3185482347957322 -6.6698883262387705 7.75
      vertex -0.5253288904374106 -6.6167960777017605 7.75
    endloop
  endfacet
  facet normal 0.12533323356430742 0.9921147013144774 2.3191306942302764e-18
    outer loop
      vertex -0.31854823479573224 -6.6698883262387705 10.75
      vertex -0.1067438831998334 -6.696645438328062 7.75
      vertex -0.3185482347957322 -6.6698883262387705 7.75
    endloop
  endfacet
  facet normal 0.5877852522924731 0.8090169943749475 2.175242402100701e-17
    outer loop
      vertex -0.9109055514642946 -6.435357473353426 10.75
      vertex -0.9109055514642945 -6.435357473353426 7.75
      vertex -1.0836207825727724 -6.309872512718842 10.75
    endloop
  endfacet
  facet normal 0.481753674101715 0.8763066800438637 0
    outer loop
      vertex -0.9109055514642946 -6.435357473353426 10.75
      vertex -0.7238247956606231 -6.5382059891922335 10.75
      vertex -0.7238247956606231 -6.5382059891922335 7.75
    endloop
  endfacet
  facet normal 0.3681245526846786 0.9297764858882512 2.7356301491870463e-16
    outer loop
      vertex -0.7238247956606231 -6.5382059891922335 10.75
      vertex -0.5253288904374106 -6.616796077701761 10.75
      vertex -0.5253288904374106 -6.6167960777017605 7.75
    endloop
  endfacet
  facet normal 0.12533323356430742 0.9921147013144775 5.797826735575691e-19
    outer loop
      vertex -0.10674388319983341 -6.696645438328062 10.75
      vertex -0.1067438831998334 -6.696645438328062 7.75
      vertex -0.31854823479573224 -6.6698883262387705 10.75
    endloop
  endfacet
  facet normal 0.24868988716485274 0.9685831611286317 5.417089404330788e-18
    outer loop
      vertex -0.5253288904374106 -6.616796077701761 10.75
      vertex -0.31854823479573224 -6.6698883262387705 10.75
      vertex -0.3185482347957322 -6.6698883262387705 7.75
    endloop
  endfacet
  facet normal 0.9980267284282716 -0.06279051952931289 0
    outer loop
      vertex -1.6865949922346124 -4.786933502940683 10.75
      vertex -1.7 -5 7.75
      vertex -1.6865949922346124 -4.786933502940683 7.75
    endloop
  endfacet
  facet normal 0.9822872507286887 -0.18738131458572466 0
    outer loop
      vertex -1.6465913739186728 -4.5772271918197465 10.75
      vertex -1.6865949922346124 -4.786933502940683 7.75
      vertex -1.6465913739186728 -4.5772271918197465 7.75
    endloop
  endfacet
  facet normal 0.9510565162951532 -0.30901699437494845 0
    outer loop
      vertex -1.5806200260100274 -4.374188260436048 10.75
      vertex -1.6465913739186728 -4.5772271918197465 7.75
      vertex -1.5806200260100274 -4.374188260436048 7.75
    endloop
  endfacet
  facet normal 0.9048270524660195 -0.4257792915650727 0
    outer loop
      vertex -1.489721356074568 -4.181018754027084 10.75
      vertex -1.5806200260100274 -4.374188260436048 7.75
      vertex -1.489721356074568 -4.181018754027084 7.75
    endloop
  endfacet
  facet normal 0.8443279255020153 -0.5358267949789964 0
    outer loop
      vertex -1.3753288904374106 -4.000765071102796 10.75
      vertex -1.489721356074568 -4.181018754027084 7.75
      vertex -1.3753288904374106 -4.000765071102796 7.75
    endloop
  endfacet
  facet normal 0.7705132427757896 -0.6374239897486893 0
    outer loop
      vertex -1.2392466666163997 -3.8362699199212296 10.75
      vertex -1.3753288904374106 -4.000765071102796 7.75
      vertex -1.2392466666163997 -3.8362699199212296 7.75
    endloop
  endfacet
  facet normal 0.9980267284282716 -0.06279051952931289 0
    outer loop
      vertex -1.7 -5 10.75
      vertex -1.7 -5 7.75
      vertex -1.6865949922346124 -4.786933502940683 10.75
    endloop
  endfacet
  facet normal 0.9822872507286887 -0.18738131458572466 0
    outer loop
      vertex -1.6865949922346124 -4.786933502940683 10.75
      vertex -1.6865949922346124 -4.786933502940683 7.75
      vertex -1.6465913739186728 -4.5772271918197465 10.75
    endloop
  endfacet
  facet normal 0.9510565162951532 -0.30901699437494845 0
    outer loop
      vertex -1.6465913739186728 -4.5772271918197465 10.75
      vertex -1.6465913739186728 -4.5772271918197465 7.75
      vertex -1.5806200260100274 -4.374188260436048 10.75
    endloop
  endfacet
  facet normal 0.9048270524660195 -0.4257792915650727 0
    outer loop
      vertex -1.5806200260100274 -4.374188260436048 10.75
      vertex -1.5806200260100274 -4.374188260436048 7.75
      vertex -1.489721356074568 -4.181018754027084 10.75
    endloop
  endfacet
  facet normal 0.8443279255020153 -0.5358267949789964 0
    outer loop
      vertex -1.489721356074568 -4.181018754027084 10.75
      vertex -1.489721356074568 -4.181018754027084 7.75
      vertex -1.3753288904374106 -4.000765071102796 10.75
    endloop
  endfacet
  facet normal 0.7705132427757896 -0.6374239897486893 0
    outer loop
      vertex -1.3753288904374106 -4.000765071102796 10.75
      vertex -1.3753288904374106 -4.000765071102796 7.75
      vertex -1.2392466666163997 -3.8362699199212296 10.75
    endloop
  endfacet
  facet normal 0.6845471059286896 -0.7289686274214107 0
    outer loop
      vertex -1.0836207825727724 -3.690127487281158 10.75
      vertex -1.2392466666163997 -3.8362699199212296 7.75
      vertex -1.0836207825727724 -3.690127487281158 7.75
    endloop
  endfacet
  facet normal 0.6845471059286896 -0.7289686274214107 0
    outer loop
      vertex -1.2392466666163997 -3.8362699199212296 10.75
      vertex -1.2392466666163997 -3.8362699199212296 7.75
      vertex -1.0836207825727724 -3.690127487281158 10.75
    endloop
  endfacet
  facet normal 0.5877852522924729 -0.8090169943749477 0
    outer loop
      vertex -0.9109055514642945 -3.5646425266465744 10.75
      vertex -1.0836207825727724 -3.690127487281158 7.75
      vertex -0.9109055514642945 -3.5646425266465744 7.75
    endloop
  endfacet
  facet normal 0.48175367410171477 -0.8763066800438639 4.0577110178089103e-17
    outer loop
      vertex -0.7238247956606231 -3.4617940108077665 10.75
      vertex -0.9109055514642945 -3.5646425266465744 7.75
      vertex -0.7238247956606236 -3.461794010807767 7.75
    endloop
  endfacet
  facet normal 0.3681245526846777 -0.9297764858882516 -1.362334514401219e-17
    outer loop
      vertex -0.5253288904374105 -3.383203922298239 10.75
      vertex -0.7238247956606236 -3.461794010807767 7.75
      vertex -0.5253288904374106 -3.383203922298239 7.75
    endloop
  endfacet
  facet normal 0.24868988716485413 -0.9685831611286313 0
    outer loop
      vertex -0.31854823479573174 -3.3301116737612295 10.75
      vertex -0.5253288904374106 -3.383203922298239 7.75
      vertex -0.31854823479573174 -3.3301116737612295 7.75
    endloop
  endfacet
  facet normal 0.12533323356430517 -0.9921147013144778 0
    outer loop
      vertex -0.10674388319983256 -3.3033545616719384 10.75
      vertex -0.31854823479573174 -3.3301116737612295 7.75
      vertex -0.10674388319983256 -3.3033545616719384 7.75
    endloop
  endfacet
  facet normal 0.5877852522924729 -0.8090169943749477 0
    outer loop
      vertex -1.0836207825727724 -3.690127487281158 10.75
      vertex -1.0836207825727724 -3.690127487281158 7.75
      vertex -0.9109055514642945 -3.5646425266465744 10.75
    endloop
  endfacet
  facet normal 0.48175367410171527 -0.8763066800438636 0
    outer loop
      vertex -0.9109055514642945 -3.5646425266465744 10.75
      vertex -0.9109055514642945 -3.5646425266465744 7.75
      vertex -0.7238247956606231 -3.4617940108077665 10.75
    endloop
  endfacet
  facet normal 0.3681245526846766 -0.9297764858882519 6.951784259836649e-17
    outer loop
      vertex -0.7238247956606231 -3.4617940108077665 10.75
      vertex -0.7238247956606236 -3.461794010807767 7.75
      vertex -0.5253288904374105 -3.383203922298239 10.75
    endloop
  endfacet
  facet normal 0.2486898871648542 -0.9685831611286313 -9.203374624061778e-18
    outer loop
      vertex -0.5253288904374105 -3.383203922298239 10.75
      vertex -0.5253288904374106 -3.383203922298239 7.75
      vertex -0.31854823479573174 -3.3301116737612295 10.75
    endloop
  endfacet
  facet normal 0.12533323356430517 -0.9921147013144778 0
    outer loop
      vertex -0.31854823479573174 -3.3301116737612295 10.75
      vertex -0.31854823479573174 -3.3301116737612295 7.75
      vertex -0.10674388319983256 -3.3033545616719384 10.75
    endloop
  endfacet
  facet normal 0 -1 0
    outer loop
      vertex -0.10674388319983256 -3.3033545616719384 10.75
      vertex -0.10674388319983256 -3.3033545616719384 7.75
      vertex 0.1067438831998334 -3.3033545616719384 10.75
    endloop
  endfacet
  facet normal -0.12533323356430742 0.9921147013144774 5.797826735575691e-19
    outer loop
      vertex 0.10674388319983341 -6.696645438328062 10.75
      vertex 0.3185482347957322 -6.6698883262387705 7.75
      vertex 0.1067438831998334 -6.696645438328062 7.75
    endloop
  endfacet
  facet normal -0.24868988716485654 0.9685831611286306 0
    outer loop
      vertex 0.3185482347957322 -6.6698883262387705 10.75
      vertex 0.5253288904374106 -6.6167960777017605 7.75
      vertex 0.3185482347957322 -6.6698883262387705 7.75
    endloop
  endfacet
  facet normal -0.368124552684675 0.9297764858882526 2.752691366368546e-16
    outer loop
      vertex 0.5253288904374106 -6.616796077701761 10.75
      vertex 0.7238247956606231 -6.5382059891922335 7.75
      vertex 0.5253288904374106 -6.6167960777017605 7.75
    endloop
  endfacet
  facet normal -0.48175367410171727 0.8763066800438626 1.7828467372849683e-17
    outer loop
      vertex 0.7238247956606232 -6.5382059891922335 10.75
      vertex 0.9109055514642935 -6.435357473353426 7.75
      vertex 0.7238247956606231 -6.5382059891922335 7.75
    endloop
  endfacet
  facet normal -0.5877852522924725 0.8090169943749479 2.6126956921250243e-16
    outer loop
      vertex 0.9109055514642936 -6.4353574733534264 10.75
      vertex 1.0836207825727728 -6.309872512718841 7.75
      vertex 0.9109055514642935 -6.435357473353426 7.75
    endloop
  endfacet
  facet normal 0 1 0
    outer loop
      vertex -0.10674388319983341 -6.696645438328062 10.75
      vertex 0.10674388319983341 -6.696645438328062 10.75
      vertex 0.1067438831998334 -6.696645438328062 7.75
    endloop
  endfacet
  facet normal -0.12533323356430742 0.9921147013144774 0
    outer loop
      vertex 0.10674388319983341 -6.696645438328062 10.75
      vertex 0.3185482347957322 -6.6698883262387705 10.75
      vertex 0.3185482347957322 -6.6698883262387705 7.75
    endloop
  endfacet
  facet normal -0.24868988716485269 0.9685831611286317 2.8710573842953174e-16
    outer loop
      vertex 0.3185482347957322 -6.6698883262387705 10.75
      vertex 0.5253288904374106 -6.616796077701761 10.75
      vertex 0.5253288904374106 -6.6167960777017605 7.75
    endloop
  endfacet
  facet normal -0.3681245526846784 0.9297764858882512 1.3542723510826954e-17
    outer loop
      vertex 0.5253288904374106 -6.616796077701761 10.75
      vertex 0.7238247956606232 -6.5382059891922335 10.75
      vertex 0.7238247956606231 -6.5382059891922335 7.75
    endloop
  endfacet
  facet normal -0.48175367410171405 0.8763066800438643 2.7627155962087016e-16
    outer loop
      vertex 0.7238247956606232 -6.5382059891922335 10.75
      vertex 0.9109055514642936 -6.4353574733534264 10.75
      vertex 0.9109055514642935 -6.435357473353426 7.75
    endloop
  endfacet
  facet normal -0.5877852522924722 0.8090169943749482 2.8168864902519866e-16
    outer loop
      vertex 0.9109055514642936 -6.4353574733534264 10.75
      vertex 1.083620782572773 -6.309872512718842 10.75
      vertex 1.0836207825727728 -6.309872512718841 7.75
    endloop
  endfacet
  facet normal -0.6845471059286884 0.7289686274214118 2.6648473173420936e-16
    outer loop
      vertex 1.083620782572773 -6.309872512718842 10.75
      vertex 1.2392466666163997 -6.16373008007877 7.75
      vertex 1.0836207825727728 -6.309872512718841 7.75
    endloop
  endfacet
  facet normal -0.6845471059286906 0.7289686274214097 4.875380463897691e-17
    outer loop
      vertex 1.083620782572773 -6.309872512718842 10.75
      vertex 1.2392466666164 -6.16373008007877 10.75
      vertex 1.2392466666163997 -6.16373008007877 7.75
    endloop
  endfacet
  facet normal -0.7705132427757896 0.6374239897486893 5.702943619388499e-17
    outer loop
      vertex 1.2392466666164 -6.16373008007877 10.75
      vertex 1.3753288904374106 -5.999234928897204 7.75
      vertex 1.2392466666163997 -6.16373008007877 7.75
    endloop
  endfacet
  facet normal -0.8443279255020153 0.5358267949789964 6.249282021508876e-17
    outer loop
      vertex 1.3753288904374108 -5.999234928897204 10.75
      vertex 1.489721356074568 -5.818981245972916 7.75
      vertex 1.3753288904374106 -5.999234928897204 7.75
    endloop
  endfacet
  facet normal -0.9048270524660192 0.4257792915650735 6.697065513009927e-17
    outer loop
      vertex 1.4897213560745681 -5.818981245972916 10.75
      vertex 1.5806200260100272 -5.625811739563953 7.75
      vertex 1.489721356074568 -5.818981245972916 7.75
    endloop
  endfacet
  facet normal -0.9510565162951534 0.3090169943749479 9.14874085748079e-17
    outer loop
      vertex 1.5806200260100272 -5.625811739563954 10.75
      vertex 1.646591373918673 -5.422772808180253 7.75
      vertex 1.5806200260100272 -5.625811739563953 7.75
    endloop
  endfacet
  facet normal -0.9822872507286888 0.18738131458572443 7.270386150364895e-17
    outer loop
      vertex 1.6465913739186733 -5.422772808180253 10.75
      vertex 1.6865949922346124 -5.213066497059317 7.75
      vertex 1.646591373918673 -5.422772808180253 7.75
    endloop
  endfacet
  facet normal -0.9980267284282716 0.06279051952931289 7.38688168728257e-17
    outer loop
      vertex 1.6865949922346126 -5.213066497059317 10.75
      vertex 1.7 -5 7.75
      vertex 1.6865949922346124 -5.213066497059317 7.75
    endloop
  endfacet
  facet normal -0.7705132427757896 0.6374239897486893 5.958798344763854e-17
    outer loop
      vertex 1.2392466666164 -6.16373008007877 10.75
      vertex 1.3753288904374108 -5.999234928897204 10.75
      vertex 1.3753288904374106 -5.999234928897204 7.75
    endloop
  endfacet
  facet normal -0.8443279255020153 0.5358267949789964 5.958798344763858e-17
    outer loop
      vertex 1.3753288904374108 -5.999234928897204 10.75
      vertex 1.4897213560745681 -5.818981245972916 10.75
      vertex 1.489721356074568 -5.818981245972916 7.75
    endloop
  endfacet
  facet normal -0.9048270524660188 0.4257792915650742 1.3001014570393943e-16
    outer loop
      vertex 1.4897213560745681 -5.818981245972916 10.75
      vertex 1.5806200260100272 -5.625811739563954 10.75
      vertex 1.5806200260100272 -5.625811739563953 7.75
    endloop
  endfacet
  facet normal -0.9510565162951534 0.30901699437494756 7.042216225629947e-17
    outer loop
      vertex 1.5806200260100272 -5.625811739563954 10.75
      vertex 1.6465913739186733 -5.422772808180253 10.75
      vertex 1.646591373918673 -5.422772808180253 7.75
    endloop
  endfacet
  facet normal -0.9822872507286888 0.18738131458572443 7.313070695846549e-17
    outer loop
      vertex 1.6465913739186733 -5.422772808180253 10.75
      vertex 1.6865949922346126 -5.213066497059317 10.75
      vertex 1.6865949922346124 -5.213066497059317 7.75
    endloop
  endfacet
  facet normal -0.9980267284282716 0.06279051952931289 7.380784313400695e-17
    outer loop
      vertex 1.6865949922346126 -5.213066497059317 10.75
      vertex 1.7000000000000002 -5 10.75
      vertex 1.7 -5 7.75
    endloop
  endfacet
  facet normal -0.12533323356430495 -0.9921147013144778 1.8553045553841844e-17
    outer loop
      vertex 0.3185482347957322 -3.3301116737612295 10.75
      vertex 0.10674388319983222 -3.3033545616719384 7.75
      vertex 0.31854823479573174 -3.3301116737612295 7.75
    endloop
  endfacet
  facet normal -0.24868988716485413 -0.9685831611286313 0
    outer loop
      vertex 0.5253288904374106 -3.383203922298239 10.75
      vertex 0.31854823479573174 -3.3301116737612295 7.75
      vertex 0.5253288904374106 -3.383203922298239 7.75
    endloop
  endfacet
  facet normal 0 -1 0
    outer loop
      vertex 0.1067438831998334 -3.3033545616719384 10.75
      vertex -0.10674388319983256 -3.3033545616719384 7.75
      vertex 0.10674388319983222 -3.3033545616719384 7.75
    endloop
  endfacet
  facet normal -0.3681245526846777 -0.9297764858882516 8.314118774237843e-17
    outer loop
      vertex 0.7238247956606232 -3.4617940108077665 10.75
      vertex 0.5253288904374106 -3.383203922298239 7.75
      vertex 0.7238247956606236 -3.461794010807767 7.75
    endloop
  endfacet
  facet normal -0.5877852522924734 -0.8090169943749473 -7.625372455373361e-17
    outer loop
      vertex 1.0836207825727728 -3.690127487281159 10.75
      vertex 0.9109055514642943 -3.5646425266465744 7.75
      vertex 1.0836207825727726 -3.6901274872811585 7.75
    endloop
  endfacet
  facet normal -0.4817536741017152 -0.8763066800438637 0
    outer loop
      vertex 0.9109055514642943 -3.5646425266465744 10.75
      vertex 0.7238247956606236 -3.461794010807767 7.75
      vertex 0.9109055514642943 -3.5646425266465744 7.75
    endloop
  endfacet
  facet normal -0.2486898871648546 -0.9685831611286311 3.681349849624717e-17
    outer loop
      vertex 0.3185482347957322 -3.3301116737612295 10.75
      vertex 0.31854823479573174 -3.3301116737612295 7.75
      vertex 0.5253288904374106 -3.383203922298239 10.75
    endloop
  endfacet
  facet normal -0.1253332335643054 -0.9921147013144778 5.010807699005974e-17
    outer loop
      vertex 0.3185482347957322 -3.3301116737612295 10.75
      vertex 0.1067438831998334 -3.3033545616719384 10.75
      vertex 0.10674388319983222 -3.3033545616719384 7.75
    endloop
  endfacet
  facet normal -0.3681245526846766 -0.9297764858882519 0
    outer loop
      vertex 0.5253288904374106 -3.383203922298239 10.75
      vertex 0.5253288904374106 -3.383203922298239 7.75
      vertex 0.7238247956606232 -3.4617940108077665 10.75
    endloop
  endfacet
  facet normal -0.48175367410171593 -0.8763066800438633 5.840557755093843e-17
    outer loop
      vertex 0.7238247956606232 -3.4617940108077665 10.75
      vertex 0.7238247956606236 -3.461794010807767 7.75
      vertex 0.9109055514642943 -3.5646425266465744 10.75
    endloop
  endfacet
  facet normal -0.5877852522924741 -0.8090169943749467 0
    outer loop
      vertex 1.0836207825727728 -3.690127487281159 10.75
      vertex 0.9109055514642943 -3.5646425266465744 10.75
      vertex 0.9109055514642943 -3.5646425266465744 7.75
    endloop
  endfacet
  facet normal -0.9822872507286885 -0.1873813145857254 1.722784821362173e-17
    outer loop
      vertex 1.6865949922346126 -4.786933502940683 10.75
      vertex 1.6465913739186728 -4.5772271918197465 7.75
      vertex 1.6865949922346124 -4.786933502940682 7.75
    endloop
  endfacet
  facet normal -0.9510565162951534 -0.3090169943749482 4.929723703994797e-17
    outer loop
      vertex 1.6465913739186733 -4.577227191819747 10.75
      vertex 1.5806200260100272 -4.374188260436047 7.75
      vertex 1.6465913739186728 -4.5772271918197465 7.75
    endloop
  endfacet
  facet normal -0.7705132427757905 -0.6374239897486883 5.702943619388505e-17
    outer loop
      vertex 1.3753288904374108 -4.000765071102796 10.75
      vertex 1.2392466666163997 -3.836269919921229 7.75
      vertex 1.3753288904374106 -4.000765071102796 7.75
    endloop
  endfacet
  facet normal -0.9048270524660195 -0.4257792915650726 1.2605599277443502e-16
    outer loop
      vertex 1.5806200260100272 -4.374188260436046 10.75
      vertex 1.4897213560745681 -4.181018754027084 7.75
      vertex 1.5806200260100272 -4.374188260436047 7.75
    endloop
  endfacet
  facet normal -0.8443279255020147 -0.5358267949789971 0
    outer loop
      vertex 1.4897213560745681 -4.181018754027084 10.75
      vertex 1.3753288904374106 -4.000765071102796 7.75
      vertex 1.4897213560745681 -4.181018754027084 7.75
    endloop
  endfacet
  facet normal -0.9980267284282716 -0.06279051952931262 7.38688168728257e-17
    outer loop
      vertex 1.7000000000000002 -5 10.75
      vertex 1.6865949922346124 -4.786933502940682 7.75
      vertex 1.7 -5 7.75
    endloop
  endfacet
  facet normal -0.9822872507286888 -0.18738131458572443 8.938197517145782e-17
    outer loop
      vertex 1.6865949922346126 -4.786933502940683 10.75
      vertex 1.6465913739186733 -4.577227191819747 10.75
      vertex 1.6465913739186728 -4.5772271918197465 7.75
    endloop
  endfacet
  facet normal -0.9510565162951534 -0.30901699437494756 9.209051987362238e-17
    outer loop
      vertex 1.6465913739186733 -4.577227191819747 10.75
      vertex 1.5806200260100272 -4.374188260436046 10.75
      vertex 1.5806200260100272 -4.374188260436047 7.75
    endloop
  endfacet
  facet normal -0.7705132427757896 -0.6374239897486893 -3.732826912177163e-17
    outer loop
      vertex 1.2392466666164 -3.8362699199212296 10.75
      vertex 1.2392466666163997 -3.836269919921229 7.75
      vertex 1.3753288904374108 -4.000765071102796 10.75
    endloop
  endfacet
  facet normal -0.9048270524660188 -0.4257792915650742 0
    outer loop
      vertex 1.5806200260100272 -4.374188260436046 10.75
      vertex 1.4897213560745681 -4.181018754027084 10.75
      vertex 1.4897213560745681 -4.181018754027084 7.75
    endloop
  endfacet
  facet normal -0.8443279255020153 -0.5358267949789964 6.500507285196936e-17
    outer loop
      vertex 1.4897213560745681 -4.181018754027084 10.75
      vertex 1.3753288904374108 -4.000765071102796 10.75
      vertex 1.3753288904374106 -4.000765071102796 7.75
    endloop
  endfacet
  facet normal -0.9980267284282716 -0.06279051952931289 5.527908873692737e-17
    outer loop
      vertex 1.6865949922346126 -4.786933502940683 10.75
      vertex 1.6865949922346124 -4.786933502940682 7.75
      vertex 1.7000000000000002 -5 10.75
    endloop
  endfacet
  facet normal -0.684547105928688 -0.7289686274214123 -5.72423700228502e-17
    outer loop
      vertex 1.2392466666164 -3.8362699199212296 10.75
      vertex 1.0836207825727726 -3.6901274872811585 7.75
      vertex 1.2392466666163997 -3.836269919921229 7.75
    endloop
  endfacet
  facet normal -0.684547105928688 -0.7289686274214123 -5.72423700228502e-17
    outer loop
      vertex 1.0836207825727728 -3.690127487281159 10.75
      vertex 1.0836207825727726 -3.6901274872811585 7.75
      vertex 1.2392466666164 -3.8362699199212296 10.75
    endloop
  endfacet
endsolid OpenSCAD_Model
