solid OpenSCAD_Model
  facet normal -1 0 0
    outer loop
      vertex -6.75 -10 39.55
      vertex -6.75 -10 42.3
      vertex -6.75 10 39.55
    endloop
  endfacet
  facet normal 0 -1 0
    outer loop
      vertex -5 -10 37.8
      vertex -2.8 -10 38.05
      vertex -2.8 -10 40.55
    endloop
  endfacet
  facet normal 0 -1 0
    outer loop
      vertex -6.75 -10 39.55
      vertex -5 -10 37.8
      vertex -6.75 -10 42.3
    endloop
  endfacet
  facet normal 0 -1 0
    outer loop
      vertex -5 -10 37.8
      vertex -2.8 -10 40.55
      vertex -6.75 -10 42.3
    endloop
  endfacet
  facet normal -0.7071067811865475 0 -0.7071067811865475
    outer loop
      vertex -6.75 -10 39.55
      vertex -6.75 10 39.55
      vertex -5 -10 37.8
    endloop
  endfacet
  facet normal 0 -1 0
    outer loop
      vertex -5 -10 37.8
      vertex 2.8 -10 38.05
      vertex -2.8 -10 38.05
    endloop
  endfacet
  facet normal 0 0 1
    outer loop
      vertex -6.75 -10 42.3
      vertex -1.5108867895684086 -5.598202398112601 42.3
      vertex -1.5739476368340255 -5.404121066642889 42.3
    endloop
  endfacet
  facet normal 0 0 1
    outer loop
      vertex -6.75 -10 42.3
      vertex -1.5739476368340255 -5.404121066642889 42.3
      vertex -1.6121863896360265 -5.203666504541994 42.3
    endloop
  endfacet
  facet normal 0 0 1
    outer loop
      vertex -6.75 -10 42.3
      vertex -1.6121863896360265 -5.203666504541994 42.3
      vertex -1.625 -5 42.3
    endloop
  endfacet
  facet normal 0 0 1
    outer loop
      vertex -6.75 -10 42.3
      vertex -1.625 -5 42.3
      vertex -1.6121863896360265 -4.796333495458006 42.3
    endloop
  endfacet
  facet normal 0 0 1
    outer loop
      vertex -6.75 -10 42.3
      vertex -1.6121863896360265 -4.796333495458006 42.3
      vertex -1.5739476368340255 -4.595878933357111 42.3
    endloop
  endfacet
  facet normal 0 0 1
    outer loop
      vertex -6.75 -10 42.3
      vertex -1.5739476368340255 -4.595878933357111 42.3
      vertex -1.5108867895684086 -4.401797601887399 42.3
    endloop
  endfacet
  facet normal 0 -1 0
    outer loop
      vertex -6.75 -10 42.3
      vertex -2.8 -10 40.55
      vertex 2.8 -10 40.55
    endloop
  endfacet
  facet normal 0 0 1
    outer loop
      vertex -6.75 -10 42.3
      vertex -1.3146526158592895 -5.955151034975269 42.3
      vertex -1.4239983550712783 -5.782849720415287 42.3
    endloop
  endfacet
  facet normal 0 0 1
    outer loop
      vertex -6.75 -10 42.3
      vertex -1.184574019559794 -6.112389047134119 42.3
      vertex -1.3146526158592895 -5.955151034975269 42.3
    endloop
  endfacet
  facet normal 0 0 1
    outer loop
      vertex -6.75 -10 42.3
      vertex -1.4239983550712783 -5.782849720415287 42.3
      vertex -1.5108867895684086 -5.598202398112601 42.3
    endloop
  endfacet
  facet normal 0 0 1
    outer loop
      vertex -6.75 -10 42.3
      vertex -1.0358139833416207 -6.252084019510658 42.3
      vertex -1.184574019559794 -6.112389047134119 42.3
    endloop
  endfacet
  facet normal 0 0 1
    outer loop
      vertex -6.75 -10 42.3
      vertex -0.8707185418408697 -6.372032878940774 42.3
      vertex -1.0358139833416207 -6.252084019510658 42.3
    endloop
  endfacet
  facet normal 0 0 1
    outer loop
      vertex -6.75 -10 42.3
      vertex -0.6918913487932428 -6.470343960257281 42.3
      vertex -0.8707185418408697 -6.372032878940774 42.3
    endloop
  endfacet
  facet normal 0 0 1
    outer loop
      vertex -6.75 -10 42.3
      vertex -0.5021526158592895 -6.545466838979625 42.3
      vertex -0.6918913487932428 -6.470343960257281 42.3
    endloop
  endfacet
  facet normal 0 0 1
    outer loop
      vertex -6.75 -10 42.3
      vertex -0.30449463620180284 -6.596216782434119 42.3
      vertex -0.5021526158592895 -6.545466838979625 42.3
    endloop
  endfacet
  facet normal 0 0 1
    outer loop
      vertex -6.75 -10 42.3
      vertex -0.10203459423513486 -6.621793433695942 42.3
      vertex -0.30449463620180284 -6.596216782434119 42.3
    endloop
  endfacet
  facet normal 0 0 1
    outer loop
      vertex -6.75 -10 42.3
      vertex 0.10203459423513486 -6.621793433695942 42.3
      vertex -0.10203459423513486 -6.621793433695942 42.3
    endloop
  endfacet
  facet normal 0 0 1
    outer loop
      vertex -6.75 -10 42.3
      vertex 0.30449463620180284 -6.596216782434119 42.3
      vertex 0.10203459423513486 -6.621793433695942 42.3
    endloop
  endfacet
  facet normal 0 0 1
    outer loop
      vertex -6.75 -10 42.3
      vertex 0.5021526158592895 -6.545466838979625 42.3
      vertex 0.30449463620180284 -6.596216782434119 42.3
    endloop
  endfacet
  facet normal 0 0 1
    outer loop
      vertex -6.75 -10 42.3
      vertex 0.6918913487932428 -6.470343960257281 42.3
      vertex 0.5021526158592895 -6.545466838979625 42.3
    endloop
  endfacet
  facet normal 0 0 1
    outer loop
      vertex -6.75 -10 42.3
      vertex -1.5108867895684086 -4.401797601887399 42.3
      vertex -1.4239983550712783 -4.217150279584713 42.3
    endloop
  endfacet
  facet normal 0 0 1
    outer loop
      vertex -6.75 -10 42.3
      vertex -1.4239983550712783 -4.217150279584713 42.3
      vertex 6.75 10 42.3
    endloop
  endfacet
  facet normal -1 0 0
    outer loop
      vertex -6.75 -10 42.3
      vertex -6.75 10 42.3
      vertex -6.75 10 39.55
    endloop
  endfacet
  facet normal -0.7071067811865475 0 -0.7071067811865475
    outer loop
      vertex -5 -10 37.8
      vertex -6.75 10 39.55
      vertex -5 10 37.8
    endloop
  endfacet
  facet normal 0 1 0
    outer loop
      vertex -6.75 10 39.55
      vertex 5 10 37.8
      vertex -5 10 37.8
    endloop
  endfacet
  facet normal 0 0 1
    outer loop
      vertex -6.75 -10 42.3
      vertex 6.75 10 42.3
      vertex -6.75 10 42.3
    endloop
  endfacet
  facet normal 0 1 0
    outer loop
      vertex -6.75 10 39.55
      vertex -6.75 10 42.3
      vertex 6.75 10 42.3
    endloop
  endfacet
  facet normal 0 -1 0
    outer loop
      vertex -5 -10 37.8
      vertex 5 -10 37.8
      vertex 2.8 -10 38.05
    endloop
  endfacet
  facet normal 0 -1 0
    outer loop
      vertex 2.8 -10 38.05
      vertex 5 -10 37.8
      vertex 6.75 -10 39.55
    endloop
  endfacet
  facet normal 0 -1 0
    outer loop
      vertex 2.8 -10 38.05
      vertex 6.75 -10 39.55
      vertex 6.75 -10 42.3
    endloop
  endfacet
  facet normal 0.7071067811865475 0 -0.7071067811865475
    outer loop
      vertex 5 -10 37.8
      vertex 5 10 37.8
      vertex 6.75 -10 39.55
    endloop
  endfacet
  facet normal 0 0 1
    outer loop
      vertex -6.75 -10 42.3
      vertex 6.75 -10 42.3
      vertex 0.6918913487932428 -6.470343960257281 42.3
    endloop
  endfacet
  facet normal 0 -1 0
    outer loop
      vertex -6.75 -10 42.3
      vertex 2.8 -10 40.55
      vertex 6.75 -10 42.3
    endloop
  endfacet
  facet normal 0 0 1
    outer loop
      vertex 0.6918913487932428 -6.470343960257281 42.3
      vertex 6.75 -10 42.3
      vertex 0.8707185418408688 -6.372032878940775 42.3
    endloop
  endfacet
  facet normal 0 0 1
    outer loop
      vertex 0.8707185418408688 -6.372032878940775 42.3
      vertex 6.75 -10 42.3
      vertex 1.0358139833416211 -6.252084019510657 42.3
    endloop
  endfacet
  facet normal 0 0 1
    outer loop
      vertex 1.0358139833416211 -6.252084019510657 42.3
      vertex 6.75 -10 42.3
      vertex 1.184574019559794 -6.112389047134119 42.3
    endloop
  endfacet
  facet normal 0 0 1
    outer loop
      vertex 1.184574019559794 -6.112389047134119 42.3
      vertex 6.75 -10 42.3
      vertex 1.3146526158592895 -5.955151034975269 42.3
    endloop
  endfacet
  facet normal 0 0 1
    outer loop
      vertex 1.3146526158592895 -5.955151034975269 42.3
      vertex 6.75 -10 42.3
      vertex 1.4239983550712783 -5.782849720415287 42.3
    endloop
  endfacet
  facet normal 0 0 1
    outer loop
      vertex 1.4239983550712783 -5.782849720415287 42.3
      vertex 6.75 -10 42.3
      vertex 1.5108867895684082 -5.598202398112602 42.3
    endloop
  endfacet
  facet normal 0 -1 0
    outer loop
      vertex 2.8 -10 38.05
      vertex 6.75 -10 42.3
      vertex 2.8 -10 40.55
    endloop
  endfacet
  facet normal 0 0 1
    outer loop
      vertex 1.5108867895684082 -5.598202398112602 42.3
      vertex 6.75 -10 42.3
      vertex 1.5739476368340257 -5.4041210666428885 42.3
    endloop
  endfacet
  facet normal 0 0 1
    outer loop
      vertex 1.5739476368340257 -5.4041210666428885 42.3
      vertex 6.75 -10 42.3
      vertex 1.6121863896360265 -5.203666504541994 42.3
    endloop
  endfacet
  facet normal 0 0 1
    outer loop
      vertex 1.6121863896360265 -5.203666504541994 42.3
      vertex 6.75 -10 42.3
      vertex 1.625 -5 42.3
    endloop
  endfacet
  facet normal 0 0 1
    outer loop
      vertex 1.625 -5 42.3
      vertex 6.75 -10 42.3
      vertex 6.75 10 42.3
    endloop
  endfacet
  facet normal 1 0 0
    outer loop
      vertex 6.75 -10 39.55
      vertex 6.75 10 42.3
      vertex 6.75 -10 42.3
    endloop
  endfacet
  facet normal 0 1 0
    outer loop
      vertex -6.75 10 39.55
      vertex 6.75 10 42.3
      vertex 5 10 37.8
    endloop
  endfacet
  facet normal 0.7071067811865475 0 -0.7071067811865475
    outer loop
      vertex 6.75 -10 39.55
      vertex 5 10 37.8
      vertex 6.75 10 39.55
    endloop
  endfacet
  facet normal 0 1 0
    outer loop
      vertex 5 10 37.8
      vertex 6.75 10 42.3
      vertex 6.75 10 39.55
    endloop
  endfacet
  facet normal 0 0 1
    outer loop
      vertex -1.4239983550712783 -4.217150279584713 42.3
      vertex -1.3146526158592895 -4.044848965024731 42.3
      vertex 6.75 10 42.3
    endloop
  endfacet
  facet normal 0 0 1
    outer loop
      vertex -1.3146526158592895 -4.044848965024731 42.3
      vertex -1.184574019559794 -3.887610952865881 42.3
      vertex 6.75 10 42.3
    endloop
  endfacet
  facet normal 0 0 1
    outer loop
      vertex -1.184574019559794 -3.887610952865881 42.3
      vertex -1.0358139833416207 -3.747915980489342 42.3
      vertex 6.75 10 42.3
    endloop
  endfacet
  facet normal 0 0 1
    outer loop
      vertex -1.0358139833416207 -3.747915980489342 42.3
      vertex -0.8707185418408697 -3.6279671210592257 42.3
      vertex 6.75 10 42.3
    endloop
  endfacet
  facet normal 0 0 1
    outer loop
      vertex -0.8707185418408697 -3.6279671210592257 42.3
      vertex -0.6918913487932432 -3.5296560397427186 42.3
      vertex 6.75 10 42.3
    endloop
  endfacet
  facet normal 0 0 1
    outer loop
      vertex -0.6918913487932432 -3.5296560397427186 42.3
      vertex -0.5021526158592895 -3.4545331610203753 42.3
      vertex 6.75 10 42.3
    endloop
  endfacet
  facet normal 0 0 1
    outer loop
      vertex -0.5021526158592895 -3.4545331610203753 42.3
      vertex -0.30449463620180245 -3.4037832175658806 42.3
      vertex 6.75 10 42.3
    endloop
  endfacet
  facet normal 0 0 1
    outer loop
      vertex -0.30449463620180245 -3.4037832175658806 42.3
      vertex -0.10203459423513407 -3.378206566304059 42.3
      vertex 6.75 10 42.3
    endloop
  endfacet
  facet normal 0 0 1
    outer loop
      vertex -0.10203459423513407 -3.378206566304059 42.3
      vertex 0.10203459423513407 -3.378206566304059 42.3
      vertex 6.75 10 42.3
    endloop
  endfacet
  facet normal 0 0 1
    outer loop
      vertex 0.10203459423513407 -3.378206566304059 42.3
      vertex 0.30449463620180245 -3.4037832175658806 42.3
      vertex 6.75 10 42.3
    endloop
  endfacet
  facet normal 0 0 1
    outer loop
      vertex 0.30449463620180245 -3.4037832175658806 42.3
      vertex 0.5021526158592895 -3.4545331610203753 42.3
      vertex 6.75 10 42.3
    endloop
  endfacet
  facet normal 0 0 1
    outer loop
      vertex 0.5021526158592895 -3.4545331610203753 42.3
      vertex 0.6918913487932432 -3.5296560397427186 42.3
      vertex 6.75 10 42.3
    endloop
  endfacet
  facet normal 0 0 1
    outer loop
      vertex 0.6918913487932432 -3.5296560397427186 42.3
      vertex 0.8707185418408696 -3.6279671210592257 42.3
      vertex 6.75 10 42.3
    endloop
  endfacet
  facet normal 0 0 1
    outer loop
      vertex 1.1845740195597938 -3.887610952865881 42.3
      vertex 6.75 10 42.3
      vertex 1.035813983341621 -3.747915980489343 42.3
    endloop
  endfacet
  facet normal 0 0 1
    outer loop
      vertex 1.1845740195597938 -3.887610952865881 42.3
      vertex 1.3146526158592895 -4.044848965024731 42.3
      vertex 6.75 10 42.3
    endloop
  endfacet
  facet normal 0 0 1
    outer loop
      vertex 1.4239983550712783 -4.217150279584713 42.3
      vertex 6.75 10 42.3
      vertex 1.3146526158592895 -4.044848965024731 42.3
    endloop
  endfacet
  facet normal 0 0 1
    outer loop
      vertex 1.5108867895684084 -4.401797601887399 42.3
      vertex 6.75 10 42.3
      vertex 1.4239983550712783 -4.217150279584713 42.3
    endloop
  endfacet
  facet normal 0 0 1
    outer loop
      vertex 0.8707185418408696 -3.6279671210592257 42.3
      vertex 1.035813983341621 -3.747915980489343 42.3
      vertex 6.75 10 42.3
    endloop
  endfacet
  facet normal 0 0 1
    outer loop
      vertex 1.625 -5 42.3
      vertex 6.75 10 42.3
      vertex 1.6121863896360265 -4.796333495458006 42.3
    endloop
  endfacet
  facet normal 0 0 1
    outer loop
      vertex 1.6121863896360265 -4.796333495458006 42.3
      vertex 6.75 10 42.3
      vertex 1.5739476368340255 -4.595878933357111 42.3
    endloop
  endfacet
  facet normal 0 0 1
    outer loop
      vertex 1.5739476368340255 -4.595878933357111 42.3
      vertex 6.75 10 42.3
      vertex 1.5108867895684084 -4.401797601887399 42.3
    endloop
  endfacet
  facet normal 1 0 0
    outer loop
      vertex 6.75 -10 39.55
      vertex 6.75 10 39.55
      vertex 6.75 10 42.3
    endloop
  endfacet
  facet normal 0 -1 0
    outer loop
      vertex -26 -54 32
      vertex -24 -54 32
      vertex -26 -54 50
    endloop
  endfacet
  facet normal 0 -1 0
    outer loop
      vertex -24 -54 32
      vertex -24 -54 48
      vertex -26 -54 50
    endloop
  endfacet
  facet normal 0 -1 0
    outer loop
      vertex -24 -54 48
      vertex -24 -54 52
      vertex -26 -54 50
    endloop
  endfacet
  facet normal 0 -1 0
    outer loop
      vertex -24 -54 48
      vertex -22 -54 50
      vertex -24 -54 52
    endloop
  endfacet
  facet normal 0 0 1
    outer loop
      vertex -24 -54 52
      vertex -10 -30.5 52
      vertex -10 -29.5 52
    endloop
  endfacet
  facet normal 0 0 1
    outer loop
      vertex -24 -54 52
      vertex -10 -29.5 52
      vertex -10 -20.5 52
    endloop
  endfacet
  facet normal 0 0 1
    outer loop
      vertex -24 -54 52
      vertex -10 -20.5 52
      vertex -10 -19.5 52
    endloop
  endfacet
  facet normal 0 0 1
    outer loop
      vertex -24 -54 52
      vertex -10 -19.5 52
      vertex -10 -10.5 52
    endloop
  endfacet
  facet normal -1 0 0
    outer loop
      vertex -26 -54 32
      vertex -26 -54 50
      vertex -26 53.99 50
    endloop
  endfacet
  facet normal -0.7071067811865476 0 0.7071067811865476
    outer loop
      vertex -26 -54 50
      vertex -24 -54 52
      vertex -26 53.99 50
    endloop
  endfacet
  facet normal 0 0 1
    outer loop
      vertex -24 -54 52
      vertex -10 -10.5 52
      vertex -24 54 52
    endloop
  endfacet
  facet normal 0 -1 0
    outer loop
      vertex -24 -54 52
      vertex -22 -54 50
      vertex 22 -54 50
    endloop
  endfacet
  facet normal 0 0 1
    outer loop
      vertex -24 -54 52
      vertex -3.25 -37.5 52
      vertex -10 -30.5 52
    endloop
  endfacet
  facet normal 0 0 1
    outer loop
      vertex -24 -54 52
      vertex 3.25 -37.5 52
      vertex -3.25 -37.5 52
    endloop
  endfacet
  facet normal 0 0 1
    outer loop
      vertex -10 -30.5 52
      vertex -3.25 -37.5 52
      vertex -3.25 -30.5 52
    endloop
  endfacet
  facet normal 0 0 1
    outer loop
      vertex -10 -29.5 52
      vertex -3.25 -20.5 52
      vertex -10 -20.5 52
    endloop
  endfacet
  facet normal 0 0 1
    outer loop
      vertex -10 -19.5 52
      vertex -3.25 -10.5 52
      vertex -10 -10.5 52
    endloop
  endfacet
  facet normal 0 0 1
    outer loop
      vertex -10 -9.5 52
      vertex -3.25 -0.5 52
      vertex -10 -0.5 52
    endloop
  endfacet
  facet normal 0 0 1
    outer loop
      vertex -10 -29.5 52
      vertex -3.25 -29.5 52
      vertex -3.25 -20.5 52
    endloop
  endfacet
  facet normal 0 0 1
    outer loop
      vertex -10 -19.5 52
      vertex -3.25 -19.5 52
      vertex -3.25 -10.5 52
    endloop
  endfacet
  facet normal 0 0 1
    outer loop
      vertex -10 -9.5 52
      vertex -3.25 -9.5 52
      vertex -3.25 -0.5 52
    endloop
  endfacet
  facet normal -1 0 0
    outer loop
      vertex -26 -54 32
      vertex -26 53.99 50
      vertex -26 54 32
    endloop
  endfacet
  facet normal 0 1 0
    outer loop
      vertex -26 54 32
      vertex -24 54 48
      vertex -24 54 32
    endloop
  endfacet
  facet normal -0.7071067811865475 0 0.7071067811865475
    outer loop
      vertex -24 -54 52
      vertex -24 54 52
      vertex -26 53.99 50
    endloop
  endfacet
  facet normal 0 0 1
    outer loop
      vertex -10 -10.5 52
      vertex -10 -9.5 52
      vertex -24 54 52
    endloop
  endfacet
  facet normal 0 0 1
    outer loop
      vertex -10 -9.5 52
      vertex -10 -0.5 52
      vertex -24 54 52
    endloop
  endfacet
  facet normal 0 0 1
    outer loop
      vertex -10 -0.5 52
      vertex -10 0.5 52
      vertex -24 54 52
    endloop
  endfacet
  facet normal 0 0 1
    outer loop
      vertex -24 54 52
      vertex -10 0.5 52
      vertex -10 9.5 52
    endloop
  endfacet
  facet normal 0 0 1
    outer loop
      vertex -24 54 52
      vertex -10 9.5 52
      vertex -10 10.5 52
    endloop
  endfacet
  facet normal -1 0 0
    outer loop
      vertex -26 54 32
      vertex -26 53.99 50
      vertex -26 54 50
    endloop
  endfacet
  facet normal 0 1 0
    outer loop
      vertex -26 54 32
      vertex -24 54 52
      vertex -24 54 48
    endloop
  endfacet
  facet normal 0 1 0
    outer loop
      vertex -26 54 32
      vertex -26 54 50
      vertex -24 54 52
    endloop
  endfacet
  facet normal -0.7071067811865476 0 0.7071067811865476
    outer loop
      vertex -26 53.99 50
      vertex -24 54 52
      vertex -26 54 50
    endloop
  endfacet
  facet normal 0 1 0
    outer loop
      vertex -24 54 48
      vertex -24 54 52
      vertex -22 54 50
    endloop
  endfacet
  facet normal 0 0 1
    outer loop
      vertex -24 54 52
      vertex -10 10.5 52
      vertex -10 19.5 52
    endloop
  endfacet
  facet normal 0 0 1
    outer loop
      vertex -24 54 52
      vertex -10 19.5 52
      vertex -10 20.5 52
    endloop
  endfacet
  facet normal 0 0 1
    outer loop
      vertex -24 54 52
      vertex -10 20.5 52
      vertex -10 29.5 52
    endloop
  endfacet
  facet normal 0 0 1
    outer loop
      vertex -24 54 52
      vertex -10 29.5 52
      vertex -10 30.5 52
    endloop
  endfacet
  facet normal 0 0 1
    outer loop
      vertex -10 0.5 52
      vertex -3.25 9.5 52
      vertex -10 9.5 52
    endloop
  endfacet
  facet normal 0 0 1
    outer loop
      vertex -10 10.5 52
      vertex -3.25 10.5 52
      vertex -10 19.5 52
    endloop
  endfacet
  facet normal 0 0 1
    outer loop
      vertex -10 20.5 52
      vertex -3.25 29.5 52
      vertex -10 29.5 52
    endloop
  endfacet
  facet normal 0 0 1
    outer loop
      vertex -10 0.5 52
      vertex -3.25 0.5 52
      vertex -3.25 9.5 52
    endloop
  endfacet
  facet normal 0 0 1
    outer loop
      vertex -10 19.5 52
      vertex -3.25 10.5 52
      vertex -3.25 19.5 52
    endloop
  endfacet
  facet normal 0 0 1
    outer loop
      vertex -10 20.5 52
      vertex -3.25 20.5 52
      vertex -3.25 29.5 52
    endloop
  endfacet
  facet normal 0 1 0
    outer loop
      vertex -24 54 52
      vertex 22 54 50
      vertex -22 54 50
    endloop
  endfacet
  facet normal 0 0 1
    outer loop
      vertex -24 54 52
      vertex -10 30.5 52
      vertex -3.25 37.5 52
    endloop
  endfacet
  facet normal 0 0 1
    outer loop
      vertex -10 30.5 52
      vertex -3.25 30.5 52
      vertex -3.25 37.5 52
    endloop
  endfacet
  facet normal 0 0 1
    outer loop
      vertex -24 54 52
      vertex -3.25 37.5 52
      vertex 24 54 52
    endloop
  endfacet
  facet normal 0 -1 0
    outer loop
      vertex 24 -54 32
      vertex 26 -54 32
      vertex 24 -54 48
    endloop
  endfacet
  facet normal 1 0 0
    outer loop
      vertex 26 -54 32
      vertex 26 5.400000000000002 32
      vertex 26 -54 50
    endloop
  endfacet
  facet normal 0 0 1
    outer loop
      vertex -24 -54 52
      vertex 24 -54 52
      vertex 3.25 -37.5 52
    endloop
  endfacet
  facet normal 0 0 1
    outer loop
      vertex 3.25 -37.5 52
      vertex 10 -30.5 52
      vertex 3.25 -30.5 52
    endloop
  endfacet
  facet normal 0 -1 0
    outer loop
      vertex -24 -54 52
      vertex 22 -54 50
      vertex 24 -54 52
    endloop
  endfacet
  facet normal 0 0 1
    outer loop
      vertex 3.25 -37.5 52
      vertex 24 -54 52
      vertex 10 -30.5 52
    endloop
  endfacet
  facet normal 0 0 1
    outer loop
      vertex 3.25 -29.5 52
      vertex 10 -20.5 52
      vertex 3.25 -20.5 52
    endloop
  endfacet
  facet normal 0 0 1
    outer loop
      vertex 3.25 -19.5 52
      vertex 10 -19.5 52
      vertex 3.25 -10.5 52
    endloop
  endfacet
  facet normal 0 0 1
    outer loop
      vertex 3.25 -9.5 52
      vertex 10 -0.5 52
      vertex 3.25 -0.5 52
    endloop
  endfacet
  facet normal 0 0 1
    outer loop
      vertex 3.25 -29.5 52
      vertex 10 -29.5 52
      vertex 10 -20.5 52
    endloop
  endfacet
  facet normal 0 0 1
    outer loop
      vertex 3.25 -10.5 52
      vertex 10 -19.5 52
      vertex 10 -10.5 52
    endloop
  endfacet
  facet normal 0 0 1
    outer loop
      vertex 3.25 -9.5 52
      vertex 10 -9.5 52
      vertex 10 -0.5 52
    endloop
  endfacet
  facet normal 0 -1 0
    outer loop
      vertex 26 -54 32
      vertex 24 -54 52
      vertex 24 -54 48
    endloop
  endfacet
  facet normal 0 -1 0
    outer loop
      vertex 26 -54 32
      vertex 26 -54 50
      vertex 24 -54 52
    endloop
  endfacet
  facet normal 0 0 1
    outer loop
      vertex 10 -30.5 52
      vertex 24 -54 52
      vertex 10 -29.5 52
    endloop
  endfacet
  facet normal 0 0 1
    outer loop
      vertex 10 -29.5 52
      vertex 24 -54 52
      vertex 10 -20.5 52
    endloop
  endfacet
  facet normal 0 0 1
    outer loop
      vertex 10 -20.5 52
      vertex 24 -54 52
      vertex 10 -19.5 52
    endloop
  endfacet
  facet normal 0 0 1
    outer loop
      vertex 10 -19.5 52
      vertex 24 -54 52
      vertex 10 -10.5 52
    endloop
  endfacet
  facet normal 0 -1 0
    outer loop
      vertex 24 -54 48
      vertex 24 -54 52
      vertex 22 -54 50
    endloop
  endfacet
  facet normal 0 0 1
    outer loop
      vertex 10 -10.5 52
      vertex 24 -54 52
      vertex 10 -9.5 52
    endloop
  endfacet
  facet normal 0 0 1
    outer loop
      vertex 10 -9.5 52
      vertex 24 -54 52
      vertex 10 -0.5 52
    endloop
  endfacet
  facet normal 0 0 1
    outer loop
      vertex 10 -0.5 52
      vertex 24 -54 52
      vertex 10 0.5 52
    endloop
  endfacet
  facet normal 0 0 1
    outer loop
      vertex 24 -54 52
      vertex 10 9.5 52
      vertex 10 0.5 52
    endloop
  endfacet
  facet normal 0 0 1
    outer loop
      vertex 24 -54 52
      vertex 10 10.5 52
      vertex 10 9.5 52
    endloop
  endfacet
  facet normal 0.7071067811865475 0 0.7071067811865475
    outer loop
      vertex 26 -54 50
      vertex 26 54 50
      vertex 24 -54 52
    endloop
  endfacet
  facet normal 1 0 0
    outer loop
      vertex 26 5.400000000000002 32
      vertex 26 54 32
      vertex 26 54 50
    endloop
  endfacet
  facet normal 0 1 0
    outer loop
      vertex 24 54 32
      vertex 26 54 50
      vertex 26 54 32
    endloop
  endfacet
  facet normal 0 0 1
    outer loop
      vertex 3.25 0.5 52
      vertex 10 9.5 52
      vertex 3.25 9.5 52
    endloop
  endfacet
  facet normal 0 0 1
    outer loop
      vertex 3.25 10.5 52
      vertex 10 19.5 52
      vertex 3.25 19.5 52
    endloop
  endfacet
  facet normal 0 0 1
    outer loop
      vertex 3.25 20.5 52
      vertex 10 29.5 52
      vertex 3.25 29.5 52
    endloop
  endfacet
  facet normal 0 0 1
    outer loop
      vertex 3.25 0.5 52
      vertex 10 0.5 52
      vertex 10 9.5 52
    endloop
  endfacet
  facet normal 0 0 1
    outer loop
      vertex 3.25 10.5 52
      vertex 10 10.5 52
      vertex 10 19.5 52
    endloop
  endfacet
  facet normal 0 0 1
    outer loop
      vertex 3.25 20.5 52
      vertex 10 20.5 52
      vertex 10 29.5 52
    endloop
  endfacet
  facet normal 0 0 1
    outer loop
      vertex 3.25 30.5 52
      vertex 10 30.5 52
      vertex 3.25 37.5 52
    endloop
  endfacet
  facet normal 0 1 0
    outer loop
      vertex -24 54 52
      vertex 26 54 50
      vertex 22 54 50
    endloop
  endfacet
  facet normal 0 0 1
    outer loop
      vertex -3.25 37.5 52
      vertex 3.25 37.5 52
      vertex 24 54 52
    endloop
  endfacet
  facet normal 0 1 0
    outer loop
      vertex -24 54 52
      vertex 24 54 52
      vertex 26 54 50
    endloop
  endfacet
  facet normal 0 0 1
    outer loop
      vertex 3.25 37.5 52
      vertex 10 30.5 52
      vertex 24 54 52
    endloop
  endfacet
  facet normal 1 0 0
    outer loop
      vertex 26 -54 50
      vertex 26 5.400000000000002 32
      vertex 26 54 50
    endloop
  endfacet
  facet normal 0 0 1
    outer loop
      vertex 24 -54 52
      vertex 24 54 52
      vertex 10 10.5 52
    endloop
  endfacet
  facet normal 0.7071067811865475 0 0.7071067811865475
    outer loop
      vertex 24 -54 52
      vertex 26 54 50
      vertex 24 54 52
    endloop
  endfacet
  facet normal 0 1 0
    outer loop
      vertex 24 54 32
      vertex 24 54 48
      vertex 26 54 50
    endloop
  endfacet
  facet normal 0 0 1
    outer loop
      vertex 10 10.5 52
      vertex 24 54 52
      vertex 10 19.5 52
    endloop
  endfacet
  facet normal 0 0 1
    outer loop
      vertex 10 19.5 52
      vertex 24 54 52
      vertex 10 20.5 52
    endloop
  endfacet
  facet normal 0 0 1
    outer loop
      vertex 10 20.5 52
      vertex 24 54 52
      vertex 10 29.5 52
    endloop
  endfacet
  facet normal 0 0 1
    outer loop
      vertex 10 29.5 52
      vertex 24 54 52
      vertex 10 30.5 52
    endloop
  endfacet
  facet normal 0 1 0
    outer loop
      vertex 24 54 48
      vertex 22 54 50
      vertex 26 54 50
    endloop
  endfacet
  facet normal 1 0 0
    outer loop
      vertex -24 -54 32
      vertex -24 -52.15 32
      vertex -24 -54 48
    endloop
  endfacet
  facet normal 1 0 0
    outer loop
      vertex -24 -52.15 32
      vertex -24 -52.15 48
      vertex -24 -54 48
    endloop
  endfacet
  facet normal 1 0 0
    outer loop
      vertex -24 -49.85 32
      vertex -24 49.85 32
      vertex -24 -49.85 32.135976127285126
    endloop
  endfacet
  facet normal 1 0 0
    outer loop
      vertex -24 -49.85 33.864023872714874
      vertex -24 1 35.5
      vertex -24 -1 35.5
    endloop
  endfacet
  facet normal 1 0 0
    outer loop
      vertex -24 -49.85 33.864023872714874
      vertex -24 -1 35.5
      vertex -24 -1 48
    endloop
  endfacet
  facet normal 1 0 0
    outer loop
      vertex -24 -49.85 33.864023872714874
      vertex -24 -1 48
      vertex -24 -49.85 48
    endloop
  endfacet
  facet normal 0.7071067811865476 0 -0.7071067811865476
    outer loop
      vertex -24 -54 48
      vertex -24 -52.15 48
      vertex -22 -54 50
    endloop
  endfacet
  facet normal 0.7071067811865476 0 -0.7071067811865476
    outer loop
      vertex -24 -52.15 48
      vertex -22 -52.15 50
      vertex -22 -54 50
    endloop
  endfacet
  facet normal 0.7071067811865475 0 -0.7071067811865475
    outer loop
      vertex -24 -49.85 48
      vertex -22 -1 50
      vertex -22 -49.85 50
    endloop
  endfacet
  facet normal 0 0 -1
    outer loop
      vertex -22 -49.85 50
      vertex -11.995 -37.5 50
      vertex -9.995 -37.5 50
    endloop
  endfacet
  facet normal 0 0 -1
    outer loop
      vertex -22 -49.85 50
      vertex -22 -1 50
      vertex -11.995 -37.5 50
    endloop
  endfacet
  facet normal 0.7071067811865475 0 -0.7071067811865475
    outer loop
      vertex -24 -49.85 48
      vertex -24 -1 48
      vertex -22 -1 50
    endloop
  endfacet
  facet normal 0 0 -1
    outer loop
      vertex -22 -1 50
      vertex -11.995 -1 50
      vertex -11.995 -37.5 50
    endloop
  endfacet
  facet normal 0 0 -1
    outer loop
      vertex -22 -49.85 50
      vertex -9.995 -37.5 50
      vertex -5.5 -37.5 50
    endloop
  endfacet
  facet normal 0 0 -1
    outer loop
      vertex -22 -49.85 50
      vertex -5.5 -37.5 50
      vertex -3.25 -37.5 50
    endloop
  endfacet
  facet normal 0 0 -1
    outer loop
      vertex -22 -54 50
      vertex -22 -52.15 50
      vertex 22 -54 50
    endloop
  endfacet
  facet normal 0 0 -1
    outer loop
      vertex -22 -49.85 50
      vertex -3.25 -37.5 50
      vertex 22 -49.85 50
    endloop
  endfacet
  facet normal 0 0 -1
    outer loop
      vertex -5.5 -37.5 50
      vertex -5.5 37.5 50
      vertex -3.25 -37.5 50
    endloop
  endfacet
  facet normal 1 0 0
    outer loop
      vertex -24 -49.85 33.864023872714874
      vertex -24 49.85 33.864023872714874
      vertex -24 1 35.5
    endloop
  endfacet
  facet normal 1 0 0
    outer loop
      vertex -24 -49.85 32.135976127285126
      vertex -24 49.85 32
      vertex -24 49.85 32.135976127285126
    endloop
  endfacet
  facet normal 1 0 0
    outer loop
      vertex -24 52.15 32
      vertex -24 54 32
      vertex -24 52.15 48
    endloop
  endfacet
  facet normal 1 0 0
    outer loop
      vertex -24 1 35.5
      vertex -24 49.85 33.864023872714874
      vertex -24 49.85 48
    endloop
  endfacet
  facet normal 1 0 0
    outer loop
      vertex -24 54 32
      vertex -24 54 48
      vertex -24 52.15 48
    endloop
  endfacet
  facet normal 1 0 0
    outer loop
      vertex -24 1 35.5
      vertex -24 49.85 48
      vertex -24 1 48
    endloop
  endfacet
  facet normal 0.7071067811865475 0 -0.7071067811865475
    outer loop
      vertex -24 1 48
      vertex -22 49.85 50
      vertex -22 1 50
    endloop
  endfacet
  facet normal 0 0 -1
    outer loop
      vertex -22 1 50
      vertex -22 49.85 50
      vertex -11.995 1 50
    endloop
  endfacet
  facet normal 0.7071067811865475 0 -0.7071067811865475
    outer loop
      vertex -24 1 48
      vertex -24 49.85 48
      vertex -22 49.85 50
    endloop
  endfacet
  facet normal 0.7071067811865476 0 -0.7071067811865476
    outer loop
      vertex -24 52.15 48
      vertex -24 54 48
      vertex -22 52.15 50
    endloop
  endfacet
  facet normal 0.7071067811865476 0 -0.7071067811865476
    outer loop
      vertex -24 54 48
      vertex -22 54 50
      vertex -22 52.15 50
    endloop
  endfacet
  facet normal 0 0 -1
    outer loop
      vertex -22 49.85 50
      vertex -11.995 37.5 50
      vertex -11.995 1 50
    endloop
  endfacet
  facet normal 0 0 -1
    outer loop
      vertex -22 49.85 50
      vertex -9.995 37.5 50
      vertex -11.995 37.5 50
    endloop
  endfacet
  facet normal 0 0 -1
    outer loop
      vertex -3.25 -37.5 50
      vertex -5.5 37.5 50
      vertex -3.25 37.5 50
    endloop
  endfacet
  facet normal 0 0 -1
    outer loop
      vertex -22 49.85 50
      vertex -5.5 37.5 50
      vertex -9.995 37.5 50
    endloop
  endfacet
  facet normal 0 0 -1
    outer loop
      vertex -22 49.85 50
      vertex -3.25 37.5 50
      vertex -5.5 37.5 50
    endloop
  endfacet
  facet normal 0 0 -1
    outer loop
      vertex -22 49.85 50
      vertex 3.25 37.5 50
      vertex -3.25 37.5 50
    endloop
  endfacet
  facet normal 0 0 -1
    outer loop
      vertex -22 52.15 50
      vertex -22 54 50
      vertex 22 52.15 50
    endloop
  endfacet
  facet normal -1 0 0
    outer loop
      vertex 24 -54 32
      vertex 24 -52.15 48
      vertex 24 -52.15 32
    endloop
  endfacet
  facet normal -1 0 0
    outer loop
      vertex 24 -54 32
      vertex 24 -54 48
      vertex 24 -52.15 48
    endloop
  endfacet
  facet normal -1 0 0
    outer loop
      vertex 24 -49.85 33.864023872714874
      vertex 24 -49.85 48
      vertex 24 -1 35.5
    endloop
  endfacet
  facet normal -1 0 0
    outer loop
      vertex 24 -49.85 32
      vertex 24 -49.85 32.135976127285126
      vertex 24 49.85 32.135976127285126
    endloop
  endfacet
  facet normal -1 0 0
    outer loop
      vertex 24 -49.85 33.864023872714874
      vertex 24 -1 35.5
      vertex 24 49.85 33.864023872714874
    endloop
  endfacet
  facet normal 0 0 -1
    outer loop
      vertex -22 -52.15 50
      vertex 22 -52.15 50
      vertex 22 -54 50
    endloop
  endfacet
  facet normal 0 0 -1
    outer loop
      vertex -3.25 -37.5 50
      vertex 3.25 -37.5 50
      vertex 22 -49.85 50
    endloop
  endfacet
  facet normal 0 0 -1
    outer loop
      vertex 3.25 -37.5 50
      vertex 5.5 -37.5 50
      vertex 22 -49.85 50
    endloop
  endfacet
  facet normal 0 0 -1
    outer loop
      vertex 5.5 -37.5 50
      vertex 9.995 -37.5 50
      vertex 22 -49.85 50
    endloop
  endfacet
  facet normal 0 0 -1
    outer loop
      vertex 3.25 -37.5 50
      vertex 3.25 37.5 50
      vertex 5.5 -37.5 50
    endloop
  endfacet
  facet normal 0 0 -1
    outer loop
      vertex 9.995 -37.5 50
      vertex 11.995 -37.5 50
      vertex 22 -49.85 50
    endloop
  endfacet
  facet normal 0 0 -1
    outer loop
      vertex 11.995 -37.5 50
      vertex 11.995 -1 50
      vertex 22 -49.85 50
    endloop
  endfacet
  facet normal -0.7071067811865476 0 -0.7071067811865476
    outer loop
      vertex 24 -54 48
      vertex 22 -54 50
      vertex 22 -52.15 50
    endloop
  endfacet
  facet normal -0.7071067811865476 0 -0.7071067811865476
    outer loop
      vertex 24 -54 48
      vertex 22 -52.15 50
      vertex 24 -52.15 48
    endloop
  endfacet
  facet normal -0.7071067811865475 0 -0.7071067811865475
    outer loop
      vertex 24 -49.85 48
      vertex 22 -49.85 50
      vertex 24 -1 48
    endloop
  endfacet
  facet normal -1 0 0
    outer loop
      vertex 24 -1 35.5
      vertex 24 -49.85 48
      vertex 24 -1 48
    endloop
  endfacet
  facet normal 0 0 -1
    outer loop
      vertex 11.995 -1 50
      vertex 22 -1 50
      vertex 22 -49.85 50
    endloop
  endfacet
  facet normal -0.7071067811865475 0 -0.7071067811865475
    outer loop
      vertex 22 -49.85 50
      vertex 22 -1 50
      vertex 24 -1 48
    endloop
  endfacet
  facet normal -1 0 0
    outer loop
      vertex 24 -49.85 32
      vertex 24 49.85 32.135976127285126
      vertex 24 49.85 32
    endloop
  endfacet
  facet normal -1 0 0
    outer loop
      vertex 24 -1 35.5
      vertex 24 1 35.5
      vertex 24 49.85 33.864023872714874
    endloop
  endfacet
  facet normal -1 0 0
    outer loop
      vertex 24 1 35.5
      vertex 24 1 48
      vertex 24 49.85 33.864023872714874
    endloop
  endfacet
  facet normal -1 0 0
    outer loop
      vertex 24 52.15 32
      vertex 24 54 48
      vertex 24 54 32
    endloop
  endfacet
  facet normal -1 0 0
    outer loop
      vertex 24 52.15 32
      vertex 24 52.15 48
      vertex 24 54 48
    endloop
  endfacet
  facet normal 0 0 -1
    outer loop
      vertex 5.5 -37.5 50
      vertex 3.25 37.5 50
      vertex 5.5 37.5 50
    endloop
  endfacet
  facet normal 0 0 -1
    outer loop
      vertex -22 49.85 50
      vertex 22 49.85 50
      vertex 3.25 37.5 50
    endloop
  endfacet
  facet normal 0 0 -1
    outer loop
      vertex -22 54 50
      vertex 22 54 50
      vertex 22 52.15 50
    endloop
  endfacet
  facet normal 0 0 -1
    outer loop
      vertex 3.25 37.5 50
      vertex 22 49.85 50
      vertex 5.5 37.5 50
    endloop
  endfacet
  facet normal 0 0 -1
    outer loop
      vertex 5.5 37.5 50
      vertex 22 49.85 50
      vertex 9.995 37.5 50
    endloop
  endfacet
  facet normal 0 0 -1
    outer loop
      vertex 11.995 1 50
      vertex 11.995 37.5 50
      vertex 22 1 50
    endloop
  endfacet
  facet normal -0.7071067811865475 0 -0.7071067811865475
    outer loop
      vertex 24 1 48
      vertex 22 1 50
      vertex 24 49.85 48
    endloop
  endfacet
  facet normal -1 0 0
    outer loop
      vertex 24 49.85 33.864023872714874
      vertex 24 1 48
      vertex 24 49.85 48
    endloop
  endfacet
  facet normal 0 0 -1
    outer loop
      vertex 11.995 37.5 50
      vertex 22 49.85 50
      vertex 22 1 50
    endloop
  endfacet
  facet normal 0 0 -1
    outer loop
      vertex 9.995 37.5 50
      vertex 22 49.85 50
      vertex 11.995 37.5 50
    endloop
  endfacet
  facet normal -0.7071067811865475 0 -0.7071067811865475
    outer loop
      vertex 22 1 50
      vertex 22 49.85 50
      vertex 24 49.85 48
    endloop
  endfacet
  facet normal -0.7071067811865476 0 -0.7071067811865476
    outer loop
      vertex 24 52.15 48
      vertex 22 52.15 50
      vertex 22 54 50
    endloop
  endfacet
  facet normal -0.7071067811865476 0 -0.7071067811865476
    outer loop
      vertex 24 52.15 48
      vertex 22 54 50
      vertex 24 54 48
    endloop
  endfacet
  facet normal 0 1 0
    outer loop
      vertex -25.15 49.85 32
      vertex -24.07422070843493 49.85 32.09517294753398
      vertex -24 49.85 32
    endloop
  endfacet
  facet normal 0 1 0
    outer loop
      vertex -25.15 49.85 32
      vertex -24.25 49.85 33.966209504970706
      vertex -24.07422070843493 49.85 32.09517294753398
    endloop
  endfacet
  facet normal 0 1 0
    outer loop
      vertex -24 49.85 32
      vertex -24.07422070843493 49.85 32.09517294753398
      vertex -24 49.85 32.135976127285126
    endloop
  endfacet
  facet normal 1 0 0
    outer loop
      vertex -25.15 49.85 32
      vertex -25.15 52.15 32
      vertex -25.15 49.85 49.15
    endloop
  endfacet
  facet normal 0 1 0
    outer loop
      vertex -25.15 49.85 32
      vertex -24 49.85 48
      vertex -24.25 49.85 33.966209504970706
    endloop
  endfacet
  facet normal 0 -1 0
    outer loop
      vertex -25.15 52.15 32
      vertex -24 52.15 32
      vertex -25.15 52.15 49.15
    endloop
  endfacet
  facet normal 0 1 0
    outer loop
      vertex -24.25 49.85 33.966209504970706
      vertex -24 49.85 48
      vertex -24.07422070843493 49.85 33.90482705246602
    endloop
  endfacet
  facet normal 0 1 0
    outer loop
      vertex -24 49.85 33.864023872714874
      vertex -24.07422070843493 49.85 33.90482705246602
      vertex -24 49.85 48
    endloop
  endfacet
  facet normal 0 1 0
    outer loop
      vertex -25.15 49.85 32
      vertex -25.15 49.85 49.15
      vertex -24 49.85 48
    endloop
  endfacet
  facet normal 0 -1 0
    outer loop
      vertex -24 52.15 32
      vertex -24 52.15 48
      vertex -25.15 52.15 49.15
    endloop
  endfacet
  facet normal 1 0 0
    outer loop
      vertex -25.15 52.15 32
      vertex -25.15 52.15 49.15
      vertex -25.15 49.85 49.15
    endloop
  endfacet
  facet normal 0.7071067811865476 0 -0.7071067811865476
    outer loop
      vertex -25.15 49.85 49.15
      vertex -25.15 52.15 49.15
      vertex -23.15 52.15 51.15
    endloop
  endfacet
  facet normal 0 1 0
    outer loop
      vertex -24 49.85 48
      vertex -25.15 49.85 49.15
      vertex -22 49.85 50
    endloop
  endfacet
  facet normal 0 -1 0
    outer loop
      vertex -24 52.15 48
      vertex -23.15 52.15 51.15
      vertex -25.15 52.15 49.15
    endloop
  endfacet
  facet normal 0 -1 0
    outer loop
      vertex -24 52.15 48
      vertex -22 52.15 50
      vertex -23.15 52.15 51.15
    endloop
  endfacet
  facet normal 0.7071067811865476 0 -0.7071067811865476
    outer loop
      vertex -25.15 49.85 49.15
      vertex -23.15 52.15 51.15
      vertex -23.15 49.85 51.15
    endloop
  endfacet
  facet normal 0 1 0
    outer loop
      vertex -25.15 49.85 49.15
      vertex -23.15 49.85 51.15
      vertex -22 49.85 50
    endloop
  endfacet
  facet normal 0 1 0
    outer loop
      vertex -23.15 49.85 51.15
      vertex 22 49.85 50
      vertex -22 49.85 50
    endloop
  endfacet
  facet normal 0 -1 0
    outer loop
      vertex -23.15 52.15 51.15
      vertex -22 52.15 50
      vertex 23.15 52.15 51.15
    endloop
  endfacet
  facet normal 0 0 -1
    outer loop
      vertex -23.15 49.85 51.15
      vertex -23.15 52.15 51.15
      vertex 23.15 52.15 51.15
    endloop
  endfacet
  facet normal 0 1 0
    outer loop
      vertex 24 49.85 32
      vertex 24 49.85 32.135976127285126
      vertex 24.07422070843493 49.85 32.09517294753398
    endloop
  endfacet
  facet normal 0 1 0
    outer loop
      vertex 24 49.85 32
      vertex 24.07422070843493 49.85 32.09517294753398
      vertex 24.25 49.85 32.033790495029294
    endloop
  endfacet
  facet normal 0 1 0
    outer loop
      vertex 24 49.85 32
      vertex 24.25 49.85 32.033790495029294
      vertex 25.15 49.85 32
    endloop
  endfacet
  facet normal 0 1 0
    outer loop
      vertex 24.25 49.85 32.033790495029294
      vertex 24.07422070843493 49.85 33.90482705246602
      vertex 25.15 49.85 32
    endloop
  endfacet
  facet normal 0 -1 0
    outer loop
      vertex 24 52.15 32
      vertex 25.15 52.15 32
      vertex 24 52.15 48
    endloop
  endfacet
  facet normal 0 1 0
    outer loop
      vertex 24 49.85 33.864023872714874
      vertex 24 49.85 48
      vertex 24.07422070843493 49.85 33.90482705246602
    endloop
  endfacet
  facet normal 0 1 0
    outer loop
      vertex 25.15 49.85 32
      vertex 24.07422070843493 49.85 33.90482705246602
      vertex 25.15 49.85 49.15
    endloop
  endfacet
  facet normal -1 0 0
    outer loop
      vertex 25.15 49.85 32
      vertex 25.15 52.15 49.15
      vertex 25.15 52.15 32
    endloop
  endfacet
  facet normal 0 1 0
    outer loop
      vertex -23.15 49.85 51.15
      vertex 23.15 49.85 51.15
      vertex 22 49.85 50
    endloop
  endfacet
  facet normal 0 0 -1
    outer loop
      vertex -23.15 49.85 51.15
      vertex 23.15 52.15 51.15
      vertex 23.15 49.85 51.15
    endloop
  endfacet
  facet normal 0 -1 0
    outer loop
      vertex -22 52.15 50
      vertex 22 52.15 50
      vertex 23.15 52.15 51.15
    endloop
  endfacet
  facet normal 0 1 0
    outer loop
      vertex 24.07422070843493 49.85 33.90482705246602
      vertex 24 49.85 48
      vertex 25.15 49.85 49.15
    endloop
  endfacet
  facet normal -1 0 0
    outer loop
      vertex 25.15 49.85 32
      vertex 25.15 49.85 49.15
      vertex 25.15 52.15 49.15
    endloop
  endfacet
  facet normal 0 -1 0
    outer loop
      vertex 25.15 52.15 32
      vertex 25.15 52.15 49.15
      vertex 24 52.15 48
    endloop
  endfacet
  facet normal 0 1 0
    outer loop
      vertex 24 49.85 48
      vertex 22 49.85 50
      vertex 23.15 49.85 51.15
    endloop
  endfacet
  facet normal 0 1 0
    outer loop
      vertex 24 49.85 48
      vertex 23.15 49.85 51.15
      vertex 25.15 49.85 49.15
    endloop
  endfacet
  facet normal 0 -1 0
    outer loop
      vertex 24 52.15 48
      vertex 25.15 52.15 49.15
      vertex 22 52.15 50
    endloop
  endfacet
  facet normal -0.7071067811865476 0 -0.7071067811865476
    outer loop
      vertex 25.15 49.85 49.15
      vertex 23.15 52.15 51.15
      vertex 25.15 52.15 49.15
    endloop
  endfacet
  facet normal -0.7071067811865476 0 -0.7071067811865476
    outer loop
      vertex 25.15 49.85 49.15
      vertex 23.15 49.85 51.15
      vertex 23.15 52.15 51.15
    endloop
  endfacet
  facet normal 0 -1 0
    outer loop
      vertex 25.15 52.15 49.15
      vertex 23.15 52.15 51.15
      vertex 22 52.15 50
    endloop
  endfacet
  facet normal 0 -1 0
    outer loop
      vertex -25.15 -49.85 32
      vertex -24 -49.85 32
      vertex -24.25 -49.85 32.033790495029294
    endloop
  endfacet
  facet normal 0 -1 0
    outer loop
      vertex -25.15 -49.85 32
      vertex -24.25 -49.85 32.033790495029294
      vertex -24.07422070843493 -49.85 33.90482705246602
    endloop
  endfacet
  facet normal 0 -1 0
    outer loop
      vertex -24.25 -49.85 32.033790495029294
      vertex -24 -49.85 32
      vertex -24.07422070843493 -49.85 32.09517294753398
    endloop
  endfacet
  facet normal 0 -1 0
    outer loop
      vertex -24 -49.85 32
      vertex -24 -49.85 32.135976127285126
      vertex -24.07422070843493 -49.85 32.09517294753398
    endloop
  endfacet
  facet normal 0 1 0
    outer loop
      vertex -25.15 -52.15 32
      vertex -24 -52.15 48
      vertex -24 -52.15 32
    endloop
  endfacet
  facet normal 1 0 0
    outer loop
      vertex -25.15 -52.15 32
      vertex -25.15 -49.85 32
      vertex -25.15 -52.15 49.15
    endloop
  endfacet
  facet normal 0 -1 0
    outer loop
      vertex -25.15 -49.85 32
      vertex -24.07422070843493 -49.85 33.90482705246602
      vertex -25.15 -49.85 49.15
    endloop
  endfacet
  facet normal 0 -1 0
    outer loop
      vertex -24 -49.85 33.864023872714874
      vertex -24 -49.85 48
      vertex -24.07422070843493 -49.85 33.90482705246602
    endloop
  endfacet
  facet normal 0 1 0
    outer loop
      vertex -25.15 -52.15 32
      vertex -25.15 -52.15 49.15
      vertex -24 -52.15 48
    endloop
  endfacet
  facet normal 1 0 0
    outer loop
      vertex -25.15 -49.85 32
      vertex -25.15 -49.85 49.15
      vertex -25.15 -52.15 49.15
    endloop
  endfacet
  facet normal 0 -1 0
    outer loop
      vertex -24.07422070843493 -49.85 33.90482705246602
      vertex -24 -49.85 48
      vertex -25.15 -49.85 49.15
    endloop
  endfacet
  facet normal 0.7071067811865476 0 -0.7071067811865476
    outer loop
      vertex -25.15 -52.15 49.15
      vertex -25.15 -49.85 49.15
      vertex -23.15 -49.85 51.15
    endloop
  endfacet
  facet normal 0 1 0
    outer loop
      vertex -24 -52.15 48
      vertex -25.15 -52.15 49.15
      vertex -22 -52.15 50
    endloop
  endfacet
  facet normal 0 -1 0
    outer loop
      vertex -24 -49.85 48
      vertex -23.15 -49.85 51.15
      vertex -25.15 -49.85 49.15
    endloop
  endfacet
  facet normal 0 -1 0
    outer loop
      vertex -24 -49.85 48
      vertex -22 -49.85 50
      vertex -23.15 -49.85 51.15
    endloop
  endfacet
  facet normal 0.7071067811865476 0 -0.7071067811865476
    outer loop
      vertex -25.15 -52.15 49.15
      vertex -23.15 -49.85 51.15
      vertex -23.15 -52.15 51.15
    endloop
  endfacet
  facet normal 0 1 0
    outer loop
      vertex -25.15 -52.15 49.15
      vertex -23.15 -52.15 51.15
      vertex -22 -52.15 50
    endloop
  endfacet
  facet normal 0 1 0
    outer loop
      vertex -23.15 -52.15 51.15
      vertex 22 -52.15 50
      vertex -22 -52.15 50
    endloop
  endfacet
  facet normal 0 -1 0
    outer loop
      vertex -23.15 -49.85 51.15
      vertex -22 -49.85 50
      vertex 23.15 -49.85 51.15
    endloop
  endfacet
  facet normal 0 0 -1
    outer loop
      vertex -23.15 -52.15 51.15
      vertex -23.15 -49.85 51.15
      vertex 23.15 -49.85 51.15
    endloop
  endfacet
  facet normal 0 -1 0
    outer loop
      vertex 24 -49.85 32
      vertex 24.07422070843493 -49.85 32.09517294753398
      vertex 24 -49.85 32.135976127285126
    endloop
  endfacet
  facet normal 0 -1 0
    outer loop
      vertex 24 -49.85 32
      vertex 25.15 -49.85 32
      vertex 24.07422070843493 -49.85 32.09517294753398
    endloop
  endfacet
  facet normal 0 -1 0
    outer loop
      vertex 24.07422070843493 -49.85 32.09517294753398
      vertex 25.15 -49.85 32
      vertex 24.25 -49.85 33.966209504970706
    endloop
  endfacet
  facet normal 0 -1 0
    outer loop
      vertex 24 -49.85 33.864023872714874
      vertex 24.07422070843493 -49.85 33.90482705246602
      vertex 24 -49.85 48
    endloop
  endfacet
  facet normal 0 -1 0
    outer loop
      vertex 24.07422070843493 -49.85 33.90482705246602
      vertex 24.25 -49.85 33.966209504970706
      vertex 24 -49.85 48
    endloop
  endfacet
  facet normal 0 1 0
    outer loop
      vertex 24 -52.15 32
      vertex 25.15 -52.15 49.15
      vertex 25.15 -52.15 32
    endloop
  endfacet
  facet normal -1 0 0
    outer loop
      vertex 25.15 -52.15 32
      vertex 25.15 -49.85 49.15
      vertex 25.15 -49.85 32
    endloop
  endfacet
  facet normal 0 -1 0
    outer loop
      vertex 25.15 -49.85 32
      vertex 24 -49.85 48
      vertex 24.25 -49.85 33.966209504970706
    endloop
  endfacet
  facet normal 0 1 0
    outer loop
      vertex -23.15 -52.15 51.15
      vertex 23.15 -52.15 51.15
      vertex 22 -52.15 50
    endloop
  endfacet
  facet normal 0 0 -1
    outer loop
      vertex -23.15 -52.15 51.15
      vertex 23.15 -49.85 51.15
      vertex 23.15 -52.15 51.15
    endloop
  endfacet
  facet normal 0 -1 0
    outer loop
      vertex -22 -49.85 50
      vertex 22 -49.85 50
      vertex 23.15 -49.85 51.15
    endloop
  endfacet
  facet normal 0 1 0
    outer loop
      vertex 24 -52.15 32
      vertex 24 -52.15 48
      vertex 25.15 -52.15 49.15
    endloop
  endfacet
  facet normal -1 0 0
    outer loop
      vertex 25.15 -52.15 32
      vertex 25.15 -52.15 49.15
      vertex 25.15 -49.85 49.15
    endloop
  endfacet
  facet normal 0 -1 0
    outer loop
      vertex 25.15 -49.85 32
      vertex 25.15 -49.85 49.15
      vertex 24 -49.85 48
    endloop
  endfacet
  facet normal 0 1 0
    outer loop
      vertex 24 -52.15 48
      vertex 22 -52.15 50
      vertex 23.15 -52.15 51.15
    endloop
  endfacet
  facet normal 0 1 0
    outer loop
      vertex 24 -52.15 48
      vertex 23.15 -52.15 51.15
      vertex 25.15 -52.15 49.15
    endloop
  endfacet
  facet normal 0 -1 0
    outer loop
      vertex 24 -49.85 48
      vertex 25.15 -49.85 49.15
      vertex 22 -49.85 50
    endloop
  endfacet
  facet normal -0.7071067811865476 0 -0.7071067811865476
    outer loop
      vertex 25.15 -52.15 49.15
      vertex 23.15 -49.85 51.15
      vertex 25.15 -49.85 49.15
    endloop
  endfacet
  facet normal -0.7071067811865476 0 -0.7071067811865476
    outer loop
      vertex 25.15 -52.15 49.15
      vertex 23.15 -52.15 51.15
      vertex 23.15 -49.85 51.15
    endloop
  endfacet
  facet normal 0 -1 0
    outer loop
      vertex 25.15 -49.85 49.15
      vertex 23.15 -49.85 51.15
      vertex 22 -49.85 50
    endloop
  endfacet
  facet normal 1 0 0
    outer loop
      vertex -7 -37.5 39.5
      vertex -7 37.5 39.5
      vertex -7 -37.5 42.5
    endloop
  endfacet
  facet normal 0.7071067811865475 0 0.7071067811865475
    outer loop
      vertex -7 -37.5 39.5
      vertex -5.5 -37.5 38
      vertex -5.5 37.5 38
    endloop
  endfacet
  facet normal 0 0 -1
    outer loop
      vertex -7 -37.5 42.5
      vertex -7 37.5 42.5
      vertex -5.5 -37.5 42.5
    endloop
  endfacet
  facet normal 1 0 0
    outer loop
      vertex -7 -37.5 42.5
      vertex -7 37.5 39.5
      vertex -7 37.5 42.5
    endloop
  endfacet
  facet normal 0.7071067811865475 0 0.7071067811865475
    outer loop
      vertex -7 -37.5 39.5
      vertex -5.5 37.5 38
      vertex -7 37.5 39.5
    endloop
  endfacet
  facet normal 0 0 -1
    outer loop
      vertex -5.5 -37.5 42.5
      vertex -7 37.5 42.5
      vertex -5.5 37.5 42.5
    endloop
  endfacet
  facet normal 0 0 -1
    outer loop
      vertex 5.5 -37.5 42.5
      vertex 5.5 37.5 42.5
      vertex 7 -37.5 42.5
    endloop
  endfacet
  facet normal -0.7071067811865475 0 0.7071067811865475
    outer loop
      vertex 5.5 -37.5 38
      vertex 7 -37.5 39.5
      vertex 7 37.5 39.5
    endloop
  endfacet
  facet normal -1 0 0
    outer loop
      vertex 7 -37.5 39.5
      vertex 7 -37.5 42.5
      vertex 7 37.5 42.5
    endloop
  endfacet
  facet normal -0.7071067811865475 0 0.7071067811865475
    outer loop
      vertex 5.5 -37.5 38
      vertex 7 37.5 39.5
      vertex 5.5 37.5 38
    endloop
  endfacet
  facet normal -1 0 0
    outer loop
      vertex 7 -37.5 39.5
      vertex 7 37.5 42.5
      vertex 7 37.5 39.5
    endloop
  endfacet
  facet normal 0 0 -1
    outer loop
      vertex 7 -37.5 42.5
      vertex 5.5 37.5 42.5
      vertex 7 37.5 42.5
    endloop
  endfacet
  facet normal -1 0 0
    outer loop
      vertex -5 -10 36.55
      vertex -5 -10 37.8
      vertex -5 10 37.8
    endloop
  endfacet
  facet normal 0 0 -1
    outer loop
      vertex -5 -10 36.55
      vertex -1.5739476368340255 -5.404121066642889 36.55
      vertex -1.5108867895684086 -5.598202398112601 36.55
    endloop
  endfacet
  facet normal 0 0 -1
    outer loop
      vertex -5 -10 36.55
      vertex -1.5108867895684086 -5.598202398112601 36.55
      vertex -1.4239983550712783 -5.782849720415287 36.55
    endloop
  endfacet
  facet normal 0 0 -1
    outer loop
      vertex -5 -10 36.55
      vertex -1.6121863896360265 -5.203666504541994 36.55
      vertex -1.5739476368340255 -5.404121066642889 36.55
    endloop
  endfacet
  facet normal 0 0 -1
    outer loop
      vertex -5 -10 36.55
      vertex -1.4239983550712783 -5.782849720415287 36.55
      vertex -1.3146526158592895 -5.955151034975269 36.55
    endloop
  endfacet
  facet normal 0 0 -1
    outer loop
      vertex -5 -10 36.55
      vertex -1.3146526158592895 -5.955151034975269 36.55
      vertex -1.184574019559794 -6.112389047134119 36.55
    endloop
  endfacet
  facet normal 0 0 -1
    outer loop
      vertex -5 -10 36.55
      vertex -0.8707185418408697 -6.372032878940774 36.55
      vertex -0.6918913487932428 -6.470343960257281 36.55
    endloop
  endfacet
  facet normal 0 0 -1
    outer loop
      vertex -5 -10 36.55
      vertex -0.6918913487932428 -6.470343960257281 36.55
      vertex -0.5021526158592895 -6.545466838979625 36.55
    endloop
  endfacet
  facet normal 0 0 -1
    outer loop
      vertex -5 -10 36.55
      vertex -1.184574019559794 -6.112389047134119 36.55
      vertex -1.0358139833416207 -6.252084019510658 36.55
    endloop
  endfacet
  facet normal 0 0 -1
    outer loop
      vertex -5 -10 36.55
      vertex -1.0358139833416207 -6.252084019510658 36.55
      vertex -0.8707185418408697 -6.372032878940774 36.55
    endloop
  endfacet
  facet normal 0 -1 0
    outer loop
      vertex -5 -10 36.55
      vertex 5 -10 37.8
      vertex -5 -10 37.8
    endloop
  endfacet
  facet normal 0 0 -1
    outer loop
      vertex -5 -10 36.55
      vertex -0.5021526158592895 -6.545466838979625 36.55
      vertex 5 -10 36.55
    endloop
  endfacet
  facet normal 0 0 -1
    outer loop
      vertex -5 -10 36.55
      vertex -1.625 -5 36.55
      vertex -1.6121863896360265 -5.203666504541994 36.55
    endloop
  endfacet
  facet normal 0 0 -1
    outer loop
      vertex -5 -10 36.55
      vertex -1.6121863896360265 -4.796333495458006 36.55
      vertex -1.625 -5 36.55
    endloop
  endfacet
  facet normal 0 0 -1
    outer loop
      vertex -5 -10 36.55
      vertex -1.5739476368340255 -4.595878933357111 36.55
      vertex -1.6121863896360265 -4.796333495458006 36.55
    endloop
  endfacet
  facet normal 0 0 -1
    outer loop
      vertex -5 -10 36.55
      vertex -1.5108867895684086 -4.401797601887399 36.55
      vertex -1.5739476368340255 -4.595878933357111 36.55
    endloop
  endfacet
  facet normal 0 0 -1
    outer loop
      vertex -5 -10 36.55
      vertex 5 10 36.55
      vertex -1.5108867895684086 -4.401797601887399 36.55
    endloop
  endfacet
  facet normal -1 0 0
    outer loop
      vertex -5 -10 36.55
      vertex -5 10 37.8
      vertex -5 10 36.55
    endloop
  endfacet
  facet normal 0 0 -1
    outer loop
      vertex -5 -10 36.55
      vertex -5 10 36.55
      vertex 5 10 36.55
    endloop
  endfacet
  facet normal 0 1 0
    outer loop
      vertex -5 10 36.55
      vertex -5 10 37.8
      vertex 5 10 36.55
    endloop
  endfacet
  facet normal 0 0 -1
    outer loop
      vertex -0.5021526158592895 -6.545466838979625 36.55
      vertex -0.30449463620180284 -6.596216782434119 36.55
      vertex 5 -10 36.55
    endloop
  endfacet
  facet normal 0 0 -1
    outer loop
      vertex -0.30449463620180284 -6.596216782434119 36.55
      vertex -0.10203459423513486 -6.621793433695942 36.55
      vertex 5 -10 36.55
    endloop
  endfacet
  facet normal 0 0 -1
    outer loop
      vertex -0.10203459423513486 -6.621793433695942 36.55
      vertex 0.10203459423513486 -6.621793433695942 36.55
      vertex 5 -10 36.55
    endloop
  endfacet
  facet normal 0 0 -1
    outer loop
      vertex 0.10203459423513486 -6.621793433695942 36.55
      vertex 0.30449463620180284 -6.596216782434119 36.55
      vertex 5 -10 36.55
    endloop
  endfacet
  facet normal 0 0 -1
    outer loop
      vertex 0.30449463620180284 -6.596216782434119 36.55
      vertex 0.5021526158592895 -6.545466838979625 36.55
      vertex 5 -10 36.55
    endloop
  endfacet
  facet normal 0 0 -1
    outer loop
      vertex 0.5021526158592895 -6.545466838979625 36.55
      vertex 0.6918913487932428 -6.470343960257281 36.55
      vertex 5 -10 36.55
    endloop
  endfacet
  facet normal 0 0 -1
    outer loop
      vertex 0.6918913487932428 -6.470343960257281 36.55
      vertex 0.8707185418408688 -6.372032878940775 36.55
      vertex 5 -10 36.55
    endloop
  endfacet
  facet normal 0 0 -1
    outer loop
      vertex 0.8707185418408688 -6.372032878940775 36.55
      vertex 1.0358139833416211 -6.252084019510657 36.55
      vertex 5 -10 36.55
    endloop
  endfacet
  facet normal 0 0 -1
    outer loop
      vertex 1.0358139833416211 -6.252084019510657 36.55
      vertex 1.184574019559794 -6.112389047134119 36.55
      vertex 5 -10 36.55
    endloop
  endfacet
  facet normal 0 0 -1
    outer loop
      vertex 1.184574019559794 -6.112389047134119 36.55
      vertex 1.3146526158592895 -5.955151034975269 36.55
      vertex 5 -10 36.55
    endloop
  endfacet
  facet normal 0 0 -1
    outer loop
      vertex 1.3146526158592895 -5.955151034975269 36.55
      vertex 1.4239983550712783 -5.782849720415287 36.55
      vertex 5 -10 36.55
    endloop
  endfacet
  facet normal 0 0 -1
    outer loop
      vertex 1.4239983550712783 -5.782849720415287 36.55
      vertex 1.5108867895684082 -5.598202398112602 36.55
      vertex 5 -10 36.55
    endloop
  endfacet
  facet normal 0 0 -1
    outer loop
      vertex 1.5108867895684082 -5.598202398112602 36.55
      vertex 1.5739476368340257 -5.4041210666428885 36.55
      vertex 5 -10 36.55
    endloop
  endfacet
  facet normal 0 -1 0
    outer loop
      vertex -5 -10 36.55
      vertex 5 -10 36.55
      vertex 5 -10 37.8
    endloop
  endfacet
  facet normal 0 0 -1
    outer loop
      vertex 1.5739476368340257 -5.4041210666428885 36.55
      vertex 1.6121863896360265 -5.203666504541994 36.55
      vertex 5 10 36.55
    endloop
  endfacet
  facet normal 0 0 -1
    outer loop
      vertex 1.6121863896360265 -5.203666504541994 36.55
      vertex 1.625 -5 36.55
      vertex 5 10 36.55
    endloop
  endfacet
  facet normal 0 0 -1
    outer loop
      vertex 1.5739476368340257 -5.4041210666428885 36.55
      vertex 5 10 36.55
      vertex 5 -10 36.55
    endloop
  endfacet
  facet normal 1 0 0
    outer loop
      vertex 5 -10 36.55
      vertex 5 10 36.55
      vertex 5 -10 37.8
    endloop
  endfacet
  facet normal 0 0 -1
    outer loop
      vertex -1.5108867895684086 -4.401797601887399 36.55
      vertex 5 10 36.55
      vertex -1.4239983550712783 -4.217150279584713 36.55
    endloop
  endfacet
  facet normal 0 0 -1
    outer loop
      vertex -1.4239983550712783 -4.217150279584713 36.55
      vertex 5 10 36.55
      vertex -1.3146526158592895 -4.044848965024731 36.55
    endloop
  endfacet
  facet normal 0 0 -1
    outer loop
      vertex -1.3146526158592895 -4.044848965024731 36.55
      vertex 5 10 36.55
      vertex -1.184574019559794 -3.887610952865881 36.55
    endloop
  endfacet
  facet normal 0 0 -1
    outer loop
      vertex -1.184574019559794 -3.887610952865881 36.55
      vertex 5 10 36.55
      vertex -1.0358139833416207 -3.747915980489342 36.55
    endloop
  endfacet
  facet normal 0 0 -1
    outer loop
      vertex -1.0358139833416207 -3.747915980489342 36.55
      vertex 5 10 36.55
      vertex -0.8707185418408697 -3.6279671210592257 36.55
    endloop
  endfacet
  facet normal 0 0 -1
    outer loop
      vertex -0.8707185418408697 -3.6279671210592257 36.55
      vertex 5 10 36.55
      vertex -0.6918913487932432 -3.5296560397427186 36.55
    endloop
  endfacet
  facet normal 0 0 -1
    outer loop
      vertex -0.6918913487932432 -3.5296560397427186 36.55
      vertex 5 10 36.55
      vertex -0.5021526158592895 -3.4545331610203753 36.55
    endloop
  endfacet
  facet normal 0 0 -1
    outer loop
      vertex -0.5021526158592895 -3.4545331610203753 36.55
      vertex 5 10 36.55
      vertex -0.30449463620180245 -3.4037832175658806 36.55
    endloop
  endfacet
  facet normal 0 0 -1
    outer loop
      vertex -0.30449463620180245 -3.4037832175658806 36.55
      vertex 5 10 36.55
      vertex -0.10203459423513407 -3.378206566304059 36.55
    endloop
  endfacet
  facet normal 0 0 -1
    outer loop
      vertex -0.10203459423513407 -3.378206566304059 36.55
      vertex 5 10 36.55
      vertex 0.10203459423513407 -3.378206566304059 36.55
    endloop
  endfacet
  facet normal 0 0 -1
    outer loop
      vertex 0.10203459423513407 -3.378206566304059 36.55
      vertex 5 10 36.55
      vertex 0.30449463620180245 -3.4037832175658806 36.55
    endloop
  endfacet
  facet normal 0 0 -1
    outer loop
      vertex 0.30449463620180245 -3.4037832175658806 36.55
      vertex 5 10 36.55
      vertex 0.5021526158592895 -3.4545331610203753 36.55
    endloop
  endfacet
  facet normal 0 0 -1
    outer loop
      vertex 1.1845740195597938 -3.887610952865881 36.55
      vertex 1.035813983341621 -3.747915980489343 36.55
      vertex 5 10 36.55
    endloop
  endfacet
  facet normal 0 0 -1
    outer loop
      vertex 0.5021526158592895 -3.4545331610203753 36.55
      vertex 5 10 36.55
      vertex 0.6918913487932432 -3.5296560397427186 36.55
    endloop
  endfacet
  facet normal 0 0 -1
    outer loop
      vertex 0.6918913487932432 -3.5296560397427186 36.55
      vertex 5 10 36.55
      vertex 0.8707185418408696 -3.6279671210592257 36.55
    endloop
  endfacet
  facet normal 0 0 -1
    outer loop
      vertex 0.8707185418408696 -3.6279671210592257 36.55
      vertex 5 10 36.55
      vertex 1.035813983341621 -3.747915980489343 36.55
    endloop
  endfacet
  facet normal 0 0 -1
    outer loop
      vertex 1.1845740195597938 -3.887610952865881 36.55
      vertex 5 10 36.55
      vertex 1.3146526158592895 -4.044848965024731 36.55
    endloop
  endfacet
  facet normal 0 0 -1
    outer loop
      vertex 1.4239983550712783 -4.217150279584713 36.55
      vertex 1.3146526158592895 -4.044848965024731 36.55
      vertex 5 10 36.55
    endloop
  endfacet
  facet normal 0 0 -1
    outer loop
      vertex 1.6121863896360265 -4.796333495458006 36.55
      vertex 1.5739476368340255 -4.595878933357111 36.55
      vertex 5 10 36.55
    endloop
  endfacet
  facet normal 0 0 -1
    outer loop
      vertex 1.5739476368340255 -4.595878933357111 36.55
      vertex 1.5108867895684084 -4.401797601887399 36.55
      vertex 5 10 36.55
    endloop
  endfacet
  facet normal 0 0 -1
    outer loop
      vertex 1.625 -5 36.55
      vertex 1.6121863896360265 -4.796333495458006 36.55
      vertex 5 10 36.55
    endloop
  endfacet
  facet normal 0 0 -1
    outer loop
      vertex 1.5108867895684084 -4.401797601887399 36.55
      vertex 1.4239983550712783 -4.217150279584713 36.55
      vertex 5 10 36.55
    endloop
  endfacet
  facet normal 0 1 0
    outer loop
      vertex -5 10 37.8
      vertex 5 10 37.8
      vertex 5 10 36.55
    endloop
  endfacet
  facet normal 1 0 0
    outer loop
      vertex 5 -10 37.8
      vertex 5 10 36.55
      vertex 5 10 37.8
    endloop
  endfacet
  facet normal 0 0 1
    outer loop
      vertex -2.7279800219209815 -6.278607103712533 38.05
      vertex -1.184574019559794 -6.112389047134119 38.05
      vertex -2.7279800219209815 -6.15 38.05
    endloop
  endfacet
  facet normal 0 0 1
    outer loop
      vertex -2.562 -6.575 38.05
      vertex -1.184574019559794 -6.112389047134119 38.05
      vertex -2.7279800219209815 -6.278607103712533 38.05
    endloop
  endfacet
  facet normal 0 0 1
    outer loop
      vertex -2.7279800219209815 -6.15 38.05
      vertex -1.3146526158592895 -5.955151034975269 38.05
      vertex -1.4239983550712783 -5.782849720415287 38.05
    endloop
  endfacet
  facet normal 0 0 1
    outer loop
      vertex -2.7279800219209815 -6.15 38.05
      vertex -1.184574019559794 -6.112389047134119 38.05
      vertex -1.3146526158592895 -5.955151034975269 38.05
    endloop
  endfacet
  facet normal 0 0 1
    outer loop
      vertex -2.7279800219209815 -6.15 38.05
      vertex -1.5108867895684086 -5.598202398112601 38.05
      vertex -1.5739476368340255 -5.404121066642889 38.05
    endloop
  endfacet
  facet normal 0 0 1
    outer loop
      vertex -2.7279800219209815 -6.15 38.05
      vertex -1.5739476368340255 -5.404121066642889 38.05
      vertex -1.6121863896360265 -5.203666504541994 38.05
    endloop
  endfacet
  facet normal 0 0 1
    outer loop
      vertex -2.7279800219209815 -6.15 38.05
      vertex -1.4239983550712783 -5.782849720415287 38.05
      vertex -1.5108867895684086 -5.598202398112601 38.05
    endloop
  endfacet
  facet normal 0 0 1
    outer loop
      vertex -2.7279800219209815 -6.15 38.05
      vertex -1.6121863896360265 -5.203666504541994 38.05
      vertex -1.625 -5 38.05
    endloop
  endfacet
  facet normal 0 0 1
    outer loop
      vertex -2.7279800219209815 -6.15 38.05
      vertex -1.625 -5 38.05
      vertex -1.6121863896360265 -4.796333495458006 38.05
    endloop
  endfacet
  facet normal 0 0 1
    outer loop
      vertex -2.7279800219209815 -6.15 38.05
      vertex -1.6121863896360265 -4.796333495458006 38.05
      vertex -1.5739476368340255 -4.595878933357111 38.05
    endloop
  endfacet
  facet normal 0 0 1
    outer loop
      vertex -2.7279800219209815 -6.15 38.05
      vertex -1.5739476368340255 -4.595878933357111 38.05
      vertex -2.7279800219209815 -3.425 38.05
    endloop
  endfacet
  facet normal 0 0 1
    outer loop
      vertex -2.7279800219209815 -3.425 38.05
      vertex -1.5739476368340255 -4.595878933357111 38.05
      vertex -1.5108867895684086 -4.401797601887399 38.05
    endloop
  endfacet
  facet normal 0 0 1
    outer loop
      vertex -2.7279800219209815 -3.425 38.05
      vertex -1.5108867895684086 -4.401797601887399 38.05
      vertex -1.4239983550712783 -4.217150279584713 38.05
    endloop
  endfacet
  facet normal 0 0 1
    outer loop
      vertex -2.7279800219209815 -3.425 38.05
      vertex -1.4239983550712783 -4.217150279584713 38.05
      vertex -1.3146526158592895 -4.044848965024731 38.05
    endloop
  endfacet
  facet normal 0 0 1
    outer loop
      vertex -2.7279800219209815 -3.425 38.05
      vertex -1.3146526158592895 -4.044848965024731 38.05
      vertex -1.184574019559794 -3.887610952865881 38.05
    endloop
  endfacet
  facet normal 0 0 1
    outer loop
      vertex -2.7279800219209815 -3.425 38.05
      vertex -1.184574019559794 -3.887610952865881 38.05
      vertex -1.0358139833416207 -3.747915980489342 38.05
    endloop
  endfacet
  facet normal 1 0 0
    outer loop
      vertex -2.7279800219209815 -6.15 38.05
      vertex -2.7279800219209815 -3.425 38.05
      vertex -2.7279800219209815 -6.15 40.55
    endloop
  endfacet
  facet normal 0 0 1
    outer loop
      vertex -2.562 -6.575 38.05
      vertex -0.8707185418408697 -6.372032878940774 38.05
      vertex -1.0358139833416207 -6.252084019510658 38.05
    endloop
  endfacet
  facet normal 0 0 1
    outer loop
      vertex -2.562 -6.575 38.05
      vertex -1.0358139833416207 -6.252084019510658 38.05
      vertex -1.184574019559794 -6.112389047134119 38.05
    endloop
  endfacet
  facet normal 0 0 1
    outer loop
      vertex -2.562 -6.575 38.05
      vertex -0.8005500001004933 -6.410608361200129 38.05
      vertex -0.8707185418408697 -6.372032878940774 38.05
    endloop
  endfacet
  facet normal 0 0 1
    outer loop
      vertex -2.7279800219209815 -3.425 38.05
      vertex -1.0358139833416207 -3.747915980489342 38.05
      vertex -0.8707185418408697 -3.6279671210592257 38.05
    endloop
  endfacet
  facet normal 0 0 1
    outer loop
      vertex -2.7279800219209815 -3.425 38.05
      vertex -0.8707185418408697 -3.6279671210592257 38.05
      vertex -0.6918913487932432 -3.5296560397427186 38.05
    endloop
  endfacet
  facet normal 0 0 1
    outer loop
      vertex -2.7279800219209815 -3.425 38.05
      vertex -0.6918913487932432 -3.5296560397427186 38.05
      vertex -0.5021526158592895 -3.4545331610203753 38.05
    endloop
  endfacet
  facet normal 0 0 1
    outer loop
      vertex -2.7279800219209815 -3.425 38.05
      vertex -0.5021526158592895 -3.4545331610203753 38.05
      vertex -0.30449463620180245 -3.4037832175658806 38.05
    endloop
  endfacet
  facet normal 0 0 1
    outer loop
      vertex -2.7279800219209815 -3.425 38.05
      vertex -0.30449463620180245 -3.4037832175658806 38.05
      vertex 0 -1.85 38.05
    endloop
  endfacet
  facet normal 0 0 1
    outer loop
      vertex -0.30449463620180245 -3.4037832175658806 38.05
      vertex -0.10203459423513407 -3.378206566304059 38.05
      vertex 0 -1.85 38.05
    endloop
  endfacet
  facet normal 0.49999999999999994 -0.8660254037844387 0
    outer loop
      vertex -2.7279800219209815 -3.425 38.05
      vertex 0 -1.85 38.05
      vertex 0 -1.85 40.55
    endloop
  endfacet
  facet normal 1 0 0
    outer loop
      vertex -2.7279800219209815 -6.15 40.55
      vertex -2.7279800219209815 -3.425 38.05
      vertex -2.7279800219209815 -3.425 40.55
    endloop
  endfacet
  facet normal 0.49999999999999994 -0.8660254037844387 0
    outer loop
      vertex -2.7279800219209815 -3.425 38.05
      vertex 0 -1.85 40.55
      vertex -2.7279800219209815 -3.425 40.55
    endloop
  endfacet
  facet normal 0 0 -1
    outer loop
      vertex -2.7279800219209815 -6.15 40.55
      vertex -2.7279800219209815 -3.425 40.55
      vertex -1.9918584287042087 -6.15 40.55
    endloop
  endfacet
  facet normal 0 0 -1
    outer loop
      vertex -1.9918584287042087 -6.15 40.55
      vertex -1.5739476368340255 -5.404121066642889 40.55
      vertex -1.5108867895684086 -5.598202398112601 40.55
    endloop
  endfacet
  facet normal 0 0 -1
    outer loop
      vertex -1.9918584287042087 -6.15 40.55
      vertex -1.5108867895684086 -5.598202398112601 40.55
      vertex -1.4239983550712783 -5.782849720415287 40.55
    endloop
  endfacet
  facet normal 0 0 -1
    outer loop
      vertex -1.9918584287042087 -6.15 40.55
      vertex -2.7279800219209815 -3.425 40.55
      vertex -1.5739476368340255 -5.404121066642889 40.55
    endloop
  endfacet
  facet normal 0 0 -1
    outer loop
      vertex -1.5739476368340255 -5.404121066642889 40.55
      vertex -2.7279800219209815 -3.425 40.55
      vertex -1.6121863896360265 -5.203666504541994 40.55
    endloop
  endfacet
  facet normal 0 0 -1
    outer loop
      vertex -1.6121863896360265 -5.203666504541994 40.55
      vertex -2.7279800219209815 -3.425 40.55
      vertex -1.625 -5 40.55
    endloop
  endfacet
  facet normal 0 0 -1
    outer loop
      vertex -2.7279800219209815 -3.425 40.55
      vertex -1.6121863896360265 -4.796333495458006 40.55
      vertex -1.625 -5 40.55
    endloop
  endfacet
  facet normal 0 0 -1
    outer loop
      vertex -2.7279800219209815 -3.425 40.55
      vertex -1.5739476368340255 -4.595878933357111 40.55
      vertex -1.6121863896360265 -4.796333495458006 40.55
    endloop
  endfacet
  facet normal 0 0 -1
    outer loop
      vertex -2.7279800219209815 -3.425 40.55
      vertex -1.5108867895684086 -4.401797601887399 40.55
      vertex -1.5739476368340255 -4.595878933357111 40.55
    endloop
  endfacet
  facet normal 0 0 -1
    outer loop
      vertex -2.7279800219209815 -3.425 40.55
      vertex -1.4239983550712783 -4.217150279584713 40.55
      vertex -1.5108867895684086 -4.401797601887399 40.55
    endloop
  endfacet
  facet normal 0 0 -1
    outer loop
      vertex -2.7279800219209815 -3.425 40.55
      vertex -1.3146526158592895 -4.044848965024731 40.55
      vertex -1.4239983550712783 -4.217150279584713 40.55
    endloop
  endfacet
  facet normal 0 0 -1
    outer loop
      vertex -2.7279800219209815 -3.425 40.55
      vertex -1.184574019559794 -3.887610952865881 40.55
      vertex -1.3146526158592895 -4.044848965024731 40.55
    endloop
  endfacet
  facet normal 0 0 -1
    outer loop
      vertex -2.7279800219209815 -3.425 40.55
      vertex -1.0358139833416207 -3.747915980489342 40.55
      vertex -1.184574019559794 -3.887610952865881 40.55
    endloop
  endfacet
  facet normal 0 0 -1
    outer loop
      vertex -1.9918584287042087 -6.15 40.55
      vertex -1.4239983550712783 -5.782849720415287 40.55
      vertex -1.3146526158592895 -5.955151034975269 40.55
    endloop
  endfacet
  facet normal 0 0 -1
    outer loop
      vertex -1.9918584287042087 -6.15 40.55
      vertex -1.184574019559794 -6.112389047134119 40.55
      vertex -1.144522422746077 -6.15 40.55
    endloop
  endfacet
  facet normal 0 0 -1
    outer loop
      vertex -1.9918584287042087 -6.15 40.55
      vertex -1.3146526158592895 -5.955151034975269 40.55
      vertex -1.184574019559794 -6.112389047134119 40.55
    endloop
  endfacet
  facet normal 0 0 -1
    outer loop
      vertex -2.7279800219209815 -3.425 40.55
      vertex -0.8707185418408697 -3.6279671210592257 40.55
      vertex -1.0358139833416207 -3.747915980489342 40.55
    endloop
  endfacet
  facet normal 0 0 -1
    outer loop
      vertex -2.7279800219209815 -3.425 40.55
      vertex -0.6918913487932432 -3.5296560397427186 40.55
      vertex -0.8707185418408697 -3.6279671210592257 40.55
    endloop
  endfacet
  facet normal 0 0 -1
    outer loop
      vertex -2.7279800219209815 -3.425 40.55
      vertex -0.5021526158592895 -3.4545331610203753 40.55
      vertex -0.6918913487932432 -3.5296560397427186 40.55
    endloop
  endfacet
  facet normal 0 0 -1
    outer loop
      vertex -2.7279800219209815 -3.425 40.55
      vertex 0 -1.85 40.55
      vertex -0.5021526158592895 -3.4545331610203753 40.55
    endloop
  endfacet
  facet normal 0 0 -1
    outer loop
      vertex -0.5021526158592895 -3.4545331610203753 40.55
      vertex 0 -1.85 40.55
      vertex -0.30449463620180245 -3.4037832175658806 40.55
    endloop
  endfacet
  facet normal 0 0 -1
    outer loop
      vertex -0.30449463620180245 -3.4037832175658806 40.55
      vertex 0 -1.85 40.55
      vertex -0.10203459423513407 -3.378206566304059 40.55
    endloop
  endfacet
  facet normal 0 0 1
    outer loop
      vertex 1.0510183055202866 -6.237806210626303 38.05
      vertex 1.9918584287042087 -6.15 38.05
      vertex 1.184574019559794 -6.112389047134119 38.05
    endloop
  endfacet
  facet normal 0 0 1
    outer loop
      vertex 1.184574019559794 -6.112389047134119 38.05
      vertex 1.9918584287042087 -6.15 38.05
      vertex 1.3146526158592895 -5.955151034975269 38.05
    endloop
  endfacet
  facet normal 0 0 1
    outer loop
      vertex 1.3146526158592895 -5.955151034975269 38.05
      vertex 1.9918584287042087 -6.15 38.05
      vertex 1.4239983550712783 -5.782849720415287 38.05
    endloop
  endfacet
  facet normal 0 0 1
    outer loop
      vertex 0.5021526158592895 -3.4545331610203753 38.05
      vertex 0.6918913487932432 -3.5296560397427186 38.05
      vertex 2.7279800219209815 -3.425 38.05
    endloop
  endfacet
  facet normal 0 0 1
    outer loop
      vertex 0.6918913487932432 -3.5296560397427186 38.05
      vertex 0.8707185418408696 -3.6279671210592257 38.05
      vertex 2.7279800219209815 -3.425 38.05
    endloop
  endfacet
  facet normal 0 0 1
    outer loop
      vertex 0.8707185418408696 -3.6279671210592257 38.05
      vertex 1.035813983341621 -3.747915980489343 38.05
      vertex 2.7279800219209815 -3.425 38.05
    endloop
  endfacet
  facet normal 0 0 1
    outer loop
      vertex -0.10203459423513407 -3.378206566304059 38.05
      vertex 0.10203459423513407 -3.378206566304059 38.05
      vertex 0 -1.85 38.05
    endloop
  endfacet
  facet normal 0 0 1
    outer loop
      vertex 0.10203459423513407 -3.378206566304059 38.05
      vertex 0.30449463620180245 -3.4037832175658806 38.05
      vertex 0 -1.85 38.05
    endloop
  endfacet
  facet normal 0 0 1
    outer loop
      vertex 0.30449463620180245 -3.4037832175658806 38.05
      vertex 0.5021526158592895 -3.4545331610203753 38.05
      vertex 0 -1.85 38.05
    endloop
  endfacet
  facet normal 0 0 1
    outer loop
      vertex 0.5021526158592895 -3.4545331610203753 38.05
      vertex 2.7279800219209815 -3.425 38.05
      vertex 0 -1.85 38.05
    endloop
  endfacet
  facet normal 0 0 1
    outer loop
      vertex 1.4239983550712783 -5.782849720415287 38.05
      vertex 1.9918584287042087 -6.15 38.05
      vertex 1.5108867895684082 -5.598202398112602 38.05
    endloop
  endfacet
  facet normal 0 0 1
    outer loop
      vertex 1.5108867895684082 -5.598202398112602 38.05
      vertex 1.9918584287042087 -6.15 38.05
      vertex 1.5739476368340257 -5.4041210666428885 38.05
    endloop
  endfacet
  facet normal 0 0 1
    outer loop
      vertex 1.5739476368340257 -5.4041210666428885 38.05
      vertex 2.7279800219209815 -3.425 38.05
      vertex 1.6121863896360265 -5.203666504541994 38.05
    endloop
  endfacet
  facet normal 0 0 1
    outer loop
      vertex 1.6121863896360265 -5.203666504541994 38.05
      vertex 2.7279800219209815 -3.425 38.05
      vertex 1.625 -5 38.05
    endloop
  endfacet
  facet normal 0 0 1
    outer loop
      vertex 1.6121863896360265 -4.796333495458006 38.05
      vertex 2.7279800219209815 -3.425 38.05
      vertex 1.5739476368340255 -4.595878933357111 38.05
    endloop
  endfacet
  facet normal 0 0 1
    outer loop
      vertex 1.625 -5 38.05
      vertex 2.7279800219209815 -3.425 38.05
      vertex 1.6121863896360265 -4.796333495458006 38.05
    endloop
  endfacet
  facet normal 0 0 1
    outer loop
      vertex 1.4239983550712783 -4.217150279584713 38.05
      vertex 2.7279800219209815 -3.425 38.05
      vertex 1.3146526158592895 -4.044848965024731 38.05
    endloop
  endfacet
  facet normal 0 0 1
    outer loop
      vertex 1.1845740195597938 -3.887610952865881 38.05
      vertex 2.7279800219209815 -3.425 38.05
      vertex 1.035813983341621 -3.747915980489343 38.05
    endloop
  endfacet
  facet normal 0 0 1
    outer loop
      vertex 1.1845740195597938 -3.887610952865881 38.05
      vertex 1.3146526158592895 -4.044848965024731 38.05
      vertex 2.7279800219209815 -3.425 38.05
    endloop
  endfacet
  facet normal 0 0 1
    outer loop
      vertex 1.5108867895684084 -4.401797601887399 38.05
      vertex 2.7279800219209815 -3.425 38.05
      vertex 1.4239983550712783 -4.217150279584713 38.05
    endloop
  endfacet
  facet normal 0 0 1
    outer loop
      vertex 1.5739476368340255 -4.595878933357111 38.05
      vertex 2.7279800219209815 -3.425 38.05
      vertex 1.5108867895684084 -4.401797601887399 38.05
    endloop
  endfacet
  facet normal 0 0 1
    outer loop
      vertex 1.5739476368340257 -5.4041210666428885 38.05
      vertex 1.9918584287042087 -6.15 38.05
      vertex 2.7279800219209815 -3.425 38.05
    endloop
  endfacet
  facet normal 0 0 1
    outer loop
      vertex 1.9918584287042087 -6.15 38.05
      vertex 2.7279800219209815 -6.15 38.05
      vertex 2.7279800219209815 -3.425 38.05
    endloop
  endfacet
  facet normal -1 0 0
    outer loop
      vertex 2.7279800219209815 -6.15 38.05
      vertex 2.7279800219209815 -3.425 40.55
      vertex 2.7279800219209815 -3.425 38.05
    endloop
  endfacet
  facet normal -0.49999999999999994 -0.8660254037844387 0
    outer loop
      vertex 0 -1.85 38.05
      vertex 2.7279800219209815 -3.425 38.05
      vertex 2.7279800219209815 -3.425 40.55
    endloop
  endfacet
  facet normal -0.49999999999999994 -0.8660254037844387 0
    outer loop
      vertex 0 -1.85 38.05
      vertex 2.7279800219209815 -3.425 40.55
      vertex 0 -1.85 40.55
    endloop
  endfacet
  facet normal -1 0 0
    outer loop
      vertex 2.7279800219209815 -6.15 38.05
      vertex 2.7279800219209815 -6.15 40.55
      vertex 2.7279800219209815 -3.425 40.55
    endloop
  endfacet
  facet normal 0 0 -1
    outer loop
      vertex 0.30449463620180245 -3.4037832175658806 40.55
      vertex 2.7279800219209815 -3.425 40.55
      vertex 0.5021526158592895 -3.4545331610203753 40.55
    endloop
  endfacet
  facet normal 0 0 -1
    outer loop
      vertex 0.5021526158592895 -3.4545331610203753 40.55
      vertex 2.7279800219209815 -3.425 40.55
      vertex 0.6918913487932432 -3.5296560397427186 40.55
    endloop
  endfacet
  facet normal 0 0 -1
    outer loop
      vertex 0.6918913487932432 -3.5296560397427186 40.55
      vertex 2.7279800219209815 -3.425 40.55
      vertex 0.8707185418408696 -3.6279671210592257 40.55
    endloop
  endfacet
  facet normal 0 0 -1
    outer loop
      vertex 0.8707185418408696 -3.6279671210592257 40.55
      vertex 2.7279800219209815 -3.425 40.55
      vertex 1.035813983341621 -3.747915980489343 40.55
    endloop
  endfacet
  facet normal 0 0 -1
    outer loop
      vertex -0.10203459423513407 -3.378206566304059 40.55
      vertex 0 -1.85 40.55
      vertex 0.10203459423513407 -3.378206566304059 40.55
    endloop
  endfacet
  facet normal 0 0 -1
    outer loop
      vertex 0.10203459423513407 -3.378206566304059 40.55
      vertex 0 -1.85 40.55
      vertex 0.30449463620180245 -3.4037832175658806 40.55
    endloop
  endfacet
  facet normal 0 0 -1
    outer loop
      vertex 0.30449463620180245 -3.4037832175658806 40.55
      vertex 0 -1.85 40.55
      vertex 2.7279800219209815 -3.425 40.55
    endloop
  endfacet
  facet normal 0 0 -1
    outer loop
      vertex 1.1445224227460769 -6.15 40.55
      vertex 1.184574019559794 -6.112389047134119 40.55
      vertex 2.7279800219209815 -6.15 40.55
    endloop
  endfacet
  facet normal 0 0 -1
    outer loop
      vertex 1.184574019559794 -6.112389047134119 40.55
      vertex 1.3146526158592895 -5.955151034975269 40.55
      vertex 2.7279800219209815 -6.15 40.55
    endloop
  endfacet
  facet normal 0 0 -1
    outer loop
      vertex 1.3146526158592895 -5.955151034975269 40.55
      vertex 1.4239983550712783 -5.782849720415287 40.55
      vertex 2.7279800219209815 -6.15 40.55
    endloop
  endfacet
  facet normal 0 0 -1
    outer loop
      vertex 1.4239983550712783 -5.782849720415287 40.55
      vertex 1.5108867895684082 -5.598202398112602 40.55
      vertex 2.7279800219209815 -6.15 40.55
    endloop
  endfacet
  facet normal 0 0 -1
    outer loop
      vertex 1.5108867895684082 -5.598202398112602 40.55
      vertex 1.5739476368340257 -5.4041210666428885 40.55
      vertex 2.7279800219209815 -6.15 40.55
    endloop
  endfacet
  facet normal 0 0 -1
    outer loop
      vertex 1.5739476368340257 -5.4041210666428885 40.55
      vertex 1.6121863896360265 -5.203666504541994 40.55
      vertex 2.7279800219209815 -6.15 40.55
    endloop
  endfacet
  facet normal 0 0 -1
    outer loop
      vertex 1.6121863896360265 -5.203666504541994 40.55
      vertex 1.625 -5 40.55
      vertex 2.7279800219209815 -6.15 40.55
    endloop
  endfacet
  facet normal 0 0 -1
    outer loop
      vertex 2.7279800219209815 -6.15 40.55
      vertex 1.625 -5 40.55
      vertex 1.6121863896360265 -4.796333495458006 40.55
    endloop
  endfacet
  facet normal 0 0 -1
    outer loop
      vertex 2.7279800219209815 -6.15 40.55
      vertex 1.6121863896360265 -4.796333495458006 40.55
      vertex 1.5739476368340255 -4.595878933357111 40.55
    endloop
  endfacet
  facet normal 0 0 -1
    outer loop
      vertex 1.4239983550712783 -4.217150279584713 40.55
      vertex 1.3146526158592895 -4.044848965024731 40.55
      vertex 2.7279800219209815 -3.425 40.55
    endloop
  endfacet
  facet normal 0 0 -1
    outer loop
      vertex 1.1845740195597938 -3.887610952865881 40.55
      vertex 1.035813983341621 -3.747915980489343 40.55
      vertex 2.7279800219209815 -3.425 40.55
    endloop
  endfacet
  facet normal 0 0 -1
    outer loop
      vertex 1.1845740195597938 -3.887610952865881 40.55
      vertex 2.7279800219209815 -3.425 40.55
      vertex 1.3146526158592895 -4.044848965024731 40.55
    endloop
  endfacet
  facet normal 0 0 -1
    outer loop
      vertex 1.5108867895684084 -4.401797601887399 40.55
      vertex 1.4239983550712783 -4.217150279584713 40.55
      vertex 2.7279800219209815 -3.425 40.55
    endloop
  endfacet
  facet normal 0 0 -1
    outer loop
      vertex 1.5739476368340255 -4.595878933357111 40.55
      vertex 1.5108867895684084 -4.401797601887399 40.55
      vertex 2.7279800219209815 -3.425 40.55
    endloop
  endfacet
  facet normal 0 0 -1
    outer loop
      vertex 2.7279800219209815 -6.15 40.55
      vertex 1.5739476368340255 -4.595878933357111 40.55
      vertex 2.7279800219209815 -3.425 40.55
    endloop
  endfacet
  facet normal 0 0 1
    outer loop
      vertex -2.8 -10 38.05
      vertex -2.562 -6.575 38.05
      vertex -2.7279800219209815 -6.278607103712533 38.05
    endloop
  endfacet
  facet normal 0 0 1
    outer loop
      vertex -2.8 -10 38.05
      vertex -2.7279800219209815 -6.278607103712533 38.05
      vertex -2.8 -6.15 38.05
    endloop
  endfacet
  facet normal 0 0 1
    outer loop
      vertex -2.8 -10 38.05
      vertex -0.8005500001004933 -6.410608361200129 38.05
      vertex -2.562 -6.575 38.05
    endloop
  endfacet
  facet normal 1 0 0
    outer loop
      vertex -2.8 -10 38.05
      vertex -2.8 -6.15 38.05
      vertex -2.8 -10 40.55
    endloop
  endfacet
  facet normal 0 0 1
    outer loop
      vertex -2.8 -10 38.05
      vertex -0.6918913487932428 -6.470343960257281 38.05
      vertex -0.8005500001004933 -6.410608361200129 38.05
    endloop
  endfacet
  facet normal 0 0 1
    outer loop
      vertex -2.8 -10 38.05
      vertex -0.5021526158592895 -6.545466838979625 38.05
      vertex -0.6918913487932428 -6.470343960257281 38.05
    endloop
  endfacet
  facet normal 0 0 1
    outer loop
      vertex -2.8 -10 38.05
      vertex -0.30449463620180284 -6.596216782434119 38.05
      vertex -0.5021526158592895 -6.545466838979625 38.05
    endloop
  endfacet
  facet normal 0 0 1
    outer loop
      vertex -2.8 -10 38.05
      vertex -0.10203459423513486 -6.621793433695942 38.05
      vertex -0.30449463620180284 -6.596216782434119 38.05
    endloop
  endfacet
  facet normal 0 0 1
    outer loop
      vertex -2.8 -10 38.05
      vertex 0.10203459423513486 -6.621793433695942 38.05
      vertex -0.10203459423513486 -6.621793433695942 38.05
    endloop
  endfacet
  facet normal 0 0 1
    outer loop
      vertex -2.8 -10 38.05
      vertex 0.30449463620180284 -6.596216782434119 38.05
      vertex 0.10203459423513486 -6.621793433695942 38.05
    endloop
  endfacet
  facet normal 0 0 1
    outer loop
      vertex -2.8 -10 38.05
      vertex 0.5021526158592895 -6.545466838979625 38.05
      vertex 0.30449463620180284 -6.596216782434119 38.05
    endloop
  endfacet
  facet normal 0 0 1
    outer loop
      vertex -2.8 -10 38.05
      vertex 0.6918913487932428 -6.470343960257281 38.05
      vertex 0.5021526158592895 -6.545466838979625 38.05
    endloop
  endfacet
  facet normal 0 0 1
    outer loop
      vertex -2.8 -10 38.05
      vertex 0.8707185418408688 -6.372032878940775 38.05
      vertex 0.6918913487932428 -6.470343960257281 38.05
    endloop
  endfacet
  facet normal 0 0 1
    outer loop
      vertex -2.8 -10 38.05
      vertex 1.0358139833416211 -6.252084019510657 38.05
      vertex 0.8707185418408688 -6.372032878940775 38.05
    endloop
  endfacet
  facet normal 0 0 1
    outer loop
      vertex -2.8 -10 38.05
      vertex 1.0510183055202866 -6.237806210626303 38.05
      vertex 1.0358139833416211 -6.252084019510657 38.05
    endloop
  endfacet
  facet normal 1 0 0
    outer loop
      vertex -2.8 -10 40.55
      vertex -2.8 -6.15 38.05
      vertex -2.8 -6.15 40.55
    endloop
  endfacet
  facet normal 0 0 1
    outer loop
      vertex -2.7279800219209815 -6.278607103712533 38.05
      vertex -2.7279800219209815 -6.15 38.05
      vertex -2.8 -6.15 38.05
    endloop
  endfacet
  facet normal 0 -1 0
    outer loop
      vertex -2.8 -6.15 38.05
      vertex -2.7279800219209815 -6.15 38.05
      vertex -2.7279800219209815 -6.15 40.55
    endloop
  endfacet
  facet normal 0 -1 0
    outer loop
      vertex -2.8 -6.15 38.05
      vertex -2.7279800219209815 -6.15 40.55
      vertex -2.8 -6.15 40.55
    endloop
  endfacet
  facet normal 0 0 -1
    outer loop
      vertex -2.8 -10 40.55
      vertex -2.8 -6.15 40.55
      vertex 2.8 -10 40.55
    endloop
  endfacet
  facet normal 0 0 -1
    outer loop
      vertex -2.8 -6.15 40.55
      vertex -2.7279800219209815 -6.15 40.55
      vertex 2.8 -10 40.55
    endloop
  endfacet
  facet normal 0 0 -1
    outer loop
      vertex -2.7279800219209815 -6.15 40.55
      vertex -1.9918584287042087 -6.15 40.55
      vertex 2.8 -10 40.55
    endloop
  endfacet
  facet normal 0 0 -1
    outer loop
      vertex -1.9918584287042087 -6.15 40.55
      vertex -1.144522422746077 -6.15 40.55
      vertex 2.8 -10 40.55
    endloop
  endfacet
  facet normal 0 0 1
    outer loop
      vertex -2.8 -10 38.05
      vertex 1.9918584287042087 -6.15 38.05
      vertex 1.0510183055202866 -6.237806210626303 38.05
    endloop
  endfacet
  facet normal 0 0 1
    outer loop
      vertex -2.8 -10 38.05
      vertex 2.7279800219209815 -6.15 38.05
      vertex 1.9918584287042087 -6.15 38.05
    endloop
  endfacet
  facet normal 0 0 1
    outer loop
      vertex -2.8 -10 38.05
      vertex 2.8 -10 38.05
      vertex 2.8 -6.15 38.05
    endloop
  endfacet
  facet normal 0 0 1
    outer loop
      vertex -2.8 -10 38.05
      vertex 2.8 -6.15 38.05
      vertex 2.7279800219209815 -6.15 38.05
    endloop
  endfacet
  facet normal -1 0 0
    outer loop
      vertex 2.8 -10 38.05
      vertex 2.8 -6.15 40.55
      vertex 2.8 -6.15 38.05
    endloop
  endfacet
  facet normal -1 0 0
    outer loop
      vertex 2.8 -10 38.05
      vertex 2.8 -10 40.55
      vertex 2.8 -6.15 40.55
    endloop
  endfacet
  facet normal 0 -1 0
    outer loop
      vertex 2.7279800219209815 -6.15 38.05
      vertex 2.8 -6.15 38.05
      vertex 2.8 -6.15 40.55
    endloop
  endfacet
  facet normal 0 -1 0
    outer loop
      vertex 2.7279800219209815 -6.15 38.05
      vertex 2.8 -6.15 40.55
      vertex 2.7279800219209815 -6.15 40.55
    endloop
  endfacet
  facet normal 0 0 -1
    outer loop
      vertex -1.0358139833416207 -6.252084019510658 40.55
      vertex 2.8 -10 40.55
      vertex -1.144522422746077 -6.15 40.55
    endloop
  endfacet
  facet normal 0 0 -1
    outer loop
      vertex -1.0358139833416207 -6.252084019510658 40.55
      vertex -0.8707185418408697 -6.372032878940774 40.55
      vertex 2.8 -10 40.55
    endloop
  endfacet
  facet normal 0 0 -1
    outer loop
      vertex -0.8707185418408697 -6.372032878940774 40.55
      vertex -0.6918913487932428 -6.470343960257281 40.55
      vertex 2.8 -10 40.55
    endloop
  endfacet
  facet normal 0 0 -1
    outer loop
      vertex -0.6918913487932428 -6.470343960257281 40.55
      vertex -0.5021526158592895 -6.545466838979625 40.55
      vertex 2.8 -10 40.55
    endloop
  endfacet
  facet normal 0 0 -1
    outer loop
      vertex -0.5021526158592895 -6.545466838979625 40.55
      vertex -0.30449463620180284 -6.596216782434119 40.55
      vertex 2.8 -10 40.55
    endloop
  endfacet
  facet normal 0 0 -1
    outer loop
      vertex -0.30449463620180284 -6.596216782434119 40.55
      vertex -0.10203459423513486 -6.621793433695942 40.55
      vertex 2.8 -10 40.55
    endloop
  endfacet
  facet normal 0 0 -1
    outer loop
      vertex -0.10203459423513486 -6.621793433695942 40.55
      vertex 0.10203459423513486 -6.621793433695942 40.55
      vertex 2.8 -10 40.55
    endloop
  endfacet
  facet normal 0 0 -1
    outer loop
      vertex 0.10203459423513486 -6.621793433695942 40.55
      vertex 0.30449463620180284 -6.596216782434119 40.55
      vertex 2.8 -10 40.55
    endloop
  endfacet
  facet normal 0 0 -1
    outer loop
      vertex 0.30449463620180284 -6.596216782434119 40.55
      vertex 0.5021526158592895 -6.545466838979625 40.55
      vertex 2.8 -10 40.55
    endloop
  endfacet
  facet normal 0 0 -1
    outer loop
      vertex 0.5021526158592895 -6.545466838979625 40.55
      vertex 0.6918913487932428 -6.470343960257281 40.55
      vertex 2.8 -10 40.55
    endloop
  endfacet
  facet normal 0 0 -1
    outer loop
      vertex 0.6918913487932428 -6.470343960257281 40.55
      vertex 0.8707185418408688 -6.372032878940775 40.55
      vertex 2.8 -10 40.55
    endloop
  endfacet
  facet normal 0 0 -1
    outer loop
      vertex 0.8707185418408688 -6.372032878940775 40.55
      vertex 1.0358139833416211 -6.252084019510657 40.55
      vertex 2.8 -10 40.55
    endloop
  endfacet
  facet normal 0 0 -1
    outer loop
      vertex 1.0358139833416211 -6.252084019510657 40.55
      vertex 1.1445224227460769 -6.15 40.55
      vertex 2.8 -10 40.55
    endloop
  endfacet
  facet normal 0 0 -1
    outer loop
      vertex 1.1445224227460769 -6.15 40.55
      vertex 2.7279800219209815 -6.15 40.55
      vertex 2.8 -10 40.55
    endloop
  endfacet
  facet normal 0 0 -1
    outer loop
      vertex 2.8 -10 40.55
      vertex 2.7279800219209815 -6.15 40.55
      vertex 2.8 -6.15 40.55
    endloop
  endfacet
  facet normal 0.7705132427757904 0.6374239897486884 0
    outer loop
      vertex -1.3146526158592895 -5.955151034975269 36.55
      vertex -1.3146526158592895 -5.955151034975269 38.05
      vertex -1.184574019559794 -6.112389047134119 36.55
    endloop
  endfacet
  facet normal 0.9048270524660195 0.4257792915650728 0
    outer loop
      vertex -1.4239983550712783 -5.782849720415287 36.55
      vertex -1.5108867895684086 -5.598202398112601 36.55
      vertex -1.5108867895684086 -5.598202398112601 38.05
    endloop
  endfacet
  facet normal 0.9510565162951534 0.30901699437494795 0
    outer loop
      vertex -1.5108867895684086 -5.598202398112601 36.55
      vertex -1.5739476368340255 -5.404121066642889 36.55
      vertex -1.5739476368340255 -5.404121066642889 38.05
    endloop
  endfacet
  facet normal 0.9822872507286886 0.18738131458572424 0
    outer loop
      vertex -1.5739476368340255 -5.404121066642889 36.55
      vertex -1.6121863896360265 -5.203666504541994 36.55
      vertex -1.6121863896360265 -5.203666504541994 38.05
    endloop
  endfacet
  facet normal 0.9980267284282716 0.0627905195293136 0
    outer loop
      vertex -1.6121863896360265 -5.203666504541994 36.55
      vertex -1.625 -5 36.55
      vertex -1.625 -5 38.05
    endloop
  endfacet
  facet normal 0.8443279255020153 0.5358267949789962 0
    outer loop
      vertex -1.3146526158592895 -5.955151034975269 36.55
      vertex -1.4239983550712783 -5.782849720415287 36.55
      vertex -1.4239983550712783 -5.782849720415287 38.05
    endloop
  endfacet
  facet normal 0.6845471059286888 0.7289686274214114 0
    outer loop
      vertex -1.0358139833416207 -6.252084019510658 36.55
      vertex -1.184574019559794 -6.112389047134119 36.55
      vertex -1.184574019559794 -6.112389047134119 38.05
    endloop
  endfacet
  facet normal 0.5877852522924718 0.8090169943749485 0
    outer loop
      vertex -1.0358139833416207 -6.252084019510658 36.55
      vertex -1.0358139833416207 -6.252084019510658 38.05
      vertex -0.8707185418408697 -6.372032878940774 36.55
    endloop
  endfacet
  facet normal 0.9980267284282716 -0.0627905195293136 0
    outer loop
      vertex -1.625 -5 36.55
      vertex -1.6121863896360265 -4.796333495458006 36.55
      vertex -1.6121863896360265 -4.796333495458006 38.05
    endloop
  endfacet
  facet normal 0.9822872507286886 -0.18738131458572424 0
    outer loop
      vertex -1.6121863896360265 -4.796333495458006 36.55
      vertex -1.5739476368340255 -4.595878933357111 36.55
      vertex -1.5739476368340255 -4.595878933357111 38.05
    endloop
  endfacet
  facet normal 0.9510565162951534 -0.30901699437494795 0
    outer loop
      vertex -1.5739476368340255 -4.595878933357111 36.55
      vertex -1.5108867895684086 -4.401797601887399 36.55
      vertex -1.5108867895684086 -4.401797601887399 38.05
    endloop
  endfacet
  facet normal 0.9048270524660195 -0.4257792915650728 0
    outer loop
      vertex -1.5108867895684086 -4.401797601887399 36.55
      vertex -1.4239983550712783 -4.217150279584713 36.55
      vertex -1.4239983550712783 -4.217150279584713 38.05
    endloop
  endfacet
  facet normal 0.8443279255020153 -0.5358267949789962 0
    outer loop
      vertex -1.4239983550712783 -4.217150279584713 36.55
      vertex -1.3146526158592895 -4.044848965024731 36.55
      vertex -1.3146526158592895 -4.044848965024731 38.05
    endloop
  endfacet
  facet normal 0.7705132427757904 -0.6374239897486884 0
    outer loop
      vertex -1.3146526158592895 -4.044848965024731 36.55
      vertex -1.184574019559794 -3.887610952865881 36.55
      vertex -1.184574019559794 -3.887610952865881 38.05
    endloop
  endfacet
  facet normal 0.6845471059286888 -0.7289686274214114 0
    outer loop
      vertex -1.184574019559794 -3.887610952865881 36.55
      vertex -1.0358139833416207 -3.747915980489342 36.55
      vertex -1.0358139833416207 -3.747915980489342 38.05
    endloop
  endfacet
  facet normal 0.5877852522924718 -0.8090169943749485 0
    outer loop
      vertex -1.0358139833416207 -3.747915980489342 36.55
      vertex -0.8707185418408697 -3.6279671210592257 36.55
      vertex -0.8707185418408697 -3.6279671210592257 38.05
    endloop
  endfacet
  facet normal 0.4817536741017138 0.8763066800438644 0
    outer loop
      vertex -0.8707185418408697 -6.372032878940774 36.55
      vertex -0.8707185418408697 -6.372032878940774 38.05
      vertex -0.6918913487932428 -6.470343960257281 36.55
    endloop
  endfacet
  facet normal 0.36812455268468014 0.9297764858882506 0
    outer loop
      vertex -0.6918913487932428 -6.470343960257281 36.55
      vertex -0.6918913487932428 -6.470343960257281 38.05
      vertex -0.5021526158592895 -6.545466838979625 36.55
    endloop
  endfacet
  facet normal 0.24868988716485582 0.9685831611286307 0
    outer loop
      vertex -0.5021526158592895 -6.545466838979625 36.55
      vertex -0.5021526158592895 -6.545466838979625 38.05
      vertex -0.30449463620180284 -6.596216782434119 36.55
    endloop
  endfacet
  facet normal 0.12533323356430498 0.9921147013144778 0
    outer loop
      vertex -0.30449463620180284 -6.596216782434119 36.55
      vertex -0.30449463620180284 -6.596216782434119 38.05
      vertex -0.10203459423513486 -6.621793433695942 36.55
    endloop
  endfacet
  facet normal 0 1 0
    outer loop
      vertex -0.10203459423513486 -6.621793433695942 36.55
      vertex -0.10203459423513486 -6.621793433695942 38.05
      vertex 0.10203459423513486 -6.621793433695942 36.55
    endloop
  endfacet
  facet normal 0.4817536741017147 -0.8763066800438638 0
    outer loop
      vertex -0.8707185418408697 -3.6279671210592257 36.55
      vertex -0.6918913487932432 -3.5296560397427186 36.55
      vertex -0.6918913487932432 -3.5296560397427186 38.05
    endloop
  endfacet
  facet normal 0.3681245526846794 -0.9297764858882509 0
    outer loop
      vertex -0.6918913487932432 -3.5296560397427186 36.55
      vertex -0.5021526158592895 -3.4545331610203753 36.55
      vertex -0.5021526158592895 -3.4545331610203753 38.05
    endloop
  endfacet
  facet normal 0.2486898871648554 -0.968583161128631 0
    outer loop
      vertex -0.5021526158592895 -3.4545331610203753 36.55
      vertex -0.30449463620180245 -3.4037832175658806 36.55
      vertex -0.30449463620180245 -3.4037832175658806 38.05
    endloop
  endfacet
  facet normal 0.1253332335643026 -0.992114701314478 0
    outer loop
      vertex -0.30449463620180245 -3.4037832175658806 36.55
      vertex -0.10203459423513407 -3.378206566304059 36.55
      vertex -0.10203459423513407 -3.378206566304059 38.05
    endloop
  endfacet
  facet normal 0.7705132427757904 0.6374239897486884 0
    outer loop
      vertex -1.184574019559794 -6.112389047134119 36.55
      vertex -1.3146526158592895 -5.955151034975269 38.05
      vertex -1.184574019559794 -6.112389047134119 38.05
    endloop
  endfacet
  facet normal 0.9510565162951534 0.30901699437494795 0
    outer loop
      vertex -1.5108867895684086 -5.598202398112601 36.55
      vertex -1.5739476368340255 -5.404121066642889 38.05
      vertex -1.5108867895684086 -5.598202398112601 38.05
    endloop
  endfacet
  facet normal 0.9048270524660195 0.4257792915650728 0
    outer loop
      vertex -1.4239983550712783 -5.782849720415287 36.55
      vertex -1.5108867895684086 -5.598202398112601 38.05
      vertex -1.4239983550712783 -5.782849720415287 38.05
    endloop
  endfacet
  facet normal 0.9822872507286886 0.18738131458572424 0
    outer loop
      vertex -1.5739476368340255 -5.404121066642889 36.55
      vertex -1.6121863896360265 -5.203666504541994 38.05
      vertex -1.5739476368340255 -5.404121066642889 38.05
    endloop
  endfacet
  facet normal 0.9980267284282716 0.0627905195293136 0
    outer loop
      vertex -1.6121863896360265 -5.203666504541994 36.55
      vertex -1.625 -5 38.05
      vertex -1.6121863896360265 -5.203666504541994 38.05
    endloop
  endfacet
  facet normal 0.8443279255020153 0.5358267949789962 0
    outer loop
      vertex -1.3146526158592895 -5.955151034975269 36.55
      vertex -1.4239983550712783 -5.782849720415287 38.05
      vertex -1.3146526158592895 -5.955151034975269 38.05
    endloop
  endfacet
  facet normal 0.6845471059286888 0.7289686274214114 0
    outer loop
      vertex -1.0358139833416207 -6.252084019510658 36.55
      vertex -1.184574019559794 -6.112389047134119 38.05
      vertex -1.0358139833416207 -6.252084019510658 38.05
    endloop
  endfacet
  facet normal 0.5877852522924718 0.8090169943749485 0
    outer loop
      vertex -0.8707185418408697 -6.372032878940774 36.55
      vertex -1.0358139833416207 -6.252084019510658 38.05
      vertex -0.8707185418408697 -6.372032878940774 38.05
    endloop
  endfacet
  facet normal 0.9980267284282716 -0.0627905195293136 0
    outer loop
      vertex -1.625 -5 36.55
      vertex -1.6121863896360265 -4.796333495458006 38.05
      vertex -1.625 -5 38.05
    endloop
  endfacet
  facet normal 0.9822872507286886 -0.18738131458572424 0
    outer loop
      vertex -1.6121863896360265 -4.796333495458006 36.55
      vertex -1.5739476368340255 -4.595878933357111 38.05
      vertex -1.6121863896360265 -4.796333495458006 38.05
    endloop
  endfacet
  facet normal 0.9510565162951534 -0.30901699437494795 0
    outer loop
      vertex -1.5739476368340255 -4.595878933357111 36.55
      vertex -1.5108867895684086 -4.401797601887399 38.05
      vertex -1.5739476368340255 -4.595878933357111 38.05
    endloop
  endfacet
  facet normal 0.9048270524660195 -0.4257792915650728 0
    outer loop
      vertex -1.5108867895684086 -4.401797601887399 36.55
      vertex -1.4239983550712783 -4.217150279584713 38.05
      vertex -1.5108867895684086 -4.401797601887399 38.05
    endloop
  endfacet
  facet normal 0.8443279255020153 -0.5358267949789962 0
    outer loop
      vertex -1.4239983550712783 -4.217150279584713 36.55
      vertex -1.3146526158592895 -4.044848965024731 38.05
      vertex -1.4239983550712783 -4.217150279584713 38.05
    endloop
  endfacet
  facet normal 0.7705132427757904 -0.6374239897486884 0
    outer loop
      vertex -1.3146526158592895 -4.044848965024731 36.55
      vertex -1.184574019559794 -3.887610952865881 38.05
      vertex -1.3146526158592895 -4.044848965024731 38.05
    endloop
  endfacet
  facet normal 0.6845471059286888 -0.7289686274214114 0
    outer loop
      vertex -1.184574019559794 -3.887610952865881 36.55
      vertex -1.0358139833416207 -3.747915980489342 38.05
      vertex -1.184574019559794 -3.887610952865881 38.05
    endloop
  endfacet
  facet normal 0.5877852522924718 -0.8090169943749485 0
    outer loop
      vertex -1.0358139833416207 -3.747915980489342 36.55
      vertex -0.8707185418408697 -3.6279671210592257 38.05
      vertex -1.0358139833416207 -3.747915980489342 38.05
    endloop
  endfacet
  facet normal 0.48175367410171904 0.8763066800438616 8.087991665981262e-16
    outer loop
      vertex -0.8707185418408697 -6.372032878940774 38.05
      vertex -0.8005500001004933 -6.410608361200129 38.05
      vertex -0.6918913487932428 -6.470343960257281 36.55
    endloop
  endfacet
  facet normal 0.4817536741017105 0.8763066800438664 0
    outer loop
      vertex -0.6918913487932428 -6.470343960257281 36.55
      vertex -0.8005500001004933 -6.410608361200129 38.05
      vertex -0.6918913487932428 -6.470343960257281 38.05
    endloop
  endfacet
  facet normal 0.36812455268468014 0.9297764858882506 0
    outer loop
      vertex -0.5021526158592895 -6.545466838979625 36.55
      vertex -0.6918913487932428 -6.470343960257281 38.05
      vertex -0.5021526158592895 -6.545466838979625 38.05
    endloop
  endfacet
  facet normal 0.24868988716485582 0.9685831611286307 0
    outer loop
      vertex -0.30449463620180284 -6.596216782434119 36.55
      vertex -0.5021526158592895 -6.545466838979625 38.05
      vertex -0.30449463620180284 -6.596216782434119 38.05
    endloop
  endfacet
  facet normal 0.12533323356430498 0.9921147013144778 0
    outer loop
      vertex -0.10203459423513486 -6.621793433695942 36.55
      vertex -0.30449463620180284 -6.596216782434119 38.05
      vertex -0.10203459423513486 -6.621793433695942 38.05
    endloop
  endfacet
  facet normal 0.4817536741017147 -0.8763066800438638 0
    outer loop
      vertex -0.8707185418408697 -3.6279671210592257 36.55
      vertex -0.6918913487932432 -3.5296560397427186 38.05
      vertex -0.8707185418408697 -3.6279671210592257 38.05
    endloop
  endfacet
  facet normal 0.3681245526846794 -0.9297764858882509 0
    outer loop
      vertex -0.6918913487932432 -3.5296560397427186 36.55
      vertex -0.5021526158592895 -3.4545331610203753 38.05
      vertex -0.6918913487932432 -3.5296560397427186 38.05
    endloop
  endfacet
  facet normal 0.2486898871648554 -0.968583161128631 0
    outer loop
      vertex -0.5021526158592895 -3.4545331610203753 36.55
      vertex -0.30449463620180245 -3.4037832175658806 38.05
      vertex -0.5021526158592895 -3.4545331610203753 38.05
    endloop
  endfacet
  facet normal 0.1253332335643026 -0.992114701314478 0
    outer loop
      vertex -0.30449463620180245 -3.4037832175658806 36.55
      vertex -0.10203459423513407 -3.378206566304059 38.05
      vertex -0.30449463620180245 -3.4037832175658806 38.05
    endloop
  endfacet
  facet normal 0 -1 0
    outer loop
      vertex -0.10203459423513407 -3.378206566304059 36.55
      vertex 0.10203459423513407 -3.378206566304059 38.05
      vertex -0.10203459423513407 -3.378206566304059 38.05
    endloop
  endfacet
  facet normal 0.7705132427757904 0.6374239897486884 0
    outer loop
      vertex -1.3146526158592895 -5.955151034975269 40.55
      vertex -1.3146526158592895 -5.955151034975269 42.3
      vertex -1.184574019559794 -6.112389047134119 40.55
    endloop
  endfacet
  facet normal 0.9048270524660195 0.4257792915650728 0
    outer loop
      vertex -1.4239983550712783 -5.782849720415287 40.55
      vertex -1.5108867895684086 -5.598202398112601 40.55
      vertex -1.5108867895684086 -5.598202398112601 42.3
    endloop
  endfacet
  facet normal 0.9510565162951534 0.30901699437494795 0
    outer loop
      vertex -1.5108867895684086 -5.598202398112601 40.55
      vertex -1.5739476368340255 -5.404121066642889 40.55
      vertex -1.5739476368340255 -5.404121066642889 42.3
    endloop
  endfacet
  facet normal 0.9822872507286887 0.18738131458572424 0
    outer loop
      vertex -1.5739476368340255 -5.404121066642889 40.55
      vertex -1.6121863896360265 -5.203666504541994 40.55
      vertex -1.6121863896360265 -5.203666504541994 42.3
    endloop
  endfacet
  facet normal 0.9980267284282717 0.0627905195293136 0
    outer loop
      vertex -1.6121863896360265 -5.203666504541994 40.55
      vertex -1.625 -5 40.55
      vertex -1.625 -5 42.3
    endloop
  endfacet
  facet normal 0.8443279255020153 0.5358267949789963 0
    outer loop
      vertex -1.3146526158592895 -5.955151034975269 40.55
      vertex -1.4239983550712783 -5.782849720415287 40.55
      vertex -1.4239983550712783 -5.782849720415287 42.3
    endloop
  endfacet
  facet normal 0.6845471059286916 0.7289686274214089 0
    outer loop
      vertex -1.184574019559794 -6.112389047134119 40.55
      vertex -1.184574019559794 -6.112389047134119 42.3
      vertex -1.144522422746077 -6.15 40.55
    endloop
  endfacet
  facet normal 0.6845471059286877 0.7289686274214123 0
    outer loop
      vertex -1.0358139833416207 -6.252084019510658 40.55
      vertex -1.144522422746077 -6.15 40.55
      vertex -1.0358139833416207 -6.252084019510658 42.3
    endloop
  endfacet
  facet normal 0.5877852522924719 0.8090169943749485 0
    outer loop
      vertex -1.0358139833416207 -6.252084019510658 40.55
      vertex -1.0358139833416207 -6.252084019510658 42.3
      vertex -0.8707185418408697 -6.372032878940774 40.55
    endloop
  endfacet
  facet normal 0.9980267284282717 -0.0627905195293136 0
    outer loop
      vertex -1.625 -5 40.55
      vertex -1.6121863896360265 -4.796333495458006 40.55
      vertex -1.6121863896360265 -4.796333495458006 42.3
    endloop
  endfacet
  facet normal 0.9822872507286887 -0.18738131458572424 0
    outer loop
      vertex -1.6121863896360265 -4.796333495458006 40.55
      vertex -1.5739476368340255 -4.595878933357111 40.55
      vertex -1.5739476368340255 -4.595878933357111 42.3
    endloop
  endfacet
  facet normal 0.9510565162951534 -0.30901699437494795 0
    outer loop
      vertex -1.5739476368340255 -4.595878933357111 40.55
      vertex -1.5108867895684086 -4.401797601887399 40.55
      vertex -1.5108867895684086 -4.401797601887399 42.3
    endloop
  endfacet
  facet normal 0.9048270524660195 -0.4257792915650728 0
    outer loop
      vertex -1.5108867895684086 -4.401797601887399 40.55
      vertex -1.4239983550712783 -4.217150279584713 40.55
      vertex -1.4239983550712783 -4.217150279584713 42.3
    endloop
  endfacet
  facet normal 0.8443279255020153 -0.5358267949789963 0
    outer loop
      vertex -1.4239983550712783 -4.217150279584713 40.55
      vertex -1.3146526158592895 -4.044848965024731 40.55
      vertex -1.3146526158592895 -4.044848965024731 42.3
    endloop
  endfacet
  facet normal 0.7705132427757904 -0.6374239897486884 0
    outer loop
      vertex -1.3146526158592895 -4.044848965024731 40.55
      vertex -1.184574019559794 -3.887610952865881 40.55
      vertex -1.184574019559794 -3.887610952865881 42.3
    endloop
  endfacet
  facet normal 0.6845471059286888 -0.7289686274214116 0
    outer loop
      vertex -1.184574019559794 -3.887610952865881 40.55
      vertex -1.0358139833416207 -3.747915980489342 40.55
      vertex -1.0358139833416207 -3.747915980489342 42.3
    endloop
  endfacet
  facet normal 0.5877852522924719 -0.8090169943749485 0
    outer loop
      vertex -1.0358139833416207 -3.747915980489342 40.55
      vertex -0.8707185418408697 -3.6279671210592257 40.55
      vertex -0.8707185418408697 -3.6279671210592257 42.3
    endloop
  endfacet
  facet normal 0.48175367410171377 0.8763066800438644 0
    outer loop
      vertex -0.8707185418408697 -6.372032878940774 40.55
      vertex -0.8707185418408697 -6.372032878940774 42.3
      vertex -0.6918913487932428 -6.470343960257281 40.55
    endloop
  endfacet
  facet normal 0.3681245526846801 0.9297764858882505 0
    outer loop
      vertex -0.6918913487932428 -6.470343960257281 40.55
      vertex -0.6918913487932428 -6.470343960257281 42.3
      vertex -0.5021526158592895 -6.545466838979625 40.55
    endloop
  endfacet
  facet normal 0.24868988716485582 0.9685831611286309 0
    outer loop
      vertex -0.5021526158592895 -6.545466838979625 40.55
      vertex -0.5021526158592895 -6.545466838979625 42.3
      vertex -0.30449463620180284 -6.596216782434119 40.55
    endloop
  endfacet
  facet normal 0.12533323356430498 0.9921147013144779 0
    outer loop
      vertex -0.30449463620180284 -6.596216782434119 40.55
      vertex -0.30449463620180284 -6.596216782434119 42.3
      vertex -0.10203459423513486 -6.621793433695942 40.55
    endloop
  endfacet
  facet normal 0 1 0
    outer loop
      vertex -0.10203459423513486 -6.621793433695942 40.55
      vertex -0.10203459423513486 -6.621793433695942 42.3
      vertex 0.10203459423513486 -6.621793433695942 40.55
    endloop
  endfacet
  facet normal 0.48175367410171477 -0.876306680043864 0
    outer loop
      vertex -0.8707185418408697 -3.6279671210592257 40.55
      vertex -0.6918913487932432 -3.5296560397427186 40.55
      vertex -0.6918913487932432 -3.5296560397427186 42.3
    endloop
  endfacet
  facet normal 0.3681245526846794 -0.9297764858882509 0
    outer loop
      vertex -0.6918913487932432 -3.5296560397427186 40.55
      vertex -0.5021526158592895 -3.4545331610203753 40.55
      vertex -0.5021526158592895 -3.4545331610203753 42.3
    endloop
  endfacet
  facet normal 0.24868988716485538 -0.9685831611286309 0
    outer loop
      vertex -0.5021526158592895 -3.4545331610203753 40.55
      vertex -0.30449463620180245 -3.4037832175658806 40.55
      vertex -0.30449463620180245 -3.4037832175658806 42.3
    endloop
  endfacet
  facet normal 0.12533323356430257 -0.992114701314478 0
    outer loop
      vertex -0.30449463620180245 -3.4037832175658806 40.55
      vertex -0.10203459423513407 -3.378206566304059 40.55
      vertex -0.10203459423513407 -3.378206566304059 42.3
    endloop
  endfacet
  facet normal 0.7705132427757904 0.6374239897486884 0
    outer loop
      vertex -1.184574019559794 -6.112389047134119 40.55
      vertex -1.3146526158592895 -5.955151034975269 42.3
      vertex -1.184574019559794 -6.112389047134119 42.3
    endloop
  endfacet
  facet normal 0.9510565162951534 0.30901699437494795 0
    outer loop
      vertex -1.5108867895684086 -5.598202398112601 40.55
      vertex -1.5739476368340255 -5.404121066642889 42.3
      vertex -1.5108867895684086 -5.598202398112601 42.3
    endloop
  endfacet
  facet normal 0.9048270524660195 0.4257792915650728 0
    outer loop
      vertex -1.4239983550712783 -5.782849720415287 40.55
      vertex -1.5108867895684086 -5.598202398112601 42.3
      vertex -1.4239983550712783 -5.782849720415287 42.3
    endloop
  endfacet
  facet normal 0.9822872507286887 0.18738131458572424 0
    outer loop
      vertex -1.5739476368340255 -5.404121066642889 40.55
      vertex -1.6121863896360265 -5.203666504541994 42.3
      vertex -1.5739476368340255 -5.404121066642889 42.3
    endloop
  endfacet
  facet normal 0.9980267284282717 0.0627905195293136 0
    outer loop
      vertex -1.6121863896360265 -5.203666504541994 40.55
      vertex -1.625 -5 42.3
      vertex -1.6121863896360265 -5.203666504541994 42.3
    endloop
  endfacet
  facet normal 0.8443279255020153 0.5358267949789963 0
    outer loop
      vertex -1.3146526158592895 -5.955151034975269 40.55
      vertex -1.4239983550712783 -5.782849720415287 42.3
      vertex -1.3146526158592895 -5.955151034975269 42.3
    endloop
  endfacet
  facet normal 0.6845471059286888 0.7289686274214116 -1.2143804818499725e-16
    outer loop
      vertex -1.144522422746077 -6.15 40.55
      vertex -1.184574019559794 -6.112389047134119 42.3
      vertex -1.0358139833416207 -6.252084019510658 42.3
    endloop
  endfacet
  facet normal 0.5877852522924719 0.8090169943749485 0
    outer loop
      vertex -0.8707185418408697 -6.372032878940774 40.55
      vertex -1.0358139833416207 -6.252084019510658 42.3
      vertex -0.8707185418408697 -6.372032878940774 42.3
    endloop
  endfacet
  facet normal 0.9980267284282717 -0.0627905195293136 0
    outer loop
      vertex -1.625 -5 40.55
      vertex -1.6121863896360265 -4.796333495458006 42.3
      vertex -1.625 -5 42.3
    endloop
  endfacet
  facet normal 0.9822872507286887 -0.18738131458572424 0
    outer loop
      vertex -1.6121863896360265 -4.796333495458006 40.55
      vertex -1.5739476368340255 -4.595878933357111 42.3
      vertex -1.6121863896360265 -4.796333495458006 42.3
    endloop
  endfacet
  facet normal 0.9510565162951534 -0.30901699437494795 0
    outer loop
      vertex -1.5739476368340255 -4.595878933357111 40.55
      vertex -1.5108867895684086 -4.401797601887399 42.3
      vertex -1.5739476368340255 -4.595878933357111 42.3
    endloop
  endfacet
  facet normal 0.9048270524660195 -0.4257792915650728 0
    outer loop
      vertex -1.5108867895684086 -4.401797601887399 40.55
      vertex -1.4239983550712783 -4.217150279584713 42.3
      vertex -1.5108867895684086 -4.401797601887399 42.3
    endloop
  endfacet
  facet normal 0.8443279255020153 -0.5358267949789963 0
    outer loop
      vertex -1.4239983550712783 -4.217150279584713 40.55
      vertex -1.3146526158592895 -4.044848965024731 42.3
      vertex -1.4239983550712783 -4.217150279584713 42.3
    endloop
  endfacet
  facet normal 0.7705132427757904 -0.6374239897486884 0
    outer loop
      vertex -1.3146526158592895 -4.044848965024731 40.55
      vertex -1.184574019559794 -3.887610952865881 42.3
      vertex -1.3146526158592895 -4.044848965024731 42.3
    endloop
  endfacet
  facet normal 0.6845471059286888 -0.7289686274214116 0
    outer loop
      vertex -1.184574019559794 -3.887610952865881 40.55
      vertex -1.0358139833416207 -3.747915980489342 42.3
      vertex -1.184574019559794 -3.887610952865881 42.3
    endloop
  endfacet
  facet normal 0.5877852522924719 -0.8090169943749485 0
    outer loop
      vertex -1.0358139833416207 -3.747915980489342 40.55
      vertex -0.8707185418408697 -3.6279671210592257 42.3
      vertex -1.0358139833416207 -3.747915980489342 42.3
    endloop
  endfacet
  facet normal 0.48175367410171377 0.8763066800438644 0
    outer loop
      vertex -0.6918913487932428 -6.470343960257281 40.55
      vertex -0.8707185418408697 -6.372032878940774 42.3
      vertex -0.6918913487932428 -6.470343960257281 42.3
    endloop
  endfacet
  facet normal 0.3681245526846801 0.9297764858882505 0
    outer loop
      vertex -0.5021526158592895 -6.545466838979625 40.55
      vertex -0.6918913487932428 -6.470343960257281 42.3
      vertex -0.5021526158592895 -6.545466838979625 42.3
    endloop
  endfacet
  facet normal 0.24868988716485582 0.9685831611286309 0
    outer loop
      vertex -0.30449463620180284 -6.596216782434119 40.55
      vertex -0.5021526158592895 -6.545466838979625 42.3
      vertex -0.30449463620180284 -6.596216782434119 42.3
    endloop
  endfacet
  facet normal 0.12533323356430498 0.9921147013144779 0
    outer loop
      vertex -0.10203459423513486 -6.621793433695942 40.55
      vertex -0.30449463620180284 -6.596216782434119 42.3
      vertex -0.10203459423513486 -6.621793433695942 42.3
    endloop
  endfacet
  facet normal 0.48175367410171477 -0.876306680043864 0
    outer loop
      vertex -0.8707185418408697 -3.6279671210592257 40.55
      vertex -0.6918913487932432 -3.5296560397427186 42.3
      vertex -0.8707185418408697 -3.6279671210592257 42.3
    endloop
  endfacet
  facet normal 0.3681245526846794 -0.9297764858882509 0
    outer loop
      vertex -0.6918913487932432 -3.5296560397427186 40.55
      vertex -0.5021526158592895 -3.4545331610203753 42.3
      vertex -0.6918913487932432 -3.5296560397427186 42.3
    endloop
  endfacet
  facet normal 0.24868988716485538 -0.9685831611286309 0
    outer loop
      vertex -0.5021526158592895 -3.4545331610203753 40.55
      vertex -0.30449463620180245 -3.4037832175658806 42.3
      vertex -0.5021526158592895 -3.4545331610203753 42.3
    endloop
  endfacet
  facet normal 0.12533323356430257 -0.992114701314478 0
    outer loop
      vertex -0.30449463620180245 -3.4037832175658806 40.55
      vertex -0.10203459423513407 -3.378206566304059 42.3
      vertex -0.30449463620180245 -3.4037832175658806 42.3
    endloop
  endfacet
  facet normal 0 -1 0
    outer loop
      vertex -0.10203459423513407 -3.378206566304059 40.55
      vertex 0.10203459423513407 -3.378206566304059 42.3
      vertex -0.10203459423513407 -3.378206566304059 42.3
    endloop
  endfacet
  facet normal -0.12533323356430498 0.9921147013144778 0
    outer loop
      vertex 0.10203459423513486 -6.621793433695942 36.55
      vertex 0.10203459423513486 -6.621793433695942 38.05
      vertex 0.30449463620180284 -6.596216782434119 36.55
    endloop
  endfacet
  facet normal -0.24868988716485582 0.9685831611286307 0
    outer loop
      vertex 0.30449463620180284 -6.596216782434119 36.55
      vertex 0.30449463620180284 -6.596216782434119 38.05
      vertex 0.5021526158592895 -6.545466838979625 36.55
    endloop
  endfacet
  facet normal -0.36812455268468014 0.9297764858882506 0
    outer loop
      vertex 0.5021526158592895 -6.545466838979625 36.55
      vertex 0.5021526158592895 -6.545466838979625 38.05
      vertex 0.6918913487932428 -6.470343960257281 36.55
    endloop
  endfacet
  facet normal -0.48175367410171227 0.8763066800438651 0
    outer loop
      vertex 0.6918913487932428 -6.470343960257281 36.55
      vertex 0.6918913487932428 -6.470343960257281 38.05
      vertex 0.8707185418408688 -6.372032878940775 36.55
    endloop
  endfacet
  facet normal 0 -1 0
    outer loop
      vertex -0.10203459423513407 -3.378206566304059 36.55
      vertex 0.10203459423513407 -3.378206566304059 36.55
      vertex 0.10203459423513407 -3.378206566304059 38.05
    endloop
  endfacet
  facet normal -0.1253332335643026 -0.992114701314478 0
    outer loop
      vertex 0.10203459423513407 -3.378206566304059 36.55
      vertex 0.30449463620180245 -3.4037832175658806 36.55
      vertex 0.30449463620180245 -3.4037832175658806 38.05
    endloop
  endfacet
  facet normal -0.2486898871648554 -0.968583161128631 0
    outer loop
      vertex 0.30449463620180245 -3.4037832175658806 36.55
      vertex 0.5021526158592895 -3.4545331610203753 36.55
      vertex 0.5021526158592895 -3.4545331610203753 38.05
    endloop
  endfacet
  facet normal -0.3681245526846794 -0.9297764858882509 0
    outer loop
      vertex 0.5021526158592895 -3.4545331610203753 36.55
      vertex 0.6918913487932432 -3.5296560397427186 36.55
      vertex 0.6918913487932432 -3.5296560397427186 38.05
    endloop
  endfacet
  facet normal -0.481753674101715 -0.8763066800438638 0
    outer loop
      vertex 0.6918913487932432 -3.5296560397427186 36.55
      vertex 0.8707185418408696 -3.6279671210592257 36.55
      vertex 0.8707185418408696 -3.6279671210592257 38.05
    endloop
  endfacet
  facet normal -0.5877852522924744 0.8090169943749465 0
    outer loop
      vertex 0.8707185418408688 -6.372032878940775 36.55
      vertex 0.8707185418408688 -6.372032878940775 38.05
      vertex 1.0358139833416211 -6.252084019510657 36.55
    endloop
  endfacet
  facet normal -0.6845471059286876 0.7289686274214127 0
    outer loop
      vertex 1.0358139833416211 -6.252084019510657 36.55
      vertex 1.0358139833416211 -6.252084019510657 38.05
      vertex 1.184574019559794 -6.112389047134119 36.55
    endloop
  endfacet
  facet normal -0.7705132427757904 0.6374239897486884 0
    outer loop
      vertex 1.184574019559794 -6.112389047134119 36.55
      vertex 1.184574019559794 -6.112389047134119 38.05
      vertex 1.3146526158592895 -5.955151034975269 36.55
    endloop
  endfacet
  facet normal -0.8443279255020153 0.5358267949789962 0
    outer loop
      vertex 1.3146526158592895 -5.955151034975269 36.55
      vertex 1.3146526158592895 -5.955151034975269 38.05
      vertex 1.4239983550712783 -5.782849720415287 36.55
    endloop
  endfacet
  facet normal -0.9048270524660196 0.4257792915650727 0
    outer loop
      vertex 1.4239983550712783 -5.782849720415287 36.55
      vertex 1.4239983550712783 -5.782849720415287 38.05
      vertex 1.5108867895684082 -5.598202398112602 36.55
    endloop
  endfacet
  facet normal -0.9510565162951533 0.30901699437494834 0
    outer loop
      vertex 1.5108867895684082 -5.598202398112602 36.55
      vertex 1.5108867895684082 -5.598202398112602 38.05
      vertex 1.5739476368340257 -5.4041210666428885 36.55
    endloop
  endfacet
  facet normal -0.9822872507286887 0.187381314585724 0
    outer loop
      vertex 1.5739476368340257 -5.4041210666428885 36.55
      vertex 1.5739476368340257 -5.4041210666428885 38.05
      vertex 1.6121863896360265 -5.203666504541994 36.55
    endloop
  endfacet
  facet normal -0.9980267284282716 0.0627905195293136 0
    outer loop
      vertex 1.6121863896360265 -5.203666504541994 36.55
      vertex 1.6121863896360265 -5.203666504541994 38.05
      vertex 1.625 -5 36.55
    endloop
  endfacet
  facet normal -0.5877852522924738 -0.8090169943749468 0
    outer loop
      vertex 0.8707185418408696 -3.6279671210592257 36.55
      vertex 1.035813983341621 -3.747915980489343 36.55
      vertex 1.035813983341621 -3.747915980489343 38.05
    endloop
  endfacet
  facet normal -0.6845471059286876 -0.7289686274214127 0
    outer loop
      vertex 1.1845740195597938 -3.887610952865881 36.55
      vertex 1.1845740195597938 -3.887610952865881 38.05
      vertex 1.035813983341621 -3.747915980489343 36.55
    endloop
  endfacet
  facet normal -0.9980267284282716 -0.0627905195293136 0
    outer loop
      vertex 1.625 -5 36.55
      vertex 1.625 -5 38.05
      vertex 1.6121863896360265 -4.796333495458006 36.55
    endloop
  endfacet
  facet normal -0.9822872507286886 -0.18738131458572424 0
    outer loop
      vertex 1.6121863896360265 -4.796333495458006 36.55
      vertex 1.6121863896360265 -4.796333495458006 38.05
      vertex 1.5739476368340255 -4.595878933357111 36.55
    endloop
  endfacet
  facet normal -0.90482705246602 -0.42577929156507194 0
    outer loop
      vertex 1.5108867895684084 -4.401797601887399 36.55
      vertex 1.5108867895684084 -4.401797601887399 38.05
      vertex 1.4239983550712783 -4.217150279584713 36.55
    endloop
  endfacet
  facet normal -0.951056516295153 -0.3090169943749489 0
    outer loop
      vertex 1.5739476368340255 -4.595878933357111 36.55
      vertex 1.5739476368340255 -4.595878933357111 38.05
      vertex 1.5108867895684084 -4.401797601887399 36.55
    endloop
  endfacet
  facet normal -0.7705132427757898 -0.6374239897486891 0
    outer loop
      vertex 1.1845740195597938 -3.887610952865881 36.55
      vertex 1.3146526158592895 -4.044848965024731 36.55
      vertex 1.3146526158592895 -4.044848965024731 38.05
    endloop
  endfacet
  facet normal -0.8443279255020153 -0.5358267949789962 0
    outer loop
      vertex 1.4239983550712783 -4.217150279584713 36.55
      vertex 1.4239983550712783 -4.217150279584713 38.05
      vertex 1.3146526158592895 -4.044848965024731 36.55
    endloop
  endfacet
  facet normal 0 1 0
    outer loop
      vertex -0.10203459423513486 -6.621793433695942 38.05
      vertex 0.10203459423513486 -6.621793433695942 38.05
      vertex 0.10203459423513486 -6.621793433695942 36.55
    endloop
  endfacet
  facet normal -0.12533323356430498 0.9921147013144778 0
    outer loop
      vertex 0.30449463620180284 -6.596216782434119 36.55
      vertex 0.10203459423513486 -6.621793433695942 38.05
      vertex 0.30449463620180284 -6.596216782434119 38.05
    endloop
  endfacet
  facet normal -0.24868988716485582 0.9685831611286307 0
    outer loop
      vertex 0.5021526158592895 -6.545466838979625 36.55
      vertex 0.30449463620180284 -6.596216782434119 38.05
      vertex 0.5021526158592895 -6.545466838979625 38.05
    endloop
  endfacet
  facet normal -0.36812455268468014 0.9297764858882506 0
    outer loop
      vertex 0.6918913487932428 -6.470343960257281 36.55
      vertex 0.5021526158592895 -6.545466838979625 38.05
      vertex 0.6918913487932428 -6.470343960257281 38.05
    endloop
  endfacet
  facet normal -0.48175367410171227 0.8763066800438651 0
    outer loop
      vertex 0.6918913487932428 -6.470343960257281 38.05
      vertex 0.8707185418408688 -6.372032878940775 38.05
      vertex 0.8707185418408688 -6.372032878940775 36.55
    endloop
  endfacet
  facet normal -0.1253332335643026 -0.992114701314478 0
    outer loop
      vertex 0.10203459423513407 -3.378206566304059 36.55
      vertex 0.30449463620180245 -3.4037832175658806 38.05
      vertex 0.10203459423513407 -3.378206566304059 38.05
    endloop
  endfacet
  facet normal -0.2486898871648554 -0.968583161128631 0
    outer loop
      vertex 0.30449463620180245 -3.4037832175658806 36.55
      vertex 0.5021526158592895 -3.4545331610203753 38.05
      vertex 0.30449463620180245 -3.4037832175658806 38.05
    endloop
  endfacet
  facet normal -0.3681245526846794 -0.9297764858882509 0
    outer loop
      vertex 0.5021526158592895 -3.4545331610203753 36.55
      vertex 0.6918913487932432 -3.5296560397427186 38.05
      vertex 0.5021526158592895 -3.4545331610203753 38.05
    endloop
  endfacet
  facet normal -0.481753674101715 -0.8763066800438638 0
    outer loop
      vertex 0.6918913487932432 -3.5296560397427186 36.55
      vertex 0.8707185418408696 -3.6279671210592257 38.05
      vertex 0.6918913487932432 -3.5296560397427186 38.05
    endloop
  endfacet
  facet normal -0.5877852522924744 0.8090169943749465 0
    outer loop
      vertex 1.0358139833416211 -6.252084019510657 36.55
      vertex 0.8707185418408688 -6.372032878940775 38.05
      vertex 1.0358139833416211 -6.252084019510657 38.05
    endloop
  endfacet
  facet normal -0.6845471059286866 0.7289686274214133 1.802038776970061e-16
    outer loop
      vertex 1.0358139833416211 -6.252084019510657 38.05
      vertex 1.0510183055202866 -6.237806210626303 38.05
      vertex 1.184574019559794 -6.112389047134119 36.55
    endloop
  endfacet
  facet normal -0.6845471059286877 0.7289686274214126 0
    outer loop
      vertex 1.184574019559794 -6.112389047134119 36.55
      vertex 1.0510183055202866 -6.237806210626303 38.05
      vertex 1.184574019559794 -6.112389047134119 38.05
    endloop
  endfacet
  facet normal -0.7705132427757904 0.6374239897486884 0
    outer loop
      vertex 1.3146526158592895 -5.955151034975269 36.55
      vertex 1.184574019559794 -6.112389047134119 38.05
      vertex 1.3146526158592895 -5.955151034975269 38.05
    endloop
  endfacet
  facet normal -0.8443279255020153 0.5358267949789962 0
    outer loop
      vertex 1.4239983550712783 -5.782849720415287 36.55
      vertex 1.3146526158592895 -5.955151034975269 38.05
      vertex 1.4239983550712783 -5.782849720415287 38.05
    endloop
  endfacet
  facet normal -0.9048270524660196 0.4257792915650727 0
    outer loop
      vertex 1.5108867895684082 -5.598202398112602 36.55
      vertex 1.4239983550712783 -5.782849720415287 38.05
      vertex 1.5108867895684082 -5.598202398112602 38.05
    endloop
  endfacet
  facet normal -0.9510565162951533 0.30901699437494834 0
    outer loop
      vertex 1.5739476368340257 -5.4041210666428885 36.55
      vertex 1.5108867895684082 -5.598202398112602 38.05
      vertex 1.5739476368340257 -5.4041210666428885 38.05
    endloop
  endfacet
  facet normal -0.9822872507286887 0.187381314585724 0
    outer loop
      vertex 1.6121863896360265 -5.203666504541994 36.55
      vertex 1.5739476368340257 -5.4041210666428885 38.05
      vertex 1.6121863896360265 -5.203666504541994 38.05
    endloop
  endfacet
  facet normal -0.9980267284282716 0.0627905195293136 0
    outer loop
      vertex 1.6121863896360265 -5.203666504541994 38.05
      vertex 1.625 -5 38.05
      vertex 1.625 -5 36.55
    endloop
  endfacet
  facet normal -0.5877852522924738 -0.8090169943749468 0
    outer loop
      vertex 0.8707185418408696 -3.6279671210592257 36.55
      vertex 1.035813983341621 -3.747915980489343 38.05
      vertex 0.8707185418408696 -3.6279671210592257 38.05
    endloop
  endfacet
  facet normal -0.6845471059286876 -0.7289686274214127 0
    outer loop
      vertex 1.1845740195597938 -3.887610952865881 38.05
      vertex 1.035813983341621 -3.747915980489343 38.05
      vertex 1.035813983341621 -3.747915980489343 36.55
    endloop
  endfacet
  facet normal -0.9980267284282716 -0.0627905195293136 0
    outer loop
      vertex 1.6121863896360265 -4.796333495458006 36.55
      vertex 1.625 -5 38.05
      vertex 1.6121863896360265 -4.796333495458006 38.05
    endloop
  endfacet
  facet normal -0.9822872507286886 -0.18738131458572424 0
    outer loop
      vertex 1.5739476368340255 -4.595878933357111 36.55
      vertex 1.6121863896360265 -4.796333495458006 38.05
      vertex 1.5739476368340255 -4.595878933357111 38.05
    endloop
  endfacet
  facet normal -0.90482705246602 -0.42577929156507194 0
    outer loop
      vertex 1.4239983550712783 -4.217150279584713 36.55
      vertex 1.5108867895684084 -4.401797601887399 38.05
      vertex 1.4239983550712783 -4.217150279584713 38.05
    endloop
  endfacet
  facet normal -0.951056516295153 -0.3090169943749489 0
    outer loop
      vertex 1.5108867895684084 -4.401797601887399 36.55
      vertex 1.5739476368340255 -4.595878933357111 38.05
      vertex 1.5108867895684084 -4.401797601887399 38.05
    endloop
  endfacet
  facet normal -0.7705132427757898 -0.6374239897486891 0
    outer loop
      vertex 1.1845740195597938 -3.887610952865881 36.55
      vertex 1.3146526158592895 -4.044848965024731 38.05
      vertex 1.1845740195597938 -3.887610952865881 38.05
    endloop
  endfacet
  facet normal -0.8443279255020153 -0.5358267949789962 0
    outer loop
      vertex 1.3146526158592895 -4.044848965024731 36.55
      vertex 1.4239983550712783 -4.217150279584713 38.05
      vertex 1.3146526158592895 -4.044848965024731 38.05
    endloop
  endfacet
  facet normal -0.12533323356430498 0.9921147013144779 0
    outer loop
      vertex 0.10203459423513486 -6.621793433695942 40.55
      vertex 0.10203459423513486 -6.621793433695942 42.3
      vertex 0.30449463620180284 -6.596216782434119 40.55
    endloop
  endfacet
  facet normal -0.24868988716485582 0.9685831611286309 0
    outer loop
      vertex 0.30449463620180284 -6.596216782434119 40.55
      vertex 0.30449463620180284 -6.596216782434119 42.3
      vertex 0.5021526158592895 -6.545466838979625 40.55
    endloop
  endfacet
  facet normal -0.3681245526846801 0.9297764858882505 0
    outer loop
      vertex 0.5021526158592895 -6.545466838979625 40.55
      vertex 0.5021526158592895 -6.545466838979625 42.3
      vertex 0.6918913487932428 -6.470343960257281 40.55
    endloop
  endfacet
  facet normal -0.48175367410171227 0.8763066800438652 0
    outer loop
      vertex 0.6918913487932428 -6.470343960257281 40.55
      vertex 0.6918913487932428 -6.470343960257281 42.3
      vertex 0.8707185418408688 -6.372032878940775 40.55
    endloop
  endfacet
  facet normal 0 -1 0
    outer loop
      vertex -0.10203459423513407 -3.378206566304059 40.55
      vertex 0.10203459423513407 -3.378206566304059 40.55
      vertex 0.10203459423513407 -3.378206566304059 42.3
    endloop
  endfacet
  facet normal -0.12533323356430257 -0.992114701314478 0
    outer loop
      vertex 0.10203459423513407 -3.378206566304059 40.55
      vertex 0.30449463620180245 -3.4037832175658806 40.55
      vertex 0.30449463620180245 -3.4037832175658806 42.3
    endloop
  endfacet
  facet normal -0.24868988716485538 -0.9685831611286309 0
    outer loop
      vertex 0.30449463620180245 -3.4037832175658806 40.55
      vertex 0.5021526158592895 -3.4545331610203753 40.55
      vertex 0.5021526158592895 -3.4545331610203753 42.3
    endloop
  endfacet
  facet normal -0.3681245526846794 -0.9297764858882509 0
    outer loop
      vertex 0.5021526158592895 -3.4545331610203753 40.55
      vertex 0.6918913487932432 -3.5296560397427186 40.55
      vertex 0.6918913487932432 -3.5296560397427186 42.3
    endloop
  endfacet
  facet normal -0.481753674101715 -0.8763066800438638 0
    outer loop
      vertex 0.6918913487932432 -3.5296560397427186 40.55
      vertex 0.8707185418408696 -3.6279671210592257 40.55
      vertex 0.8707185418408696 -3.6279671210592257 42.3
    endloop
  endfacet
  facet normal -0.5877852522924745 0.8090169943749466 0
    outer loop
      vertex 0.8707185418408688 -6.372032878940775 40.55
      vertex 0.8707185418408688 -6.372032878940775 42.3
      vertex 1.0358139833416211 -6.252084019510657 40.55
    endloop
  endfacet
  facet normal -0.6845471059286867 0.7289686274214132 0
    outer loop
      vertex 1.0358139833416211 -6.252084019510657 40.55
      vertex 1.0358139833416211 -6.252084019510657 42.3
      vertex 1.1445224227460769 -6.15 40.55
    endloop
  endfacet
  facet normal -0.6845471059286895 0.7289686274214107 0
    outer loop
      vertex 1.1445224227460769 -6.15 40.55
      vertex 1.184574019559794 -6.112389047134119 42.3
      vertex 1.184574019559794 -6.112389047134119 40.55
    endloop
  endfacet
  facet normal -0.7705132427757904 0.6374239897486884 0
    outer loop
      vertex 1.184574019559794 -6.112389047134119 40.55
      vertex 1.184574019559794 -6.112389047134119 42.3
      vertex 1.3146526158592895 -5.955151034975269 40.55
    endloop
  endfacet
  facet normal -0.8443279255020153 0.5358267949789963 0
    outer loop
      vertex 1.3146526158592895 -5.955151034975269 40.55
      vertex 1.3146526158592895 -5.955151034975269 42.3
      vertex 1.4239983550712783 -5.782849720415287 40.55
    endloop
  endfacet
  facet normal -0.9048270524660195 0.42577929156507266 0
    outer loop
      vertex 1.4239983550712783 -5.782849720415287 40.55
      vertex 1.4239983550712783 -5.782849720415287 42.3
      vertex 1.5108867895684082 -5.598202398112602 40.55
    endloop
  endfacet
  facet normal -0.9510565162951532 0.3090169943749483 0
    outer loop
      vertex 1.5108867895684082 -5.598202398112602 40.55
      vertex 1.5108867895684082 -5.598202398112602 42.3
      vertex 1.5739476368340257 -5.4041210666428885 40.55
    endloop
  endfacet
  facet normal -0.9822872507286887 0.187381314585724 0
    outer loop
      vertex 1.5739476368340257 -5.4041210666428885 40.55
      vertex 1.5739476368340257 -5.4041210666428885 42.3
      vertex 1.6121863896360265 -5.203666504541994 40.55
    endloop
  endfacet
  facet normal -0.9980267284282717 0.0627905195293136 0
    outer loop
      vertex 1.6121863896360265 -5.203666504541994 40.55
      vertex 1.6121863896360265 -5.203666504541994 42.3
      vertex 1.625 -5 40.55
    endloop
  endfacet
  facet normal -0.5877852522924738 -0.8090169943749469 0
    outer loop
      vertex 0.8707185418408696 -3.6279671210592257 40.55
      vertex 1.035813983341621 -3.747915980489343 40.55
      vertex 1.035813983341621 -3.747915980489343 42.3
    endloop
  endfacet
  facet normal -0.6845471059286876 -0.7289686274214127 0
    outer loop
      vertex 1.1845740195597938 -3.887610952865881 40.55
      vertex 1.1845740195597938 -3.887610952865881 42.3
      vertex 1.035813983341621 -3.747915980489343 40.55
    endloop
  endfacet
  facet normal -0.9980267284282717 -0.0627905195293136 0
    outer loop
      vertex 1.625 -5 40.55
      vertex 1.625 -5 42.3
      vertex 1.6121863896360265 -4.796333495458006 40.55
    endloop
  endfacet
  facet normal -0.9822872507286887 -0.18738131458572424 0
    outer loop
      vertex 1.6121863896360265 -4.796333495458006 40.55
      vertex 1.6121863896360265 -4.796333495458006 42.3
      vertex 1.5739476368340255 -4.595878933357111 40.55
    endloop
  endfacet
  facet normal -0.9048270524660198 -0.4257792915650718 0
    outer loop
      vertex 1.5108867895684084 -4.401797601887399 40.55
      vertex 1.5108867895684084 -4.401797601887399 42.3
      vertex 1.4239983550712783 -4.217150279584713 40.55
    endloop
  endfacet
  facet normal -0.9510565162951531 -0.3090169943749489 0
    outer loop
      vertex 1.5739476368340255 -4.595878933357111 40.55
      vertex 1.5739476368340255 -4.595878933357111 42.3
      vertex 1.5108867895684084 -4.401797601887399 40.55
    endloop
  endfacet
  facet normal -0.7705132427757898 -0.6374239897486891 0
    outer loop
      vertex 1.1845740195597938 -3.887610952865881 40.55
      vertex 1.3146526158592895 -4.044848965024731 40.55
      vertex 1.3146526158592895 -4.044848965024731 42.3
    endloop
  endfacet
  facet normal -0.8443279255020153 -0.5358267949789963 0
    outer loop
      vertex 1.4239983550712783 -4.217150279584713 40.55
      vertex 1.4239983550712783 -4.217150279584713 42.3
      vertex 1.3146526158592895 -4.044848965024731 40.55
    endloop
  endfacet
  facet normal 0 1 0
    outer loop
      vertex -0.10203459423513486 -6.621793433695942 42.3
      vertex 0.10203459423513486 -6.621793433695942 42.3
      vertex 0.10203459423513486 -6.621793433695942 40.55
    endloop
  endfacet
  facet normal -0.12533323356430498 0.9921147013144779 0
    outer loop
      vertex 0.30449463620180284 -6.596216782434119 40.55
      vertex 0.10203459423513486 -6.621793433695942 42.3
      vertex 0.30449463620180284 -6.596216782434119 42.3
    endloop
  endfacet
  facet normal -0.24868988716485582 0.9685831611286309 0
    outer loop
      vertex 0.5021526158592895 -6.545466838979625 40.55
      vertex 0.30449463620180284 -6.596216782434119 42.3
      vertex 0.5021526158592895 -6.545466838979625 42.3
    endloop
  endfacet
  facet normal -0.3681245526846801 0.9297764858882505 0
    outer loop
      vertex 0.6918913487932428 -6.470343960257281 40.55
      vertex 0.5021526158592895 -6.545466838979625 42.3
      vertex 0.6918913487932428 -6.470343960257281 42.3
    endloop
  endfacet
  facet normal -0.48175367410171227 0.8763066800438652 0
    outer loop
      vertex 0.8707185418408688 -6.372032878940775 40.55
      vertex 0.6918913487932428 -6.470343960257281 42.3
      vertex 0.8707185418408688 -6.372032878940775 42.3
    endloop
  endfacet
  facet normal -0.12533323356430257 -0.992114701314478 0
    outer loop
      vertex 0.10203459423513407 -3.378206566304059 40.55
      vertex 0.30449463620180245 -3.4037832175658806 42.3
      vertex 0.10203459423513407 -3.378206566304059 42.3
    endloop
  endfacet
  facet normal -0.24868988716485538 -0.9685831611286309 0
    outer loop
      vertex 0.30449463620180245 -3.4037832175658806 40.55
      vertex 0.5021526158592895 -3.4545331610203753 42.3
      vertex 0.30449463620180245 -3.4037832175658806 42.3
    endloop
  endfacet
  facet normal -0.3681245526846794 -0.9297764858882509 0
    outer loop
      vertex 0.5021526158592895 -3.4545331610203753 40.55
      vertex 0.6918913487932432 -3.5296560397427186 42.3
      vertex 0.5021526158592895 -3.4545331610203753 42.3
    endloop
  endfacet
  facet normal -0.481753674101715 -0.8763066800438638 0
    outer loop
      vertex 0.6918913487932432 -3.5296560397427186 40.55
      vertex 0.8707185418408696 -3.6279671210592257 42.3
      vertex 0.6918913487932432 -3.5296560397427186 42.3
    endloop
  endfacet
  facet normal -0.5877852522924745 0.8090169943749466 0
    outer loop
      vertex 1.0358139833416211 -6.252084019510657 40.55
      vertex 0.8707185418408688 -6.372032878940775 42.3
      vertex 1.0358139833416211 -6.252084019510657 42.3
    endloop
  endfacet
  facet normal -0.6845471059286876 0.7289686274214127 -8.743539469319841e-17
    outer loop
      vertex 1.1445224227460769 -6.15 40.55
      vertex 1.0358139833416211 -6.252084019510657 42.3
      vertex 1.184574019559794 -6.112389047134119 42.3
    endloop
  endfacet
  facet normal -0.7705132427757904 0.6374239897486884 0
    outer loop
      vertex 1.3146526158592895 -5.955151034975269 40.55
      vertex 1.184574019559794 -6.112389047134119 42.3
      vertex 1.3146526158592895 -5.955151034975269 42.3
    endloop
  endfacet
  facet normal -0.8443279255020153 0.5358267949789963 0
    outer loop
      vertex 1.4239983550712783 -5.782849720415287 40.55
      vertex 1.3146526158592895 -5.955151034975269 42.3
      vertex 1.4239983550712783 -5.782849720415287 42.3
    endloop
  endfacet
  facet normal -0.9048270524660195 0.42577929156507266 0
    outer loop
      vertex 1.5108867895684082 -5.598202398112602 40.55
      vertex 1.4239983550712783 -5.782849720415287 42.3
      vertex 1.5108867895684082 -5.598202398112602 42.3
    endloop
  endfacet
  facet normal -0.9510565162951532 0.3090169943749483 0
    outer loop
      vertex 1.5739476368340257 -5.4041210666428885 40.55
      vertex 1.5108867895684082 -5.598202398112602 42.3
      vertex 1.5739476368340257 -5.4041210666428885 42.3
    endloop
  endfacet
  facet normal -0.9822872507286887 0.187381314585724 0
    outer loop
      vertex 1.6121863896360265 -5.203666504541994 40.55
      vertex 1.5739476368340257 -5.4041210666428885 42.3
      vertex 1.6121863896360265 -5.203666504541994 42.3
    endloop
  endfacet
  facet normal -0.9980267284282717 0.0627905195293136 0
    outer loop
      vertex 1.6121863896360265 -5.203666504541994 42.3
      vertex 1.625 -5 42.3
      vertex 1.625 -5 40.55
    endloop
  endfacet
  facet normal -0.5877852522924738 -0.8090169943749469 0
    outer loop
      vertex 0.8707185418408696 -3.6279671210592257 40.55
      vertex 1.035813983341621 -3.747915980489343 42.3
      vertex 0.8707185418408696 -3.6279671210592257 42.3
    endloop
  endfacet
  facet normal -0.6845471059286876 -0.7289686274214127 0
    outer loop
      vertex 1.035813983341621 -3.747915980489343 40.55
      vertex 1.1845740195597938 -3.887610952865881 42.3
      vertex 1.035813983341621 -3.747915980489343 42.3
    endloop
  endfacet
  facet normal -0.9980267284282717 -0.0627905195293136 0
    outer loop
      vertex 1.6121863896360265 -4.796333495458006 40.55
      vertex 1.625 -5 42.3
      vertex 1.6121863896360265 -4.796333495458006 42.3
    endloop
  endfacet
  facet normal -0.9822872507286887 -0.18738131458572424 0
    outer loop
      vertex 1.5739476368340255 -4.595878933357111 40.55
      vertex 1.6121863896360265 -4.796333495458006 42.3
      vertex 1.5739476368340255 -4.595878933357111 42.3
    endloop
  endfacet
  facet normal -0.9048270524660198 -0.4257792915650718 0
    outer loop
      vertex 1.4239983550712783 -4.217150279584713 40.55
      vertex 1.5108867895684084 -4.401797601887399 42.3
      vertex 1.4239983550712783 -4.217150279584713 42.3
    endloop
  endfacet
  facet normal -0.9510565162951531 -0.3090169943749489 0
    outer loop
      vertex 1.5108867895684084 -4.401797601887399 40.55
      vertex 1.5739476368340255 -4.595878933357111 42.3
      vertex 1.5108867895684084 -4.401797601887399 42.3
    endloop
  endfacet
  facet normal -0.7705132427757898 -0.6374239897486891 0
    outer loop
      vertex 1.1845740195597938 -3.887610952865881 40.55
      vertex 1.3146526158592895 -4.044848965024731 42.3
      vertex 1.1845740195597938 -3.887610952865881 42.3
    endloop
  endfacet
  facet normal -0.8443279255020153 -0.5358267949789963 0
    outer loop
      vertex 1.3146526158592895 -4.044848965024731 40.55
      vertex 1.4239983550712783 -4.217150279584713 42.3
      vertex 1.3146526158592895 -4.044848965024731 42.3
    endloop
  endfacet
  facet normal 0 0 -1
    outer loop
      vertex -3.15 -4.5 50.05
      vertex -3.15 4.5 50.05
      vertex -1.9371663222572622 -0.4973797743297097 50.05
    endloop
  endfacet
  facet normal 0 0 -1
    outer loop
      vertex -3.15 -4.5 50.05
      vertex -1.9371663222572622 -0.4973797743297097 50.05
      vertex -1.859552971776503 -0.7362491053693557 50.05
    endloop
  endfacet
  facet normal 0 0 -1
    outer loop
      vertex -3.15 -4.5 50.05
      vertex -1.859552971776503 -0.7362491053693557 50.05
      vertex -1.752613360087727 -0.9635073482034308 50.05
    endloop
  endfacet
  facet normal 0 0 -1
    outer loop
      vertex -3.15 -4.5 50.05
      vertex -1.752613360087727 -0.9635073482034308 50.05
      vertex -1.618033988749895 -1.1755705045849463 50.05
    endloop
  endfacet
  facet normal 0 0 -1
    outer loop
      vertex -3.15 -4.5 50.05
      vertex -1.618033988749895 -1.1755705045849463 50.05
      vertex -1.4579372548428233 -1.369094211857377 50.05
    endloop
  endfacet
  facet normal 0 0 -1
    outer loop
      vertex -3.15 -4.5 50.05
      vertex -1.2748479794973793 -1.5410264855515787 50.05
      vertex -1.0716535899579935 -1.68865585100403 50.05
    endloop
  endfacet
  facet normal 0 0 -1
    outer loop
      vertex -3.15 -4.5 50.05
      vertex -1.0716535899579935 -1.68865585100403 50.05
      vertex -0.8515585831301449 -1.8096541049320392 50.05
    endloop
  endfacet
  facet normal 0 0 -1
    outer loop
      vertex -3.15 -4.5 50.05
      vertex -1.4579372548428233 -1.369094211857377 50.05
      vertex -1.2748479794973793 -1.5410264855515787 50.05
    endloop
  endfacet
  facet normal 0 0 -1
    outer loop
      vertex -3.15 -4.5 50.05
      vertex -0.37476262917144965 -1.9645745014573772 50.05
      vertex 3.15 -4.5 50.05
    endloop
  endfacet
  facet normal 0 0 -1
    outer loop
      vertex -3.15 -4.5 50.05
      vertex -0.8515585831301449 -1.8096541049320392 50.05
      vertex -0.6180339887498948 -1.902113032590307 50.05
    endloop
  endfacet
  facet normal 0 0 -1
    outer loop
      vertex -3.15 -4.5 50.05
      vertex -0.6180339887498948 -1.902113032590307 50.05
      vertex -0.37476262917144965 -1.9645745014573772 50.05
    endloop
  endfacet
  facet normal -1 0 0
    outer loop
      vertex -3.15 -4.5 50.05
      vertex -3.15 -4.5 52.05
      vertex -3.15 4.5 52.05
    endloop
  endfacet
  facet normal 0 -1 0
    outer loop
      vertex -3.15 -4.5 50.05
      vertex 3.15 -4.5 52.05
      vertex -3.15 -4.5 52.05
    endloop
  endfacet
  facet normal 0 0 -1
    outer loop
      vertex -1.9371663222572622 -0.4973797743297097 50.05
      vertex -3.15 4.5 50.05
      vertex -1.9842294026289558 -0.25066646712860813 50.05
    endloop
  endfacet
  facet normal 0 0 -1
    outer loop
      vertex -1.9842294026289558 -0.25066646712860813 50.05
      vertex -3.15 4.5 50.05
      vertex -2 0 50.05
    endloop
  endfacet
  facet normal 0 0 -1
    outer loop
      vertex -2 0 50.05
      vertex -3.15 4.5 50.05
      vertex -1.9842294026289558 0.25066646712860813 50.05
    endloop
  endfacet
  facet normal 0 0 -1
    outer loop
      vertex -1.9842294026289558 0.25066646712860813 50.05
      vertex -3.15 4.5 50.05
      vertex -1.9371663222572622 0.4973797743297097 50.05
    endloop
  endfacet
  facet normal 0 0 -1
    outer loop
      vertex -1.9371663222572622 0.4973797743297097 50.05
      vertex -3.15 4.5 50.05
      vertex -1.859552971776503 0.7362491053693557 50.05
    endloop
  endfacet
  facet normal 0 0 -1
    outer loop
      vertex -1.859552971776503 0.7362491053693557 50.05
      vertex -3.15 4.5 50.05
      vertex -1.752613360087727 0.9635073482034308 50.05
    endloop
  endfacet
  facet normal 0 0 -1
    outer loop
      vertex -1.752613360087727 0.9635073482034308 50.05
      vertex -3.15 4.5 50.05
      vertex -1.618033988749895 1.1755705045849463 50.05
    endloop
  endfacet
  facet normal 0 0 -1
    outer loop
      vertex -3.15 4.5 50.05
      vertex -1.4579372548428233 1.369094211857377 50.05
      vertex -1.618033988749895 1.1755705045849463 50.05
    endloop
  endfacet
  facet normal 0 0 -1
    outer loop
      vertex -3.15 4.5 50.05
      vertex -1.2748479794973793 1.5410264855515787 50.05
      vertex -1.4579372548428233 1.369094211857377 50.05
    endloop
  endfacet
  facet normal 0 0 -1
    outer loop
      vertex -3.15 4.5 50.05
      vertex -1.0716535899579935 1.68865585100403 50.05
      vertex -1.2748479794973793 1.5410264855515787 50.05
    endloop
  endfacet
  facet normal 0 0 -1
    outer loop
      vertex -3.15 4.5 50.05
      vertex -0.8515585831301454 1.809654104932039 50.05
      vertex -1.0716535899579935 1.68865585100403 50.05
    endloop
  endfacet
  facet normal -1 0 0
    outer loop
      vertex -3.15 -4.5 50.05
      vertex -3.15 4.5 52.05
      vertex -3.15 4.5 50.05
    endloop
  endfacet
  facet normal 0 0 -1
    outer loop
      vertex -3.15 4.5 50.05
      vertex -0.6180339887498948 1.902113032590307 50.05
      vertex -0.8515585831301454 1.809654104932039 50.05
    endloop
  endfacet
  facet normal 0 0 -1
    outer loop
      vertex -3.15 4.5 50.05
      vertex -0.37476262917144915 1.9645745014573774 50.05
      vertex -0.6180339887498948 1.902113032590307 50.05
    endloop
  endfacet
  facet normal 0 0 -1
    outer loop
      vertex -3.15 4.5 50.05
      vertex -0.12558103905862655 1.9960534568565431 50.05
      vertex -0.37476262917144915 1.9645745014573774 50.05
    endloop
  endfacet
  facet normal 0 0 -1
    outer loop
      vertex -3.15 4.5 50.05
      vertex 0.12558103905862655 1.9960534568565431 50.05
      vertex -0.12558103905862655 1.9960534568565431 50.05
    endloop
  endfacet
  facet normal 0 0 -1
    outer loop
      vertex -3.15 4.5 50.05
      vertex 0.37476262917144915 1.9645745014573774 50.05
      vertex 0.12558103905862655 1.9960534568565431 50.05
    endloop
  endfacet
  facet normal 0 1 0
    outer loop
      vertex -3.15 4.5 50.05
      vertex -3.15 4.5 52.05
      vertex 3.15 4.5 50.05
    endloop
  endfacet
  facet normal 0 -1 0
    outer loop
      vertex -3.15 -4.5 50.05
      vertex 3.15 -4.5 50.05
      vertex 3.15 -4.5 52.05
    endloop
  endfacet
  facet normal 0 0 -1
    outer loop
      vertex -0.37476262917144965 -1.9645745014573772 50.05
      vertex -0.12558103905862752 -1.9960534568565431 50.05
      vertex 3.15 -4.5 50.05
    endloop
  endfacet
  facet normal 0 0 -1
    outer loop
      vertex -0.12558103905862752 -1.9960534568565431 50.05
      vertex 0.12558103905862752 -1.9960534568565431 50.05
      vertex 3.15 -4.5 50.05
    endloop
  endfacet
  facet normal 0 0 -1
    outer loop
      vertex 0.12558103905862752 -1.9960534568565431 50.05
      vertex 0.37476262917144965 -1.9645745014573772 50.05
      vertex 3.15 -4.5 50.05
    endloop
  endfacet
  facet normal 0 0 -1
    outer loop
      vertex 0.37476262917144965 -1.9645745014573772 50.05
      vertex 0.6180339887498948 -1.902113032590307 50.05
      vertex 3.15 -4.5 50.05
    endloop
  endfacet
  facet normal 0 0 -1
    outer loop
      vertex 0.6180339887498948 -1.902113032590307 50.05
      vertex 0.8515585831301449 -1.8096541049320392 50.05
      vertex 3.15 -4.5 50.05
    endloop
  endfacet
  facet normal 0 0 -1
    outer loop
      vertex 0.8515585831301449 -1.8096541049320392 50.05
      vertex 1.0716535899579924 -1.6886558510040306 50.05
      vertex 3.15 -4.5 50.05
    endloop
  endfacet
  facet normal 0 0 -1
    outer loop
      vertex 1.0716535899579924 -1.6886558510040306 50.05
      vertex 1.27484797949738 -1.541026485551578 50.05
      vertex 3.15 -4.5 50.05
    endloop
  endfacet
  facet normal 0 0 -1
    outer loop
      vertex 1.27484797949738 -1.541026485551578 50.05
      vertex 1.4579372548428233 -1.369094211857377 50.05
      vertex 3.15 -4.5 50.05
    endloop
  endfacet
  facet normal 0 0 -1
    outer loop
      vertex 1.4579372548428233 -1.369094211857377 50.05
      vertex 1.618033988749895 -1.1755705045849463 50.05
      vertex 3.15 -4.5 50.05
    endloop
  endfacet
  facet normal 0 0 -1
    outer loop
      vertex 1.618033988749895 -1.1755705045849463 50.05
      vertex 1.752613360087727 -0.9635073482034308 50.05
      vertex 3.15 -4.5 50.05
    endloop
  endfacet
  facet normal 0 0 -1
    outer loop
      vertex 3.15 -4.5 50.05
      vertex 1.752613360087727 -0.9635073482034308 50.05
      vertex 1.8595529717765025 -0.7362491053693567 50.05
    endloop
  endfacet
  facet normal 0 0 -1
    outer loop
      vertex 3.15 -4.5 50.05
      vertex 1.8595529717765025 -0.7362491053693567 50.05
      vertex 1.9371663222572624 -0.49737977432970887 50.05
    endloop
  endfacet
  facet normal 0 0 -1
    outer loop
      vertex 3.15 -4.5 50.05
      vertex 1.9371663222572624 -0.49737977432970887 50.05
      vertex 1.9842294026289558 -0.25066646712860813 50.05
    endloop
  endfacet
  facet normal 0 0 -1
    outer loop
      vertex 3.15 -4.5 50.05
      vertex 1.9842294026289558 -0.25066646712860813 50.05
      vertex 2 0 50.05
    endloop
  endfacet
  facet normal 0 0 -1
    outer loop
      vertex 3.15 -4.5 50.05
      vertex 2 0 50.05
      vertex 1.9842294026289558 0.2506664671286085 50.05
    endloop
  endfacet
  facet normal 0 0 -1
    outer loop
      vertex 3.15 -4.5 50.05
      vertex 1.9842294026289558 0.2506664671286085 50.05
      vertex 1.9371663222572622 0.4973797743297096 50.05
    endloop
  endfacet
  facet normal 1 0 0
    outer loop
      vertex 3.15 -4.5 50.05
      vertex 3.15 4.5 50.05
      vertex 3.15 -4.5 52.05
    endloop
  endfacet
  facet normal 0 0 -1
    outer loop
      vertex 0.37476262917144915 1.9645745014573774 50.05
      vertex 3.15 4.5 50.05
      vertex 0.6180339887498948 1.902113032590307 50.05
    endloop
  endfacet
  facet normal 0 0 -1
    outer loop
      vertex 0.6180339887498948 1.902113032590307 50.05
      vertex 3.15 4.5 50.05
      vertex 0.8515585831301454 1.809654104932039 50.05
    endloop
  endfacet
  facet normal 0 0 -1
    outer loop
      vertex -3.15 4.5 50.05
      vertex 3.15 4.5 50.05
      vertex 0.37476262917144915 1.9645745014573774 50.05
    endloop
  endfacet
  facet normal 0 0 -1
    outer loop
      vertex 1.2748479794973795 1.5410264855515783 50.05
      vertex 3.15 4.5 50.05
      vertex 1.457937254842823 1.3690942118573775 50.05
    endloop
  endfacet
  facet normal 0 0 -1
    outer loop
      vertex 0.8515585831301454 1.809654104932039 50.05
      vertex 3.15 4.5 50.05
      vertex 1.0716535899579933 1.6886558510040302 50.05
    endloop
  endfacet
  facet normal 0 0 -1
    outer loop
      vertex 1.0716535899579933 1.6886558510040302 50.05
      vertex 3.15 4.5 50.05
      vertex 1.2748479794973795 1.5410264855515783 50.05
    endloop
  endfacet
  facet normal 0 0 -1
    outer loop
      vertex 1.618033988749895 1.1755705045849463 50.05
      vertex 1.457937254842823 1.3690942118573775 50.05
      vertex 3.15 4.5 50.05
    endloop
  endfacet
  facet normal 0 0 -1
    outer loop
      vertex 1.618033988749895 1.1755705045849463 50.05
      vertex 3.15 4.5 50.05
      vertex 1.7526133600877272 0.9635073482034306 50.05
    endloop
  endfacet
  facet normal 0 0 -1
    outer loop
      vertex 1.8595529717765027 0.736249105369356 50.05
      vertex 1.7526133600877272 0.9635073482034306 50.05
      vertex 3.15 4.5 50.05
    endloop
  endfacet
  facet normal 0 0 -1
    outer loop
      vertex 1.9371663222572622 0.4973797743297096 50.05
      vertex 1.8595529717765027 0.736249105369356 50.05
      vertex 3.15 4.5 50.05
    endloop
  endfacet
  facet normal 0 0 -1
    outer loop
      vertex 3.15 -4.5 50.05
      vertex 1.9371663222572622 0.4973797743297096 50.05
      vertex 3.15 4.5 50.05
    endloop
  endfacet
  facet normal 0 1 0
    outer loop
      vertex -3.15 4.5 52.05
      vertex 3.15 4.5 52.05
      vertex 3.15 4.5 50.05
    endloop
  endfacet
  facet normal 1 0 0
    outer loop
      vertex 3.15 -4.5 52.05
      vertex 3.15 4.5 50.05
      vertex 3.15 4.5 52.05
    endloop
  endfacet
  facet normal 0 0 -1
    outer loop
      vertex -5 -4.5 52.05
      vertex -3.15 4.5 52.05
      vertex -3.15 -4.5 52.05
    endloop
  endfacet
  facet normal -1 0 0
    outer loop
      vertex -5 -4.5 52.05
      vertex -5 -4.5 54.05
      vertex -5 4.5 54.05
    endloop
  endfacet
  facet normal 0 -1 0
    outer loop
      vertex -5 -4.5 52.05
      vertex 5 -4.5 54.05
      vertex -5 -4.5 54.05
    endloop
  endfacet
  facet normal 0 0 1
    outer loop
      vertex -5 -4.5 54.05
      vertex -1.9371663222572622 -0.4973797743297097 54.05
      vertex -1.9842294026289558 -0.25066646712860813 54.05
    endloop
  endfacet
  facet normal 0 0 1
    outer loop
      vertex -5 -4.5 54.05
      vertex -1.859552971776503 -0.7362491053693557 54.05
      vertex -1.9371663222572622 -0.4973797743297097 54.05
    endloop
  endfacet
  facet normal 0 0 1
    outer loop
      vertex -5 -4.5 54.05
      vertex -1.752613360087727 -0.9635073482034308 54.05
      vertex -1.859552971776503 -0.7362491053693557 54.05
    endloop
  endfacet
  facet normal 0 0 1
    outer loop
      vertex -5 -4.5 54.05
      vertex -1.0716535899579935 -1.68865585100403 54.05
      vertex -1.2748479794973793 -1.5410264855515787 54.05
    endloop
  endfacet
  facet normal 0 0 1
    outer loop
      vertex -5 -4.5 54.05
      vertex -1.618033988749895 -1.1755705045849463 54.05
      vertex -1.752613360087727 -0.9635073482034308 54.05
    endloop
  endfacet
  facet normal 0 0 1
    outer loop
      vertex -5 -4.5 54.05
      vertex -1.4579372548428233 -1.369094211857377 54.05
      vertex -1.618033988749895 -1.1755705045849463 54.05
    endloop
  endfacet
  facet normal 0 0 1
    outer loop
      vertex -5 -4.5 54.05
      vertex -1.2748479794973793 -1.5410264855515787 54.05
      vertex -1.4579372548428233 -1.369094211857377 54.05
    endloop
  endfacet
  facet normal 0 0 1
    outer loop
      vertex -5 -4.5 54.05
      vertex -1.9842294026289558 -0.25066646712860813 54.05
      vertex -2 0 54.05
    endloop
  endfacet
  facet normal 0 0 1
    outer loop
      vertex -5 -4.5 54.05
      vertex -2 0 54.05
      vertex -1.9842294026289558 0.25066646712860813 54.05
    endloop
  endfacet
  facet normal 0 0 1
    outer loop
      vertex -5 -4.5 54.05
      vertex -1.9842294026289558 0.25066646712860813 54.05
      vertex -1.9371663222572622 0.4973797743297097 54.05
    endloop
  endfacet
  facet normal 0 0 1
    outer loop
      vertex -5 -4.5 54.05
      vertex -0.8515585831301449 -1.8096541049320392 54.05
      vertex -1.0716535899579935 -1.68865585100403 54.05
    endloop
  endfacet
  facet normal 0 0 1
    outer loop
      vertex -5 -4.5 54.05
      vertex -0.6180339887498948 -1.902113032590307 54.05
      vertex -0.8515585831301449 -1.8096541049320392 54.05
    endloop
  endfacet
  facet normal 0 0 1
    outer loop
      vertex -5 -4.5 54.05
      vertex -0.37476262917144965 -1.9645745014573772 54.05
      vertex -0.6180339887498948 -1.902113032590307 54.05
    endloop
  endfacet
  facet normal 0 0 1
    outer loop
      vertex -5 -4.5 54.05
      vertex -0.12558103905862752 -1.9960534568565431 54.05
      vertex -0.37476262917144965 -1.9645745014573772 54.05
    endloop
  endfacet
  facet normal 0 0 1
    outer loop
      vertex -5 -4.5 54.05
      vertex 0.12558103905862752 -1.9960534568565431 54.05
      vertex -0.12558103905862752 -1.9960534568565431 54.05
    endloop
  endfacet
  facet normal 0 -1 0
    outer loop
      vertex -5 -4.5 52.05
      vertex -3.15 -4.5 52.05
      vertex 5 -4.5 54.05
    endloop
  endfacet
  facet normal 0 0 1
    outer loop
      vertex -5 -4.5 54.05
      vertex 0.37476262917144965 -1.9645745014573772 54.05
      vertex 0.12558103905862752 -1.9960534568565431 54.05
    endloop
  endfacet
  facet normal 0 0 1
    outer loop
      vertex -5 -4.5 54.05
      vertex 0.6180339887498948 -1.902113032590307 54.05
      vertex 0.37476262917144965 -1.9645745014573772 54.05
    endloop
  endfacet
  facet normal 0 0 -1
    outer loop
      vertex -5 -4.5 52.05
      vertex -5 4.5 52.05
      vertex -3.15 4.5 52.05
    endloop
  endfacet
  facet normal -1 0 0
    outer loop
      vertex -5 -4.5 52.05
      vertex -5 4.5 54.05
      vertex -5 4.5 52.05
    endloop
  endfacet
  facet normal 0 0 1
    outer loop
      vertex -5 -4.5 54.05
      vertex -1.9371663222572622 0.4973797743297097 54.05
      vertex -5 4.5 54.05
    endloop
  endfacet
  facet normal 0 1 0
    outer loop
      vertex -5 4.5 52.05
      vertex -5 4.5 54.05
      vertex -3.15 4.5 52.05
    endloop
  endfacet
  facet normal 0 0 1
    outer loop
      vertex -5 4.5 54.05
      vertex -1.9371663222572622 0.4973797743297097 54.05
      vertex -1.859552971776503 0.7362491053693557 54.05
    endloop
  endfacet
  facet normal 0 0 1
    outer loop
      vertex -5 4.5 54.05
      vertex -1.859552971776503 0.7362491053693557 54.05
      vertex -1.752613360087727 0.9635073482034308 54.05
    endloop
  endfacet
  facet normal 0 0 1
    outer loop
      vertex -5 4.5 54.05
      vertex -1.752613360087727 0.9635073482034308 54.05
      vertex -1.618033988749895 1.1755705045849463 54.05
    endloop
  endfacet
  facet normal 0 0 1
    outer loop
      vertex -5 4.5 54.05
      vertex -1.618033988749895 1.1755705045849463 54.05
      vertex -1.4579372548428233 1.369094211857377 54.05
    endloop
  endfacet
  facet normal 0 0 1
    outer loop
      vertex -5 4.5 54.05
      vertex -1.4579372548428233 1.369094211857377 54.05
      vertex -1.2748479794973793 1.5410264855515787 54.05
    endloop
  endfacet
  facet normal 0 0 1
    outer loop
      vertex -5 4.5 54.05
      vertex -1.2748479794973793 1.5410264855515787 54.05
      vertex -1.0716535899579935 1.68865585100403 54.05
    endloop
  endfacet
  facet normal 0 0 1
    outer loop
      vertex -5 4.5 54.05
      vertex -1.0716535899579935 1.68865585100403 54.05
      vertex -0.8515585831301454 1.809654104932039 54.05
    endloop
  endfacet
  facet normal 0 0 1
    outer loop
      vertex -5 4.5 54.05
      vertex -0.8515585831301454 1.809654104932039 54.05
      vertex -0.6180339887498948 1.902113032590307 54.05
    endloop
  endfacet
  facet normal 0 1 0
    outer loop
      vertex -5 4.5 54.05
      vertex 3.15 4.5 52.05
      vertex -3.15 4.5 52.05
    endloop
  endfacet
  facet normal 0 0 1
    outer loop
      vertex -5 4.5 54.05
      vertex -0.6180339887498948 1.902113032590307 54.05
      vertex 5 4.5 54.05
    endloop
  endfacet
  facet normal 0 0 1
    outer loop
      vertex -5 -4.5 54.05
      vertex 5 -4.5 54.05
      vertex 0.6180339887498948 -1.902113032590307 54.05
    endloop
  endfacet
  facet normal 0 -1 0
    outer loop
      vertex -3.15 -4.5 52.05
      vertex 3.15 -4.5 52.05
      vertex 5 -4.5 54.05
    endloop
  endfacet
  facet normal 0 0 1
    outer loop
      vertex 0.6180339887498948 -1.902113032590307 54.05
      vertex 5 -4.5 54.05
      vertex 0.8515585831301449 -1.8096541049320392 54.05
    endloop
  endfacet
  facet normal 0 0 1
    outer loop
      vertex 0.8515585831301449 -1.8096541049320392 54.05
      vertex 5 -4.5 54.05
      vertex 1.0716535899579924 -1.6886558510040306 54.05
    endloop
  endfacet
  facet normal 0 0 1
    outer loop
      vertex 1.0716535899579924 -1.6886558510040306 54.05
      vertex 5 -4.5 54.05
      vertex 1.27484797949738 -1.541026485551578 54.05
    endloop
  endfacet
  facet normal 0 0 1
    outer loop
      vertex 1.27484797949738 -1.541026485551578 54.05
      vertex 5 -4.5 54.05
      vertex 1.4579372548428233 -1.369094211857377 54.05
    endloop
  endfacet
  facet normal 0 0 1
    outer loop
      vertex 1.4579372548428233 -1.369094211857377 54.05
      vertex 5 -4.5 54.05
      vertex 1.618033988749895 -1.1755705045849463 54.05
    endloop
  endfacet
  facet normal 0 0 1
    outer loop
      vertex 1.618033988749895 -1.1755705045849463 54.05
      vertex 5 -4.5 54.05
      vertex 1.752613360087727 -0.9635073482034308 54.05
    endloop
  endfacet
  facet normal 0 0 1
    outer loop
      vertex 1.752613360087727 -0.9635073482034308 54.05
      vertex 5 -4.5 54.05
      vertex 1.8595529717765025 -0.7362491053693567 54.05
    endloop
  endfacet
  facet normal 0 0 1
    outer loop
      vertex 1.8595529717765025 -0.7362491053693567 54.05
      vertex 5 -4.5 54.05
      vertex 1.9371663222572624 -0.49737977432970887 54.05
    endloop
  endfacet
  facet normal 0 0 -1
    outer loop
      vertex 3.15 -4.5 52.05
      vertex 5 4.5 52.05
      vertex 5 -4.5 52.05
    endloop
  endfacet
  facet normal 0 -1 0
    outer loop
      vertex 3.15 -4.5 52.05
      vertex 5 -4.5 52.05
      vertex 5 -4.5 54.05
    endloop
  endfacet
  facet normal 0 0 1
    outer loop
      vertex 1.9371663222572624 -0.49737977432970887 54.05
      vertex 5 -4.5 54.05
      vertex 5 4.5 54.05
    endloop
  endfacet
  facet normal 1 0 0
    outer loop
      vertex 5 -4.5 52.05
      vertex 5 4.5 52.05
      vertex 5 -4.5 54.05
    endloop
  endfacet
  facet normal 0 0 1
    outer loop
      vertex -0.6180339887498948 1.902113032590307 54.05
      vertex -0.37476262917144915 1.9645745014573774 54.05
      vertex 5 4.5 54.05
    endloop
  endfacet
  facet normal 0 0 1
    outer loop
      vertex -0.37476262917144915 1.9645745014573774 54.05
      vertex -0.12558103905862655 1.9960534568565431 54.05
      vertex 5 4.5 54.05
    endloop
  endfacet
  facet normal 0 1 0
    outer loop
      vertex -5 4.5 54.05
      vertex 5 4.5 52.05
      vertex 3.15 4.5 52.05
    endloop
  endfacet
  facet normal 0 0 1
    outer loop
      vertex -0.12558103905862655 1.9960534568565431 54.05
      vertex 0.12558103905862655 1.9960534568565431 54.05
      vertex 5 4.5 54.05
    endloop
  endfacet
  facet normal 0 0 1
    outer loop
      vertex 0.12558103905862655 1.9960534568565431 54.05
      vertex 0.37476262917144915 1.9645745014573774 54.05
      vertex 5 4.5 54.05
    endloop
  endfacet
  facet normal 0 0 1
    outer loop
      vertex 0.37476262917144915 1.9645745014573774 54.05
      vertex 0.6180339887498948 1.902113032590307 54.05
      vertex 5 4.5 54.05
    endloop
  endfacet
  facet normal 0 0 1
    outer loop
      vertex 0.6180339887498948 1.902113032590307 54.05
      vertex 0.8515585831301454 1.809654104932039 54.05
      vertex 5 4.5 54.05
    endloop
  endfacet
  facet normal 0 0 1
    outer loop
      vertex 0.8515585831301454 1.809654104932039 54.05
      vertex 1.0716535899579933 1.6886558510040302 54.05
      vertex 5 4.5 54.05
    endloop
  endfacet
  facet normal 0 0 1
    outer loop
      vertex 1.9371663222572624 -0.49737977432970887 54.05
      vertex 5 4.5 54.05
      vertex 1.9842294026289558 -0.25066646712860813 54.05
    endloop
  endfacet
  facet normal 0 0 1
    outer loop
      vertex 1.9842294026289558 -0.25066646712860813 54.05
      vertex 5 4.5 54.05
      vertex 2 0 54.05
    endloop
  endfacet
  facet normal 0 0 1
    outer loop
      vertex 2 0 54.05
      vertex 5 4.5 54.05
      vertex 1.9842294026289558 0.2506664671286085 54.05
    endloop
  endfacet
  facet normal 0 0 1
    outer loop
      vertex 1.2748479794973795 1.5410264855515783 54.05
      vertex 1.457937254842823 1.3690942118573775 54.05
      vertex 5 4.5 54.05
    endloop
  endfacet
  facet normal 0 0 1
    outer loop
      vertex 1.618033988749895 1.1755705045849463 54.05
      vertex 5 4.5 54.05
      vertex 1.457937254842823 1.3690942118573775 54.05
    endloop
  endfacet
  facet normal 0 0 1
    outer loop
      vertex 1.618033988749895 1.1755705045849463 54.05
      vertex 1.7526133600877272 0.9635073482034306 54.05
      vertex 5 4.5 54.05
    endloop
  endfacet
  facet normal 0 0 1
    outer loop
      vertex 1.0716535899579933 1.6886558510040302 54.05
      vertex 1.2748479794973795 1.5410264855515783 54.05
      vertex 5 4.5 54.05
    endloop
  endfacet
  facet normal 0 0 1
    outer loop
      vertex 1.8595529717765027 0.736249105369356 54.05
      vertex 5 4.5 54.05
      vertex 1.7526133600877272 0.9635073482034306 54.05
    endloop
  endfacet
  facet normal 0 0 1
    outer loop
      vertex 1.9371663222572622 0.4973797743297096 54.05
      vertex 5 4.5 54.05
      vertex 1.8595529717765027 0.736249105369356 54.05
    endloop
  endfacet
  facet normal 0 0 1
    outer loop
      vertex 1.9842294026289558 0.2506664671286085 54.05
      vertex 5 4.5 54.05
      vertex 1.9371663222572622 0.4973797743297096 54.05
    endloop
  endfacet
  facet normal 0 1 0
    outer loop
      vertex -5 4.5 54.05
      vertex 5 4.5 54.05
      vertex 5 4.5 52.05
    endloop
  endfacet
  facet normal 0 0 -1
    outer loop
      vertex 3.15 -4.5 52.05
      vertex 3.15 4.5 52.05
      vertex 5 4.5 52.05
    endloop
  endfacet
  facet normal 1 0 0
    outer loop
      vertex 5 -4.5 54.05
      vertex 5 4.5 52.05
      vertex 5 4.5 54.05
    endloop
  endfacet
  facet normal 0.8443279255020154 0.5358267949789962 0
    outer loop
      vertex -1.752613360087727 -0.9635073482034308 50.05
      vertex -1.752613360087727 -0.9635073482034308 54.05
      vertex -1.618033988749895 -1.1755705045849463 50.05
    endloop
  endfacet
  facet normal 0.9510565162951536 0.30901699437494706 0
    outer loop
      vertex -1.859552971776503 -0.7362491053693557 50.05
      vertex -1.9371663222572622 -0.4973797743297097 50.05
      vertex -1.9371663222572622 -0.4973797743297097 54.05
    endloop
  endfacet
  facet normal 0.9822872507286885 0.18738131458572493 0
    outer loop
      vertex -1.9371663222572622 -0.4973797743297097 50.05
      vertex -1.9842294026289558 -0.25066646712860813 50.05
      vertex -1.9842294026289558 -0.25066646712860813 54.05
    endloop
  endfacet
  facet normal 0.9980267284282714 0.06279051952931311 0
    outer loop
      vertex -1.9842294026289558 -0.25066646712860813 50.05
      vertex -2 0 50.05
      vertex -2 0 54.05
    endloop
  endfacet
  facet normal 0.9048270524660194 0.42577929156507316 0
    outer loop
      vertex -1.752613360087727 -0.9635073482034308 50.05
      vertex -1.859552971776503 -0.7362491053693557 50.05
      vertex -1.859552971776503 -0.7362491053693557 54.05
    endloop
  endfacet
  facet normal 0.481753674101715 0.8763066800438636 0
    outer loop
      vertex -1.0716535899579935 -1.68865585100403 50.05
      vertex -1.0716535899579935 -1.68865585100403 54.05
      vertex -0.8515585831301449 -1.8096541049320392 50.05
    endloop
  endfacet
  facet normal 0.7705132427757893 0.63742398974869 0
    outer loop
      vertex -1.4579372548428233 -1.369094211857377 50.05
      vertex -1.618033988749895 -1.1755705045849463 50.05
      vertex -1.618033988749895 -1.1755705045849463 54.05
    endloop
  endfacet
  facet normal 0.6845471059286892 0.7289686274214112 0
    outer loop
      vertex -1.4579372548428233 -1.369094211857377 50.05
      vertex -1.4579372548428233 -1.369094211857377 54.05
      vertex -1.2748479794973793 -1.5410264855515787 50.05
    endloop
  endfacet
  facet normal 0.5877852522924727 0.8090169943749478 0
    outer loop
      vertex -1.2748479794973793 -1.5410264855515787 50.05
      vertex -1.2748479794973793 -1.5410264855515787 54.05
      vertex -1.0716535899579935 -1.68865585100403 50.05
    endloop
  endfacet
  facet normal 0.3681245526846778 0.9297764858882515 0
    outer loop
      vertex -0.8515585831301449 -1.8096541049320392 50.05
      vertex -0.8515585831301449 -1.8096541049320392 54.05
      vertex -0.6180339887498948 -1.902113032590307 50.05
    endloop
  endfacet
  facet normal 0.248689887164855 0.9685831611286311 0
    outer loop
      vertex -0.6180339887498948 -1.902113032590307 50.05
      vertex -0.6180339887498948 -1.902113032590307 54.05
      vertex -0.37476262917144965 -1.9645745014573772 50.05
    endloop
  endfacet
  facet normal 0.12533323356430495 0.9921147013144777 0
    outer loop
      vertex -0.37476262917144965 -1.9645745014573772 50.05
      vertex -0.37476262917144965 -1.9645745014573772 54.05
      vertex -0.12558103905862752 -1.9960534568565431 50.05
    endloop
  endfacet
  facet normal 0 1 0
    outer loop
      vertex -0.12558103905862752 -1.9960534568565431 50.05
      vertex -0.12558103905862752 -1.9960534568565431 54.05
      vertex 0.12558103905862752 -1.9960534568565431 50.05
    endloop
  endfacet
  facet normal 0.9048270524660194 0.42577929156507316 0
    outer loop
      vertex -1.752613360087727 -0.9635073482034308 50.05
      vertex -1.859552971776503 -0.7362491053693557 54.05
      vertex -1.752613360087727 -0.9635073482034308 54.05
    endloop
  endfacet
  facet normal 0.8443279255020154 0.5358267949789962 0
    outer loop
      vertex -1.752613360087727 -0.9635073482034308 54.05
      vertex -1.618033988749895 -1.1755705045849463 54.05
      vertex -1.618033988749895 -1.1755705045849463 50.05
    endloop
  endfacet
  facet normal 0.9510565162951536 0.30901699437494706 0
    outer loop
      vertex -1.859552971776503 -0.7362491053693557 50.05
      vertex -1.9371663222572622 -0.4973797743297097 54.05
      vertex -1.859552971776503 -0.7362491053693557 54.05
    endloop
  endfacet
  facet normal 0.9822872507286885 0.18738131458572493 0
    outer loop
      vertex -1.9371663222572622 -0.4973797743297097 50.05
      vertex -1.9842294026289558 -0.25066646712860813 54.05
      vertex -1.9371663222572622 -0.4973797743297097 54.05
    endloop
  endfacet
  facet normal 0.9980267284282714 0.06279051952931311 0
    outer loop
      vertex -1.9842294026289558 -0.25066646712860813 50.05
      vertex -2 0 54.05
      vertex -1.9842294026289558 -0.25066646712860813 54.05
    endloop
  endfacet
  facet normal 0.481753674101715 0.8763066800438636 0
    outer loop
      vertex -0.8515585831301449 -1.8096541049320392 50.05
      vertex -1.0716535899579935 -1.68865585100403 54.05
      vertex -0.8515585831301449 -1.8096541049320392 54.05
    endloop
  endfacet
  facet normal 0.7705132427757893 0.63742398974869 0
    outer loop
      vertex -1.4579372548428233 -1.369094211857377 50.05
      vertex -1.618033988749895 -1.1755705045849463 54.05
      vertex -1.4579372548428233 -1.369094211857377 54.05
    endloop
  endfacet
  facet normal 0.6845471059286892 0.7289686274214112 0
    outer loop
      vertex -1.2748479794973793 -1.5410264855515787 50.05
      vertex -1.4579372548428233 -1.369094211857377 54.05
      vertex -1.2748479794973793 -1.5410264855515787 54.05
    endloop
  endfacet
  facet normal 0.5877852522924727 0.8090169943749478 0
    outer loop
      vertex -1.0716535899579935 -1.68865585100403 50.05
      vertex -1.2748479794973793 -1.5410264855515787 54.05
      vertex -1.0716535899579935 -1.68865585100403 54.05
    endloop
  endfacet
  facet normal 0.3681245526846778 0.9297764858882515 0
    outer loop
      vertex -0.6180339887498948 -1.902113032590307 50.05
      vertex -0.8515585831301449 -1.8096541049320392 54.05
      vertex -0.6180339887498948 -1.902113032590307 54.05
    endloop
  endfacet
  facet normal 0.248689887164855 0.9685831611286311 0
    outer loop
      vertex -0.37476262917144965 -1.9645745014573772 50.05
      vertex -0.6180339887498948 -1.902113032590307 54.05
      vertex -0.37476262917144965 -1.9645745014573772 54.05
    endloop
  endfacet
  facet normal 0.12533323356430495 0.9921147013144777 0
    outer loop
      vertex -0.12558103905862752 -1.9960534568565431 50.05
      vertex -0.37476262917144965 -1.9645745014573772 54.05
      vertex -0.12558103905862752 -1.9960534568565431 54.05
    endloop
  endfacet
  facet normal 0.9980267284282714 -0.06279051952931311 0
    outer loop
      vertex -2 0 50.05
      vertex -1.9842294026289558 0.25066646712860813 50.05
      vertex -1.9842294026289558 0.25066646712860813 54.05
    endloop
  endfacet
  facet normal 0.9822872507286885 -0.18738131458572493 0
    outer loop
      vertex -1.9842294026289558 0.25066646712860813 50.05
      vertex -1.9371663222572622 0.4973797743297097 50.05
      vertex -1.9371663222572622 0.4973797743297097 54.05
    endloop
  endfacet
  facet normal 0.9510565162951536 -0.30901699437494706 0
    outer loop
      vertex -1.9371663222572622 0.4973797743297097 50.05
      vertex -1.859552971776503 0.7362491053693557 50.05
      vertex -1.859552971776503 0.7362491053693557 54.05
    endloop
  endfacet
  facet normal 0.9048270524660194 -0.42577929156507316 0
    outer loop
      vertex -1.859552971776503 0.7362491053693557 50.05
      vertex -1.752613360087727 0.9635073482034308 50.05
      vertex -1.752613360087727 0.9635073482034308 54.05
    endloop
  endfacet
  facet normal 0.8443279255020154 -0.5358267949789962 0
    outer loop
      vertex -1.752613360087727 0.9635073482034308 50.05
      vertex -1.618033988749895 1.1755705045849463 50.05
      vertex -1.618033988749895 1.1755705045849463 54.05
    endloop
  endfacet
  facet normal 0.7705132427757893 -0.63742398974869 0
    outer loop
      vertex -1.618033988749895 1.1755705045849463 50.05
      vertex -1.4579372548428233 1.369094211857377 50.05
      vertex -1.4579372548428233 1.369094211857377 54.05
    endloop
  endfacet
  facet normal 0.6845471059286892 -0.7289686274214112 0
    outer loop
      vertex -1.4579372548428233 1.369094211857377 50.05
      vertex -1.2748479794973793 1.5410264855515787 50.05
      vertex -1.2748479794973793 1.5410264855515787 54.05
    endloop
  endfacet
  facet normal 0.5877852522924727 -0.8090169943749478 0
    outer loop
      vertex -1.2748479794973793 1.5410264855515787 50.05
      vertex -1.0716535899579935 1.68865585100403 50.05
      vertex -1.0716535899579935 1.68865585100403 54.05
    endloop
  endfacet
  facet normal 0.48175367410171527 -0.8763066800438635 0
    outer loop
      vertex -1.0716535899579935 1.68865585100403 50.05
      vertex -0.8515585831301454 1.809654104932039 50.05
      vertex -0.8515585831301454 1.809654104932039 54.05
    endloop
  endfacet
  facet normal 0.3681245526846778 -0.9297764858882513 0
    outer loop
      vertex -0.8515585831301454 1.809654104932039 50.05
      vertex -0.6180339887498948 1.902113032590307 50.05
      vertex -0.6180339887498948 1.902113032590307 54.05
    endloop
  endfacet
  facet normal 0.24868988716485532 -0.968583161128631 0
    outer loop
      vertex -0.6180339887498948 1.902113032590307 50.05
      vertex -0.37476262917144915 1.9645745014573774 50.05
      vertex -0.37476262917144915 1.9645745014573774 54.05
    endloop
  endfacet
  facet normal 0.12533323356430384 -0.9921147013144778 0
    outer loop
      vertex -0.37476262917144915 1.9645745014573774 50.05
      vertex -0.12558103905862655 1.9960534568565431 50.05
      vertex -0.12558103905862655 1.9960534568565431 54.05
    endloop
  endfacet
  facet normal 0.9980267284282714 -0.06279051952931311 0
    outer loop
      vertex -2 0 50.05
      vertex -1.9842294026289558 0.25066646712860813 54.05
      vertex -2 0 54.05
    endloop
  endfacet
  facet normal 0.9822872507286885 -0.18738131458572493 0
    outer loop
      vertex -1.9842294026289558 0.25066646712860813 50.05
      vertex -1.9371663222572622 0.4973797743297097 54.05
      vertex -1.9842294026289558 0.25066646712860813 54.05
    endloop
  endfacet
  facet normal 0.9510565162951536 -0.30901699437494706 0
    outer loop
      vertex -1.9371663222572622 0.4973797743297097 50.05
      vertex -1.859552971776503 0.7362491053693557 54.05
      vertex -1.9371663222572622 0.4973797743297097 54.05
    endloop
  endfacet
  facet normal 0.9048270524660194 -0.42577929156507316 0
    outer loop
      vertex -1.859552971776503 0.7362491053693557 50.05
      vertex -1.752613360087727 0.9635073482034308 54.05
      vertex -1.859552971776503 0.7362491053693557 54.05
    endloop
  endfacet
  facet normal 0.8443279255020154 -0.5358267949789962 0
    outer loop
      vertex -1.752613360087727 0.9635073482034308 50.05
      vertex -1.618033988749895 1.1755705045849463 54.05
      vertex -1.752613360087727 0.9635073482034308 54.05
    endloop
  endfacet
  facet normal 0.7705132427757893 -0.63742398974869 0
    outer loop
      vertex -1.618033988749895 1.1755705045849463 50.05
      vertex -1.4579372548428233 1.369094211857377 54.05
      vertex -1.618033988749895 1.1755705045849463 54.05
    endloop
  endfacet
  facet normal 0.6845471059286892 -0.7289686274214112 0
    outer loop
      vertex -1.4579372548428233 1.369094211857377 50.05
      vertex -1.2748479794973793 1.5410264855515787 54.05
      vertex -1.4579372548428233 1.369094211857377 54.05
    endloop
  endfacet
  facet normal 0.5877852522924727 -0.8090169943749478 0
    outer loop
      vertex -1.2748479794973793 1.5410264855515787 50.05
      vertex -1.0716535899579935 1.68865585100403 54.05
      vertex -1.2748479794973793 1.5410264855515787 54.05
    endloop
  endfacet
  facet normal 0.48175367410171527 -0.8763066800438635 0
    outer loop
      vertex -1.0716535899579935 1.68865585100403 50.05
      vertex -0.8515585831301454 1.809654104932039 54.05
      vertex -1.0716535899579935 1.68865585100403 54.05
    endloop
  endfacet
  facet normal 0.3681245526846778 -0.9297764858882513 0
    outer loop
      vertex -0.8515585831301454 1.809654104932039 50.05
      vertex -0.6180339887498948 1.902113032590307 54.05
      vertex -0.8515585831301454 1.809654104932039 54.05
    endloop
  endfacet
  facet normal 0.24868988716485532 -0.968583161128631 0
    outer loop
      vertex -0.6180339887498948 1.902113032590307 50.05
      vertex -0.37476262917144915 1.9645745014573774 54.05
      vertex -0.6180339887498948 1.902113032590307 54.05
    endloop
  endfacet
  facet normal 0.12533323356430384 -0.9921147013144778 0
    outer loop
      vertex -0.37476262917144915 1.9645745014573774 50.05
      vertex -0.12558103905862655 1.9960534568565431 54.05
      vertex -0.37476262917144915 1.9645745014573774 54.05
    endloop
  endfacet
  facet normal 0 -1 0
    outer loop
      vertex -0.12558103905862655 1.9960534568565431 50.05
      vertex 0.12558103905862655 1.9960534568565431 54.05
      vertex -0.12558103905862655 1.9960534568565431 54.05
    endloop
  endfacet
  facet normal -0.12533323356430495 0.9921147013144777 0
    outer loop
      vertex 0.12558103905862752 -1.9960534568565431 50.05
      vertex 0.12558103905862752 -1.9960534568565431 54.05
      vertex 0.37476262917144965 -1.9645745014573772 50.05
    endloop
  endfacet
  facet normal -0.248689887164855 0.9685831611286311 0
    outer loop
      vertex 0.37476262917144965 -1.9645745014573772 50.05
      vertex 0.37476262917144965 -1.9645745014573772 54.05
      vertex 0.6180339887498948 -1.902113032590307 50.05
    endloop
  endfacet
  facet normal -0.3681245526846778 0.9297764858882515 0
    outer loop
      vertex 0.6180339887498948 -1.902113032590307 50.05
      vertex 0.6180339887498948 -1.902113032590307 54.05
      vertex 0.8515585831301449 -1.8096541049320392 50.05
    endloop
  endfacet
  facet normal -0.4817536741017149 0.8763066800438638 0
    outer loop
      vertex 0.8515585831301449 -1.8096541049320392 50.05
      vertex 0.8515585831301449 -1.8096541049320392 54.05
      vertex 1.0716535899579924 -1.6886558510040306 50.05
    endloop
  endfacet
  facet normal -0.5877852522924728 0.8090169943749477 0
    outer loop
      vertex 1.0716535899579924 -1.6886558510040306 50.05
      vertex 1.0716535899579924 -1.6886558510040306 54.05
      vertex 1.27484797949738 -1.541026485551578 50.05
    endloop
  endfacet
  facet normal -0.6845471059286891 0.7289686274214112 0
    outer loop
      vertex 1.27484797949738 -1.541026485551578 50.05
      vertex 1.27484797949738 -1.541026485551578 54.05
      vertex 1.4579372548428233 -1.369094211857377 50.05
    endloop
  endfacet
  facet normal -0.7705132427757893 0.63742398974869 0
    outer loop
      vertex 1.4579372548428233 -1.369094211857377 50.05
      vertex 1.4579372548428233 -1.369094211857377 54.05
      vertex 1.618033988749895 -1.1755705045849463 50.05
    endloop
  endfacet
  facet normal -0.8443279255020154 0.5358267949789962 0
    outer loop
      vertex 1.618033988749895 -1.1755705045849463 50.05
      vertex 1.618033988749895 -1.1755705045849463 54.05
      vertex 1.752613360087727 -0.9635073482034308 50.05
    endloop
  endfacet
  facet normal -0.9048270524660191 0.42577929156507316 0
    outer loop
      vertex 1.752613360087727 -0.9635073482034308 50.05
      vertex 1.752613360087727 -0.9635073482034308 54.05
      vertex 1.8595529717765025 -0.7362491053693567 50.05
    endloop
  endfacet
  facet normal -0.9510565162951535 0.30901699437494734 0
    outer loop
      vertex 1.8595529717765025 -0.7362491053693567 50.05
      vertex 1.8595529717765025 -0.7362491053693567 54.05
      vertex 1.9371663222572624 -0.49737977432970887 50.05
    endloop
  endfacet
  facet normal -0.9822872507286886 0.1873813145857247 0
    outer loop
      vertex 1.9371663222572624 -0.49737977432970887 50.05
      vertex 1.9371663222572624 -0.49737977432970887 54.05
      vertex 1.9842294026289558 -0.25066646712860813 50.05
    endloop
  endfacet
  facet normal -0.9980267284282714 0.06279051952931311 0
    outer loop
      vertex 1.9842294026289558 -0.25066646712860813 50.05
      vertex 1.9842294026289558 -0.25066646712860813 54.05
      vertex 2 0 50.05
    endloop
  endfacet
  facet normal 0 1 0
    outer loop
      vertex -0.12558103905862752 -1.9960534568565431 54.05
      vertex 0.12558103905862752 -1.9960534568565431 54.05
      vertex 0.12558103905862752 -1.9960534568565431 50.05
    endloop
  endfacet
  facet normal -0.12533323356430495 0.9921147013144777 0
    outer loop
      vertex 0.37476262917144965 -1.9645745014573772 50.05
      vertex 0.12558103905862752 -1.9960534568565431 54.05
      vertex 0.37476262917144965 -1.9645745014573772 54.05
    endloop
  endfacet
  facet normal -0.248689887164855 0.9685831611286311 0
    outer loop
      vertex 0.6180339887498948 -1.902113032590307 50.05
      vertex 0.37476262917144965 -1.9645745014573772 54.05
      vertex 0.6180339887498948 -1.902113032590307 54.05
    endloop
  endfacet
  facet normal -0.3681245526846778 0.9297764858882515 0
    outer loop
      vertex 0.8515585831301449 -1.8096541049320392 50.05
      vertex 0.6180339887498948 -1.902113032590307 54.05
      vertex 0.8515585831301449 -1.8096541049320392 54.05
    endloop
  endfacet
  facet normal -0.4817536741017149 0.8763066800438638 0
    outer loop
      vertex 1.0716535899579924 -1.6886558510040306 50.05
      vertex 0.8515585831301449 -1.8096541049320392 54.05
      vertex 1.0716535899579924 -1.6886558510040306 54.05
    endloop
  endfacet
  facet normal -0.5877852522924728 0.8090169943749477 0
    outer loop
      vertex 1.27484797949738 -1.541026485551578 50.05
      vertex 1.0716535899579924 -1.6886558510040306 54.05
      vertex 1.27484797949738 -1.541026485551578 54.05
    endloop
  endfacet
  facet normal -0.6845471059286891 0.7289686274214112 0
    outer loop
      vertex 1.4579372548428233 -1.369094211857377 50.05
      vertex 1.27484797949738 -1.541026485551578 54.05
      vertex 1.4579372548428233 -1.369094211857377 54.05
    endloop
  endfacet
  facet normal -0.7705132427757893 0.63742398974869 0
    outer loop
      vertex 1.618033988749895 -1.1755705045849463 50.05
      vertex 1.4579372548428233 -1.369094211857377 54.05
      vertex 1.618033988749895 -1.1755705045849463 54.05
    endloop
  endfacet
  facet normal -0.8443279255020154 0.5358267949789962 0
    outer loop
      vertex 1.618033988749895 -1.1755705045849463 54.05
      vertex 1.752613360087727 -0.9635073482034308 54.05
      vertex 1.752613360087727 -0.9635073482034308 50.05
    endloop
  endfacet
  facet normal -0.9048270524660191 0.42577929156507316 0
    outer loop
      vertex 1.8595529717765025 -0.7362491053693567 50.05
      vertex 1.752613360087727 -0.9635073482034308 54.05
      vertex 1.8595529717765025 -0.7362491053693567 54.05
    endloop
  endfacet
  facet normal -0.9510565162951535 0.30901699437494734 0
    outer loop
      vertex 1.9371663222572624 -0.49737977432970887 50.05
      vertex 1.8595529717765025 -0.7362491053693567 54.05
      vertex 1.9371663222572624 -0.49737977432970887 54.05
    endloop
  endfacet
  facet normal -0.9822872507286886 0.1873813145857247 0
    outer loop
      vertex 1.9842294026289558 -0.25066646712860813 50.05
      vertex 1.9371663222572624 -0.49737977432970887 54.05
      vertex 1.9842294026289558 -0.25066646712860813 54.05
    endloop
  endfacet
  facet normal -0.9980267284282714 0.06279051952931311 0
    outer loop
      vertex 1.9842294026289558 -0.25066646712860813 54.05
      vertex 2 0 54.05
      vertex 2 0 50.05
    endloop
  endfacet
  facet normal 0 -1 0
    outer loop
      vertex -0.12558103905862655 1.9960534568565431 50.05
      vertex 0.12558103905862655 1.9960534568565431 50.05
      vertex 0.12558103905862655 1.9960534568565431 54.05
    endloop
  endfacet
  facet normal -0.12533323356430384 -0.9921147013144778 0
    outer loop
      vertex 0.12558103905862655 1.9960534568565431 50.05
      vertex 0.37476262917144915 1.9645745014573774 50.05
      vertex 0.37476262917144915 1.9645745014573774 54.05
    endloop
  endfacet
  facet normal -0.24868988716485532 -0.968583161128631 0
    outer loop
      vertex 0.37476262917144915 1.9645745014573774 50.05
      vertex 0.6180339887498948 1.902113032590307 50.05
      vertex 0.6180339887498948 1.902113032590307 54.05
    endloop
  endfacet
  facet normal -0.3681245526846778 -0.9297764858882513 0
    outer loop
      vertex 0.6180339887498948 1.902113032590307 50.05
      vertex 0.8515585831301454 1.809654104932039 50.05
      vertex 0.8515585831301454 1.809654104932039 54.05
    endloop
  endfacet
  facet normal -0.5877852522924736 -0.8090169943749471 0
    outer loop
      vertex 1.0716535899579933 1.6886558510040302 50.05
      vertex 1.2748479794973795 1.5410264855515783 50.05
      vertex 1.2748479794973795 1.5410264855515783 54.05
    endloop
  endfacet
  facet normal -0.6845471059286881 -0.728968627421412 0
    outer loop
      vertex 1.2748479794973795 1.5410264855515783 50.05
      vertex 1.457937254842823 1.3690942118573775 50.05
      vertex 1.457937254842823 1.3690942118573775 54.05
    endloop
  endfacet
  facet normal -0.7705132427757895 -0.6374239897486895 0
    outer loop
      vertex 1.618033988749895 1.1755705045849463 50.05
      vertex 1.618033988749895 1.1755705045849463 54.05
      vertex 1.457937254842823 1.3690942118573775 50.05
    endloop
  endfacet
  facet normal -0.48175367410171505 -0.8763066800438638 0
    outer loop
      vertex 0.8515585831301454 1.809654104932039 50.05
      vertex 1.0716535899579933 1.6886558510040302 50.05
      vertex 1.0716535899579933 1.6886558510040302 54.05
    endloop
  endfacet
  facet normal -0.9048270524660198 -0.4257792915650722 0
    outer loop
      vertex 1.8595529717765027 0.736249105369356 50.05
      vertex 1.8595529717765027 0.736249105369356 54.05
      vertex 1.7526133600877272 0.9635073482034306 50.05
    endloop
  endfacet
  facet normal -0.9980267284282714 -0.06279051952931301 0
    outer loop
      vertex 2 0 50.05
      vertex 2 0 54.05
      vertex 1.9842294026289558 0.2506664671286085 50.05
    endloop
  endfacet
  facet normal -0.9822872507286885 -0.1873813145857253 0
    outer loop
      vertex 1.9842294026289558 0.2506664671286085 50.05
      vertex 1.9842294026289558 0.2506664671286085 54.05
      vertex 1.9371663222572622 0.4973797743297096 50.05
    endloop
  endfacet
  facet normal -0.9510565162951534 -0.30901699437494745 0
    outer loop
      vertex 1.9371663222572622 0.4973797743297096 50.05
      vertex 1.9371663222572622 0.4973797743297096 54.05
      vertex 1.8595529717765027 0.736249105369356 50.05
    endloop
  endfacet
  facet normal -0.8443279255020152 -0.5358267949789967 0
    outer loop
      vertex 1.618033988749895 1.1755705045849463 50.05
      vertex 1.7526133600877272 0.9635073482034306 50.05
      vertex 1.7526133600877272 0.9635073482034306 54.05
    endloop
  endfacet
  facet normal -0.12533323356430384 -0.9921147013144778 0
    outer loop
      vertex 0.12558103905862655 1.9960534568565431 50.05
      vertex 0.37476262917144915 1.9645745014573774 54.05
      vertex 0.12558103905862655 1.9960534568565431 54.05
    endloop
  endfacet
  facet normal -0.24868988716485532 -0.968583161128631 0
    outer loop
      vertex 0.37476262917144915 1.9645745014573774 50.05
      vertex 0.6180339887498948 1.902113032590307 54.05
      vertex 0.37476262917144915 1.9645745014573774 54.05
    endloop
  endfacet
  facet normal -0.3681245526846778 -0.9297764858882513 0
    outer loop
      vertex 0.6180339887498948 1.902113032590307 50.05
      vertex 0.8515585831301454 1.809654104932039 54.05
      vertex 0.6180339887498948 1.902113032590307 54.05
    endloop
  endfacet
  facet normal -0.5877852522924736 -0.8090169943749471 0
    outer loop
      vertex 1.0716535899579933 1.6886558510040302 50.05
      vertex 1.2748479794973795 1.5410264855515783 54.05
      vertex 1.0716535899579933 1.6886558510040302 54.05
    endloop
  endfacet
  facet normal -0.6845471059286881 -0.728968627421412 0
    outer loop
      vertex 1.2748479794973795 1.5410264855515783 50.05
      vertex 1.457937254842823 1.3690942118573775 54.05
      vertex 1.2748479794973795 1.5410264855515783 54.05
    endloop
  endfacet
  facet normal -0.7705132427757895 -0.6374239897486895 0
    outer loop
      vertex 1.457937254842823 1.3690942118573775 50.05
      vertex 1.618033988749895 1.1755705045849463 54.05
      vertex 1.457937254842823 1.3690942118573775 54.05
    endloop
  endfacet
  facet normal -0.48175367410171505 -0.8763066800438638 0
    outer loop
      vertex 0.8515585831301454 1.809654104932039 50.05
      vertex 1.0716535899579933 1.6886558510040302 54.05
      vertex 0.8515585831301454 1.809654104932039 54.05
    endloop
  endfacet
  facet normal -0.9980267284282714 -0.06279051952931301 0
    outer loop
      vertex 1.9842294026289558 0.2506664671286085 50.05
      vertex 2 0 54.05
      vertex 1.9842294026289558 0.2506664671286085 54.05
    endloop
  endfacet
  facet normal -0.9822872507286885 -0.1873813145857253 0
    outer loop
      vertex 1.9371663222572622 0.4973797743297096 50.05
      vertex 1.9842294026289558 0.2506664671286085 54.05
      vertex 1.9371663222572622 0.4973797743297096 54.05
    endloop
  endfacet
  facet normal -0.9510565162951534 -0.30901699437494745 0
    outer loop
      vertex 1.8595529717765027 0.736249105369356 50.05
      vertex 1.9371663222572622 0.4973797743297096 54.05
      vertex 1.8595529717765027 0.736249105369356 54.05
    endloop
  endfacet
  facet normal -0.8443279255020152 -0.5358267949789967 0
    outer loop
      vertex 1.618033988749895 1.1755705045849463 50.05
      vertex 1.7526133600877272 0.9635073482034306 54.05
      vertex 1.618033988749895 1.1755705045849463 54.05
    endloop
  endfacet
  facet normal -0.9048270524660198 -0.4257792915650722 0
    outer loop
      vertex 1.7526133600877272 0.9635073482034306 50.05
      vertex 1.8595529717765027 0.736249105369356 54.05
      vertex 1.7526133600877272 0.9635073482034306 54.05
    endloop
  endfacet
  facet normal 0 0 -1
    outer loop
      vertex -26 -54 32
      vertex -25.15 -49.85 32
      vertex -25.15 -52.15 32
    endloop
  endfacet
  facet normal 0 0 -1
    outer loop
      vertex -26 -54 32
      vertex -25.15 -52.15 32
      vertex -24 -54 32
    endloop
  endfacet
  facet normal 0 0 -1
    outer loop
      vertex -25.15 -52.15 32
      vertex -24 -52.15 32
      vertex -24 -54 32
    endloop
  endfacet
  facet normal 0 0 -1
    outer loop
      vertex -26 -54 32
      vertex -24 49.85 32
      vertex -25.15 -49.85 32
    endloop
  endfacet
  facet normal 0 0 -1
    outer loop
      vertex -25.15 -49.85 32
      vertex -24 49.85 32
      vertex -24 -49.85 32
    endloop
  endfacet
  facet normal 0 0 -1
    outer loop
      vertex -26 -54 32
      vertex -25.15 52.15 32
      vertex -25.15 49.85 32
    endloop
  endfacet
  facet normal 0 0 -1
    outer loop
      vertex -26 -54 32
      vertex -25.15 49.85 32
      vertex -24 49.85 32
    endloop
  endfacet
  facet normal 0 0 -1
    outer loop
      vertex -26 -54 32
      vertex -26 54 32
      vertex -25.15 52.15 32
    endloop
  endfacet
  facet normal 0 0 -1
    outer loop
      vertex -26 54 32
      vertex -24 52.15 32
      vertex -25.15 52.15 32
    endloop
  endfacet
  facet normal 0 0 -1
    outer loop
      vertex -26 54 32
      vertex -24 54 32
      vertex -24 52.15 32
    endloop
  endfacet
  facet normal 0 0 -1
    outer loop
      vertex 24 -54 32
      vertex 24 -52.15 32
      vertex 26 -54 32
    endloop
  endfacet
  facet normal 0 0 -1
    outer loop
      vertex 24 -52.15 32
      vertex 25.15 -52.15 32
      vertex 26 -54 32
    endloop
  endfacet
  facet normal 0 0 -1
    outer loop
      vertex 24 -49.85 32
      vertex 26 5.400000000000002 32
      vertex 25.15 -49.85 32
    endloop
  endfacet
  facet normal 0 0 -1
    outer loop
      vertex 25.15 -52.15 32
      vertex 25.15 -49.85 32
      vertex 26 5.400000000000002 32
    endloop
  endfacet
  facet normal 0 0 -1
    outer loop
      vertex 25.15 -52.15 32
      vertex 26 5.400000000000002 32
      vertex 26 -54 32
    endloop
  endfacet
  facet normal 0 0 -1
    outer loop
      vertex 24 -49.85 32
      vertex 24 49.85 32
      vertex 26 5.400000000000002 32
    endloop
  endfacet
  facet normal 0 0 -1
    outer loop
      vertex 26 5.400000000000002 32
      vertex 24 49.85 32
      vertex 25.15 49.85 32
    endloop
  endfacet
  facet normal 0 0 -1
    outer loop
      vertex 26 5.400000000000002 32
      vertex 25.15 49.85 32
      vertex 25.15 52.15 32
    endloop
  endfacet
  facet normal 0 0 -1
    outer loop
      vertex 26 5.400000000000002 32
      vertex 25.15 52.15 32
      vertex 26 54 32
    endloop
  endfacet
  facet normal 0 0 -1
    outer loop
      vertex 24 52.15 32
      vertex 24 54 32
      vertex 25.15 52.15 32
    endloop
  endfacet
  facet normal 0 0 -1
    outer loop
      vertex 24 54 32
      vertex 26 54 32
      vertex 25.15 52.15 32
    endloop
  endfacet
  facet normal 0 -1 0
    outer loop
      vertex 23.86257601025131 -49.85 32.22948675722421
      vertex 24.25 -49.85 33.966209504970706
      vertex 23.771031372578587 -49.85 32.31545289407131
    endloop
  endfacet
  facet normal 0 -1 0
    outer loop
      vertex 23.690983005625053 -49.85 32.41221474770752
      vertex 23.771031372578587 -49.85 32.31545289407131
      vertex 24.25 -49.85 33.966209504970706
    endloop
  endfacet
  facet normal 0 -1 0
    outer loop
      vertex 23.690983005625053 -49.85 32.41221474770752
      vertex 24.25 -49.85 33.966209504970706
      vertex 23.623693319956136 -49.85 32.51824632589829
    endloop
  endfacet
  facet normal 0 -1 0
    outer loop
      vertex 24 -49.85 32.135976127285126
      vertex 24.07422070843493 -49.85 32.09517294753398
      vertex 24.25 -49.85 33.966209504970706
    endloop
  endfacet
  facet normal 0 -1 0
    outer loop
      vertex 23.964173205021 -49.85 32.155672074497986
      vertex 24 -49.85 32.135976127285126
      vertex 24.25 -49.85 33.966209504970706
    endloop
  endfacet
  facet normal 0 -1 0
    outer loop
      vertex 23.964173205021 -49.85 32.155672074497986
      vertex 24.25 -49.85 33.966209504970706
      vertex 23.86257601025131 -49.85 32.22948675722421
    endloop
  endfacet
  facet normal 0 -1 0
    outer loop
      vertex 23.53141683887137 -49.85 32.75131011283514
      vertex 24.25 -49.85 33.966209504970706
      vertex 23.507885298685522 -49.85 32.874666766435695
    endloop
  endfacet
  facet normal 0 -1 0
    outer loop
      vertex 23.623693319956136 -49.85 32.51824632589829
      vertex 24.25 -49.85 33.966209504970706
      vertex 23.57022351411175 -49.85 32.63187544731532
    endloop
  endfacet
  facet normal 0 -1 0
    outer loop
      vertex 23.53141683887137 -49.85 32.75131011283514
      vertex 23.57022351411175 -49.85 32.63187544731532
      vertex 24.25 -49.85 33.966209504970706
    endloop
  endfacet
  facet normal 0 -1 0
    outer loop
      vertex 23.507885298685522 -49.85 32.874666766435695
      vertex 24.25 -49.85 33.966209504970706
      vertex 23.5 -49.85 33
    endloop
  endfacet
  facet normal 0 -1 0
    outer loop
      vertex 23.5 -49.85 33
      vertex 24.25 -49.85 33.966209504970706
      vertex 23.507885298685522 -49.85 33.125333233564305
    endloop
  endfacet
  facet normal 0 -1 0
    outer loop
      vertex 23.507885298685522 -49.85 33.125333233564305
      vertex 24.25 -49.85 33.966209504970706
      vertex 23.53141683887137 -49.85 33.24868988716486
    endloop
  endfacet
  facet normal 0 -1 0
    outer loop
      vertex 23.53141683887137 -49.85 33.24868988716486
      vertex 24.25 -49.85 33.966209504970706
      vertex 23.57022351411175 -49.85 33.36812455268468
    endloop
  endfacet
  facet normal 0 -1 0
    outer loop
      vertex 23.57022351411175 -49.85 33.36812455268468
      vertex 24.25 -49.85 33.966209504970706
      vertex 23.623693319956136 -49.85 33.48175367410171
    endloop
  endfacet
  facet normal 0 -1 0
    outer loop
      vertex 23.623693319956136 -49.85 33.48175367410171
      vertex 24.25 -49.85 33.966209504970706
      vertex 23.690983005625053 -49.85 33.58778525229248
    endloop
  endfacet
  facet normal 0 -1 0
    outer loop
      vertex 23.690983005625053 -49.85 33.58778525229248
      vertex 24.25 -49.85 33.966209504970706
      vertex 23.771031372578587 -49.85 33.68454710592869
    endloop
  endfacet
  facet normal 0 -1 0
    outer loop
      vertex 23.771031372578587 -49.85 33.68454710592869
      vertex 24.25 -49.85 33.966209504970706
      vertex 23.86257601025131 -49.85 33.77051324277579
    endloop
  endfacet
  facet normal 0 -1 0
    outer loop
      vertex 23.86257601025131 -49.85 33.77051324277579
      vertex 24.25 -49.85 33.966209504970706
      vertex 23.964173205021 -49.85 33.844327925502014
    endloop
  endfacet
  facet normal 0 -1 0
    outer loop
      vertex 23.964173205021 -49.85 33.844327925502014
      vertex 24.25 -49.85 33.966209504970706
      vertex 24 -49.85 33.864023872714874
    endloop
  endfacet
  facet normal 0 -1 0
    outer loop
      vertex 24 -49.85 33.864023872714874
      vertex 24.25 -49.85 33.966209504970706
      vertex 24.07422070843493 -49.85 33.90482705246602
    endloop
  endfacet
  facet normal -0.6845471059287057 0 -0.7289686274213956
    outer loop
      vertex 23.86257601025131 -49.85 32.22948675722421
      vertex 23.771031372578587 -49.85 32.31545289407131
      vertex 23.86257601025131 49.85 32.22948675722421
    endloop
  endfacet
  facet normal -0.5877852522924615 0 -0.809016994374956
    outer loop
      vertex 23.964173205021 -49.85 32.155672074497986
      vertex 23.86257601025131 -49.85 32.22948675722421
      vertex 23.964173205021 49.85 32.155672074497986
    endloop
  endfacet
  facet normal -0.4817536741016931 0 -0.8763066800438759
    outer loop
      vertex 23.964173205021 -49.85 32.155672074497986
      vertex 24 49.85 32.135976127285126
      vertex 24 -49.85 32.135976127285126
    endloop
  endfacet
  facet normal -0.7705132427757778 0 -0.6374239897487036
    outer loop
      vertex 23.690983005625053 -49.85 32.41221474770752
      vertex 23.690983005625053 49.85 32.41221474770752
      vertex 23.771031372578587 -49.85 32.31545289407131
    endloop
  endfacet
  facet normal -0.8443279255020282 0 -0.535826794978976
    outer loop
      vertex 23.690983005625053 -49.85 32.41221474770752
      vertex 23.623693319956136 -49.85 32.51824632589829
      vertex 23.623693319956136 49.85 32.51824632589829
    endloop
  endfacet
  facet normal -0.9048270524660189 0 -0.42577929156507394
    outer loop
      vertex 23.623693319956136 -49.85 32.51824632589829
      vertex 23.57022351411175 -49.85 32.63187544731532
      vertex 23.57022351411175 49.85 32.63187544731532
    endloop
  endfacet
  facet normal -0.9510565162951492 0 -0.30901699437496083
    outer loop
      vertex 23.53141683887137 -49.85 32.75131011283514
      vertex 23.53141683887137 49.85 32.75131011283514
      vertex 23.57022351411175 -49.85 32.63187544731532
    endloop
  endfacet
  facet normal -0.9822872507286897 0 -0.18738131458571974
    outer loop
      vertex 23.53141683887137 -49.85 32.75131011283514
      vertex 23.507885298685522 -49.85 32.874666766435695
      vertex 23.507885298685522 49.85 32.874666766435695
    endloop
  endfacet
  facet normal -0.9980267284282714 0 -0.0627905195293152
    outer loop
      vertex 23.507885298685522 -49.85 32.874666766435695
      vertex 23.5 -49.85 33
      vertex 23.5 49.85 33
    endloop
  endfacet
  facet normal -0.9980267284282714 0 0.0627905195293152
    outer loop
      vertex 23.5 -49.85 33
      vertex 23.507885298685522 -49.85 33.125333233564305
      vertex 23.507885298685522 49.85 33.125333233564305
    endloop
  endfacet
  facet normal -0.9822872507286897 0 0.18738131458571974
    outer loop
      vertex 23.507885298685522 -49.85 33.125333233564305
      vertex 23.53141683887137 -49.85 33.24868988716486
      vertex 23.53141683887137 49.85 33.24868988716486
    endloop
  endfacet
  facet normal -0.9510565162951492 0 0.30901699437496083
    outer loop
      vertex 23.53141683887137 -49.85 33.24868988716486
      vertex 23.57022351411175 -49.85 33.36812455268468
      vertex 23.57022351411175 49.85 33.36812455268468
    endloop
  endfacet
  facet normal -0.9048270524660189 0 0.42577929156507394
    outer loop
      vertex 23.57022351411175 -49.85 33.36812455268468
      vertex 23.623693319956136 -49.85 33.48175367410171
      vertex 23.623693319956136 49.85 33.48175367410171
    endloop
  endfacet
  facet normal -0.8443279255020282 0 0.535826794978976
    outer loop
      vertex 23.623693319956136 -49.85 33.48175367410171
      vertex 23.690983005625053 -49.85 33.58778525229248
      vertex 23.690983005625053 49.85 33.58778525229248
    endloop
  endfacet
  facet normal -0.7705132427757778 0 0.6374239897487036
    outer loop
      vertex 23.690983005625053 -49.85 33.58778525229248
      vertex 23.771031372578587 -49.85 33.68454710592869
      vertex 23.771031372578587 49.85 33.68454710592869
    endloop
  endfacet
  facet normal -0.6845471059287057 0 0.7289686274213956
    outer loop
      vertex 23.771031372578587 -49.85 33.68454710592869
      vertex 23.86257601025131 -49.85 33.77051324277579
      vertex 23.771031372578587 49.85 33.68454710592869
    endloop
  endfacet
  facet normal -0.5877852522924615 0 0.809016994374956
    outer loop
      vertex 23.86257601025131 -49.85 33.77051324277579
      vertex 23.964173205021 -49.85 33.844327925502014
      vertex 23.86257601025131 49.85 33.77051324277579
    endloop
  endfacet
  facet normal -0.4817536741016931 0 0.8763066800438759
    outer loop
      vertex 23.964173205021 -49.85 33.844327925502014
      vertex 24 -49.85 33.864023872714874
      vertex 23.964173205021 49.85 33.844327925502014
    endloop
  endfacet
  facet normal -0.9510565162951492 0 -0.30901699437496083
    outer loop
      vertex 23.57022351411175 -49.85 32.63187544731532
      vertex 23.53141683887137 49.85 32.75131011283514
      vertex 23.57022351411175 49.85 32.63187544731532
    endloop
  endfacet
  facet normal -0.5877852522924615 0 -0.809016994374956
    outer loop
      vertex 23.86257601025131 -49.85 32.22948675722421
      vertex 23.86257601025131 49.85 32.22948675722421
      vertex 23.964173205021 49.85 32.155672074497986
    endloop
  endfacet
  facet normal -0.6845471059287057 0 -0.7289686274213956
    outer loop
      vertex 23.771031372578587 -49.85 32.31545289407131
      vertex 23.771031372578587 49.85 32.31545289407131
      vertex 23.86257601025131 49.85 32.22948675722421
    endloop
  endfacet
  facet normal -0.4817536741016931 0 -0.8763066800438759
    outer loop
      vertex 23.964173205021 -49.85 32.155672074497986
      vertex 23.964173205021 49.85 32.155672074497986
      vertex 24 49.85 32.135976127285126
    endloop
  endfacet
  facet normal -0.7705132427757778 0 -0.6374239897487036
    outer loop
      vertex 23.771031372578587 -49.85 32.31545289407131
      vertex 23.690983005625053 49.85 32.41221474770752
      vertex 23.771031372578587 49.85 32.31545289407131
    endloop
  endfacet
  facet normal -0.8443279255020282 0 -0.535826794978976
    outer loop
      vertex 23.690983005625053 -49.85 32.41221474770752
      vertex 23.623693319956136 49.85 32.51824632589829
      vertex 23.690983005625053 49.85 32.41221474770752
    endloop
  endfacet
  facet normal -0.9048270524660189 0 -0.42577929156507394
    outer loop
      vertex 23.623693319956136 -49.85 32.51824632589829
      vertex 23.57022351411175 49.85 32.63187544731532
      vertex 23.623693319956136 49.85 32.51824632589829
    endloop
  endfacet
  facet normal -0.9822872507286897 0 -0.18738131458571974
    outer loop
      vertex 23.53141683887137 -49.85 32.75131011283514
      vertex 23.507885298685522 49.85 32.874666766435695
      vertex 23.53141683887137 49.85 32.75131011283514
    endloop
  endfacet
  facet normal -0.9980267284282714 0 -0.0627905195293152
    outer loop
      vertex 23.507885298685522 -49.85 32.874666766435695
      vertex 23.5 49.85 33
      vertex 23.507885298685522 49.85 32.874666766435695
    endloop
  endfacet
  facet normal -0.9980267284282714 0 0.0627905195293152
    outer loop
      vertex 23.5 -49.85 33
      vertex 23.507885298685522 49.85 33.125333233564305
      vertex 23.5 49.85 33
    endloop
  endfacet
  facet normal -0.9822872507286897 0 0.18738131458571974
    outer loop
      vertex 23.507885298685522 -49.85 33.125333233564305
      vertex 23.53141683887137 49.85 33.24868988716486
      vertex 23.507885298685522 49.85 33.125333233564305
    endloop
  endfacet
  facet normal -0.9510565162951492 0 0.30901699437496083
    outer loop
      vertex 23.53141683887137 -49.85 33.24868988716486
      vertex 23.57022351411175 49.85 33.36812455268468
      vertex 23.53141683887137 49.85 33.24868988716486
    endloop
  endfacet
  facet normal -0.9048270524660189 0 0.42577929156507394
    outer loop
      vertex 23.57022351411175 -49.85 33.36812455268468
      vertex 23.623693319956136 49.85 33.48175367410171
      vertex 23.57022351411175 49.85 33.36812455268468
    endloop
  endfacet
  facet normal -0.8443279255020282 0 0.535826794978976
    outer loop
      vertex 23.623693319956136 -49.85 33.48175367410171
      vertex 23.690983005625053 49.85 33.58778525229248
      vertex 23.623693319956136 49.85 33.48175367410171
    endloop
  endfacet
  facet normal -0.7705132427757778 0 0.6374239897487036
    outer loop
      vertex 23.690983005625053 -49.85 33.58778525229248
      vertex 23.771031372578587 49.85 33.68454710592869
      vertex 23.690983005625053 49.85 33.58778525229248
    endloop
  endfacet
  facet normal -0.6845471059287057 0 0.7289686274213956
    outer loop
      vertex 23.86257601025131 -49.85 33.77051324277579
      vertex 23.86257601025131 49.85 33.77051324277579
      vertex 23.771031372578587 49.85 33.68454710592869
    endloop
  endfacet
  facet normal -0.5877852522924615 0 0.809016994374956
    outer loop
      vertex 23.964173205021 -49.85 33.844327925502014
      vertex 23.964173205021 49.85 33.844327925502014
      vertex 23.86257601025131 49.85 33.77051324277579
    endloop
  endfacet
  facet normal -0.4817536741016931 0 0.8763066800438759
    outer loop
      vertex 24 -49.85 33.864023872714874
      vertex 24 49.85 33.864023872714874
      vertex 23.964173205021 49.85 33.844327925502014
    endloop
  endfacet
  facet normal 0 1 0
    outer loop
      vertex 23.86257601025131 49.85 32.22948675722421
      vertex 23.771031372578587 49.85 32.31545289407131
      vertex 24.25 49.85 32.033790495029294
    endloop
  endfacet
  facet normal 0 1 0
    outer loop
      vertex 24.25 49.85 32.033790495029294
      vertex 23.771031372578587 49.85 32.31545289407131
      vertex 23.690983005625053 49.85 32.41221474770752
    endloop
  endfacet
  facet normal 0 1 0
    outer loop
      vertex 24.25 49.85 32.033790495029294
      vertex 23.690983005625053 49.85 32.41221474770752
      vertex 23.623693319956136 49.85 32.51824632589829
    endloop
  endfacet
  facet normal 0 1 0
    outer loop
      vertex 23.964173205021 49.85 32.155672074497986
      vertex 23.86257601025131 49.85 32.22948675722421
      vertex 24.25 49.85 32.033790495029294
    endloop
  endfacet
  facet normal 0 1 0
    outer loop
      vertex 24 49.85 32.135976127285126
      vertex 24.25 49.85 32.033790495029294
      vertex 24.07422070843493 49.85 32.09517294753398
    endloop
  endfacet
  facet normal 0 1 0
    outer loop
      vertex 23.964173205021 49.85 32.155672074497986
      vertex 24.25 49.85 32.033790495029294
      vertex 24 49.85 32.135976127285126
    endloop
  endfacet
  facet normal 0 1 0
    outer loop
      vertex 24.25 49.85 32.033790495029294
      vertex 23.623693319956136 49.85 32.51824632589829
      vertex 23.57022351411175 49.85 32.63187544731532
    endloop
  endfacet
  facet normal 0 1 0
    outer loop
      vertex 24.25 49.85 32.033790495029294
      vertex 23.57022351411175 49.85 32.63187544731532
      vertex 23.53141683887137 49.85 32.75131011283514
    endloop
  endfacet
  facet normal 0 1 0
    outer loop
      vertex 24.25 49.85 32.033790495029294
      vertex 23.53141683887137 49.85 32.75131011283514
      vertex 23.507885298685522 49.85 32.874666766435695
    endloop
  endfacet
  facet normal 0 1 0
    outer loop
      vertex 24.25 49.85 32.033790495029294
      vertex 23.507885298685522 49.85 32.874666766435695
      vertex 23.5 49.85 33
    endloop
  endfacet
  facet normal 0 1 0
    outer loop
      vertex 24.25 49.85 32.033790495029294
      vertex 23.5 49.85 33
      vertex 23.507885298685522 49.85 33.125333233564305
    endloop
  endfacet
  facet normal 0 1 0
    outer loop
      vertex 24.25 49.85 32.033790495029294
      vertex 23.507885298685522 49.85 33.125333233564305
      vertex 23.53141683887137 49.85 33.24868988716486
    endloop
  endfacet
  facet normal 0 1 0
    outer loop
      vertex 24.25 49.85 32.033790495029294
      vertex 23.53141683887137 49.85 33.24868988716486
      vertex 23.57022351411175 49.85 33.36812455268468
    endloop
  endfacet
  facet normal 0 1 0
    outer loop
      vertex 24.25 49.85 32.033790495029294
      vertex 23.57022351411175 49.85 33.36812455268468
      vertex 23.623693319956136 49.85 33.48175367410171
    endloop
  endfacet
  facet normal 0 1 0
    outer loop
      vertex 24.25 49.85 32.033790495029294
      vertex 23.623693319956136 49.85 33.48175367410171
      vertex 23.690983005625053 49.85 33.58778525229248
    endloop
  endfacet
  facet normal 0 1 0
    outer loop
      vertex 24.25 49.85 32.033790495029294
      vertex 23.690983005625053 49.85 33.58778525229248
      vertex 23.771031372578587 49.85 33.68454710592869
    endloop
  endfacet
  facet normal 0 1 0
    outer loop
      vertex 24.25 49.85 32.033790495029294
      vertex 23.771031372578587 49.85 33.68454710592869
      vertex 23.86257601025131 49.85 33.77051324277579
    endloop
  endfacet
  facet normal 0 1 0
    outer loop
      vertex 24.25 49.85 32.033790495029294
      vertex 23.86257601025131 49.85 33.77051324277579
      vertex 23.964173205021 49.85 33.844327925502014
    endloop
  endfacet
  facet normal 0 1 0
    outer loop
      vertex 24.25 49.85 32.033790495029294
      vertex 23.964173205021 49.85 33.844327925502014
      vertex 24 49.85 33.864023872714874
    endloop
  endfacet
  facet normal 0 1 0
    outer loop
      vertex 24.25 49.85 32.033790495029294
      vertex 24 49.85 33.864023872714874
      vertex 24.07422070843493 49.85 33.90482705246602
    endloop
  endfacet
  facet normal 0 -1 0
    outer loop
      vertex -24.25 -49.85 32.033790495029294
      vertex -24.07422070843493 -49.85 32.09517294753398
      vertex -24 -49.85 32.135976127285126
    endloop
  endfacet
  facet normal 0 -1 0
    outer loop
      vertex -24.25 -49.85 32.033790495029294
      vertex -24 -49.85 32.135976127285126
      vertex -23.964173205021 -49.85 32.155672074497986
    endloop
  endfacet
  facet normal 0 -1 0
    outer loop
      vertex -24.25 -49.85 32.033790495029294
      vertex -23.964173205021 -49.85 32.155672074497986
      vertex -23.86257601025131 -49.85 32.22948675722421
    endloop
  endfacet
  facet normal 0 -1 0
    outer loop
      vertex -24.25 -49.85 32.033790495029294
      vertex -23.86257601025131 -49.85 32.22948675722421
      vertex -23.771031372578587 -49.85 32.31545289407131
    endloop
  endfacet
  facet normal 0 -1 0
    outer loop
      vertex -24.25 -49.85 32.033790495029294
      vertex -23.771031372578587 -49.85 32.31545289407131
      vertex -23.690983005625053 -49.85 32.41221474770752
    endloop
  endfacet
  facet normal 0 -1 0
    outer loop
      vertex -24.25 -49.85 32.033790495029294
      vertex -23.690983005625053 -49.85 32.41221474770752
      vertex -23.623693319956136 -49.85 32.51824632589829
    endloop
  endfacet
  facet normal 0 -1 0
    outer loop
      vertex -24.25 -49.85 32.033790495029294
      vertex -23.623693319956136 -49.85 32.51824632589829
      vertex -23.57022351411175 -49.85 32.63187544731532
    endloop
  endfacet
  facet normal 0 -1 0
    outer loop
      vertex -24.25 -49.85 32.033790495029294
      vertex -23.57022351411175 -49.85 32.63187544731532
      vertex -23.53141683887137 -49.85 32.75131011283514
    endloop
  endfacet
  facet normal 0 -1 0
    outer loop
      vertex -24.25 -49.85 32.033790495029294
      vertex -23.53141683887137 -49.85 32.75131011283514
      vertex -23.507885298685522 -49.85 32.874666766435695
    endloop
  endfacet
  facet normal 0 -1 0
    outer loop
      vertex -24.25 -49.85 32.033790495029294
      vertex -23.507885298685522 -49.85 32.874666766435695
      vertex -23.5 -49.85 33
    endloop
  endfacet
  facet normal 0 -1 0
    outer loop
      vertex -24.25 -49.85 32.033790495029294
      vertex -23.5 -49.85 33
      vertex -23.507885298685522 -49.85 33.125333233564305
    endloop
  endfacet
  facet normal 0 -1 0
    outer loop
      vertex -24.25 -49.85 32.033790495029294
      vertex -23.507885298685522 -49.85 33.125333233564305
      vertex -23.53141683887137 -49.85 33.24868988716486
    endloop
  endfacet
  facet normal 0 -1 0
    outer loop
      vertex -24.25 -49.85 32.033790495029294
      vertex -23.53141683887137 -49.85 33.24868988716486
      vertex -23.57022351411175 -49.85 33.36812455268468
    endloop
  endfacet
  facet normal 0 -1 0
    outer loop
      vertex -24.25 -49.85 32.033790495029294
      vertex -23.57022351411175 -49.85 33.36812455268468
      vertex -23.623693319956136 -49.85 33.48175367410171
    endloop
  endfacet
  facet normal 0 -1 0
    outer loop
      vertex -24.25 -49.85 32.033790495029294
      vertex -23.964173205021005 -49.85 33.844327925502014
      vertex -24 -49.85 33.864023872714874
    endloop
  endfacet
  facet normal 0 -1 0
    outer loop
      vertex -24.25 -49.85 32.033790495029294
      vertex -24 -49.85 33.864023872714874
      vertex -24.07422070843493 -49.85 33.90482705246602
    endloop
  endfacet
  facet normal 0 -1 0
    outer loop
      vertex -24.25 -49.85 32.033790495029294
      vertex -23.86257601025131 -49.85 33.77051324277579
      vertex -23.964173205021005 -49.85 33.844327925502014
    endloop
  endfacet
  facet normal 0 -1 0
    outer loop
      vertex -24.25 -49.85 32.033790495029294
      vertex -23.690983005625053 -49.85 33.58778525229248
      vertex -23.771031372578587 -49.85 33.68454710592869
    endloop
  endfacet
  facet normal 0 -1 0
    outer loop
      vertex -24.25 -49.85 32.033790495029294
      vertex -23.623693319956136 -49.85 33.48175367410171
      vertex -23.690983005625053 -49.85 33.58778525229248
    endloop
  endfacet
  facet normal 0 -1 0
    outer loop
      vertex -24.25 -49.85 32.033790495029294
      vertex -23.771031372578587 -49.85 33.68454710592869
      vertex -23.86257601025131 -49.85 33.77051324277579
    endloop
  endfacet
  facet normal 0.4817536741016931 0 -0.8763066800438759
    outer loop
      vertex -24 -49.85 32.135976127285126
      vertex -23.964173205021 49.85 32.155672074497986
      vertex -23.964173205021 -49.85 32.155672074497986
    endloop
  endfacet
  facet normal 0.5877852522924615 0 -0.809016994374956
    outer loop
      vertex -23.964173205021 -49.85 32.155672074497986
      vertex -23.86257601025131 49.85 32.22948675722421
      vertex -23.86257601025131 -49.85 32.22948675722421
    endloop
  endfacet
  facet normal 0.6845471059287057 0 -0.7289686274213956
    outer loop
      vertex -23.86257601025131 -49.85 32.22948675722421
      vertex -23.771031372578587 49.85 32.31545289407131
      vertex -23.771031372578587 -49.85 32.31545289407131
    endloop
  endfacet
  facet normal 0.7705132427757778 0 -0.6374239897487036
    outer loop
      vertex -23.771031372578587 -49.85 32.31545289407131
      vertex -23.771031372578587 49.85 32.31545289407131
      vertex -23.690983005625053 -49.85 32.41221474770752
    endloop
  endfacet
  facet normal 0.8443279255020282 0 -0.535826794978976
    outer loop
      vertex -23.690983005625053 -49.85 32.41221474770752
      vertex -23.690983005625053 49.85 32.41221474770752
      vertex -23.623693319956136 -49.85 32.51824632589829
    endloop
  endfacet
  facet normal 0.9048270524660189 0 -0.42577929156507394
    outer loop
      vertex -23.623693319956136 -49.85 32.51824632589829
      vertex -23.623693319956136 49.85 32.51824632589829
      vertex -23.57022351411175 -49.85 32.63187544731532
    endloop
  endfacet
  facet normal 0.9510565162951492 0 -0.30901699437496083
    outer loop
      vertex -23.57022351411175 -49.85 32.63187544731532
      vertex -23.57022351411175 49.85 32.63187544731532
      vertex -23.53141683887137 -49.85 32.75131011283514
    endloop
  endfacet
  facet normal 0.9822872507286897 0 -0.18738131458571974
    outer loop
      vertex -23.53141683887137 -49.85 32.75131011283514
      vertex -23.53141683887137 49.85 32.75131011283514
      vertex -23.507885298685522 -49.85 32.874666766435695
    endloop
  endfacet
  facet normal 0.9980267284282714 0 -0.0627905195293152
    outer loop
      vertex -23.507885298685522 -49.85 32.874666766435695
      vertex -23.507885298685522 49.85 32.874666766435695
      vertex -23.5 -49.85 33
    endloop
  endfacet
  facet normal 0.9980267284282714 0 0.0627905195293152
    outer loop
      vertex -23.5 -49.85 33
      vertex -23.5 49.85 33
      vertex -23.507885298685522 -49.85 33.125333233564305
    endloop
  endfacet
  facet normal 0.9822872507286897 0 0.18738131458571974
    outer loop
      vertex -23.507885298685522 -49.85 33.125333233564305
      vertex -23.507885298685522 49.85 33.125333233564305
      vertex -23.53141683887137 -49.85 33.24868988716486
    endloop
  endfacet
  facet normal 0.9510565162951492 0 0.30901699437496083
    outer loop
      vertex -23.53141683887137 -49.85 33.24868988716486
      vertex -23.53141683887137 49.85 33.24868988716486
      vertex -23.57022351411175 -49.85 33.36812455268468
    endloop
  endfacet
  facet normal 0.9048270524660189 0 0.42577929156507394
    outer loop
      vertex -23.57022351411175 -49.85 33.36812455268468
      vertex -23.57022351411175 49.85 33.36812455268468
      vertex -23.623693319956136 -49.85 33.48175367410171
    endloop
  endfacet
  facet normal 0.8443279255020282 0 0.535826794978976
    outer loop
      vertex -23.623693319956136 -49.85 33.48175367410171
      vertex -23.623693319956136 49.85 33.48175367410171
      vertex -23.690983005625053 -49.85 33.58778525229248
    endloop
  endfacet
  facet normal 0.7705132427757778 0 0.6374239897487036
    outer loop
      vertex -23.771031372578587 -49.85 33.68454710592869
      vertex -23.690983005625053 -49.85 33.58778525229248
      vertex -23.690983005625053 49.85 33.58778525229248
    endloop
  endfacet
  facet normal 0.4817536741017298 0 0.8763066800438558
    outer loop
      vertex -24 -49.85 33.864023872714874
      vertex -23.964173205021005 -49.85 33.844327925502014
      vertex -24 49.85 33.864023872714874
    endloop
  endfacet
  facet normal 0.6845471059287057 0 0.7289686274213956
    outer loop
      vertex -23.771031372578587 -49.85 33.68454710592869
      vertex -23.86257601025131 49.85 33.77051324277579
      vertex -23.86257601025131 -49.85 33.77051324277579
    endloop
  endfacet
  facet normal 0.587785252292448 0 0.8090169943749658
    outer loop
      vertex -23.86257601025131 -49.85 33.77051324277579
      vertex -23.964173205021005 49.85 33.844327925502014
      vertex -23.964173205021005 -49.85 33.844327925502014
    endloop
  endfacet
  facet normal 0.4817536741016931 0 -0.8763066800438759
    outer loop
      vertex -24 -49.85 32.135976127285126
      vertex -24 49.85 32.135976127285126
      vertex -23.964173205021 49.85 32.155672074497986
    endloop
  endfacet
  facet normal 0.5877852522924615 0 -0.809016994374956
    outer loop
      vertex -23.964173205021 -49.85 32.155672074497986
      vertex -23.964173205021 49.85 32.155672074497986
      vertex -23.86257601025131 49.85 32.22948675722421
    endloop
  endfacet
  facet normal 0.6845471059287057 0 -0.7289686274213956
    outer loop
      vertex -23.86257601025131 -49.85 32.22948675722421
      vertex -23.86257601025131 49.85 32.22948675722421
      vertex -23.771031372578587 49.85 32.31545289407131
    endloop
  endfacet
  facet normal 0.7705132427757778 0 -0.6374239897487036
    outer loop
      vertex -23.690983005625053 -49.85 32.41221474770752
      vertex -23.771031372578587 49.85 32.31545289407131
      vertex -23.690983005625053 49.85 32.41221474770752
    endloop
  endfacet
  facet normal 0.8443279255020282 0 -0.535826794978976
    outer loop
      vertex -23.623693319956136 -49.85 32.51824632589829
      vertex -23.690983005625053 49.85 32.41221474770752
      vertex -23.623693319956136 49.85 32.51824632589829
    endloop
  endfacet
  facet normal 0.9048270524660189 0 -0.42577929156507394
    outer loop
      vertex -23.57022351411175 -49.85 32.63187544731532
      vertex -23.623693319956136 49.85 32.51824632589829
      vertex -23.57022351411175 49.85 32.63187544731532
    endloop
  endfacet
  facet normal 0.9510565162951492 0 -0.30901699437496083
    outer loop
      vertex -23.53141683887137 -49.85 32.75131011283514
      vertex -23.57022351411175 49.85 32.63187544731532
      vertex -23.53141683887137 49.85 32.75131011283514
    endloop
  endfacet
  facet normal 0.9822872507286897 0 -0.18738131458571974
    outer loop
      vertex -23.507885298685522 -49.85 32.874666766435695
      vertex -23.53141683887137 49.85 32.75131011283514
      vertex -23.507885298685522 49.85 32.874666766435695
    endloop
  endfacet
  facet normal 0.9980267284282714 0 -0.0627905195293152
    outer loop
      vertex -23.5 -49.85 33
      vertex -23.507885298685522 49.85 32.874666766435695
      vertex -23.5 49.85 33
    endloop
  endfacet
  facet normal 0.9980267284282714 0 0.0627905195293152
    outer loop
      vertex -23.507885298685522 -49.85 33.125333233564305
      vertex -23.5 49.85 33
      vertex -23.507885298685522 49.85 33.125333233564305
    endloop
  endfacet
  facet normal 0.9822872507286897 0 0.18738131458571974
    outer loop
      vertex -23.53141683887137 -49.85 33.24868988716486
      vertex -23.507885298685522 49.85 33.125333233564305
      vertex -23.53141683887137 49.85 33.24868988716486
    endloop
  endfacet
  facet normal 0.9510565162951492 0 0.30901699437496083
    outer loop
      vertex -23.57022351411175 -49.85 33.36812455268468
      vertex -23.53141683887137 49.85 33.24868988716486
      vertex -23.57022351411175 49.85 33.36812455268468
    endloop
  endfacet
  facet normal 0.9048270524660189 0 0.42577929156507394
    outer loop
      vertex -23.623693319956136 -49.85 33.48175367410171
      vertex -23.57022351411175 49.85 33.36812455268468
      vertex -23.623693319956136 49.85 33.48175367410171
    endloop
  endfacet
  facet normal 0.6845471059287057 0 0.7289686274213956
    outer loop
      vertex -23.771031372578587 -49.85 33.68454710592869
      vertex -23.771031372578587 49.85 33.68454710592869
      vertex -23.86257601025131 49.85 33.77051324277579
    endloop
  endfacet
  facet normal 0.8443279255020282 0 0.535826794978976
    outer loop
      vertex -23.690983005625053 -49.85 33.58778525229248
      vertex -23.623693319956136 49.85 33.48175367410171
      vertex -23.690983005625053 49.85 33.58778525229248
    endloop
  endfacet
  facet normal 0.7705132427757778 0 0.6374239897487036
    outer loop
      vertex -23.771031372578587 -49.85 33.68454710592869
      vertex -23.690983005625053 49.85 33.58778525229248
      vertex -23.771031372578587 49.85 33.68454710592869
    endloop
  endfacet
  facet normal 0.4817536741017298 0 0.8763066800438558
    outer loop
      vertex -23.964173205021005 -49.85 33.844327925502014
      vertex -23.964173205021005 49.85 33.844327925502014
      vertex -24 49.85 33.864023872714874
    endloop
  endfacet
  facet normal 0.587785252292448 0 0.8090169943749658
    outer loop
      vertex -23.86257601025131 -49.85 33.77051324277579
      vertex -23.86257601025131 49.85 33.77051324277579
      vertex -23.964173205021005 49.85 33.844327925502014
    endloop
  endfacet
  facet normal 0 1 0
    outer loop
      vertex -24.07422070843493 49.85 32.09517294753398
      vertex -24.25 49.85 33.966209504970706
      vertex -24 49.85 32.135976127285126
    endloop
  endfacet
  facet normal 0 1 0
    outer loop
      vertex -24 49.85 32.135976127285126
      vertex -24.25 49.85 33.966209504970706
      vertex -23.964173205021 49.85 32.155672074497986
    endloop
  endfacet
  facet normal 0 1 0
    outer loop
      vertex -23.964173205021 49.85 32.155672074497986
      vertex -24.25 49.85 33.966209504970706
      vertex -23.86257601025131 49.85 32.22948675722421
    endloop
  endfacet
  facet normal 0 1 0
    outer loop
      vertex -23.86257601025131 49.85 32.22948675722421
      vertex -24.25 49.85 33.966209504970706
      vertex -23.771031372578587 49.85 32.31545289407131
    endloop
  endfacet
  facet normal 0 1 0
    outer loop
      vertex -23.771031372578587 49.85 32.31545289407131
      vertex -24.25 49.85 33.966209504970706
      vertex -23.690983005625053 49.85 32.41221474770752
    endloop
  endfacet
  facet normal 0 1 0
    outer loop
      vertex -23.690983005625053 49.85 32.41221474770752
      vertex -24.25 49.85 33.966209504970706
      vertex -23.623693319956136 49.85 32.51824632589829
    endloop
  endfacet
  facet normal 0 1 0
    outer loop
      vertex -23.623693319956136 49.85 32.51824632589829
      vertex -24.25 49.85 33.966209504970706
      vertex -23.57022351411175 49.85 32.63187544731532
    endloop
  endfacet
  facet normal 0 1 0
    outer loop
      vertex -23.57022351411175 49.85 32.63187544731532
      vertex -24.25 49.85 33.966209504970706
      vertex -23.53141683887137 49.85 32.75131011283514
    endloop
  endfacet
  facet normal 0 1 0
    outer loop
      vertex -23.53141683887137 49.85 32.75131011283514
      vertex -24.25 49.85 33.966209504970706
      vertex -23.507885298685522 49.85 32.874666766435695
    endloop
  endfacet
  facet normal 0 1 0
    outer loop
      vertex -23.507885298685522 49.85 32.874666766435695
      vertex -24.25 49.85 33.966209504970706
      vertex -23.5 49.85 33
    endloop
  endfacet
  facet normal 0 1 0
    outer loop
      vertex -23.5 49.85 33
      vertex -24.25 49.85 33.966209504970706
      vertex -23.507885298685522 49.85 33.125333233564305
    endloop
  endfacet
  facet normal 0 1 0
    outer loop
      vertex -23.53141683887137 49.85 33.24868988716486
      vertex -24.25 49.85 33.966209504970706
      vertex -23.57022351411175 49.85 33.36812455268468
    endloop
  endfacet
  facet normal 0 1 0
    outer loop
      vertex -23.507885298685522 49.85 33.125333233564305
      vertex -24.25 49.85 33.966209504970706
      vertex -23.53141683887137 49.85 33.24868988716486
    endloop
  endfacet
  facet normal 0 1 0
    outer loop
      vertex -23.57022351411175 49.85 33.36812455268468
      vertex -24.25 49.85 33.966209504970706
      vertex -23.623693319956136 49.85 33.48175367410171
    endloop
  endfacet
  facet normal 0 1 0
    outer loop
      vertex -23.623693319956136 49.85 33.48175367410171
      vertex -24.25 49.85 33.966209504970706
      vertex -23.690983005625053 49.85 33.58778525229248
    endloop
  endfacet
  facet normal 0 1 0
    outer loop
      vertex -24 49.85 33.864023872714874
      vertex -23.964173205021005 49.85 33.844327925502014
      vertex -24.25 49.85 33.966209504970706
    endloop
  endfacet
  facet normal 0 1 0
    outer loop
      vertex -23.86257601025131 49.85 33.77051324277579
      vertex -24.25 49.85 33.966209504970706
      vertex -23.964173205021005 49.85 33.844327925502014
    endloop
  endfacet
  facet normal 0 1 0
    outer loop
      vertex -24 49.85 33.864023872714874
      vertex -24.25 49.85 33.966209504970706
      vertex -24.07422070843493 49.85 33.90482705246602
    endloop
  endfacet
  facet normal 0 1 0
    outer loop
      vertex -23.771031372578587 49.85 33.68454710592869
      vertex -23.690983005625053 49.85 33.58778525229248
      vertex -24.25 49.85 33.966209504970706
    endloop
  endfacet
  facet normal 0 1 0
    outer loop
      vertex -23.771031372578587 49.85 33.68454710592869
      vertex -24.25 49.85 33.966209504970706
      vertex -23.86257601025131 49.85 33.77051324277579
    endloop
  endfacet
  facet normal 1 0 0
    outer loop
      vertex -10 -30.5 51.8
      vertex -10 -29.5 52
      vertex -10 -30.5 52
    endloop
  endfacet
  facet normal 1 0 0
    outer loop
      vertex -10 -30.5 51.8
      vertex -10 -29.5 51.8
      vertex -10 -29.5 52
    endloop
  endfacet
  facet normal 0 1 0
    outer loop
      vertex -10 -30.5 51.8
      vertex -10 -30.5 52
      vertex -3.25 -30.5 52
    endloop
  endfacet
  facet normal 0 0 1
    outer loop
      vertex -10 -30.5 51.8
      vertex -3.25 -30.5 51.8
      vertex -10 -29.5 51.8
    endloop
  endfacet
  facet normal 0 -1 0
    outer loop
      vertex -10 -29.5 51.8
      vertex -3.25 -29.5 51.8
      vertex -10 -29.5 52
    endloop
  endfacet
  facet normal 0 1 0
    outer loop
      vertex -10 -30.5 51.8
      vertex -3.25 -30.5 52
      vertex -3.25 -30.5 51.8
    endloop
  endfacet
  facet normal 0 0 1
    outer loop
      vertex -10 -29.5 51.8
      vertex -3.25 -30.5 51.8
      vertex -3.25 -29.5 51.8
    endloop
  endfacet
  facet normal 0 -1 0
    outer loop
      vertex -10 -29.5 52
      vertex -3.25 -29.5 51.8
      vertex -3.25 -29.5 52
    endloop
  endfacet
  facet normal 0 1 0
    outer loop
      vertex 3.25 -30.5 51.8
      vertex 3.25 -30.5 52
      vertex 10 -30.5 52
    endloop
  endfacet
  facet normal 0 0 1
    outer loop
      vertex 3.25 -30.5 51.8
      vertex 10 -30.5 51.8
      vertex 3.25 -29.5 51.8
    endloop
  endfacet
  facet normal 0 -1 0
    outer loop
      vertex 3.25 -29.5 51.8
      vertex 10 -29.5 51.8
      vertex 3.25 -29.5 52
    endloop
  endfacet
  facet normal 0 1 0
    outer loop
      vertex 3.25 -30.5 51.8
      vertex 10 -30.5 52
      vertex 10 -30.5 51.8
    endloop
  endfacet
  facet normal 0 0 1
    outer loop
      vertex 3.25 -29.5 51.8
      vertex 10 -30.5 51.8
      vertex 10 -29.5 51.8
    endloop
  endfacet
  facet normal 0 -1 0
    outer loop
      vertex 3.25 -29.5 52
      vertex 10 -29.5 51.8
      vertex 10 -29.5 52
    endloop
  endfacet
  facet normal -1 0 0
    outer loop
      vertex 10 -30.5 51.8
      vertex 10 -30.5 52
      vertex 10 -29.5 51.8
    endloop
  endfacet
  facet normal -1 0 0
    outer loop
      vertex 10 -30.5 52
      vertex 10 -29.5 52
      vertex 10 -29.5 51.8
    endloop
  endfacet
  facet normal 1 0 0
    outer loop
      vertex -10 -20.5 51.8
      vertex -10 -19.5 51.8
      vertex -10 -19.5 52
    endloop
  endfacet
  facet normal 1 0 0
    outer loop
      vertex -10 -20.5 51.8
      vertex -10 -19.5 52
      vertex -10 -20.5 52
    endloop
  endfacet
  facet normal 0 1 0
    outer loop
      vertex -10 -20.5 51.8
      vertex -10 -20.5 52
      vertex -3.25 -20.5 52
    endloop
  endfacet
  facet normal 0 0 1
    outer loop
      vertex -10 -20.5 51.8
      vertex -3.25 -20.5 51.8
      vertex -10 -19.5 51.8
    endloop
  endfacet
  facet normal 0 -1 0
    outer loop
      vertex -10 -19.5 51.8
      vertex -3.25 -19.5 51.8
      vertex -10 -19.5 52
    endloop
  endfacet
  facet normal 0 1 0
    outer loop
      vertex -10 -20.5 51.8
      vertex -3.25 -20.5 52
      vertex -3.25 -20.5 51.8
    endloop
  endfacet
  facet normal 0 0 1
    outer loop
      vertex -10 -19.5 51.8
      vertex -3.25 -20.5 51.8
      vertex -3.25 -19.5 51.8
    endloop
  endfacet
  facet normal 0 -1 0
    outer loop
      vertex -10 -19.5 52
      vertex -3.25 -19.5 51.8
      vertex -3.25 -19.5 52
    endloop
  endfacet
  facet normal 0 1 0
    outer loop
      vertex 3.25 -20.5 51.8
      vertex 3.25 -20.5 52
      vertex 10 -20.5 52
    endloop
  endfacet
  facet normal 0 0 1
    outer loop
      vertex 3.25 -20.5 51.8
      vertex 10 -20.5 51.8
      vertex 3.25 -19.5 51.8
    endloop
  endfacet
  facet normal 0 -1 0
    outer loop
      vertex 3.25 -19.5 51.8
      vertex 10 -19.5 51.8
      vertex 3.25 -19.5 52
    endloop
  endfacet
  facet normal 0 1 0
    outer loop
      vertex 3.25 -20.5 51.8
      vertex 10 -20.5 52
      vertex 10 -20.5 51.8
    endloop
  endfacet
  facet normal 0 0 1
    outer loop
      vertex 3.25 -19.5 51.8
      vertex 10 -20.5 51.8
      vertex 10 -19.5 51.8
    endloop
  endfacet
  facet normal 0 -1 0
    outer loop
      vertex 3.25 -19.5 52
      vertex 10 -19.5 51.8
      vertex 10 -19.5 52
    endloop
  endfacet
  facet normal -1 0 0
    outer loop
      vertex 10 -20.5 51.8
      vertex 10 -20.5 52
      vertex 10 -19.5 51.8
    endloop
  endfacet
  facet normal -1 0 0
    outer loop
      vertex 10 -20.5 52
      vertex 10 -19.5 52
      vertex 10 -19.5 51.8
    endloop
  endfacet
  facet normal 1 0 0
    outer loop
      vertex -10 -10.5 51.8
      vertex -10 -9.5 52
      vertex -10 -10.5 52
    endloop
  endfacet
  facet normal 1 0 0
    outer loop
      vertex -10 -10.5 51.8
      vertex -10 -9.5 51.8
      vertex -10 -9.5 52
    endloop
  endfacet
  facet normal 0 0 1
    outer loop
      vertex -10 -10.5 51.8
      vertex -3.25 -10.5 51.8
      vertex -10 -9.5 51.8
    endloop
  endfacet
  facet normal 0 1 0
    outer loop
      vertex -10 -10.5 51.8
      vertex -10 -10.5 52
      vertex -3.25 -10.5 52
    endloop
  endfacet
  facet normal 0 -1 0
    outer loop
      vertex -10 -9.5 51.8
      vertex -3.25 -9.5 51.8
      vertex -10 -9.5 52
    endloop
  endfacet
  facet normal 0 1 0
    outer loop
      vertex -10 -10.5 51.8
      vertex -3.25 -10.5 52
      vertex -3.25 -10.5 51.8
    endloop
  endfacet
  facet normal 0 0 1
    outer loop
      vertex -10 -9.5 51.8
      vertex -3.25 -10.5 51.8
      vertex -3.25 -9.5 51.8
    endloop
  endfacet
  facet normal 0 -1 0
    outer loop
      vertex -10 -9.5 52
      vertex -3.25 -9.5 51.8
      vertex -3.25 -9.5 52
    endloop
  endfacet
  facet normal 0 0 1
    outer loop
      vertex 3.25 -10.5 51.8
      vertex 10 -10.5 51.8
      vertex 3.25 -9.5 51.8
    endloop
  endfacet
  facet normal 0 1 0
    outer loop
      vertex 3.25 -10.5 51.8
      vertex 3.25 -10.5 52
      vertex 10 -10.5 52
    endloop
  endfacet
  facet normal 0 -1 0
    outer loop
      vertex 3.25 -9.5 51.8
      vertex 10 -9.5 51.8
      vertex 3.25 -9.5 52
    endloop
  endfacet
  facet normal 0 1 0
    outer loop
      vertex 3.25 -10.5 51.8
      vertex 10 -10.5 52
      vertex 10 -10.5 51.8
    endloop
  endfacet
  facet normal 0 0 1
    outer loop
      vertex 3.25 -9.5 51.8
      vertex 10 -10.5 51.8
      vertex 10 -9.5 51.8
    endloop
  endfacet
  facet normal 0 -1 0
    outer loop
      vertex 3.25 -9.5 52
      vertex 10 -9.5 51.8
      vertex 10 -9.5 52
    endloop
  endfacet
  facet normal -1 0 0
    outer loop
      vertex 10 -10.5 51.8
      vertex 10 -10.5 52
      vertex 10 -9.5 51.8
    endloop
  endfacet
  facet normal -1 0 0
    outer loop
      vertex 10 -10.5 52
      vertex 10 -9.5 52
      vertex 10 -9.5 51.8
    endloop
  endfacet
  facet normal 1 0 0
    outer loop
      vertex -10 -0.5 51.8
      vertex -10 0.5 52
      vertex -10 -0.5 52
    endloop
  endfacet
  facet normal 0 0 1
    outer loop
      vertex -10 -0.5 51.8
      vertex -3.25 -0.5 51.8
      vertex -10 0.5 51.8
    endloop
  endfacet
  facet normal 0 1 0
    outer loop
      vertex -10 -0.5 51.8
      vertex -10 -0.5 52
      vertex -3.25 -0.5 52
    endloop
  endfacet
  facet normal 0 1 0
    outer loop
      vertex -10 -0.5 51.8
      vertex -3.25 -0.5 52
      vertex -3.25 -0.5 51.8
    endloop
  endfacet
  facet normal 1 0 0
    outer loop
      vertex -10 -0.5 51.8
      vertex -10 0.5 51.8
      vertex -10 0.5 52
    endloop
  endfacet
  facet normal 0 -1 0
    outer loop
      vertex -10 0.5 51.8
      vertex -3.25 0.5 51.8
      vertex -10 0.5 52
    endloop
  endfacet
  facet normal 0 0 1
    outer loop
      vertex -3.25 -0.5 51.8
      vertex -3.25 0.5 51.8
      vertex -10 0.5 51.8
    endloop
  endfacet
  facet normal 0 -1 0
    outer loop
      vertex -10 0.5 52
      vertex -3.25 0.5 51.8
      vertex -3.25 0.5 52
    endloop
  endfacet
  facet normal 0 0 1
    outer loop
      vertex 3.25 -0.5 51.8
      vertex 10 -0.5 51.8
      vertex 3.25 0.5 51.8
    endloop
  endfacet
  facet normal 0 1 0
    outer loop
      vertex 3.25 -0.5 51.8
      vertex 3.25 -0.5 52
      vertex 10 -0.5 52
    endloop
  endfacet
  facet normal 0 1 0
    outer loop
      vertex 3.25 -0.5 51.8
      vertex 10 -0.5 52
      vertex 10 -0.5 51.8
    endloop
  endfacet
  facet normal -1 0 0
    outer loop
      vertex 10 -0.5 51.8
      vertex 10 -0.5 52
      vertex 10 0.5 51.8
    endloop
  endfacet
  facet normal 0 -1 0
    outer loop
      vertex 3.25 0.5 51.8
      vertex 10 0.5 51.8
      vertex 3.25 0.5 52
    endloop
  endfacet
  facet normal 0 0 1
    outer loop
      vertex 10 -0.5 51.8
      vertex 10 0.5 51.8
      vertex 3.25 0.5 51.8
    endloop
  endfacet
  facet normal 0 -1 0
    outer loop
      vertex 3.25 0.5 52
      vertex 10 0.5 51.8
      vertex 10 0.5 52
    endloop
  endfacet
  facet normal -1 0 0
    outer loop
      vertex 10 -0.5 52
      vertex 10 0.5 52
      vertex 10 0.5 51.8
    endloop
  endfacet
  facet normal 1 0 0
    outer loop
      vertex -10 9.5 51.8
      vertex -10 10.5 52
      vertex -10 9.5 52
    endloop
  endfacet
  facet normal 1 0 0
    outer loop
      vertex -10 9.5 51.8
      vertex -10 10.5 51.8
      vertex -10 10.5 52
    endloop
  endfacet
  facet normal 0 0 1
    outer loop
      vertex -10 9.5 51.8
      vertex -3.25 9.5 51.8
      vertex -10 10.5 51.8
    endloop
  endfacet
  facet normal 0 1 0
    outer loop
      vertex -10 9.5 51.8
      vertex -10 9.5 52
      vertex -3.25 9.5 52
    endloop
  endfacet
  facet normal 0 -1 0
    outer loop
      vertex -10 10.5 51.8
      vertex -3.25 10.5 51.8
      vertex -10 10.5 52
    endloop
  endfacet
  facet normal 0 1 0
    outer loop
      vertex -10 9.5 51.8
      vertex -3.25 9.5 52
      vertex -3.25 9.5 51.8
    endloop
  endfacet
  facet normal 0 0 1
    outer loop
      vertex -10 10.5 51.8
      vertex -3.25 9.5 51.8
      vertex -3.25 10.5 51.8
    endloop
  endfacet
  facet normal 0 -1 0
    outer loop
      vertex -10 10.5 52
      vertex -3.25 10.5 51.8
      vertex -3.25 10.5 52
    endloop
  endfacet
  facet normal 0 0 1
    outer loop
      vertex 3.25 9.5 51.8
      vertex 10 9.5 51.8
      vertex 3.25 10.5 51.8
    endloop
  endfacet
  facet normal 0 1 0
    outer loop
      vertex 3.25 9.5 51.8
      vertex 3.25 9.5 52
      vertex 10 9.5 52
    endloop
  endfacet
  facet normal 0 -1 0
    outer loop
      vertex 3.25 10.5 51.8
      vertex 10 10.5 51.8
      vertex 3.25 10.5 52
    endloop
  endfacet
  facet normal 0 1 0
    outer loop
      vertex 3.25 9.5 51.8
      vertex 10 9.5 52
      vertex 10 9.5 51.8
    endloop
  endfacet
  facet normal 0 0 1
    outer loop
      vertex 3.25 10.5 51.8
      vertex 10 9.5 51.8
      vertex 10 10.5 51.8
    endloop
  endfacet
  facet normal 0 -1 0
    outer loop
      vertex 3.25 10.5 52
      vertex 10 10.5 51.8
      vertex 10 10.5 52
    endloop
  endfacet
  facet normal -1 0 0
    outer loop
      vertex 10 9.5 51.8
      vertex 10 9.5 52
      vertex 10 10.5 51.8
    endloop
  endfacet
  facet normal -1 0 0
    outer loop
      vertex 10 9.5 52
      vertex 10 10.5 52
      vertex 10 10.5 51.8
    endloop
  endfacet
  facet normal 1 0 0
    outer loop
      vertex -10 19.5 51.8
      vertex -10 20.5 51.8
      vertex -10 20.5 52
    endloop
  endfacet
  facet normal 1 0 0
    outer loop
      vertex -10 19.5 51.8
      vertex -10 20.5 52
      vertex -10 19.5 52
    endloop
  endfacet
  facet normal 0 0 1
    outer loop
      vertex -10 19.5 51.8
      vertex -3.25 19.5 51.8
      vertex -10 20.5 51.8
    endloop
  endfacet
  facet normal 0 1 0
    outer loop
      vertex -10 19.5 51.8
      vertex -10 19.5 52
      vertex -3.25 19.5 52
    endloop
  endfacet
  facet normal 0 -1 0
    outer loop
      vertex -10 20.5 51.8
      vertex -3.25 20.5 51.8
      vertex -10 20.5 52
    endloop
  endfacet
  facet normal 0 0 1
    outer loop
      vertex -10 20.5 51.8
      vertex -3.25 19.5 51.8
      vertex -3.25 20.5 51.8
    endloop
  endfacet
  facet normal 0 1 0
    outer loop
      vertex -10 19.5 51.8
      vertex -3.25 19.5 52
      vertex -3.25 19.5 51.8
    endloop
  endfacet
  facet normal 0 -1 0
    outer loop
      vertex -10 20.5 52
      vertex -3.25 20.5 51.8
      vertex -3.25 20.5 52
    endloop
  endfacet
  facet normal 0 0 1
    outer loop
      vertex 3.25 19.5 51.8
      vertex 10 19.5 51.8
      vertex 3.25 20.5 51.8
    endloop
  endfacet
  facet normal 0 1 0
    outer loop
      vertex 3.25 19.5 51.8
      vertex 3.25 19.5 52
      vertex 10 19.5 52
    endloop
  endfacet
  facet normal 0 -1 0
    outer loop
      vertex 3.25 20.5 51.8
      vertex 10 20.5 51.8
      vertex 3.25 20.5 52
    endloop
  endfacet
  facet normal 0 0 1
    outer loop
      vertex 3.25 20.5 51.8
      vertex 10 19.5 51.8
      vertex 10 20.5 51.8
    endloop
  endfacet
  facet normal 0 1 0
    outer loop
      vertex 3.25 19.5 51.8
      vertex 10 19.5 52
      vertex 10 19.5 51.8
    endloop
  endfacet
  facet normal 0 -1 0
    outer loop
      vertex 3.25 20.5 52
      vertex 10 20.5 51.8
      vertex 10 20.5 52
    endloop
  endfacet
  facet normal -1 0 0
    outer loop
      vertex 10 19.5 51.8
      vertex 10 19.5 52
      vertex 10 20.5 51.8
    endloop
  endfacet
  facet normal -1 0 0
    outer loop
      vertex 10 19.5 52
      vertex 10 20.5 52
      vertex 10 20.5 51.8
    endloop
  endfacet
  facet normal 1 0 0
    outer loop
      vertex -10 29.5 51.8
      vertex -10 30.5 52
      vertex -10 29.5 52
    endloop
  endfacet
  facet normal 1 0 0
    outer loop
      vertex -10 29.5 51.8
      vertex -10 30.5 51.8
      vertex -10 30.5 52
    endloop
  endfacet
  facet normal 0 1 0
    outer loop
      vertex -10 29.5 51.8
      vertex -10 29.5 52
      vertex -3.25 29.5 52
    endloop
  endfacet
  facet normal 0 0 1
    outer loop
      vertex -10 29.5 51.8
      vertex -3.25 29.5 51.8
      vertex -10 30.5 51.8
    endloop
  endfacet
  facet normal 0 -1 0
    outer loop
      vertex -10 30.5 51.8
      vertex -3.25 30.5 51.8
      vertex -10 30.5 52
    endloop
  endfacet
  facet normal 0 1 0
    outer loop
      vertex -10 29.5 51.8
      vertex -3.25 29.5 52
      vertex -3.25 29.5 51.8
    endloop
  endfacet
  facet normal 0 0 1
    outer loop
      vertex -10 30.5 51.8
      vertex -3.25 29.5 51.8
      vertex -3.25 30.5 51.8
    endloop
  endfacet
  facet normal 0 -1 0
    outer loop
      vertex -10 30.5 52
      vertex -3.25 30.5 51.8
      vertex -3.25 30.5 52
    endloop
  endfacet
  facet normal 0 1 0
    outer loop
      vertex 3.25 29.5 51.8
      vertex 3.25 29.5 52
      vertex 10 29.5 52
    endloop
  endfacet
  facet normal 0 0 1
    outer loop
      vertex 3.25 29.5 51.8
      vertex 10 29.5 51.8
      vertex 3.25 30.5 51.8
    endloop
  endfacet
  facet normal 0 -1 0
    outer loop
      vertex 3.25 30.5 51.8
      vertex 10 30.5 51.8
      vertex 3.25 30.5 52
    endloop
  endfacet
  facet normal 0 1 0
    outer loop
      vertex 3.25 29.5 51.8
      vertex 10 29.5 52
      vertex 10 29.5 51.8
    endloop
  endfacet
  facet normal 0 0 1
    outer loop
      vertex 3.25 30.5 51.8
      vertex 10 29.5 51.8
      vertex 10 30.5 51.8
    endloop
  endfacet
  facet normal 0 -1 0
    outer loop
      vertex 3.25 30.5 52
      vertex 10 30.5 51.8
      vertex 10 30.5 52
    endloop
  endfacet
  facet normal -1 0 0
    outer loop
      vertex 10 29.5 51.8
      vertex 10 29.5 52
      vertex 10 30.5 51.8
    endloop
  endfacet
  facet normal -1 0 0
    outer loop
      vertex 10 29.5 52
      vertex 10 30.5 52
      vertex 10 30.5 51.8
    endloop
  endfacet
  facet normal 0 1 0
    outer loop
      vertex -3.25 -37.5 50
      vertex -3.25 -37.5 52
      vertex 3.25 -37.5 50
    endloop
  endfacet
  facet normal 1 0 0
    outer loop
      vertex -3.25 -37.5 50
      vertex -3.25 -29.5 51.8
      vertex -3.25 -30.5 51.8
    endloop
  endfacet
  facet normal 1 0 0
    outer loop
      vertex -3.25 -37.5 50
      vertex -3.25 -30.5 51.8
      vertex -3.25 -30.5 52
    endloop
  endfacet
  facet normal 1 0 0
    outer loop
      vertex -3.25 -37.5 50
      vertex -3.25 -20.5 51.8
      vertex -3.25 -29.5 51.8
    endloop
  endfacet
  facet normal 1 0 0
    outer loop
      vertex -3.25 -37.5 50
      vertex -3.25 -30.5 52
      vertex -3.25 -37.5 52
    endloop
  endfacet
  facet normal 1 0 0
    outer loop
      vertex -3.25 -37.5 50
      vertex -3.25 -19.5 51.8
      vertex -3.25 -20.5 51.8
    endloop
  endfacet
  facet normal 1 0 0
    outer loop
      vertex -3.25 -37.5 50
      vertex -3.25 -10.5 51.8
      vertex -3.25 -19.5 51.8
    endloop
  endfacet
  facet normal 1 0 0
    outer loop
      vertex -3.25 -37.5 50
      vertex -3.25 -9.5 51.8
      vertex -3.25 -10.5 51.8
    endloop
  endfacet
  facet normal 1 0 0
    outer loop
      vertex -3.25 -37.5 50
      vertex -3.25 -0.5 51.8
      vertex -3.25 -9.5 51.8
    endloop
  endfacet
  facet normal 1 0 0
    outer loop
      vertex -3.25 -29.5 51.8
      vertex -3.25 -20.5 52
      vertex -3.25 -29.5 52
    endloop
  endfacet
  facet normal 1 0 0
    outer loop
      vertex -3.25 -29.5 51.8
      vertex -3.25 -20.5 51.8
      vertex -3.25 -20.5 52
    endloop
  endfacet
  facet normal 1 0 0
    outer loop
      vertex -3.25 -19.5 51.8
      vertex -3.25 -10.5 52
      vertex -3.25 -19.5 52
    endloop
  endfacet
  facet normal 1 0 0
    outer loop
      vertex -3.25 -37.5 50
      vertex -3.25 0.5 51.8
      vertex -3.25 -0.5 51.8
    endloop
  endfacet
  facet normal 1 0 0
    outer loop
      vertex -3.25 -37.5 50
      vertex -3.25 9.5 51.8
      vertex -3.25 0.5 51.8
    endloop
  endfacet
  facet normal 1 0 0
    outer loop
      vertex -3.25 -37.5 50
      vertex -3.25 10.5 51.8
      vertex -3.25 9.5 51.8
    endloop
  endfacet
  facet normal 1 0 0
    outer loop
      vertex -3.25 -37.5 50
      vertex -3.25 19.5 52
      vertex -3.25 10.5 51.8
    endloop
  endfacet
  facet normal 1 0 0
    outer loop
      vertex -3.25 -19.5 51.8
      vertex -3.25 -10.5 51.8
      vertex -3.25 -10.5 52
    endloop
  endfacet
  facet normal 1 0 0
    outer loop
      vertex -3.25 -9.5 51.8
      vertex -3.25 -0.5 52
      vertex -3.25 -9.5 52
    endloop
  endfacet
  facet normal 1 0 0
    outer loop
      vertex -3.25 -9.5 51.8
      vertex -3.25 -0.5 51.8
      vertex -3.25 -0.5 52
    endloop
  endfacet
  facet normal 1 0 0
    outer loop
      vertex -3.25 -37.5 50
      vertex -3.25 19.5 51.8
      vertex -3.25 19.5 52
    endloop
  endfacet
  facet normal 1 0 0
    outer loop
      vertex -3.25 -37.5 50
      vertex -3.25 37.5 50
      vertex -3.25 19.5 51.8
    endloop
  endfacet
  facet normal 1 0 0
    outer loop
      vertex -3.25 0.5 51.8
      vertex -3.25 9.5 52
      vertex -3.25 0.5 52
    endloop
  endfacet
  facet normal 1 0 0
    outer loop
      vertex -3.25 0.5 51.8
      vertex -3.25 9.5 51.8
      vertex -3.25 9.5 52
    endloop
  endfacet
  facet normal 1 0 0
    outer loop
      vertex -3.25 19.5 51.8
      vertex -3.25 37.5 50
      vertex -3.25 20.5 51.8
    endloop
  endfacet
  facet normal 1 0 0
    outer loop
      vertex -3.25 10.5 51.8
      vertex -3.25 19.5 52
      vertex -3.25 10.5 52
    endloop
  endfacet
  facet normal 1 0 0
    outer loop
      vertex -3.25 20.5 51.8
      vertex -3.25 29.5 52
      vertex -3.25 20.5 52
    endloop
  endfacet
  facet normal 1 0 0
    outer loop
      vertex -3.25 20.5 51.8
      vertex -3.25 29.5 51.8
      vertex -3.25 29.5 52
    endloop
  endfacet
  facet normal 1 0 0
    outer loop
      vertex -3.25 20.5 51.8
      vertex -3.25 37.5 50
      vertex -3.25 29.5 51.8
    endloop
  endfacet
  facet normal 1 0 0
    outer loop
      vertex -3.25 29.5 51.8
      vertex -3.25 37.5 50
      vertex -3.25 30.5 51.8
    endloop
  endfacet
  facet normal 1 0 0
    outer loop
      vertex -3.25 30.5 51.8
      vertex -3.25 37.5 50
      vertex -3.25 37.5 52
    endloop
  endfacet
  facet normal 1 0 0
    outer loop
      vertex -3.25 30.5 51.8
      vertex -3.25 37.5 52
      vertex -3.25 30.5 52
    endloop
  endfacet
  facet normal 0 -1 0
    outer loop
      vertex -3.25 37.5 50
      vertex 3.25 37.5 52
      vertex -3.25 37.5 52
    endloop
  endfacet
  facet normal -1 0 0
    outer loop
      vertex 3.25 -37.5 50
      vertex 3.25 -37.5 52
      vertex 3.25 -30.5 51.8
    endloop
  endfacet
  facet normal -1 0 0
    outer loop
      vertex 3.25 -37.5 50
      vertex 3.25 -30.5 51.8
      vertex 3.25 -29.5 51.8
    endloop
  endfacet
  facet normal -1 0 0
    outer loop
      vertex 3.25 -37.5 50
      vertex 3.25 -29.5 51.8
      vertex 3.25 -20.5 51.8
    endloop
  endfacet
  facet normal 0 1 0
    outer loop
      vertex -3.25 -37.5 52
      vertex 3.25 -37.5 52
      vertex 3.25 -37.5 50
    endloop
  endfacet
  facet normal -1 0 0
    outer loop
      vertex 3.25 -37.5 52
      vertex 3.25 -30.5 52
      vertex 3.25 -30.5 51.8
    endloop
  endfacet
  facet normal -1 0 0
    outer loop
      vertex 3.25 -37.5 50
      vertex 3.25 -20.5 51.8
      vertex 3.25 -19.5 51.8
    endloop
  endfacet
  facet normal -1 0 0
    outer loop
      vertex 3.25 -29.5 51.8
      vertex 3.25 -29.5 52
      vertex 3.25 -20.5 51.8
    endloop
  endfacet
  facet normal -1 0 0
    outer loop
      vertex 3.25 -29.5 52
      vertex 3.25 -20.5 52
      vertex 3.25 -20.5 51.8
    endloop
  endfacet
  facet normal -1 0 0
    outer loop
      vertex 3.25 -37.5 50
      vertex 3.25 -19.5 51.8
      vertex 3.25 37.5 50
    endloop
  endfacet
  facet normal -1 0 0
    outer loop
      vertex 3.25 -19.5 51.8
      vertex 3.25 -19.5 52
      vertex 3.25 37.5 50
    endloop
  endfacet
  facet normal -1 0 0
    outer loop
      vertex 3.25 -19.5 52
      vertex 3.25 -10.5 52
      vertex 3.25 -10.5 51.8
    endloop
  endfacet
  facet normal -1 0 0
    outer loop
      vertex 3.25 -9.5 51.8
      vertex 3.25 -9.5 52
      vertex 3.25 -0.5 51.8
    endloop
  endfacet
  facet normal -1 0 0
    outer loop
      vertex 3.25 -9.5 52
      vertex 3.25 -0.5 52
      vertex 3.25 -0.5 51.8
    endloop
  endfacet
  facet normal -1 0 0
    outer loop
      vertex 3.25 -19.5 52
      vertex 3.25 -10.5 51.8
      vertex 3.25 37.5 50
    endloop
  endfacet
  facet normal -1 0 0
    outer loop
      vertex 3.25 -10.5 51.8
      vertex 3.25 -9.5 51.8
      vertex 3.25 37.5 50
    endloop
  endfacet
  facet normal -1 0 0
    outer loop
      vertex 3.25 -9.5 51.8
      vertex 3.25 -0.5 51.8
      vertex 3.25 37.5 50
    endloop
  endfacet
  facet normal -1 0 0
    outer loop
      vertex 3.25 -0.5 51.8
      vertex 3.25 0.5 51.8
      vertex 3.25 37.5 50
    endloop
  endfacet
  facet normal -1 0 0
    outer loop
      vertex 3.25 0.5 51.8
      vertex 3.25 0.5 52
      vertex 3.25 9.5 51.8
    endloop
  endfacet
  facet normal -1 0 0
    outer loop
      vertex 3.25 0.5 52
      vertex 3.25 9.5 52
      vertex 3.25 9.5 51.8
    endloop
  endfacet
  facet normal -1 0 0
    outer loop
      vertex 3.25 0.5 51.8
      vertex 3.25 9.5 51.8
      vertex 3.25 37.5 50
    endloop
  endfacet
  facet normal -1 0 0
    outer loop
      vertex 3.25 9.5 51.8
      vertex 3.25 10.5 51.8
      vertex 3.25 37.5 50
    endloop
  endfacet
  facet normal -1 0 0
    outer loop
      vertex 3.25 10.5 51.8
      vertex 3.25 19.5 51.8
      vertex 3.25 37.5 50
    endloop
  endfacet
  facet normal -1 0 0
    outer loop
      vertex 3.25 19.5 51.8
      vertex 3.25 20.5 51.8
      vertex 3.25 37.5 50
    endloop
  endfacet
  facet normal -1 0 0
    outer loop
      vertex 3.25 10.5 51.8
      vertex 3.25 10.5 52
      vertex 3.25 19.5 51.8
    endloop
  endfacet
  facet normal -1 0 0
    outer loop
      vertex 3.25 10.5 52
      vertex 3.25 19.5 52
      vertex 3.25 19.5 51.8
    endloop
  endfacet
  facet normal -1 0 0
    outer loop
      vertex 3.25 20.5 51.8
      vertex 3.25 20.5 52
      vertex 3.25 29.5 51.8
    endloop
  endfacet
  facet normal -1 0 0
    outer loop
      vertex 3.25 20.5 52
      vertex 3.25 29.5 52
      vertex 3.25 29.5 51.8
    endloop
  endfacet
  facet normal 0 -1 0
    outer loop
      vertex -3.25 37.5 50
      vertex 3.25 37.5 50
      vertex 3.25 37.5 52
    endloop
  endfacet
  facet normal -1 0 0
    outer loop
      vertex 3.25 20.5 51.8
      vertex 3.25 29.5 51.8
      vertex 3.25 37.5 50
    endloop
  endfacet
  facet normal -1 0 0
    outer loop
      vertex 3.25 29.5 51.8
      vertex 3.25 30.5 51.8
      vertex 3.25 37.5 50
    endloop
  endfacet
  facet normal -1 0 0
    outer loop
      vertex 3.25 30.5 51.8
      vertex 3.25 30.5 52
      vertex 3.25 37.5 50
    endloop
  endfacet
  facet normal -1 0 0
    outer loop
      vertex 3.25 30.5 52
      vertex 3.25 37.5 52
      vertex 3.25 37.5 50
    endloop
  endfacet
  facet normal 0 -1 0
    outer loop
      vertex -10 -37.5 48
      vertex -9.995 -37.5 50
      vertex -10.015770597371045 -37.5 48.25066646712861
    endloop
  endfacet
  facet normal 0 -1 0
    outer loop
      vertex -10.015770597371045 -37.5 48.25066646712861
      vertex -9.995 -37.5 50
      vertex -10.062833677742738 -37.5 48.49737977432971
    endloop
  endfacet
  facet normal 0 -1 0
    outer loop
      vertex -10.062833677742738 -37.5 48.49737977432971
      vertex -9.995 -37.5 50
      vertex -10.140447028223498 -37.5 48.73624910536935
    endloop
  endfacet
  facet normal 0 -1 0
    outer loop
      vertex -11.381966011250105 -37.5 49.90211303259031
      vertex -11.148441416869854 -37.5 49.80965410493204
      vertex -9.995 -37.5 50
    endloop
  endfacet
  facet normal 0 -1 0
    outer loop
      vertex -11.148441416869854 -37.5 49.80965410493204
      vertex -10.928346410042007 -37.5 49.68865585100403
      vertex -9.995 -37.5 50
    endloop
  endfacet
  facet normal 0 -1 0
    outer loop
      vertex -10.247386639912273 -37.5 48.96350734820343
      vertex -9.995 -37.5 50
      vertex -10.381966011250105 -37.5 49.17557050458495
    endloop
  endfacet
  facet normal 0 -1 0
    outer loop
      vertex -10.381966011250105 -37.5 49.17557050458495
      vertex -9.995 -37.5 50
      vertex -10.542062745157176 -37.5 49.36909421185738
    endloop
  endfacet
  facet normal 0 -1 0
    outer loop
      vertex -10.140447028223498 -37.5 48.73624910536935
      vertex -9.995 -37.5 50
      vertex -10.247386639912273 -37.5 48.96350734820343
    endloop
  endfacet
  facet normal 0 -1 0
    outer loop
      vertex -10.542062745157176 -37.5 49.36909421185738
      vertex -9.995 -37.5 50
      vertex -10.72515202050262 -37.5 49.541026485551576
    endloop
  endfacet
  facet normal 0 -1 0
    outer loop
      vertex -10.72515202050262 -37.5 49.541026485551576
      vertex -9.995 -37.5 50
      vertex -10.928346410042007 -37.5 49.68865585100403
    endloop
  endfacet
  facet normal 0 -1 0
    outer loop
      vertex -11.995 -37.5 49.996053456856544
      vertex -11.874418960941373 -37.5 49.996053456856544
      vertex -11.995 -37.5 50
    endloop
  endfacet
  facet normal 0 -1 0
    outer loop
      vertex -11.995 -37.5 50
      vertex -11.874418960941373 -37.5 49.996053456856544
      vertex -9.995 -37.5 50
    endloop
  endfacet
  facet normal 0 -1 0
    outer loop
      vertex -11.874418960941373 -37.5 49.996053456856544
      vertex -11.62523737082855 -37.5 49.96457450145738
      vertex -9.995 -37.5 50
    endloop
  endfacet
  facet normal 0 -1 0
    outer loop
      vertex -11.62523737082855 -37.5 49.96457450145738
      vertex -11.381966011250105 -37.5 49.90211303259031
      vertex -9.995 -37.5 50
    endloop
  endfacet
  facet normal -1 0 0
    outer loop
      vertex -11.995 -37.5 49.996053456856544
      vertex -11.995 -37.5 50
      vertex -11.995 -1 49.996053456856544
    endloop
  endfacet
  facet normal -1 0 0
    outer loop
      vertex -11.995 -37.5 50
      vertex -11.995 -1 50
      vertex -11.995 -1 49.996053456856544
    endloop
  endfacet
  facet normal -1 0 0
    outer loop
      vertex -11.995 1 49.996053456856544
      vertex -11.995 1 50
      vertex -11.995 37.5 49.996053456856544
    endloop
  endfacet
  facet normal -1 0 0
    outer loop
      vertex -11.995 1 50
      vertex -11.995 37.5 50
      vertex -11.995 37.5 49.996053456856544
    endloop
  endfacet
  facet normal 0 1 0
    outer loop
      vertex -10 37.5 48
      vertex -10.015770597371045 37.5 48.25066646712861
      vertex -9.995 37.5 48
    endloop
  endfacet
  facet normal 0 1 0
    outer loop
      vertex -9.995 37.5 48
      vertex -10.015770597371045 37.5 48.25066646712861
      vertex -9.995 37.5 50
    endloop
  endfacet
  facet normal 0 1 0
    outer loop
      vertex -10.015770597371045 37.5 48.25066646712861
      vertex -10.062833677742738 37.5 48.49737977432971
      vertex -9.995 37.5 50
    endloop
  endfacet
  facet normal 0 1 0
    outer loop
      vertex -10.062833677742738 37.5 48.49737977432971
      vertex -10.140447028223498 37.5 48.73624910536935
      vertex -9.995 37.5 50
    endloop
  endfacet
  facet normal 0 1 0
    outer loop
      vertex -11.381966011250105 37.5 49.90211303259031
      vertex -9.995 37.5 50
      vertex -11.148441416869854 37.5 49.80965410493204
    endloop
  endfacet
  facet normal 0 1 0
    outer loop
      vertex -11.148441416869854 37.5 49.80965410493204
      vertex -9.995 37.5 50
      vertex -10.928346410042007 37.5 49.68865585100403
    endloop
  endfacet
  facet normal 0 1 0
    outer loop
      vertex -10.247386639912273 37.5 48.96350734820343
      vertex -10.381966011250105 37.5 49.17557050458495
      vertex -9.995 37.5 50
    endloop
  endfacet
  facet normal 0 1 0
    outer loop
      vertex -10.381966011250105 37.5 49.17557050458495
      vertex -10.542062745157176 37.5 49.36909421185738
      vertex -9.995 37.5 50
    endloop
  endfacet
  facet normal 0 1 0
    outer loop
      vertex -10.140447028223498 37.5 48.73624910536935
      vertex -10.247386639912273 37.5 48.96350734820343
      vertex -9.995 37.5 50
    endloop
  endfacet
  facet normal 0 1 0
    outer loop
      vertex -10.542062745157176 37.5 49.36909421185738
      vertex -10.72515202050262 37.5 49.541026485551576
      vertex -9.995 37.5 50
    endloop
  endfacet
  facet normal 0 1 0
    outer loop
      vertex -10.72515202050262 37.5 49.541026485551576
      vertex -10.928346410042007 37.5 49.68865585100403
      vertex -9.995 37.5 50
    endloop
  endfacet
  facet normal 0 1 0
    outer loop
      vertex -11.995 37.5 49.996053456856544
      vertex -11.995 37.5 50
      vertex -11.874418960941373 37.5 49.996053456856544
    endloop
  endfacet
  facet normal 0 1 0
    outer loop
      vertex -11.995 37.5 50
      vertex -9.995 37.5 50
      vertex -11.874418960941373 37.5 49.996053456856544
    endloop
  endfacet
  facet normal 0 1 0
    outer loop
      vertex -11.874418960941373 37.5 49.996053456856544
      vertex -9.995 37.5 50
      vertex -11.62523737082855 37.5 49.96457450145738
    endloop
  endfacet
  facet normal 0 1 0
    outer loop
      vertex -11.62523737082855 37.5 49.96457450145738
      vertex -9.995 37.5 50
      vertex -11.381966011250105 37.5 49.90211303259031
    endloop
  endfacet
  facet normal 0 -1 0
    outer loop
      vertex 10 -37.5 48
      vertex 10.015770597371045 -37.5 48.25066646712861
      vertex 9.995 -37.5 48
    endloop
  endfacet
  facet normal 0 -1 0
    outer loop
      vertex 9.995 -37.5 48
      vertex 10.015770597371045 -37.5 48.25066646712861
      vertex 9.995 -37.5 50
    endloop
  endfacet
  facet normal 0 -1 0
    outer loop
      vertex 10.015770597371045 -37.5 48.25066646712861
      vertex 10.062833677742738 -37.5 48.49737977432971
      vertex 9.995 -37.5 50
    endloop
  endfacet
  facet normal 0 -1 0
    outer loop
      vertex 10.062833677742738 -37.5 48.49737977432971
      vertex 10.140447028223496 -37.5 48.73624910536935
      vertex 9.995 -37.5 50
    endloop
  endfacet
  facet normal 0 -1 0
    outer loop
      vertex 10.140447028223496 -37.5 48.73624910536935
      vertex 10.247386639912273 -37.5 48.96350734820343
      vertex 9.995 -37.5 50
    endloop
  endfacet
  facet normal 0 -1 0
    outer loop
      vertex 10.247386639912273 -37.5 48.96350734820343
      vertex 10.381966011250105 -37.5 49.17557050458495
      vertex 9.995 -37.5 50
    endloop
  endfacet
  facet normal 0 -1 0
    outer loop
      vertex 10.381966011250105 -37.5 49.17557050458495
      vertex 10.542062745157176 -37.5 49.36909421185737
      vertex 9.995 -37.5 50
    endloop
  endfacet
  facet normal 0 -1 0
    outer loop
      vertex 10.542062745157176 -37.5 49.36909421185737
      vertex 10.725152020502621 -37.5 49.541026485551576
      vertex 9.995 -37.5 50
    endloop
  endfacet
  facet normal 0 -1 0
    outer loop
      vertex 9.995 -37.5 50
      vertex 10.725152020502621 -37.5 49.541026485551576
      vertex 10.928346410042007 -37.5 49.68865585100403
    endloop
  endfacet
  facet normal 0 -1 0
    outer loop
      vertex 9.995 -37.5 50
      vertex 10.928346410042007 -37.5 49.68865585100403
      vertex 11.148441416869854 -37.5 49.80965410493204
    endloop
  endfacet
  facet normal 0 -1 0
    outer loop
      vertex 9.995 -37.5 50
      vertex 11.148441416869854 -37.5 49.80965410493204
      vertex 11.381966011250105 -37.5 49.90211303259031
    endloop
  endfacet
  facet normal 0 -1 0
    outer loop
      vertex 9.995 -37.5 50
      vertex 11.381966011250105 -37.5 49.90211303259031
      vertex 11.62523737082855 -37.5 49.96457450145738
    endloop
  endfacet
  facet normal 0 -1 0
    outer loop
      vertex 9.995 -37.5 50
      vertex 11.62523737082855 -37.5 49.96457450145738
      vertex 11.874418960941373 -37.5 49.996053456856544
    endloop
  endfacet
  facet normal 0 -1 0
    outer loop
      vertex 9.995 -37.5 50
      vertex 11.874418960941373 -37.5 49.996053456856544
      vertex 11.995 -37.5 50
    endloop
  endfacet
  facet normal 0 -1 0
    outer loop
      vertex 11.874418960941373 -37.5 49.996053456856544
      vertex 11.995 -37.5 49.996053456856544
      vertex 11.995 -37.5 50
    endloop
  endfacet
  facet normal 1 0 0
    outer loop
      vertex 11.995 -37.5 49.996053456856544
      vertex 11.995 -1 50
      vertex 11.995 -37.5 50
    endloop
  endfacet
  facet normal 1 0 0
    outer loop
      vertex 11.995 -37.5 49.996053456856544
      vertex 11.995 -1 49.996053456856544
      vertex 11.995 -1 50
    endloop
  endfacet
  facet normal 1 0 0
    outer loop
      vertex 11.995 1 49.996053456856544
      vertex 11.995 37.5 50
      vertex 11.995 1 50
    endloop
  endfacet
  facet normal 1 0 0
    outer loop
      vertex 11.995 1 49.996053456856544
      vertex 11.995 37.5 49.996053456856544
      vertex 11.995 37.5 50
    endloop
  endfacet
  facet normal 0 1 0
    outer loop
      vertex 10 37.5 48
      vertex 9.995 37.5 50
      vertex 10.015770597371045 37.5 48.25066646712861
    endloop
  endfacet
  facet normal 0 1 0
    outer loop
      vertex 10.015770597371045 37.5 48.25066646712861
      vertex 9.995 37.5 50
      vertex 10.062833677742738 37.5 48.49737977432971
    endloop
  endfacet
  facet normal 0 1 0
    outer loop
      vertex 10.062833677742738 37.5 48.49737977432971
      vertex 9.995 37.5 50
      vertex 10.140447028223496 37.5 48.73624910536935
    endloop
  endfacet
  facet normal 0 1 0
    outer loop
      vertex 10.140447028223496 37.5 48.73624910536935
      vertex 9.995 37.5 50
      vertex 10.247386639912273 37.5 48.96350734820343
    endloop
  endfacet
  facet normal 0 1 0
    outer loop
      vertex 10.247386639912273 37.5 48.96350734820343
      vertex 9.995 37.5 50
      vertex 10.381966011250105 37.5 49.17557050458495
    endloop
  endfacet
  facet normal 0 1 0
    outer loop
      vertex 10.381966011250105 37.5 49.17557050458495
      vertex 9.995 37.5 50
      vertex 10.542062745157176 37.5 49.36909421185737
    endloop
  endfacet
  facet normal 0 1 0
    outer loop
      vertex 10.542062745157176 37.5 49.36909421185737
      vertex 9.995 37.5 50
      vertex 10.725152020502621 37.5 49.541026485551576
    endloop
  endfacet
  facet normal 0 1 0
    outer loop
      vertex 9.995 37.5 50
      vertex 10.928346410042007 37.5 49.68865585100403
      vertex 10.725152020502621 37.5 49.541026485551576
    endloop
  endfacet
  facet normal 0 1 0
    outer loop
      vertex 9.995 37.5 50
      vertex 11.148441416869854 37.5 49.80965410493204
      vertex 10.928346410042007 37.5 49.68865585100403
    endloop
  endfacet
  facet normal 0 1 0
    outer loop
      vertex 9.995 37.5 50
      vertex 11.381966011250105 37.5 49.90211303259031
      vertex 11.148441416869854 37.5 49.80965410493204
    endloop
  endfacet
  facet normal 0 1 0
    outer loop
      vertex 9.995 37.5 50
      vertex 11.62523737082855 37.5 49.96457450145738
      vertex 11.381966011250105 37.5 49.90211303259031
    endloop
  endfacet
  facet normal 0 1 0
    outer loop
      vertex 9.995 37.5 50
      vertex 11.874418960941373 37.5 49.996053456856544
      vertex 11.62523737082855 37.5 49.96457450145738
    endloop
  endfacet
  facet normal 0 1 0
    outer loop
      vertex 9.995 37.5 50
      vertex 11.995 37.5 50
      vertex 11.874418960941373 37.5 49.996053456856544
    endloop
  endfacet
  facet normal 0 1 0
    outer loop
      vertex 11.874418960941373 37.5 49.996053456856544
      vertex 11.995 37.5 50
      vertex 11.995 37.5 49.996053456856544
    endloop
  endfacet
  facet normal -0.9980267284282714 0 -0.0627905195293152
    outer loop
      vertex -10 -37.5 48
      vertex -10.015770597371045 -37.5 48.25066646712861
      vertex -10 -1 48
    endloop
  endfacet
  facet normal -0.9822872507286887 0 -0.187381314585725
    outer loop
      vertex -10.015770597371045 -37.5 48.25066646712861
      vertex -10.062833677742738 -37.5 48.49737977432971
      vertex -10.015770597371045 -1 48.25066646712861
    endloop
  endfacet
  facet normal -0.9980267284282714 0 -0.0627905195293152
    outer loop
      vertex -10.015770597371045 -37.5 48.25066646712861
      vertex -10.015770597371045 -1 48.25066646712861
      vertex -10 -1 48
    endloop
  endfacet
  facet normal -0.9822872507286887 0 -0.187381314585725
    outer loop
      vertex -10.062833677742738 -37.5 48.49737977432971
      vertex -10.062833677742738 -1 48.49737977432971
      vertex -10.015770597371045 -1 48.25066646712861
    endloop
  endfacet
  facet normal -0.9048270524660214 0 -0.42577929156506883
    outer loop
      vertex -10.140447028223498 -37.5 48.73624910536935
      vertex -10.247386639912273 -37.5 48.96350734820343
      vertex -10.140447028223498 -1 48.73624910536935
    endloop
  endfacet
  facet normal -0.9510565162951519 0 -0.3090169943749525
    outer loop
      vertex -10.062833677742738 -37.5 48.49737977432971
      vertex -10.140447028223498 -37.5 48.73624910536935
      vertex -10.062833677742738 -1 48.49737977432971
    endloop
  endfacet
  facet normal -0.8443279255020183 0 -0.5358267949789915
    outer loop
      vertex -10.247386639912273 -37.5 48.96350734820343
      vertex -10.381966011250105 -37.5 49.17557050458495
      vertex -10.247386639912273 -1 48.96350734820343
    endloop
  endfacet
  facet normal -0.6845471059286792 0 -0.7289686274214207
    outer loop
      vertex -10.542062745157176 -37.5 49.36909421185738
      vertex -10.72515202050262 -37.5 49.541026485551576
      vertex -10.542062745157176 -1 49.36909421185738
    endloop
  endfacet
  facet normal -0.48175367410171255 0 -0.8763066800438651
    outer loop
      vertex -11.148441416869854 -37.5 49.80965410493204
      vertex -10.928346410042007 -1 49.68865585100403
      vertex -10.928346410042007 -37.5 49.68865585100403
    endloop
  endfacet
  facet normal -0.36812455268468675 0 -0.9297764858882479
    outer loop
      vertex -11.381966011250105 -37.5 49.90211303259031
      vertex -11.148441416869854 -1 49.80965410493204
      vertex -11.148441416869854 -37.5 49.80965410493204
    endloop
  endfacet
  facet normal -0.5877852522924731 0 -0.8090169943749473
    outer loop
      vertex -10.72515202050262 -37.5 49.541026485551576
      vertex -10.928346410042007 -37.5 49.68865585100403
      vertex -10.72515202050262 -1 49.541026485551576
    endloop
  endfacet
  facet normal -0.7705132427757938 0 -0.6374239897486841
    outer loop
      vertex -10.381966011250105 -37.5 49.17557050458495
      vertex -10.542062745157176 -37.5 49.36909421185738
      vertex -10.381966011250105 -1 49.17557050458495
    endloop
  endfacet
  facet normal 0 0 -1
    outer loop
      vertex -11.995 -37.5 49.996053456856544
      vertex -11.874418960941373 -1 49.996053456856544
      vertex -11.874418960941373 -37.5 49.996053456856544
    endloop
  endfacet
  facet normal -0.1253332335643047 0 -0.9921147013144779
    outer loop
      vertex -11.874418960941373 -37.5 49.996053456856544
      vertex -11.62523737082855 -1 49.96457450145738
      vertex -11.62523737082855 -37.5 49.96457450145738
    endloop
  endfacet
  facet normal -0.24868988716485574 0 -0.9685831611286309
    outer loop
      vertex -11.62523737082855 -37.5 49.96457450145738
      vertex -11.381966011250105 -1 49.90211303259031
      vertex -11.381966011250105 -37.5 49.90211303259031
    endloop
  endfacet
  facet normal -0.9510565162951519 0 -0.3090169943749525
    outer loop
      vertex -10.140447028223498 -37.5 48.73624910536935
      vertex -10.140447028223498 -1 48.73624910536935
      vertex -10.062833677742738 -1 48.49737977432971
    endloop
  endfacet
  facet normal -0.9048270524660214 0 -0.42577929156506883
    outer loop
      vertex -10.247386639912273 -37.5 48.96350734820343
      vertex -10.247386639912273 -1 48.96350734820343
      vertex -10.140447028223498 -1 48.73624910536935
    endloop
  endfacet
  facet normal -0.8443279255020183 0 -0.5358267949789915
    outer loop
      vertex -10.381966011250105 -37.5 49.17557050458495
      vertex -10.381966011250105 -1 49.17557050458495
      vertex -10.247386639912273 -1 48.96350734820343
    endloop
  endfacet
  facet normal -0.6845471059286792 0 -0.7289686274214207
    outer loop
      vertex -10.72515202050262 -37.5 49.541026485551576
      vertex -10.72515202050262 -1 49.541026485551576
      vertex -10.542062745157176 -1 49.36909421185738
    endloop
  endfacet
  facet normal -0.36812455268468675 0 -0.9297764858882479
    outer loop
      vertex -11.381966011250105 -37.5 49.90211303259031
      vertex -11.381966011250105 -1 49.90211303259031
      vertex -11.148441416869854 -1 49.80965410493204
    endloop
  endfacet
  facet normal -0.48175367410171255 0 -0.8763066800438651
    outer loop
      vertex -11.148441416869854 -37.5 49.80965410493204
      vertex -11.148441416869854 -1 49.80965410493204
      vertex -10.928346410042007 -1 49.68865585100403
    endloop
  endfacet
  facet normal -0.5877852522924731 0 -0.8090169943749473
    outer loop
      vertex -10.928346410042007 -37.5 49.68865585100403
      vertex -10.928346410042007 -1 49.68865585100403
      vertex -10.72515202050262 -1 49.541026485551576
    endloop
  endfacet
  facet normal -0.7705132427757938 0 -0.6374239897486841
    outer loop
      vertex -10.542062745157176 -37.5 49.36909421185738
      vertex -10.542062745157176 -1 49.36909421185738
      vertex -10.381966011250105 -1 49.17557050458495
    endloop
  endfacet
  facet normal 0 0 -1
    outer loop
      vertex -11.995 -37.5 49.996053456856544
      vertex -11.995 -1 49.996053456856544
      vertex -11.874418960941373 -1 49.996053456856544
    endloop
  endfacet
  facet normal -0.1253332335643047 0 -0.9921147013144779
    outer loop
      vertex -11.874418960941373 -37.5 49.996053456856544
      vertex -11.874418960941373 -1 49.996053456856544
      vertex -11.62523737082855 -1 49.96457450145738
    endloop
  endfacet
  facet normal -0.24868988716485574 0 -0.9685831611286309
    outer loop
      vertex -11.62523737082855 -37.5 49.96457450145738
      vertex -11.62523737082855 -1 49.96457450145738
      vertex -11.381966011250105 -1 49.90211303259031
    endloop
  endfacet
  facet normal -0.9980267284282714 0 -0.0627905195293152
    outer loop
      vertex -10 1 48
      vertex -10.015770597371045 1 48.25066646712861
      vertex -10 37.5 48
    endloop
  endfacet
  facet normal -0.9822872507286887 0 -0.187381314585725
    outer loop
      vertex -10.015770597371045 1 48.25066646712861
      vertex -10.062833677742738 1 48.49737977432971
      vertex -10.015770597371045 37.5 48.25066646712861
    endloop
  endfacet
  facet normal -0.9980267284282714 0 -0.0627905195293152
    outer loop
      vertex -10.015770597371045 1 48.25066646712861
      vertex -10.015770597371045 37.5 48.25066646712861
      vertex -10 37.5 48
    endloop
  endfacet
  facet normal -0.9822872507286887 0 -0.187381314585725
    outer loop
      vertex -10.062833677742738 1 48.49737977432971
      vertex -10.062833677742738 37.5 48.49737977432971
      vertex -10.015770597371045 37.5 48.25066646712861
    endloop
  endfacet
  facet normal -0.9048270524660214 0 -0.42577929156506883
    outer loop
      vertex -10.140447028223498 1 48.73624910536935
      vertex -10.247386639912273 1 48.96350734820343
      vertex -10.140447028223498 37.5 48.73624910536935
    endloop
  endfacet
  facet normal -0.9510565162951519 0 -0.3090169943749525
    outer loop
      vertex -10.062833677742738 1 48.49737977432971
      vertex -10.140447028223498 1 48.73624910536935
      vertex -10.062833677742738 37.5 48.49737977432971
    endloop
  endfacet
  facet normal -0.8443279255020183 0 -0.5358267949789915
    outer loop
      vertex -10.247386639912273 1 48.96350734820343
      vertex -10.381966011250105 1 49.17557050458495
      vertex -10.247386639912273 37.5 48.96350734820343
    endloop
  endfacet
  facet normal -0.6845471059286792 0 -0.7289686274214207
    outer loop
      vertex -10.542062745157176 1 49.36909421185738
      vertex -10.72515202050262 1 49.541026485551576
      vertex -10.542062745157176 37.5 49.36909421185738
    endloop
  endfacet
  facet normal -0.48175367410171255 0 -0.8763066800438651
    outer loop
      vertex -11.148441416869854 1 49.80965410493204
      vertex -10.928346410042007 37.5 49.68865585100403
      vertex -10.928346410042007 1 49.68865585100403
    endloop
  endfacet
  facet normal -0.36812455268468675 0 -0.9297764858882479
    outer loop
      vertex -11.381966011250105 1 49.90211303259031
      vertex -11.148441416869854 37.5 49.80965410493204
      vertex -11.148441416869854 1 49.80965410493204
    endloop
  endfacet
  facet normal -0.5877852522924731 0 -0.8090169943749473
    outer loop
      vertex -10.72515202050262 1 49.541026485551576
      vertex -10.928346410042007 1 49.68865585100403
      vertex -10.72515202050262 37.5 49.541026485551576
    endloop
  endfacet
  facet normal -0.7705132427757938 0 -0.6374239897486841
    outer loop
      vertex -10.381966011250105 1 49.17557050458495
      vertex -10.542062745157176 1 49.36909421185738
      vertex -10.381966011250105 37.5 49.17557050458495
    endloop
  endfacet
  facet normal 0 0 -1
    outer loop
      vertex -11.995 1 49.996053456856544
      vertex -11.874418960941373 37.5 49.996053456856544
      vertex -11.874418960941373 1 49.996053456856544
    endloop
  endfacet
  facet normal -0.1253332335643047 0 -0.9921147013144779
    outer loop
      vertex -11.874418960941373 1 49.996053456856544
      vertex -11.874418960941373 37.5 49.996053456856544
      vertex -11.62523737082855 1 49.96457450145738
    endloop
  endfacet
  facet normal -0.24868988716485574 0 -0.9685831611286309
    outer loop
      vertex -11.62523737082855 1 49.96457450145738
      vertex -11.381966011250105 37.5 49.90211303259031
      vertex -11.381966011250105 1 49.90211303259031
    endloop
  endfacet
  facet normal -0.9510565162951519 0 -0.3090169943749525
    outer loop
      vertex -10.140447028223498 1 48.73624910536935
      vertex -10.140447028223498 37.5 48.73624910536935
      vertex -10.062833677742738 37.5 48.49737977432971
    endloop
  endfacet
  facet normal -0.9048270524660214 0 -0.42577929156506883
    outer loop
      vertex -10.247386639912273 1 48.96350734820343
      vertex -10.247386639912273 37.5 48.96350734820343
      vertex -10.140447028223498 37.5 48.73624910536935
    endloop
  endfacet
  facet normal -0.8443279255020183 0 -0.5358267949789915
    outer loop
      vertex -10.381966011250105 1 49.17557050458495
      vertex -10.381966011250105 37.5 49.17557050458495
      vertex -10.247386639912273 37.5 48.96350734820343
    endloop
  endfacet
  facet normal -0.6845471059286792 0 -0.7289686274214207
    outer loop
      vertex -10.72515202050262 1 49.541026485551576
      vertex -10.72515202050262 37.5 49.541026485551576
      vertex -10.542062745157176 37.5 49.36909421185738
    endloop
  endfacet
  facet normal -0.36812455268468675 0 -0.9297764858882479
    outer loop
      vertex -11.381966011250105 1 49.90211303259031
      vertex -11.381966011250105 37.5 49.90211303259031
      vertex -11.148441416869854 37.5 49.80965410493204
    endloop
  endfacet
  facet normal -0.48175367410171255 0 -0.8763066800438651
    outer loop
      vertex -11.148441416869854 1 49.80965410493204
      vertex -11.148441416869854 37.5 49.80965410493204
      vertex -10.928346410042007 37.5 49.68865585100403
    endloop
  endfacet
  facet normal -0.5877852522924731 0 -0.8090169943749473
    outer loop
      vertex -10.928346410042007 1 49.68865585100403
      vertex -10.928346410042007 37.5 49.68865585100403
      vertex -10.72515202050262 37.5 49.541026485551576
    endloop
  endfacet
  facet normal -0.7705132427757938 0 -0.6374239897486841
    outer loop
      vertex -10.542062745157176 1 49.36909421185738
      vertex -10.542062745157176 37.5 49.36909421185738
      vertex -10.381966011250105 37.5 49.17557050458495
    endloop
  endfacet
  facet normal 0 0 -1
    outer loop
      vertex -11.995 1 49.996053456856544
      vertex -11.995 37.5 49.996053456856544
      vertex -11.874418960941373 37.5 49.996053456856544
    endloop
  endfacet
  facet normal -0.1253332335643047 0 -0.9921147013144779
    outer loop
      vertex -11.62523737082855 1 49.96457450145738
      vertex -11.874418960941373 37.5 49.996053456856544
      vertex -11.62523737082855 37.5 49.96457450145738
    endloop
  endfacet
  facet normal -0.24868988716485574 0 -0.9685831611286309
    outer loop
      vertex -11.62523737082855 1 49.96457450145738
      vertex -11.62523737082855 37.5 49.96457450145738
      vertex -11.381966011250105 37.5 49.90211303259031
    endloop
  endfacet
  facet normal 0.9980267284282714 0 -0.0627905195293152
    outer loop
      vertex 10 -37.5 48
      vertex 10.015770597371045 -1 48.25066646712861
      vertex 10.015770597371045 -37.5 48.25066646712861
    endloop
  endfacet
  facet normal 0.9822872507286887 0 -0.187381314585725
    outer loop
      vertex 10.015770597371045 -37.5 48.25066646712861
      vertex 10.062833677742738 -1 48.49737977432971
      vertex 10.062833677742738 -37.5 48.49737977432971
    endloop
  endfacet
  facet normal 0.9980267284282714 0 -0.0627905195293152
    outer loop
      vertex 10 -37.5 48
      vertex 10 -1 48
      vertex 10.015770597371045 -1 48.25066646712861
    endloop
  endfacet
  facet normal 0.9822872507286887 0 -0.187381314585725
    outer loop
      vertex 10.015770597371045 -37.5 48.25066646712861
      vertex 10.015770597371045 -1 48.25066646712861
      vertex 10.062833677742738 -1 48.49737977432971
    endloop
  endfacet
  facet normal 0.9510565162951541 0 -0.3090169943749462
    outer loop
      vertex 10.062833677742738 -37.5 48.49737977432971
      vertex 10.140447028223496 -1 48.73624910536935
      vertex 10.140447028223496 -37.5 48.73624910536935
    endloop
  endfacet
  facet normal 0.9048270524660186 0 -0.4257792915650746
    outer loop
      vertex 10.140447028223496 -37.5 48.73624910536935
      vertex 10.247386639912273 -1 48.96350734820343
      vertex 10.247386639912273 -37.5 48.96350734820343
    endloop
  endfacet
  facet normal 0.8443279255020183 0 -0.5358267949789915
    outer loop
      vertex 10.247386639912273 -37.5 48.96350734820343
      vertex 10.381966011250105 -1 49.17557050458495
      vertex 10.381966011250105 -37.5 49.17557050458495
    endloop
  endfacet
  facet normal 0.7705132427757824 0 -0.6374239897486981
    outer loop
      vertex 10.381966011250105 -37.5 49.17557050458495
      vertex 10.542062745157176 -1 49.36909421185737
      vertex 10.542062745157176 -37.5 49.36909421185737
    endloop
  endfacet
  facet normal 0.6845471059286907 0 -0.7289686274214098
    outer loop
      vertex 10.542062745157176 -37.5 49.36909421185737
      vertex 10.725152020502621 -1 49.541026485551576
      vertex 10.725152020502621 -37.5 49.541026485551576
    endloop
  endfacet
  facet normal 0.5877852522924766 0 -0.8090169943749449
    outer loop
      vertex 10.725152020502621 -37.5 49.541026485551576
      vertex 10.928346410042007 -1 49.68865585100403
      vertex 10.928346410042007 -37.5 49.68865585100403
    endloop
  endfacet
  facet normal 0.48175367410171255 0 -0.8763066800438651
    outer loop
      vertex 10.928346410042007 -37.5 49.68865585100403
      vertex 11.148441416869854 -1 49.80965410493204
      vertex 11.148441416869854 -37.5 49.80965410493204
    endloop
  endfacet
  facet normal 0.36812455268468675 0 -0.9297764858882479
    outer loop
      vertex 11.148441416869854 -37.5 49.80965410493204
      vertex 11.381966011250105 -1 49.90211303259031
      vertex 11.381966011250105 -37.5 49.90211303259031
    endloop
  endfacet
  facet normal 0.24868988716485574 0 -0.9685831611286309
    outer loop
      vertex 11.381966011250105 -37.5 49.90211303259031
      vertex 11.62523737082855 -1 49.96457450145738
      vertex 11.62523737082855 -37.5 49.96457450145738
    endloop
  endfacet
  facet normal 0.1253332335643047 0 -0.9921147013144779
    outer loop
      vertex 11.62523737082855 -37.5 49.96457450145738
      vertex 11.62523737082855 -1 49.96457450145738
      vertex 11.874418960941373 -37.5 49.996053456856544
    endloop
  endfacet
  facet normal 0 0 -1
    outer loop
      vertex 11.874418960941373 -37.5 49.996053456856544
      vertex 11.995 -1 49.996053456856544
      vertex 11.995 -37.5 49.996053456856544
    endloop
  endfacet
  facet normal 0.9510565162951541 0 -0.3090169943749462
    outer loop
      vertex 10.062833677742738 -37.5 48.49737977432971
      vertex 10.062833677742738 -1 48.49737977432971
      vertex 10.140447028223496 -1 48.73624910536935
    endloop
  endfacet
  facet normal 0.9048270524660186 0 -0.4257792915650746
    outer loop
      vertex 10.140447028223496 -37.5 48.73624910536935
      vertex 10.140447028223496 -1 48.73624910536935
      vertex 10.247386639912273 -1 48.96350734820343
    endloop
  endfacet
  facet normal 0.8443279255020183 0 -0.5358267949789915
    outer loop
      vertex 10.247386639912273 -37.5 48.96350734820343
      vertex 10.247386639912273 -1 48.96350734820343
      vertex 10.381966011250105 -1 49.17557050458495
    endloop
  endfacet
  facet normal 0.7705132427757824 0 -0.6374239897486981
    outer loop
      vertex 10.381966011250105 -37.5 49.17557050458495
      vertex 10.381966011250105 -1 49.17557050458495
      vertex 10.542062745157176 -1 49.36909421185737
    endloop
  endfacet
  facet normal 0.6845471059286907 0 -0.7289686274214098
    outer loop
      vertex 10.542062745157176 -37.5 49.36909421185737
      vertex 10.542062745157176 -1 49.36909421185737
      vertex 10.725152020502621 -1 49.541026485551576
    endloop
  endfacet
  facet normal 0.5877852522924766 0 -0.8090169943749449
    outer loop
      vertex 10.725152020502621 -37.5 49.541026485551576
      vertex 10.725152020502621 -1 49.541026485551576
      vertex 10.928346410042007 -1 49.68865585100403
    endloop
  endfacet
  facet normal 0.48175367410171255 0 -0.8763066800438651
    outer loop
      vertex 10.928346410042007 -37.5 49.68865585100403
      vertex 10.928346410042007 -1 49.68865585100403
      vertex 11.148441416869854 -1 49.80965410493204
    endloop
  endfacet
  facet normal 0.36812455268468675 0 -0.9297764858882479
    outer loop
      vertex 11.148441416869854 -37.5 49.80965410493204
      vertex 11.148441416869854 -1 49.80965410493204
      vertex 11.381966011250105 -1 49.90211303259031
    endloop
  endfacet
  facet normal 0.24868988716485574 0 -0.9685831611286309
    outer loop
      vertex 11.381966011250105 -37.5 49.90211303259031
      vertex 11.381966011250105 -1 49.90211303259031
      vertex 11.62523737082855 -1 49.96457450145738
    endloop
  endfacet
  facet normal 0.1253332335643047 0 -0.9921147013144779
    outer loop
      vertex 11.874418960941373 -37.5 49.996053456856544
      vertex 11.62523737082855 -1 49.96457450145738
      vertex 11.874418960941373 -1 49.996053456856544
    endloop
  endfacet
  facet normal 0 0 -1
    outer loop
      vertex 11.874418960941373 -37.5 49.996053456856544
      vertex 11.874418960941373 -1 49.996053456856544
      vertex 11.995 -1 49.996053456856544
    endloop
  endfacet
  facet normal 0.9980267284282714 0 -0.0627905195293152
    outer loop
      vertex 10 1 48
      vertex 10.015770597371045 37.5 48.25066646712861
      vertex 10.015770597371045 1 48.25066646712861
    endloop
  endfacet
  facet normal 0.9822872507286887 0 -0.187381314585725
    outer loop
      vertex 10.015770597371045 1 48.25066646712861
      vertex 10.062833677742738 37.5 48.49737977432971
      vertex 10.062833677742738 1 48.49737977432971
    endloop
  endfacet
  facet normal 0.9980267284282714 0 -0.0627905195293152
    outer loop
      vertex 10 1 48
      vertex 10 37.5 48
      vertex 10.015770597371045 37.5 48.25066646712861
    endloop
  endfacet
  facet normal 0.9822872507286887 0 -0.187381314585725
    outer loop
      vertex 10.015770597371045 1 48.25066646712861
      vertex 10.015770597371045 37.5 48.25066646712861
      vertex 10.062833677742738 37.5 48.49737977432971
    endloop
  endfacet
  facet normal 0.9510565162951541 0 -0.3090169943749462
    outer loop
      vertex 10.062833677742738 1 48.49737977432971
      vertex 10.140447028223496 37.5 48.73624910536935
      vertex 10.140447028223496 1 48.73624910536935
    endloop
  endfacet
  facet normal 0.9048270524660186 0 -0.4257792915650746
    outer loop
      vertex 10.140447028223496 1 48.73624910536935
      vertex 10.247386639912273 37.5 48.96350734820343
      vertex 10.247386639912273 1 48.96350734820343
    endloop
  endfacet
  facet normal 0.8443279255020183 0 -0.5358267949789915
    outer loop
      vertex 10.247386639912273 1 48.96350734820343
      vertex 10.381966011250105 37.5 49.17557050458495
      vertex 10.381966011250105 1 49.17557050458495
    endloop
  endfacet
  facet normal 0.7705132427757824 0 -0.6374239897486981
    outer loop
      vertex 10.381966011250105 1 49.17557050458495
      vertex 10.542062745157176 37.5 49.36909421185737
      vertex 10.542062745157176 1 49.36909421185737
    endloop
  endfacet
  facet normal 0.6845471059286907 0 -0.7289686274214098
    outer loop
      vertex 10.542062745157176 1 49.36909421185737
      vertex 10.725152020502621 37.5 49.541026485551576
      vertex 10.725152020502621 1 49.541026485551576
    endloop
  endfacet
  facet normal 0.5877852522924766 0 -0.8090169943749449
    outer loop
      vertex 10.725152020502621 1 49.541026485551576
      vertex 10.928346410042007 37.5 49.68865585100403
      vertex 10.928346410042007 1 49.68865585100403
    endloop
  endfacet
  facet normal 0.48175367410171255 0 -0.8763066800438651
    outer loop
      vertex 10.928346410042007 1 49.68865585100403
      vertex 11.148441416869854 37.5 49.80965410493204
      vertex 11.148441416869854 1 49.80965410493204
    endloop
  endfacet
  facet normal 0.36812455268468675 0 -0.9297764858882479
    outer loop
      vertex 11.148441416869854 1 49.80965410493204
      vertex 11.381966011250105 37.5 49.90211303259031
      vertex 11.381966011250105 1 49.90211303259031
    endloop
  endfacet
  facet normal 0.24868988716485574 0 -0.9685831611286309
    outer loop
      vertex 11.381966011250105 1 49.90211303259031
      vertex 11.62523737082855 37.5 49.96457450145738
      vertex 11.62523737082855 1 49.96457450145738
    endloop
  endfacet
  facet normal 0.1253332335643047 0 -0.9921147013144779
    outer loop
      vertex 11.62523737082855 1 49.96457450145738
      vertex 11.874418960941373 37.5 49.996053456856544
      vertex 11.874418960941373 1 49.996053456856544
    endloop
  endfacet
  facet normal 0 0 -1
    outer loop
      vertex 11.874418960941373 1 49.996053456856544
      vertex 11.995 37.5 49.996053456856544
      vertex 11.995 1 49.996053456856544
    endloop
  endfacet
  facet normal 0.9510565162951541 0 -0.3090169943749462
    outer loop
      vertex 10.062833677742738 1 48.49737977432971
      vertex 10.062833677742738 37.5 48.49737977432971
      vertex 10.140447028223496 37.5 48.73624910536935
    endloop
  endfacet
  facet normal 0.9048270524660186 0 -0.4257792915650746
    outer loop
      vertex 10.140447028223496 1 48.73624910536935
      vertex 10.140447028223496 37.5 48.73624910536935
      vertex 10.247386639912273 37.5 48.96350734820343
    endloop
  endfacet
  facet normal 0.8443279255020183 0 -0.5358267949789915
    outer loop
      vertex 10.247386639912273 1 48.96350734820343
      vertex 10.247386639912273 37.5 48.96350734820343
      vertex 10.381966011250105 37.5 49.17557050458495
    endloop
  endfacet
  facet normal 0.7705132427757824 0 -0.6374239897486981
    outer loop
      vertex 10.381966011250105 1 49.17557050458495
      vertex 10.381966011250105 37.5 49.17557050458495
      vertex 10.542062745157176 37.5 49.36909421185737
    endloop
  endfacet
  facet normal 0.6845471059286907 0 -0.7289686274214098
    outer loop
      vertex 10.542062745157176 1 49.36909421185737
      vertex 10.542062745157176 37.5 49.36909421185737
      vertex 10.725152020502621 37.5 49.541026485551576
    endloop
  endfacet
  facet normal 0.5877852522924766 0 -0.8090169943749449
    outer loop
      vertex 10.725152020502621 1 49.541026485551576
      vertex 10.725152020502621 37.5 49.541026485551576
      vertex 10.928346410042007 37.5 49.68865585100403
    endloop
  endfacet
  facet normal 0.48175367410171255 0 -0.8763066800438651
    outer loop
      vertex 10.928346410042007 1 49.68865585100403
      vertex 10.928346410042007 37.5 49.68865585100403
      vertex 11.148441416869854 37.5 49.80965410493204
    endloop
  endfacet
  facet normal 0.36812455268468675 0 -0.9297764858882479
    outer loop
      vertex 11.148441416869854 1 49.80965410493204
      vertex 11.148441416869854 37.5 49.80965410493204
      vertex 11.381966011250105 37.5 49.90211303259031
    endloop
  endfacet
  facet normal 0.24868988716485574 0 -0.9685831611286309
    outer loop
      vertex 11.381966011250105 1 49.90211303259031
      vertex 11.381966011250105 37.5 49.90211303259031
      vertex 11.62523737082855 37.5 49.96457450145738
    endloop
  endfacet
  facet normal 0.1253332335643047 0 -0.9921147013144779
    outer loop
      vertex 11.62523737082855 1 49.96457450145738
      vertex 11.62523737082855 37.5 49.96457450145738
      vertex 11.874418960941373 37.5 49.996053456856544
    endloop
  endfacet
  facet normal 0 0 -1
    outer loop
      vertex 11.874418960941373 1 49.996053456856544
      vertex 11.874418960941373 37.5 49.996053456856544
      vertex 11.995 37.5 49.996053456856544
    endloop
  endfacet
  facet normal 0 -1 0
    outer loop
      vertex -10 -37.5 35.5
      vertex -5.5 -37.5 36
      vertex -5.5 -37.5 38
    endloop
  endfacet
  facet normal 0 -1 0
    outer loop
      vertex -10 -37.5 35.5
      vertex 10 -37.5 35.5
      vertex -5.5 -37.5 36
    endloop
  endfacet
  facet normal 0 -1 0
    outer loop
      vertex -10 -37.5 35.5
      vertex -5.5 -37.5 38
      vertex -7 -37.5 39.5
    endloop
  endfacet
  facet normal 0 -1 0
    outer loop
      vertex -10 -37.5 35.5
      vertex -7 -37.5 39.5
      vertex -7 -37.5 42.5
    endloop
  endfacet
  facet normal 0 -1 0
    outer loop
      vertex -10 -37.5 35.5
      vertex -7 -37.5 42.5
      vertex -10 -37.5 48
    endloop
  endfacet
  facet normal 0 0 -1
    outer loop
      vertex -10 -37.5 35.5
      vertex -10 -1 35.5
      vertex -0.2666666666666657 -1 35.5
    endloop
  endfacet
  facet normal 0 0 -1
    outer loop
      vertex -10 -37.5 35.5
      vertex -0.2666666666666657 -1 35.5
      vertex 10 -37.5 35.5
    endloop
  endfacet
  facet normal -1 0 0
    outer loop
      vertex -10 -37.5 35.5
      vertex -10 -37.5 48
      vertex -10 -1 35.5
    endloop
  endfacet
  facet normal 0 -1 0
    outer loop
      vertex -7 -37.5 42.5
      vertex -5.5 -37.5 42.5
      vertex -10 -37.5 48
    endloop
  endfacet
  facet normal 0 -1 0
    outer loop
      vertex -5.5 -37.5 42.5
      vertex -5.5 -37.5 50
      vertex -10 -37.5 48
    endloop
  endfacet
  facet normal 0 -1 0
    outer loop
      vertex -10 -37.5 48
      vertex -5.5 -37.5 50
      vertex -9.995 -37.5 50
    endloop
  endfacet
  facet normal -1 0 0
    outer loop
      vertex -10 -1 35.5
      vertex -10 -37.5 48
      vertex -10 -1 48
    endloop
  endfacet
  facet normal 0 0 -1
    outer loop
      vertex -10 1 35.5
      vertex -10 37.5 35.5
      vertex 0.2666666666666657 1 35.5
    endloop
  endfacet
  facet normal -1 0 0
    outer loop
      vertex -10 1 35.5
      vertex -10 1 48
      vertex -10 37.5 35.5
    endloop
  endfacet
  facet normal 0 1 0
    outer loop
      vertex -10 37.5 35.5
      vertex -5.5 37.5 38
      vertex -5.5 37.5 36
    endloop
  endfacet
  facet normal 0 1 0
    outer loop
      vertex -10 37.5 35.5
      vertex -5.5 37.5 36
      vertex 5.5 37.5 36
    endloop
  endfacet
  facet normal 0 1 0
    outer loop
      vertex -10 37.5 35.5
      vertex -7 37.5 39.5
      vertex -5.5 37.5 38
    endloop
  endfacet
  facet normal 0 1 0
    outer loop
      vertex -10 37.5 35.5
      vertex -7 37.5 42.5
      vertex -7 37.5 39.5
    endloop
  endfacet
  facet normal 0 1 0
    outer loop
      vertex -10 37.5 35.5
      vertex -9.995 37.5 48
      vertex -7 37.5 42.5
    endloop
  endfacet
  facet normal -1 0 0
    outer loop
      vertex -10 37.5 35.5
      vertex -10 1 48
      vertex -10 37.5 48
    endloop
  endfacet
  facet normal 0 1 0
    outer loop
      vertex -10 37.5 35.5
      vertex -10 37.5 48
      vertex -9.995 37.5 48
    endloop
  endfacet
  facet normal 0 1 0
    outer loop
      vertex -7 37.5 42.5
      vertex -9.995 37.5 48
      vertex -5.5 37.5 42.5
    endloop
  endfacet
  facet normal 0 1 0
    outer loop
      vertex -5.5 37.5 42.5
      vertex -9.995 37.5 48
      vertex -9.995 37.5 50
    endloop
  endfacet
  facet normal 0 1 0
    outer loop
      vertex -5.5 37.5 42.5
      vertex -9.995 37.5 50
      vertex -5.5 37.5 50
    endloop
  endfacet
  facet normal 0 -1 0
    outer loop
      vertex -5.5 -37.5 36
      vertex 10 -37.5 35.5
      vertex 5.5 -37.5 36
    endloop
  endfacet
  facet normal 0 -1 0
    outer loop
      vertex 5.5 -37.5 36
      vertex 10 -37.5 35.5
      vertex 5.5 -37.5 38
    endloop
  endfacet
  facet normal 0 -1 0
    outer loop
      vertex 10 -37.5 35.5
      vertex 7 -37.5 39.5
      vertex 5.5 -37.5 38
    endloop
  endfacet
  facet normal 0 -1 0
    outer loop
      vertex 10 -37.5 35.5
      vertex 7 -37.5 42.5
      vertex 7 -37.5 39.5
    endloop
  endfacet
  facet normal 0 -1 0
    outer loop
      vertex 10 -37.5 35.5
      vertex 9.995 -37.5 48
      vertex 7 -37.5 42.5
    endloop
  endfacet
  facet normal 0 0 -1
    outer loop
      vertex -0.2666666666666657 -1 35.5
      vertex 10 -1 35.5
      vertex 10 -37.5 35.5
    endloop
  endfacet
  facet normal 1 0 0
    outer loop
      vertex 10 -37.5 35.5
      vertex 10 -1 35.5
      vertex 10 -1 48
    endloop
  endfacet
  facet normal 0 -1 0
    outer loop
      vertex 5.5 -37.5 42.5
      vertex 7 -37.5 42.5
      vertex 9.995 -37.5 48
    endloop
  endfacet
  facet normal 0 -1 0
    outer loop
      vertex 10 -37.5 35.5
      vertex 10 -37.5 48
      vertex 9.995 -37.5 48
    endloop
  endfacet
  facet normal 0 -1 0
    outer loop
      vertex 5.5 -37.5 42.5
      vertex 9.995 -37.5 48
      vertex 9.995 -37.5 50
    endloop
  endfacet
  facet normal 0 -1 0
    outer loop
      vertex 5.5 -37.5 42.5
      vertex 9.995 -37.5 50
      vertex 5.5 -37.5 50
    endloop
  endfacet
  facet normal 1 0 0
    outer loop
      vertex 10 -37.5 35.5
      vertex 10 -1 48
      vertex 10 -37.5 48
    endloop
  endfacet
  facet normal 0 0 -1
    outer loop
      vertex -10 37.5 35.5
      vertex 10 37.5 35.5
      vertex 0.2666666666666657 1 35.5
    endloop
  endfacet
  facet normal 0 0 -1
    outer loop
      vertex 0.2666666666666657 1 35.5
      vertex 10 37.5 35.5
      vertex 10 1 35.5
    endloop
  endfacet
  facet normal 1 0 0
    outer loop
      vertex 10 1 35.5
      vertex 10 37.5 35.5
      vertex 10 37.5 48
    endloop
  endfacet
  facet normal 0 1 0
    outer loop
      vertex -10 37.5 35.5
      vertex 5.5 37.5 36
      vertex 10 37.5 35.5
    endloop
  endfacet
  facet normal 0 1 0
    outer loop
      vertex 5.5 37.5 36
      vertex 5.5 37.5 38
      vertex 10 37.5 35.5
    endloop
  endfacet
  facet normal 0 1 0
    outer loop
      vertex 10 37.5 35.5
      vertex 5.5 37.5 38
      vertex 7 37.5 39.5
    endloop
  endfacet
  facet normal 0 1 0
    outer loop
      vertex 10 37.5 35.5
      vertex 7 37.5 39.5
      vertex 7 37.5 42.5
    endloop
  endfacet
  facet normal 0 1 0
    outer loop
      vertex 10 37.5 35.5
      vertex 7 37.5 42.5
      vertex 10 37.5 48
    endloop
  endfacet
  facet normal 1 0 0
    outer loop
      vertex 10 1 35.5
      vertex 10 37.5 48
      vertex 10 1 48
    endloop
  endfacet
  facet normal 0 1 0
    outer loop
      vertex 5.5 37.5 42.5
      vertex 10 37.5 48
      vertex 7 37.5 42.5
    endloop
  endfacet
  facet normal 0 1 0
    outer loop
      vertex 5.5 37.5 42.5
      vertex 5.5 37.5 50
      vertex 10 37.5 48
    endloop
  endfacet
  facet normal 0 1 0
    outer loop
      vertex 5.5 37.5 50
      vertex 9.995 37.5 50
      vertex 10 37.5 48
    endloop
  endfacet
  facet normal 0 -1 0
    outer loop
      vertex -24 -1 35.5
      vertex -10 -1 35.5
      vertex -10 -1 48
    endloop
  endfacet
  facet normal 0 0 -1
    outer loop
      vertex -24 -1 35.5
      vertex 24 1 35.5
      vertex -10 -1 35.5
    endloop
  endfacet
  facet normal 0 -1 0
    outer loop
      vertex -24 -1 35.5
      vertex -11.995 -1 49.996053456856544
      vertex -24 -1 48
    endloop
  endfacet
  facet normal 0 -1 0
    outer loop
      vertex -24 -1 35.5
      vertex -10 -1 48
      vertex -10.015770597371045 -1 48.25066646712861
    endloop
  endfacet
  facet normal 0 -1 0
    outer loop
      vertex -24 -1 35.5
      vertex -10.015770597371045 -1 48.25066646712861
      vertex -10.062833677742738 -1 48.49737977432971
    endloop
  endfacet
  facet normal 0 -1 0
    outer loop
      vertex -24 -1 35.5
      vertex -10.062833677742738 -1 48.49737977432971
      vertex -10.140447028223498 -1 48.73624910536935
    endloop
  endfacet
  facet normal 0 -1 0
    outer loop
      vertex -24 -1 35.5
      vertex -10.140447028223498 -1 48.73624910536935
      vertex -10.247386639912273 -1 48.96350734820343
    endloop
  endfacet
  facet normal 0 -1 0
    outer loop
      vertex -24 -1 35.5
      vertex -11.148441416869854 -1 49.80965410493204
      vertex -11.381966011250105 -1 49.90211303259031
    endloop
  endfacet
  facet normal 0 -1 0
    outer loop
      vertex -24 -1 35.5
      vertex -10.247386639912273 -1 48.96350734820343
      vertex -10.381966011250105 -1 49.17557050458495
    endloop
  endfacet
  facet normal 0 -1 0
    outer loop
      vertex -24 -1 35.5
      vertex -10.381966011250105 -1 49.17557050458495
      vertex -10.542062745157176 -1 49.36909421185738
    endloop
  endfacet
  facet normal 0 -1 0
    outer loop
      vertex -24 -1 35.5
      vertex -10.542062745157176 -1 49.36909421185738
      vertex -10.72515202050262 -1 49.541026485551576
    endloop
  endfacet
  facet normal 0 -1 0
    outer loop
      vertex -24 -1 35.5
      vertex -10.72515202050262 -1 49.541026485551576
      vertex -10.928346410042007 -1 49.68865585100403
    endloop
  endfacet
  facet normal 0 -1 0
    outer loop
      vertex -24 -1 35.5
      vertex -10.928346410042007 -1 49.68865585100403
      vertex -11.148441416869854 -1 49.80965410493204
    endloop
  endfacet
  facet normal 0 -1 0
    outer loop
      vertex -24 -1 35.5
      vertex -11.874418960941373 -1 49.996053456856544
      vertex -11.995 -1 49.996053456856544
    endloop
  endfacet
  facet normal 0 -1 0
    outer loop
      vertex -24 -1 35.5
      vertex -11.62523737082855 -1 49.96457450145738
      vertex -11.874418960941373 -1 49.996053456856544
    endloop
  endfacet
  facet normal 0 -1 0
    outer loop
      vertex -24 -1 35.5
      vertex -11.381966011250105 -1 49.90211303259031
      vertex -11.62523737082855 -1 49.96457450145738
    endloop
  endfacet
  facet normal 0 -1 0
    outer loop
      vertex -24 -1 48
      vertex -11.995 -1 49.996053456856544
      vertex -22 -1 50
    endloop
  endfacet
  facet normal 0 -1 0
    outer loop
      vertex -22 -1 50
      vertex -11.995 -1 49.996053456856544
      vertex -11.995 -1 50
    endloop
  endfacet
  facet normal 0 0 -1
    outer loop
      vertex -24 -1 35.5
      vertex -24 1 35.5
      vertex -10 1 35.5
    endloop
  endfacet
  facet normal 0 1 0
    outer loop
      vertex -24 1 35.5
      vertex -10 1 48
      vertex -10 1 35.5
    endloop
  endfacet
  facet normal 0 0 -1
    outer loop
      vertex -24 -1 35.5
      vertex -10 1 35.5
      vertex 0.2666666666666657 1 35.5
    endloop
  endfacet
  facet normal 0 0 -1
    outer loop
      vertex -24 -1 35.5
      vertex 0.2666666666666657 1 35.5
      vertex 10 1 35.5
    endloop
  endfacet
  facet normal 0 1 0
    outer loop
      vertex -24 1 35.5
      vertex -24 1 48
      vertex -10 1 48
    endloop
  endfacet
  facet normal 0 1 0
    outer loop
      vertex -24 1 48
      vertex -10.015770597371045 1 48.25066646712861
      vertex -10 1 48
    endloop
  endfacet
  facet normal 0 1 0
    outer loop
      vertex -24 1 48
      vertex -10.062833677742738 1 48.49737977432971
      vertex -10.015770597371045 1 48.25066646712861
    endloop
  endfacet
  facet normal 0 1 0
    outer loop
      vertex -24 1 48
      vertex -10.140447028223498 1 48.73624910536935
      vertex -10.062833677742738 1 48.49737977432971
    endloop
  endfacet
  facet normal 0 1 0
    outer loop
      vertex -24 1 48
      vertex -22 1 50
      vertex -11.995 1 49.996053456856544
    endloop
  endfacet
  facet normal 0 1 0
    outer loop
      vertex -24 1 48
      vertex -10.247386639912273 1 48.96350734820343
      vertex -10.140447028223498 1 48.73624910536935
    endloop
  endfacet
  facet normal 0 1 0
    outer loop
      vertex -24 1 48
      vertex -10.381966011250105 1 49.17557050458495
      vertex -10.247386639912273 1 48.96350734820343
    endloop
  endfacet
  facet normal 0 1 0
    outer loop
      vertex -24 1 48
      vertex -10.542062745157176 1 49.36909421185738
      vertex -10.381966011250105 1 49.17557050458495
    endloop
  endfacet
  facet normal 0 1 0
    outer loop
      vertex -24 1 48
      vertex -10.72515202050262 1 49.541026485551576
      vertex -10.542062745157176 1 49.36909421185738
    endloop
  endfacet
  facet normal 0 1 0
    outer loop
      vertex -24 1 48
      vertex -11.148441416869854 1 49.80965410493204
      vertex -10.928346410042007 1 49.68865585100403
    endloop
  endfacet
  facet normal 0 1 0
    outer loop
      vertex -24 1 48
      vertex -10.928346410042007 1 49.68865585100403
      vertex -10.72515202050262 1 49.541026485551576
    endloop
  endfacet
  facet normal 0 1 0
    outer loop
      vertex -24 1 48
      vertex -11.995 1 49.996053456856544
      vertex -11.62523737082855 1 49.96457450145738
    endloop
  endfacet
  facet normal 0 1 0
    outer loop
      vertex -24 1 48
      vertex -11.62523737082855 1 49.96457450145738
      vertex -11.381966011250105 1 49.90211303259031
    endloop
  endfacet
  facet normal 0 1 0
    outer loop
      vertex -24 1 48
      vertex -11.381966011250105 1 49.90211303259031
      vertex -11.148441416869854 1 49.80965410493204
    endloop
  endfacet
  facet normal 0 1 0
    outer loop
      vertex -22 1 50
      vertex -11.995 1 50
      vertex -11.995 1 49.996053456856544
    endloop
  endfacet
  facet normal 0 1 0
    outer loop
      vertex -11.995 1 49.996053456856544
      vertex -11.874418960941373 1 49.996053456856544
      vertex -11.62523737082855 1 49.96457450145738
    endloop
  endfacet
  facet normal 0 0 -1
    outer loop
      vertex -10 -1 35.5
      vertex 24 1 35.5
      vertex -0.2666666666666657 -1 35.5
    endloop
  endfacet
  facet normal 0 0 -1
    outer loop
      vertex -0.2666666666666657 -1 35.5
      vertex 24 1 35.5
      vertex 10 -1 35.5
    endloop
  endfacet
  facet normal 0 0 -1
    outer loop
      vertex 10 -1 35.5
      vertex 24 1 35.5
      vertex 24 -1 35.5
    endloop
  endfacet
  facet normal 0 -1 0
    outer loop
      vertex 10 -1 35.5
      vertex 24 -1 35.5
      vertex 10 -1 48
    endloop
  endfacet
  facet normal 0 -1 0
    outer loop
      vertex 11.62523737082855 -1 49.96457450145738
      vertex 11.995 -1 49.996053456856544
      vertex 11.874418960941373 -1 49.996053456856544
    endloop
  endfacet
  facet normal 0 -1 0
    outer loop
      vertex 24 -1 35.5
      vertex 24 -1 48
      vertex 10 -1 48
    endloop
  endfacet
  facet normal 0 -1 0
    outer loop
      vertex 10 -1 48
      vertex 24 -1 48
      vertex 10.015770597371045 -1 48.25066646712861
    endloop
  endfacet
  facet normal 0 -1 0
    outer loop
      vertex 10.015770597371045 -1 48.25066646712861
      vertex 24 -1 48
      vertex 10.062833677742738 -1 48.49737977432971
    endloop
  endfacet
  facet normal 0 -1 0
    outer loop
      vertex 10.062833677742738 -1 48.49737977432971
      vertex 24 -1 48
      vertex 10.140447028223496 -1 48.73624910536935
    endloop
  endfacet
  facet normal 0 -1 0
    outer loop
      vertex 10.140447028223496 -1 48.73624910536935
      vertex 24 -1 48
      vertex 10.247386639912273 -1 48.96350734820343
    endloop
  endfacet
  facet normal 0 -1 0
    outer loop
      vertex 10.247386639912273 -1 48.96350734820343
      vertex 24 -1 48
      vertex 10.381966011250105 -1 49.17557050458495
    endloop
  endfacet
  facet normal 0 -1 0
    outer loop
      vertex 10.381966011250105 -1 49.17557050458495
      vertex 24 -1 48
      vertex 10.542062745157176 -1 49.36909421185737
    endloop
  endfacet
  facet normal 0 -1 0
    outer loop
      vertex 10.542062745157176 -1 49.36909421185737
      vertex 24 -1 48
      vertex 10.725152020502621 -1 49.541026485551576
    endloop
  endfacet
  facet normal 0 -1 0
    outer loop
      vertex 10.725152020502621 -1 49.541026485551576
      vertex 24 -1 48
      vertex 10.928346410042007 -1 49.68865585100403
    endloop
  endfacet
  facet normal 0 -1 0
    outer loop
      vertex 10.928346410042007 -1 49.68865585100403
      vertex 24 -1 48
      vertex 11.148441416869854 -1 49.80965410493204
    endloop
  endfacet
  facet normal 0 -1 0
    outer loop
      vertex 11.148441416869854 -1 49.80965410493204
      vertex 24 -1 48
      vertex 11.381966011250105 -1 49.90211303259031
    endloop
  endfacet
  facet normal 0 -1 0
    outer loop
      vertex 11.381966011250105 -1 49.90211303259031
      vertex 24 -1 48
      vertex 11.62523737082855 -1 49.96457450145738
    endloop
  endfacet
  facet normal 0 -1 0
    outer loop
      vertex 11.62523737082855 -1 49.96457450145738
      vertex 24 -1 48
      vertex 11.995 -1 49.996053456856544
    endloop
  endfacet
  facet normal 0 -1 0
    outer loop
      vertex 11.995 -1 49.996053456856544
      vertex 22 -1 50
      vertex 11.995 -1 50
    endloop
  endfacet
  facet normal 0 -1 0
    outer loop
      vertex 11.995 -1 49.996053456856544
      vertex 24 -1 48
      vertex 22 -1 50
    endloop
  endfacet
  facet normal 0 0 -1
    outer loop
      vertex -24 -1 35.5
      vertex 10 1 35.5
      vertex 24 1 35.5
    endloop
  endfacet
  facet normal 0 1 0
    outer loop
      vertex 10 1 35.5
      vertex 10 1 48
      vertex 24 1 35.5
    endloop
  endfacet
  facet normal 0 1 0
    outer loop
      vertex 24 1 35.5
      vertex 10 1 48
      vertex 10.015770597371045 1 48.25066646712861
    endloop
  endfacet
  facet normal 0 1 0
    outer loop
      vertex 24 1 35.5
      vertex 10.015770597371045 1 48.25066646712861
      vertex 10.062833677742738 1 48.49737977432971
    endloop
  endfacet
  facet normal 0 1 0
    outer loop
      vertex 24 1 35.5
      vertex 10.062833677742738 1 48.49737977432971
      vertex 10.140447028223496 1 48.73624910536935
    endloop
  endfacet
  facet normal 0 1 0
    outer loop
      vertex 24 1 35.5
      vertex 10.140447028223496 1 48.73624910536935
      vertex 10.247386639912273 1 48.96350734820343
    endloop
  endfacet
  facet normal 0 1 0
    outer loop
      vertex 24 1 35.5
      vertex 10.247386639912273 1 48.96350734820343
      vertex 10.381966011250105 1 49.17557050458495
    endloop
  endfacet
  facet normal 0 1 0
    outer loop
      vertex 24 1 35.5
      vertex 10.381966011250105 1 49.17557050458495
      vertex 10.542062745157176 1 49.36909421185737
    endloop
  endfacet
  facet normal 0 1 0
    outer loop
      vertex 24 1 35.5
      vertex 10.542062745157176 1 49.36909421185737
      vertex 10.725152020502621 1 49.541026485551576
    endloop
  endfacet
  facet normal 0 1 0
    outer loop
      vertex 24 1 35.5
      vertex 10.725152020502621 1 49.541026485551576
      vertex 10.928346410042007 1 49.68865585100403
    endloop
  endfacet
  facet normal 0 1 0
    outer loop
      vertex 24 1 35.5
      vertex 10.928346410042007 1 49.68865585100403
      vertex 11.148441416869854 1 49.80965410493204
    endloop
  endfacet
  facet normal 0 1 0
    outer loop
      vertex 24 1 35.5
      vertex 11.148441416869854 1 49.80965410493204
      vertex 11.381966011250105 1 49.90211303259031
    endloop
  endfacet
  facet normal 0 1 0
    outer loop
      vertex 24 1 35.5
      vertex 11.381966011250105 1 49.90211303259031
      vertex 11.62523737082855 1 49.96457450145738
    endloop
  endfacet
  facet normal 0 1 0
    outer loop
      vertex 24 1 35.5
      vertex 11.62523737082855 1 49.96457450145738
      vertex 11.874418960941373 1 49.996053456856544
    endloop
  endfacet
  facet normal 0 1 0
    outer loop
      vertex 24 1 35.5
      vertex 11.874418960941373 1 49.996053456856544
      vertex 11.995 1 49.996053456856544
    endloop
  endfacet
  facet normal 0 1 0
    outer loop
      vertex 24 1 35.5
      vertex 11.995 1 49.996053456856544
      vertex 24 1 48
    endloop
  endfacet
  facet normal 0 1 0
    outer loop
      vertex 11.995 1 49.996053456856544
      vertex 11.995 1 50
      vertex 22 1 50
    endloop
  endfacet
  facet normal 0 1 0
    outer loop
      vertex 11.995 1 49.996053456856544
      vertex 22 1 50
      vertex 24 1 48
    endloop
  endfacet
  facet normal 1 0 0
    outer loop
      vertex -5.5 -37.5 36
      vertex -5.5 37.5 36
      vertex -5.5 -37.5 38
    endloop
  endfacet
  facet normal 1 0 0
    outer loop
      vertex -5.5 -37.5 42.5
      vertex -5.5 37.5 42.5
      vertex -5.5 -37.5 50
    endloop
  endfacet
  facet normal 1 0 0
    outer loop
      vertex -5.5 -37.5 38
      vertex -5.5 37.5 36
      vertex -5.5 37.5 38
    endloop
  endfacet
  facet normal 0 0 1
    outer loop
      vertex -5.5 -37.5 36
      vertex 5.5 37.5 36
      vertex -5.5 37.5 36
    endloop
  endfacet
  facet normal 1 0 0
    outer loop
      vertex -5.5 -37.5 50
      vertex -5.5 37.5 42.5
      vertex -5.5 37.5 50
    endloop
  endfacet
  facet normal 0 0 1
    outer loop
      vertex -5.5 -37.5 36
      vertex 5.5 -37.5 36
      vertex 5.5 37.5 36
    endloop
  endfacet
  facet normal -1 0 0
    outer loop
      vertex 5.5 -37.5 36
      vertex 5.5 -37.5 38
      vertex 5.5 37.5 38
    endloop
  endfacet
  facet normal -1 0 0
    outer loop
      vertex 5.5 -37.5 42.5
      vertex 5.5 -37.5 50
      vertex 5.5 37.5 50
    endloop
  endfacet
  facet normal -1 0 0
    outer loop
      vertex 5.5 -37.5 36
      vertex 5.5 37.5 38
      vertex 5.5 37.5 36
    endloop
  endfacet
  facet normal -1 0 0
    outer loop
      vertex 5.5 -37.5 42.5
      vertex 5.5 37.5 50
      vertex 5.5 37.5 42.5
    endloop
  endfacet
endsolid OpenSCAD_Model
