solid OpenSCAD_Model
  facet normal -1 0 0
    outer loop
      vertex -20.75 28 27.2
      vertex -20.75 43 29.2
      vertex -20.75 43 27.2
    endloop
  endfacet
  facet normal -1 0 0
    outer loop
      vertex -20.75 28 27.2
      vertex -20.75 29.86602540378444 29.2
      vertex -20.75 43 29.2
    endloop
  endfacet
  facet normal -1 0 0
    outer loop
      vertex -20.75 29.86602540378444 29.2
      vertex -20.75 28 27.2
      vertex -20.75 28.133974596215563 29.2
    endloop
  endfacet
  facet normal -1 0 0
    outer loop
      vertex -20.75 28.133974596215563 29.2
      vertex -20.75 28 27.2
      vertex -20.75 28 29.2
    endloop
  endfacet
  facet normal 0 0 -1
    outer loop
      vertex -20.75 28 27.2
      vertex -20.75 43 27.2
      vertex 10.75 28 27.2
    endloop
  endfacet
  facet normal 0 0 1
    outer loop
      vertex -20.75 29.86602540378444 29.2
      vertex 10.75 43 29.2
      vertex -20.75 43 29.2
    endloop
  endfacet
  facet normal 0 -1 0
    outer loop
      vertex -20.75 28 27.2
      vertex 10.75 28 27.2
      vertex -20.75 28 29.2
    endloop
  endfacet
  facet normal 0 0 1
    outer loop
      vertex -20.75 28.133974596215563 29.2
      vertex -20.75 28 29.2
      vertex 10.75 28 29.2
    endloop
  endfacet
  facet normal 0 0 -1
    outer loop
      vertex 10.75 28 27.2
      vertex -20.75 43 27.2
      vertex 10.75 43 27.2
    endloop
  endfacet
  facet normal 1 0 0
    outer loop
      vertex 10.75 29.86602540378444 29.2
      vertex 10.75 43 27.2
      vertex 10.75 43 29.2
    endloop
  endfacet
  facet normal 0 0 1
    outer loop
      vertex -20.75 29.86602540378444 29.2
      vertex 10.75 29.86602540378444 29.2
      vertex 10.75 43 29.2
    endloop
  endfacet
  facet normal 0 -1 0
    outer loop
      vertex -20.75 28 29.2
      vertex 10.75 28 27.2
      vertex 10.75 28 29.2
    endloop
  endfacet
  facet normal 0 0 1
    outer loop
      vertex -20.75 28.133974596215563 29.2
      vertex 10.75 28 29.2
      vertex 10.75 28.133974596215563 29.2
    endloop
  endfacet
  facet normal 1 0 0
    outer loop
      vertex 10.75 28 27.2
      vertex 10.75 43 27.2
      vertex 10.75 29.86602540378444 29.2
    endloop
  endfacet
  facet normal 1 0 0
    outer loop
      vertex 10.75 28 27.2
      vertex 10.75 29.86602540378444 29.2
      vertex 10.75 28.133974596215563 29.2
    endloop
  endfacet
  facet normal 1 0 0
    outer loop
      vertex 10.75 28 27.2
      vertex 10.75 28.133974596215563 29.2
      vertex 10.75 28 29.2
    endloop
  endfacet
  facet normal -1 0 0
    outer loop
      vertex -20.75 29.86602540378444 29.2
      vertex -20.75 28.190983005625053 29.287785252292473
      vertex -20.75 29.809016994374947 29.287785252292473
    endloop
  endfacet
  facet normal -1 0 0
    outer loop
      vertex -20.75 29.809016994374947 29.287785252292473
      vertex -20.75 28.256855174522606 29.36913060635886
      vertex -20.75 29.743144825477394 29.36913060635886
    endloop
  endfacet
  facet normal -1 0 0
    outer loop
      vertex -20.75 29.743144825477394 29.36913060635886
      vertex -20.75 28.33086939364114 29.443144825477393
      vertex -20.75 29.66913060635886 29.443144825477393
    endloop
  endfacet
  facet normal -1 0 0
    outer loop
      vertex -20.75 29.66913060635886 29.443144825477393
      vertex -20.75 28.412214747707527 29.509016994374946
      vertex -20.75 29.587785252292473 29.509016994374946
    endloop
  endfacet
  facet normal -1 0 0
    outer loop
      vertex -20.75 29.587785252292473 29.509016994374946
      vertex -20.75 28.5 29.566025403784437
      vertex -20.75 29.5 29.566025403784437
    endloop
  endfacet
  facet normal -1 0 0
    outer loop
      vertex -20.75 29.5 29.566025403784437
      vertex -20.75 28.5932633569242 29.6135454576426
      vertex -20.75 29.406736643075803 29.6135454576426
    endloop
  endfacet
  facet normal -1 0 0
    outer loop
      vertex -20.75 29.406736643075803 29.6135454576426
      vertex -20.75 28.690983005625053 29.651056516295153
      vertex -20.75 29.309016994374947 29.651056516295153
    endloop
  endfacet
  facet normal -1 0 0
    outer loop
      vertex -20.75 29.309016994374947 29.651056516295153
      vertex -20.75 28.79208830918224 29.678147600733805
      vertex -20.75 29.20791169081776 29.678147600733805
    endloop
  endfacet
  facet normal -1 0 0
    outer loop
      vertex -20.75 29.20791169081776 29.678147600733805
      vertex -20.75 28.895471536732348 29.694521895368272
      vertex -20.75 29.104528463267656 29.694521895368272
    endloop
  endfacet
  facet normal -1 0 0
    outer loop
      vertex -20.75 29.104528463267656 29.694521895368272
      vertex -20.75 28.895471536732348 29.694521895368272
      vertex -20.75 29 29.7
    endloop
  endfacet
  facet normal -1 0 0
    outer loop
      vertex -20.75 29.86602540378444 29.2
      vertex -20.75 28.133974596215563 29.2
      vertex -20.75 28.190983005625053 29.287785252292473
    endloop
  endfacet
  facet normal -1 0 0
    outer loop
      vertex -20.75 29.809016994374947 29.287785252292473
      vertex -20.75 28.190983005625053 29.287785252292473
      vertex -20.75 28.256855174522606 29.36913060635886
    endloop
  endfacet
  facet normal -1 0 0
    outer loop
      vertex -20.75 29.743144825477394 29.36913060635886
      vertex -20.75 28.256855174522606 29.36913060635886
      vertex -20.75 28.33086939364114 29.443144825477393
    endloop
  endfacet
  facet normal -1 0 0
    outer loop
      vertex -20.75 29.66913060635886 29.443144825477393
      vertex -20.75 28.33086939364114 29.443144825477393
      vertex -20.75 28.412214747707527 29.509016994374946
    endloop
  endfacet
  facet normal -1 0 0
    outer loop
      vertex -20.75 29.5 29.566025403784437
      vertex -20.75 28.5 29.566025403784437
      vertex -20.75 28.5932633569242 29.6135454576426
    endloop
  endfacet
  facet normal -1 0 0
    outer loop
      vertex -20.75 29.406736643075803 29.6135454576426
      vertex -20.75 28.5932633569242 29.6135454576426
      vertex -20.75 28.690983005625053 29.651056516295153
    endloop
  endfacet
  facet normal -1 0 0
    outer loop
      vertex -20.75 29.587785252292473 29.509016994374946
      vertex -20.75 28.412214747707527 29.509016994374946
      vertex -20.75 28.5 29.566025403784437
    endloop
  endfacet
  facet normal -1 0 0
    outer loop
      vertex -20.75 29.309016994374947 29.651056516295153
      vertex -20.75 28.690983005625053 29.651056516295153
      vertex -20.75 28.79208830918224 29.678147600733805
    endloop
  endfacet
  facet normal -1 0 0
    outer loop
      vertex -20.75 29.20791169081776 29.678147600733805
      vertex -20.75 28.79208830918224 29.678147600733805
      vertex -20.75 28.895471536732348 29.694521895368272
    endloop
  endfacet
  facet normal 0 0.8386705679454105 0.544639035015048
    outer loop
      vertex -20.75 29.86602540378444 29.2
      vertex -20.75 29.809016994374947 29.287785252292473
      vertex 10.75 29.809016994374947 29.287785252292473
    endloop
  endfacet
  facet normal 0 0.7771459614569765 0.6293203910498305
    outer loop
      vertex -20.75 29.809016994374947 29.287785252292473
      vertex -20.75 29.743144825477394 29.36913060635886
      vertex 10.75 29.743144825477394 29.36913060635886
    endloop
  endfacet
  facet normal 0 0.7071067811865475 0.7071067811865475
    outer loop
      vertex -20.75 29.743144825477394 29.36913060635886
      vertex -20.75 29.66913060635886 29.443144825477393
      vertex 10.75 29.743144825477394 29.36913060635886
    endloop
  endfacet
  facet normal 0 0.6293203910498305 0.7771459614569765
    outer loop
      vertex -20.75 29.66913060635886 29.443144825477393
      vertex -20.75 29.587785252292473 29.509016994374946
      vertex 10.75 29.66913060635886 29.443144825477393
    endloop
  endfacet
  facet normal 0 0.5446390350150241 0.8386705679454259
    outer loop
      vertex -20.75 29.587785252292473 29.509016994374946
      vertex -20.75 29.5 29.566025403784437
      vertex 10.75 29.587785252292473 29.509016994374946
    endloop
  endfacet
  facet normal 0 0.4539904997395747 0.8910065241883537
    outer loop
      vertex -20.75 29.5 29.566025403784437
      vertex -20.75 29.406736643075803 29.6135454576426
      vertex 10.75 29.5 29.566025403784437
    endloop
  endfacet
  facet normal 0 0.35836794954527984 0.9335804264972095
    outer loop
      vertex -20.75 29.406736643075803 29.6135454576426
      vertex -20.75 29.309016994374947 29.651056516295153
      vertex 10.75 29.406736643075803 29.6135454576426
    endloop
  endfacet
  facet normal 0 0.2588190451025233 0.9659258262890675
    outer loop
      vertex -20.75 29.309016994374947 29.651056516295153
      vertex -20.75 29.20791169081776 29.678147600733805
      vertex 10.75 29.309016994374947 29.651056516295153
    endloop
  endfacet
  facet normal 0 0.15643446504022637 0.9876883405951384
    outer loop
      vertex -20.75 29.20791169081776 29.678147600733805
      vertex -20.75 29.104528463267656 29.694521895368272
      vertex 10.75 29.20791169081776 29.678147600733805
    endloop
  endfacet
  facet normal 0 0.05233595624294961 0.9986295347545736
    outer loop
      vertex -20.75 29.104528463267656 29.694521895368272
      vertex -20.75 29 29.7
      vertex 10.75 29.104528463267656 29.694521895368272
    endloop
  endfacet
  facet normal 0 -0.8386705679454259 0.5446390350150241
    outer loop
      vertex -20.75 28.133974596215563 29.2
      vertex 10.75 28.133974596215563 29.2
      vertex -20.75 28.190983005625053 29.287785252292473
    endloop
  endfacet
  facet normal 0 -0.7071067811865475 0.7071067811865475
    outer loop
      vertex -20.75 28.256855174522606 29.36913060635886
      vertex 10.75 28.33086939364114 29.443144825477393
      vertex -20.75 28.33086939364114 29.443144825477393
    endloop
  endfacet
  facet normal 0 -0.7771459614569765 0.6293203910498305
    outer loop
      vertex -20.75 28.190983005625053 29.287785252292473
      vertex 10.75 28.190983005625053 29.287785252292473
      vertex -20.75 28.256855174522606 29.36913060635886
    endloop
  endfacet
  facet normal 0 -0.05233595624295138 0.9986295347545735
    outer loop
      vertex -20.75 29 29.7
      vertex -20.75 28.895471536732348 29.694521895368272
      vertex 10.75 29 29.7
    endloop
  endfacet
  facet normal 0 -0.15643446504022113 0.9876883405951392
    outer loop
      vertex -20.75 28.895471536732348 29.694521895368272
      vertex -20.75 28.79208830918224 29.678147600733805
      vertex 10.75 28.895471536732348 29.694521895368272
    endloop
  endfacet
  facet normal 0 -0.2588190451025233 0.9659258262890675
    outer loop
      vertex -20.75 28.79208830918224 29.678147600733805
      vertex -20.75 28.690983005625053 29.651056516295153
      vertex 10.75 28.79208830918224 29.678147600733805
    endloop
  endfacet
  facet normal 0 -0.45399049973956096 0.8910065241883606
    outer loop
      vertex -20.75 28.5932633569242 29.6135454576426
      vertex -20.75 28.5 29.566025403784437
      vertex 10.75 28.5932633569242 29.6135454576426
    endloop
  endfacet
  facet normal 0 -0.5446390350150241 0.8386705679454259
    outer loop
      vertex -20.75 28.412214747707527 29.509016994374946
      vertex 10.75 28.5 29.566025403784437
      vertex -20.75 28.5 29.566025403784437
    endloop
  endfacet
  facet normal 0 -0.6293203910498305 0.7771459614569765
    outer loop
      vertex -20.75 28.412214747707527 29.509016994374946
      vertex -20.75 28.33086939364114 29.443144825477393
      vertex 10.75 28.412214747707527 29.509016994374946
    endloop
  endfacet
  facet normal 0 -0.3583679495452912 0.9335804264972053
    outer loop
      vertex -20.75 28.690983005625053 29.651056516295153
      vertex -20.75 28.5932633569242 29.6135454576426
      vertex 10.75 28.690983005625053 29.651056516295153
    endloop
  endfacet
  facet normal 0 0.8386705679454105 0.544639035015048
    outer loop
      vertex -20.75 29.86602540378444 29.2
      vertex 10.75 29.809016994374947 29.287785252292473
      vertex 10.75 29.86602540378444 29.2
    endloop
  endfacet
  facet normal 0 0.7771459614569765 0.6293203910498305
    outer loop
      vertex -20.75 29.809016994374947 29.287785252292473
      vertex 10.75 29.743144825477394 29.36913060635886
      vertex 10.75 29.809016994374947 29.287785252292473
    endloop
  endfacet
  facet normal 0 0.7071067811865475 0.7071067811865475
    outer loop
      vertex -20.75 29.66913060635886 29.443144825477393
      vertex 10.75 29.66913060635886 29.443144825477393
      vertex 10.75 29.743144825477394 29.36913060635886
    endloop
  endfacet
  facet normal 0 0.6293203910498305 0.7771459614569765
    outer loop
      vertex -20.75 29.587785252292473 29.509016994374946
      vertex 10.75 29.587785252292473 29.509016994374946
      vertex 10.75 29.66913060635886 29.443144825477393
    endloop
  endfacet
  facet normal 0 0.5446390350150241 0.8386705679454259
    outer loop
      vertex -20.75 29.5 29.566025403784437
      vertex 10.75 29.5 29.566025403784437
      vertex 10.75 29.587785252292473 29.509016994374946
    endloop
  endfacet
  facet normal 0 0.4539904997395747 0.8910065241883537
    outer loop
      vertex -20.75 29.406736643075803 29.6135454576426
      vertex 10.75 29.406736643075803 29.6135454576426
      vertex 10.75 29.5 29.566025403784437
    endloop
  endfacet
  facet normal 0 0.35836794954527984 0.9335804264972095
    outer loop
      vertex -20.75 29.309016994374947 29.651056516295153
      vertex 10.75 29.309016994374947 29.651056516295153
      vertex 10.75 29.406736643075803 29.6135454576426
    endloop
  endfacet
  facet normal 0 0.2588190451025233 0.9659258262890675
    outer loop
      vertex -20.75 29.20791169081776 29.678147600733805
      vertex 10.75 29.20791169081776 29.678147600733805
      vertex 10.75 29.309016994374947 29.651056516295153
    endloop
  endfacet
  facet normal 0 0.15643446504022637 0.9876883405951384
    outer loop
      vertex -20.75 29.104528463267656 29.694521895368272
      vertex 10.75 29.104528463267656 29.694521895368272
      vertex 10.75 29.20791169081776 29.678147600733805
    endloop
  endfacet
  facet normal 0 0.05233595624294961 0.9986295347545736
    outer loop
      vertex -20.75 29 29.7
      vertex 10.75 29 29.7
      vertex 10.75 29.104528463267656 29.694521895368272
    endloop
  endfacet
  facet normal 0 -0.8386705679454259 0.5446390350150241
    outer loop
      vertex -20.75 28.190983005625053 29.287785252292473
      vertex 10.75 28.133974596215563 29.2
      vertex 10.75 28.190983005625053 29.287785252292473
    endloop
  endfacet
  facet normal 0 -0.7771459614569765 0.6293203910498305
    outer loop
      vertex -20.75 28.256855174522606 29.36913060635886
      vertex 10.75 28.190983005625053 29.287785252292473
      vertex 10.75 28.256855174522606 29.36913060635886
    endloop
  endfacet
  facet normal 0 -0.6293203910498305 0.7771459614569765
    outer loop
      vertex -20.75 28.33086939364114 29.443144825477393
      vertex 10.75 28.33086939364114 29.443144825477393
      vertex 10.75 28.412214747707527 29.509016994374946
    endloop
  endfacet
  facet normal 0 -0.7071067811865475 0.7071067811865475
    outer loop
      vertex -20.75 28.256855174522606 29.36913060635886
      vertex 10.75 28.256855174522606 29.36913060635886
      vertex 10.75 28.33086939364114 29.443144825477393
    endloop
  endfacet
  facet normal 0 -0.05233595624295138 0.9986295347545735
    outer loop
      vertex -20.75 28.895471536732348 29.694521895368272
      vertex 10.75 28.895471536732348 29.694521895368272
      vertex 10.75 29 29.7
    endloop
  endfacet
  facet normal 0 -0.15643446504022113 0.9876883405951392
    outer loop
      vertex -20.75 28.79208830918224 29.678147600733805
      vertex 10.75 28.79208830918224 29.678147600733805
      vertex 10.75 28.895471536732348 29.694521895368272
    endloop
  endfacet
  facet normal 0 -0.2588190451025233 0.9659258262890675
    outer loop
      vertex -20.75 28.690983005625053 29.651056516295153
      vertex 10.75 28.690983005625053 29.651056516295153
      vertex 10.75 28.79208830918224 29.678147600733805
    endloop
  endfacet
  facet normal 0 -0.3583679495452912 0.9335804264972053
    outer loop
      vertex -20.75 28.5932633569242 29.6135454576426
      vertex 10.75 28.5932633569242 29.6135454576426
      vertex 10.75 28.690983005625053 29.651056516295153
    endloop
  endfacet
  facet normal 0 -0.5446390350150241 0.8386705679454259
    outer loop
      vertex -20.75 28.412214747707527 29.509016994374946
      vertex 10.75 28.412214747707527 29.509016994374946
      vertex 10.75 28.5 29.566025403784437
    endloop
  endfacet
  facet normal 0 -0.45399049973956096 0.8910065241883606
    outer loop
      vertex -20.75 28.5 29.566025403784437
      vertex 10.75 28.5 29.566025403784437
      vertex 10.75 28.5932633569242 29.6135454576426
    endloop
  endfacet
  facet normal 1 0 0
    outer loop
      vertex 10.75 29.86602540378444 29.2
      vertex 10.75 29.809016994374947 29.287785252292473
      vertex 10.75 28.133974596215563 29.2
    endloop
  endfacet
  facet normal 1 0 0
    outer loop
      vertex 10.75 29.809016994374947 29.287785252292473
      vertex 10.75 29.743144825477394 29.36913060635886
      vertex 10.75 28.190983005625053 29.287785252292473
    endloop
  endfacet
  facet normal 1 0 0
    outer loop
      vertex 10.75 29.743144825477394 29.36913060635886
      vertex 10.75 29.66913060635886 29.443144825477393
      vertex 10.75 28.256855174522606 29.36913060635886
    endloop
  endfacet
  facet normal 1 0 0
    outer loop
      vertex 10.75 29.66913060635886 29.443144825477393
      vertex 10.75 29.587785252292473 29.509016994374946
      vertex 10.75 28.33086939364114 29.443144825477393
    endloop
  endfacet
  facet normal 1 0 0
    outer loop
      vertex 10.75 29.587785252292473 29.509016994374946
      vertex 10.75 29.5 29.566025403784437
      vertex 10.75 28.412214747707527 29.509016994374946
    endloop
  endfacet
  facet normal 1 0 0
    outer loop
      vertex 10.75 29.5 29.566025403784437
      vertex 10.75 29.406736643075803 29.6135454576426
      vertex 10.75 28.5 29.566025403784437
    endloop
  endfacet
  facet normal 1 0 0
    outer loop
      vertex 10.75 29.406736643075803 29.6135454576426
      vertex 10.75 29.309016994374947 29.651056516295153
      vertex 10.75 28.5932633569242 29.6135454576426
    endloop
  endfacet
  facet normal 1 0 0
    outer loop
      vertex 10.75 29.309016994374947 29.651056516295153
      vertex 10.75 29.20791169081776 29.678147600733805
      vertex 10.75 28.690983005625053 29.651056516295153
    endloop
  endfacet
  facet normal 1 0 0
    outer loop
      vertex 10.75 29.20791169081776 29.678147600733805
      vertex 10.75 29.104528463267656 29.694521895368272
      vertex 10.75 28.79208830918224 29.678147600733805
    endloop
  endfacet
  facet normal 1 0 0
    outer loop
      vertex 10.75 29.104528463267656 29.694521895368272
      vertex 10.75 29 29.7
      vertex 10.75 28.895471536732348 29.694521895368272
    endloop
  endfacet
  facet normal 1 0 0
    outer loop
      vertex 10.75 29.809016994374947 29.287785252292473
      vertex 10.75 28.190983005625053 29.287785252292473
      vertex 10.75 28.133974596215563 29.2
    endloop
  endfacet
  facet normal 1 0 0
    outer loop
      vertex 10.75 29.743144825477394 29.36913060635886
      vertex 10.75 28.256855174522606 29.36913060635886
      vertex 10.75 28.190983005625053 29.287785252292473
    endloop
  endfacet
  facet normal 1 0 0
    outer loop
      vertex 10.75 29.66913060635886 29.443144825477393
      vertex 10.75 28.33086939364114 29.443144825477393
      vertex 10.75 28.256855174522606 29.36913060635886
    endloop
  endfacet
  facet normal 1 0 0
    outer loop
      vertex 10.75 29.587785252292473 29.509016994374946
      vertex 10.75 28.412214747707527 29.509016994374946
      vertex 10.75 28.33086939364114 29.443144825477393
    endloop
  endfacet
  facet normal 1 0 0
    outer loop
      vertex 10.75 29.5 29.566025403784437
      vertex 10.75 28.5 29.566025403784437
      vertex 10.75 28.412214747707527 29.509016994374946
    endloop
  endfacet
  facet normal 1 0 0
    outer loop
      vertex 10.75 29.406736643075803 29.6135454576426
      vertex 10.75 28.5932633569242 29.6135454576426
      vertex 10.75 28.5 29.566025403784437
    endloop
  endfacet
  facet normal 1 0 0
    outer loop
      vertex 10.75 29.104528463267656 29.694521895368272
      vertex 10.75 28.895471536732348 29.694521895368272
      vertex 10.75 28.79208830918224 29.678147600733805
    endloop
  endfacet
  facet normal 1 0 0
    outer loop
      vertex 10.75 29.20791169081776 29.678147600733805
      vertex 10.75 28.79208830918224 29.678147600733805
      vertex 10.75 28.690983005625053 29.651056516295153
    endloop
  endfacet
  facet normal 1 0 0
    outer loop
      vertex 10.75 29.309016994374947 29.651056516295153
      vertex 10.75 28.690983005625053 29.651056516295153
      vertex 10.75 28.5932633569242 29.6135454576426
    endloop
  endfacet
  facet normal -1 0 0
    outer loop
      vertex -20.75 29.86602540378444 10.8
      vertex -20.75 43 12.8
      vertex -20.75 43 10.8
    endloop
  endfacet
  facet normal -1 0 0
    outer loop
      vertex -20.75 29.86602540378444 10.8
      vertex -20.75 28.133974596215563 10.8
      vertex -20.75 28 12.8
    endloop
  endfacet
  facet normal -1 0 0
    outer loop
      vertex -20.75 28.133974596215563 10.8
      vertex -20.75 28 10.8
      vertex -20.75 28 12.8
    endloop
  endfacet
  facet normal -1 0 0
    outer loop
      vertex -20.75 29.86602540378444 10.8
      vertex -20.75 28 12.8
      vertex -20.75 43 12.8
    endloop
  endfacet
  facet normal 0 0 1
    outer loop
      vertex -20.75 28 12.8
      vertex 10.75 43 12.8
      vertex -20.75 43 12.8
    endloop
  endfacet
  facet normal 0 0 -1
    outer loop
      vertex -20.75 29.86602540378444 10.8
      vertex -20.75 43 10.8
      vertex 10.75 29.86602540378444 10.8
    endloop
  endfacet
  facet normal 0 0 -1
    outer loop
      vertex -20.75 28.133974596215563 10.8
      vertex 10.75 28.133974596215563 10.8
      vertex -20.75 28 10.8
    endloop
  endfacet
  facet normal 0 -1 0
    outer loop
      vertex -20.75 28 10.8
      vertex 10.75 28 10.8
      vertex -20.75 28 12.8
    endloop
  endfacet
  facet normal 0 0 -1
    outer loop
      vertex 10.75 29.86602540378444 10.8
      vertex -20.75 43 10.8
      vertex 10.75 43 10.8
    endloop
  endfacet
  facet normal 1 0 0
    outer loop
      vertex 10.75 28 12.8
      vertex 10.75 43 10.8
      vertex 10.75 43 12.8
    endloop
  endfacet
  facet normal 0 0 -1
    outer loop
      vertex -20.75 28 10.8
      vertex 10.75 28.133974596215563 10.8
      vertex 10.75 28 10.8
    endloop
  endfacet
  facet normal 0 0 1
    outer loop
      vertex -20.75 28 12.8
      vertex 10.75 28 12.8
      vertex 10.75 43 12.8
    endloop
  endfacet
  facet normal 0 -1 0
    outer loop
      vertex -20.75 28 12.8
      vertex 10.75 28 10.8
      vertex 10.75 28 12.8
    endloop
  endfacet
  facet normal 1 0 0
    outer loop
      vertex 10.75 29.86602540378444 10.8
      vertex 10.75 43 10.8
      vertex 10.75 28 12.8
    endloop
  endfacet
  facet normal 1 0 0
    outer loop
      vertex 10.75 29.86602540378444 10.8
      vertex 10.75 28 12.8
      vertex 10.75 28.133974596215563 10.8
    endloop
  endfacet
  facet normal 1 0 0
    outer loop
      vertex 10.75 28.133974596215563 10.8
      vertex 10.75 28 12.8
      vertex 10.75 28 10.8
    endloop
  endfacet
  facet normal -1 0 0
    outer loop
      vertex -20.75 29.104528463267656 10.305478104631728
      vertex -20.75 29 10.3
      vertex -20.75 28.895471536732348 10.305478104631728
    endloop
  endfacet
  facet normal -1 0 0
    outer loop
      vertex -20.75 29.309016994374947 10.348943483704847
      vertex -20.75 29.20791169081776 10.321852399266195
      vertex -20.75 28.690983005625053 10.348943483704847
    endloop
  endfacet
  facet normal -1 0 0
    outer loop
      vertex -20.75 29.20791169081776 10.321852399266195
      vertex -20.75 29.104528463267656 10.305478104631728
      vertex -20.75 28.79208830918224 10.321852399266195
    endloop
  endfacet
  facet normal -1 0 0
    outer loop
      vertex -20.75 29.406736643075803 10.3864545423574
      vertex -20.75 29.309016994374947 10.348943483704847
      vertex -20.75 28.5932633569242 10.3864545423574
    endloop
  endfacet
  facet normal -1 0 0
    outer loop
      vertex -20.75 29.5 10.433974596215561
      vertex -20.75 29.406736643075803 10.3864545423574
      vertex -20.75 28.5 10.433974596215561
    endloop
  endfacet
  facet normal -1 0 0
    outer loop
      vertex -20.75 29.104528463267656 10.305478104631728
      vertex -20.75 28.895471536732348 10.305478104631728
      vertex -20.75 28.79208830918224 10.321852399266195
    endloop
  endfacet
  facet normal -1 0 0
    outer loop
      vertex -20.75 29.20791169081776 10.321852399266195
      vertex -20.75 28.79208830918224 10.321852399266195
      vertex -20.75 28.690983005625053 10.348943483704847
    endloop
  endfacet
  facet normal -1 0 0
    outer loop
      vertex -20.75 29.309016994374947 10.348943483704847
      vertex -20.75 28.690983005625053 10.348943483704847
      vertex -20.75 28.5932633569242 10.3864545423574
    endloop
  endfacet
  facet normal -1 0 0
    outer loop
      vertex -20.75 29.406736643075803 10.3864545423574
      vertex -20.75 28.5932633569242 10.3864545423574
      vertex -20.75 28.5 10.433974596215561
    endloop
  endfacet
  facet normal -1 0 0
    outer loop
      vertex -20.75 29.5 10.433974596215561
      vertex -20.75 28.412214747707527 10.490983005625054
      vertex -20.75 29.587785252292473 10.490983005625054
    endloop
  endfacet
  facet normal -1 0 0
    outer loop
      vertex -20.75 29.66913060635886 10.556855174522607
      vertex -20.75 29.587785252292473 10.490983005625054
      vertex -20.75 28.33086939364114 10.556855174522607
    endloop
  endfacet
  facet normal -1 0 0
    outer loop
      vertex -20.75 29.66913060635886 10.556855174522607
      vertex -20.75 28.256855174522606 10.630869393641142
      vertex -20.75 29.743144825477394 10.630869393641142
    endloop
  endfacet
  facet normal -1 0 0
    outer loop
      vertex -20.75 29.743144825477394 10.630869393641142
      vertex -20.75 28.190983005625053 10.712214747707527
      vertex -20.75 29.809016994374947 10.712214747707527
    endloop
  endfacet
  facet normal -1 0 0
    outer loop
      vertex -20.75 29.86602540378444 10.8
      vertex -20.75 29.809016994374947 10.712214747707527
      vertex -20.75 28.133974596215563 10.8
    endloop
  endfacet
  facet normal -1 0 0
    outer loop
      vertex -20.75 29.5 10.433974596215561
      vertex -20.75 28.5 10.433974596215561
      vertex -20.75 28.412214747707527 10.490983005625054
    endloop
  endfacet
  facet normal -1 0 0
    outer loop
      vertex -20.75 29.587785252292473 10.490983005625054
      vertex -20.75 28.412214747707527 10.490983005625054
      vertex -20.75 28.33086939364114 10.556855174522607
    endloop
  endfacet
  facet normal -1 0 0
    outer loop
      vertex -20.75 29.66913060635886 10.556855174522607
      vertex -20.75 28.33086939364114 10.556855174522607
      vertex -20.75 28.256855174522606 10.630869393641142
    endloop
  endfacet
  facet normal -1 0 0
    outer loop
      vertex -20.75 29.743144825477394 10.630869393641142
      vertex -20.75 28.256855174522606 10.630869393641142
      vertex -20.75 28.190983005625053 10.712214747707527
    endloop
  endfacet
  facet normal -1 0 0
    outer loop
      vertex -20.75 29.809016994374947 10.712214747707527
      vertex -20.75 28.190983005625053 10.712214747707527
      vertex -20.75 28.133974596215563 10.8
    endloop
  endfacet
  facet normal 0 0.45399049973954775 -0.8910065241883673
    outer loop
      vertex -20.75 29.5 10.433974596215561
      vertex 10.75 29.406736643075803 10.3864545423574
      vertex -20.75 29.406736643075803 10.3864545423574
    endloop
  endfacet
  facet normal 0 0.3583679495452946 -0.933580426497204
    outer loop
      vertex -20.75 29.406736643075803 10.3864545423574
      vertex 10.75 29.309016994374947 10.348943483704847
      vertex -20.75 29.309016994374947 10.348943483704847
    endloop
  endfacet
  facet normal 0 0.2588190451025233 -0.9659258262890675
    outer loop
      vertex -20.75 29.309016994374947 10.348943483704847
      vertex 10.75 29.20791169081776 10.321852399266195
      vertex -20.75 29.20791169081776 10.321852399266195
    endloop
  endfacet
  facet normal 0 0.15643446504022637 -0.9876883405951384
    outer loop
      vertex -20.75 29.20791169081776 10.321852399266195
      vertex 10.75 29.104528463267656 10.305478104631728
      vertex -20.75 29.104528463267656 10.305478104631728
    endloop
  endfacet
  facet normal 0 0.05233595624294961 -0.9986295347545736
    outer loop
      vertex -20.75 29.104528463267656 10.305478104631728
      vertex 10.75 29 10.3
      vertex -20.75 29 10.3
    endloop
  endfacet
  facet normal 0 -0.05233595624295138 -0.9986295347545735
    outer loop
      vertex -20.75 29 10.3
      vertex 10.75 28.895471536732348 10.305478104631728
      vertex -20.75 28.895471536732348 10.305478104631728
    endloop
  endfacet
  facet normal 0 -0.15643446504022113 -0.9876883405951392
    outer loop
      vertex -20.75 28.895471536732348 10.305478104631728
      vertex 10.75 28.79208830918224 10.321852399266195
      vertex -20.75 28.79208830918224 10.321852399266195
    endloop
  endfacet
  facet normal 0 -0.2588190451025233 -0.9659258262890675
    outer loop
      vertex -20.75 28.79208830918224 10.321852399266195
      vertex 10.75 28.690983005625053 10.348943483704847
      vertex -20.75 28.690983005625053 10.348943483704847
    endloop
  endfacet
  facet normal 0 -0.358367949545306 -0.9335804264971995
    outer loop
      vertex -20.75 28.690983005625053 10.348943483704847
      vertex 10.75 28.5932633569242 10.3864545423574
      vertex -20.75 28.5932633569242 10.3864545423574
    endloop
  endfacet
  facet normal 0 -0.45399049973953404 -0.8910065241883743
    outer loop
      vertex -20.75 28.5932633569242 10.3864545423574
      vertex 10.75 28.5 10.433974596215561
      vertex -20.75 28.5 10.433974596215561
    endloop
  endfacet
  facet normal 0 0.6293203910498305 -0.7771459614569765
    outer loop
      vertex -20.75 29.66913060635886 10.556855174522607
      vertex 10.75 29.587785252292473 10.490983005625054
      vertex -20.75 29.587785252292473 10.490983005625054
    endloop
  endfacet
  facet normal 0 0.7071067811865475 -0.7071067811865475
    outer loop
      vertex -20.75 29.66913060635886 10.556855174522607
      vertex -20.75 29.743144825477394 10.630869393641142
      vertex 10.75 29.66913060635886 10.556855174522607
    endloop
  endfacet
  facet normal 0 0.7771459614569765 -0.6293203910498305
    outer loop
      vertex -20.75 29.743144825477394 10.630869393641142
      vertex -20.75 29.809016994374947 10.712214747707527
      vertex 10.75 29.809016994374947 10.712214747707527
    endloop
  endfacet
  facet normal 0 0.8386705679454105 -0.544639035015048
    outer loop
      vertex -20.75 29.86602540378444 10.8
      vertex 10.75 29.86602540378444 10.8
      vertex -20.75 29.809016994374947 10.712214747707527
    endloop
  endfacet
  facet normal 0 0.5446390350150361 -0.8386705679454183
    outer loop
      vertex -20.75 29.5 10.433974596215561
      vertex -20.75 29.587785252292473 10.490983005625054
      vertex 10.75 29.5 10.433974596215561
    endloop
  endfacet
  facet normal 0 -0.5446390350150361 -0.8386705679454183
    outer loop
      vertex -20.75 28.5 10.433974596215561
      vertex 10.75 28.412214747707527 10.490983005625054
      vertex -20.75 28.412214747707527 10.490983005625054
    endloop
  endfacet
  facet normal 0 -0.6293203910498305 -0.7771459614569765
    outer loop
      vertex -20.75 28.412214747707527 10.490983005625054
      vertex 10.75 28.33086939364114 10.556855174522607
      vertex -20.75 28.33086939364114 10.556855174522607
    endloop
  endfacet
  facet normal 0 -0.7071067811865475 -0.7071067811865475
    outer loop
      vertex -20.75 28.33086939364114 10.556855174522607
      vertex 10.75 28.256855174522606 10.630869393641142
      vertex -20.75 28.256855174522606 10.630869393641142
    endloop
  endfacet
  facet normal 0 -0.7771459614569765 -0.6293203910498305
    outer loop
      vertex -20.75 28.256855174522606 10.630869393641142
      vertex 10.75 28.256855174522606 10.630869393641142
      vertex -20.75 28.190983005625053 10.712214747707527
    endloop
  endfacet
  facet normal 0 -0.8386705679454259 -0.5446390350150241
    outer loop
      vertex -20.75 28.190983005625053 10.712214747707527
      vertex 10.75 28.190983005625053 10.712214747707527
      vertex -20.75 28.133974596215563 10.8
    endloop
  endfacet
  facet normal 0 0.45399049973954775 -0.8910065241883673
    outer loop
      vertex -20.75 29.5 10.433974596215561
      vertex 10.75 29.5 10.433974596215561
      vertex 10.75 29.406736643075803 10.3864545423574
    endloop
  endfacet
  facet normal 0 0.3583679495452946 -0.933580426497204
    outer loop
      vertex -20.75 29.406736643075803 10.3864545423574
      vertex 10.75 29.406736643075803 10.3864545423574
      vertex 10.75 29.309016994374947 10.348943483704847
    endloop
  endfacet
  facet normal 0 0.2588190451025233 -0.9659258262890675
    outer loop
      vertex -20.75 29.309016994374947 10.348943483704847
      vertex 10.75 29.309016994374947 10.348943483704847
      vertex 10.75 29.20791169081776 10.321852399266195
    endloop
  endfacet
  facet normal 0 0.15643446504022637 -0.9876883405951384
    outer loop
      vertex -20.75 29.20791169081776 10.321852399266195
      vertex 10.75 29.20791169081776 10.321852399266195
      vertex 10.75 29.104528463267656 10.305478104631728
    endloop
  endfacet
  facet normal 0 0.05233595624294961 -0.9986295347545736
    outer loop
      vertex -20.75 29.104528463267656 10.305478104631728
      vertex 10.75 29.104528463267656 10.305478104631728
      vertex 10.75 29 10.3
    endloop
  endfacet
  facet normal 0 -0.05233595624295138 -0.9986295347545735
    outer loop
      vertex -20.75 29 10.3
      vertex 10.75 29 10.3
      vertex 10.75 28.895471536732348 10.305478104631728
    endloop
  endfacet
  facet normal 0 -0.15643446504022113 -0.9876883405951392
    outer loop
      vertex -20.75 28.895471536732348 10.305478104631728
      vertex 10.75 28.895471536732348 10.305478104631728
      vertex 10.75 28.79208830918224 10.321852399266195
    endloop
  endfacet
  facet normal 0 -0.2588190451025233 -0.9659258262890675
    outer loop
      vertex -20.75 28.79208830918224 10.321852399266195
      vertex 10.75 28.79208830918224 10.321852399266195
      vertex 10.75 28.690983005625053 10.348943483704847
    endloop
  endfacet
  facet normal 0 -0.358367949545306 -0.9335804264971995
    outer loop
      vertex -20.75 28.690983005625053 10.348943483704847
      vertex 10.75 28.690983005625053 10.348943483704847
      vertex 10.75 28.5932633569242 10.3864545423574
    endloop
  endfacet
  facet normal 0 -0.45399049973953404 -0.8910065241883743
    outer loop
      vertex -20.75 28.5932633569242 10.3864545423574
      vertex 10.75 28.5932633569242 10.3864545423574
      vertex 10.75 28.5 10.433974596215561
    endloop
  endfacet
  facet normal 0 0.6293203910498305 -0.7771459614569765
    outer loop
      vertex -20.75 29.66913060635886 10.556855174522607
      vertex 10.75 29.66913060635886 10.556855174522607
      vertex 10.75 29.587785252292473 10.490983005625054
    endloop
  endfacet
  facet normal 0 0.7771459614569765 -0.6293203910498305
    outer loop
      vertex -20.75 29.743144825477394 10.630869393641142
      vertex 10.75 29.809016994374947 10.712214747707527
      vertex 10.75 29.743144825477394 10.630869393641142
    endloop
  endfacet
  facet normal 0 0.8386705679454105 -0.544639035015048
    outer loop
      vertex -20.75 29.809016994374947 10.712214747707527
      vertex 10.75 29.86602540378444 10.8
      vertex 10.75 29.809016994374947 10.712214747707527
    endloop
  endfacet
  facet normal 0 0.7071067811865475 -0.7071067811865475
    outer loop
      vertex -20.75 29.743144825477394 10.630869393641142
      vertex 10.75 29.743144825477394 10.630869393641142
      vertex 10.75 29.66913060635886 10.556855174522607
    endloop
  endfacet
  facet normal 0 0.5446390350150361 -0.8386705679454183
    outer loop
      vertex -20.75 29.587785252292473 10.490983005625054
      vertex 10.75 29.587785252292473 10.490983005625054
      vertex 10.75 29.5 10.433974596215561
    endloop
  endfacet
  facet normal 0 -0.5446390350150361 -0.8386705679454183
    outer loop
      vertex -20.75 28.5 10.433974596215561
      vertex 10.75 28.5 10.433974596215561
      vertex 10.75 28.412214747707527 10.490983005625054
    endloop
  endfacet
  facet normal 0 -0.6293203910498305 -0.7771459614569765
    outer loop
      vertex -20.75 28.412214747707527 10.490983005625054
      vertex 10.75 28.412214747707527 10.490983005625054
      vertex 10.75 28.33086939364114 10.556855174522607
    endloop
  endfacet
  facet normal 0 -0.7071067811865475 -0.7071067811865475
    outer loop
      vertex -20.75 28.33086939364114 10.556855174522607
      vertex 10.75 28.33086939364114 10.556855174522607
      vertex 10.75 28.256855174522606 10.630869393641142
    endloop
  endfacet
  facet normal 0 -0.7771459614569765 -0.6293203910498305
    outer loop
      vertex -20.75 28.190983005625053 10.712214747707527
      vertex 10.75 28.256855174522606 10.630869393641142
      vertex 10.75 28.190983005625053 10.712214747707527
    endloop
  endfacet
  facet normal 0 -0.8386705679454259 -0.5446390350150241
    outer loop
      vertex -20.75 28.133974596215563 10.8
      vertex 10.75 28.190983005625053 10.712214747707527
      vertex 10.75 28.133974596215563 10.8
    endloop
  endfacet
  facet normal 1 0 0
    outer loop
      vertex 10.75 29.5 10.433974596215561
      vertex 10.75 28.5932633569242 10.3864545423574
      vertex 10.75 29.406736643075803 10.3864545423574
    endloop
  endfacet
  facet normal 1 0 0
    outer loop
      vertex 10.75 29.309016994374947 10.348943483704847
      vertex 10.75 28.79208830918224 10.321852399266195
      vertex 10.75 29.20791169081776 10.321852399266195
    endloop
  endfacet
  facet normal 1 0 0
    outer loop
      vertex 10.75 29.20791169081776 10.321852399266195
      vertex 10.75 28.895471536732348 10.305478104631728
      vertex 10.75 29.104528463267656 10.305478104631728
    endloop
  endfacet
  facet normal 1 0 0
    outer loop
      vertex 10.75 29.104528463267656 10.305478104631728
      vertex 10.75 28.895471536732348 10.305478104631728
      vertex 10.75 29 10.3
    endloop
  endfacet
  facet normal 1 0 0
    outer loop
      vertex 10.75 29.406736643075803 10.3864545423574
      vertex 10.75 28.690983005625053 10.348943483704847
      vertex 10.75 29.309016994374947 10.348943483704847
    endloop
  endfacet
  facet normal 1 0 0
    outer loop
      vertex 10.75 29.20791169081776 10.321852399266195
      vertex 10.75 28.79208830918224 10.321852399266195
      vertex 10.75 28.895471536732348 10.305478104631728
    endloop
  endfacet
  facet normal 1 0 0
    outer loop
      vertex 10.75 29.309016994374947 10.348943483704847
      vertex 10.75 28.690983005625053 10.348943483704847
      vertex 10.75 28.79208830918224 10.321852399266195
    endloop
  endfacet
  facet normal 1 0 0
    outer loop
      vertex 10.75 29.406736643075803 10.3864545423574
      vertex 10.75 28.5932633569242 10.3864545423574
      vertex 10.75 28.690983005625053 10.348943483704847
    endloop
  endfacet
  facet normal 1 0 0
    outer loop
      vertex 10.75 29.5 10.433974596215561
      vertex 10.75 28.5 10.433974596215561
      vertex 10.75 28.5932633569242 10.3864545423574
    endloop
  endfacet
  facet normal 1 0 0
    outer loop
      vertex 10.75 29.5 10.433974596215561
      vertex 10.75 29.587785252292473 10.490983005625054
      vertex 10.75 28.5 10.433974596215561
    endloop
  endfacet
  facet normal 1 0 0
    outer loop
      vertex 10.75 29.66913060635886 10.556855174522607
      vertex 10.75 28.412214747707527 10.490983005625054
      vertex 10.75 29.587785252292473 10.490983005625054
    endloop
  endfacet
  facet normal 1 0 0
    outer loop
      vertex 10.75 29.66913060635886 10.556855174522607
      vertex 10.75 29.743144825477394 10.630869393641142
      vertex 10.75 28.33086939364114 10.556855174522607
    endloop
  endfacet
  facet normal 1 0 0
    outer loop
      vertex 10.75 29.743144825477394 10.630869393641142
      vertex 10.75 29.809016994374947 10.712214747707527
      vertex 10.75 28.256855174522606 10.630869393641142
    endloop
  endfacet
  facet normal 1 0 0
    outer loop
      vertex 10.75 29.86602540378444 10.8
      vertex 10.75 28.190983005625053 10.712214747707527
      vertex 10.75 29.809016994374947 10.712214747707527
    endloop
  endfacet
  facet normal 1 0 0
    outer loop
      vertex 10.75 29.587785252292473 10.490983005625054
      vertex 10.75 28.412214747707527 10.490983005625054
      vertex 10.75 28.5 10.433974596215561
    endloop
  endfacet
  facet normal 1 0 0
    outer loop
      vertex 10.75 29.66913060635886 10.556855174522607
      vertex 10.75 28.33086939364114 10.556855174522607
      vertex 10.75 28.412214747707527 10.490983005625054
    endloop
  endfacet
  facet normal 1 0 0
    outer loop
      vertex 10.75 29.743144825477394 10.630869393641142
      vertex 10.75 28.256855174522606 10.630869393641142
      vertex 10.75 28.33086939364114 10.556855174522607
    endloop
  endfacet
  facet normal 1 0 0
    outer loop
      vertex 10.75 29.809016994374947 10.712214747707527
      vertex 10.75 28.190983005625053 10.712214747707527
      vertex 10.75 28.256855174522606 10.630869393641142
    endloop
  endfacet
  facet normal 1 0 0
    outer loop
      vertex 10.75 29.86602540378444 10.8
      vertex 10.75 28.133974596215563 10.8
      vertex 10.75 28.190983005625053 10.712214747707527
    endloop
  endfacet
  facet normal 0 0 -1
    outer loop
      vertex -5 43 14
      vertex 7 35.6 14
      vertex -5 35.6 14
    endloop
  endfacet
  facet normal -1 0 0
    outer loop
      vertex -5 43 14
      vertex -5 35.6 14
      vertex -5 43 26
    endloop
  endfacet
  facet normal -1 0 0
    outer loop
      vertex -5 35.6 14
      vertex -5 35.6 26
      vertex -5 43 26
    endloop
  endfacet
  facet normal 0 -1 0
    outer loop
      vertex -5 35.6 14
      vertex 7 35.6 14
      vertex -5 35.6 26
    endloop
  endfacet
  facet normal 0 -1 0
    outer loop
      vertex -5 35.6 26
      vertex 2.3855399799342045 35.6 19.277369488847427
      vertex 2.305335271167623 35.6 19.44781317097298
    endloop
  endfacet
  facet normal 0 -1 0
    outer loop
      vertex -5 35.6 26
      vertex 2.4864745084375794 35.6 19.11832212156129
      vertex 2.3855399799342045 35.6 19.277369488847427
    endloop
  endfacet
  facet normal 0 -1 0
    outer loop
      vertex -5 35.6 26
      vertex 2.305335271167623 35.6 19.44781317097298
      vertex 2.2471252583070536 35.6 19.626965169252717
    endloop
  endfacet
  facet normal 0 -1 0
    outer loop
      vertex -5 35.6 26
      vertex 2.2471252583070536 35.6 19.626965169252717
      vertex 2.211827948028283 35.6 19.812000149653542
    endloop
  endfacet
  facet normal 0 -1 0
    outer loop
      vertex -5 35.6 26
      vertex 2.211827948028283 35.6 19.812000149653542
      vertex 2.2 35.6 20
    endloop
  endfacet
  facet normal 0 -1 0
    outer loop
      vertex -5 35.6 26
      vertex 2.2 35.6 20
      vertex 2.211827948028283 35.6 20.187999850346458
    endloop
  endfacet
  facet normal 0 -1 0
    outer loop
      vertex -5 35.6 26
      vertex 2.211827948028283 35.6 20.187999850346458
      vertex 2.2471252583070536 35.6 20.373034830747283
    endloop
  endfacet
  facet normal 0 0 1
    outer loop
      vertex -5 43 26
      vertex -5 35.6 26
      vertex 7 43 26
    endloop
  endfacet
  facet normal 0 -1 0
    outer loop
      vertex -5 35.6 26
      vertex 2.2471252583070536 35.6 20.373034830747283
      vertex 2.305335271167623 35.6 20.55218682902702
    endloop
  endfacet
  facet normal 0 -1 0
    outer loop
      vertex -5 35.6 26
      vertex 2.305335271167623 35.6 20.55218682902702
      vertex 2.3855399799342045 35.6 20.722630511152573
    endloop
  endfacet
  facet normal 0 -1 0
    outer loop
      vertex -5 35.6 26
      vertex 2.3855399799342045 35.6 20.722630511152573
      vertex 2.4864745084375794 35.6 20.88167787843871
    endloop
  endfacet
  facet normal 0 0 -1
    outer loop
      vertex -5 43 14
      vertex 7 43 14
      vertex 7 35.6 14
    endloop
  endfacet
  facet normal 0 -1 0
    outer loop
      vertex -5 35.6 26
      vertex 7 35.6 14
      vertex 2.743864015376966 35.6 18.844230135836316
    endloop
  endfacet
  facet normal 0 -1 0
    outer loop
      vertex -5 35.6 26
      vertex 2.606547058867883 35.6 18.973179341106967
      vertex 2.4864745084375794 35.6 19.11832212156129
    endloop
  endfacet
  facet normal 0 -1 0
    outer loop
      vertex -5 35.6 26
      vertex 2.743864015376966 35.6 18.844230135836316
      vertex 2.606547058867883 35.6 18.973179341106967
    endloop
  endfacet
  facet normal 0 -1 0
    outer loop
      vertex 7 35.6 14
      vertex 2.8962598075315054 35.6 18.73350811174698
      vertex 2.743864015376966 35.6 18.844230135836316
    endloop
  endfacet
  facet normal 0 -1 0
    outer loop
      vertex 7 35.6 14
      vertex 3.0613310626523926 35.6 18.64275942130097
      vertex 2.8962598075315054 35.6 18.73350811174698
    endloop
  endfacet
  facet normal 0 -1 0
    outer loop
      vertex 7 35.6 14
      vertex 3.2364745084375794 35.6 18.57341522555727
      vertex 3.0613310626523926 35.6 18.64275942130097
    endloop
  endfacet
  facet normal 0 -1 0
    outer loop
      vertex 7 35.6 14
      vertex 3.418928028121414 35.6 18.526569123906967
      vertex 3.2364745084375794 35.6 18.57341522555727
    endloop
  endfacet
  facet normal 0 -1 0
    outer loop
      vertex 7 35.6 14
      vertex 3.60581422070603 35.6 18.502959907357592
      vertex 3.418928028121414 35.6 18.526569123906967
    endloop
  endfacet
  facet normal 0 -1 0
    outer loop
      vertex 7 35.6 14
      vertex 3.7941857792939704 35.6 18.502959907357592
      vertex 3.60581422070603 35.6 18.502959907357592
    endloop
  endfacet
  facet normal 0 -1 0
    outer loop
      vertex 7 35.6 14
      vertex 3.9810719718785883 35.6 18.526569123906967
      vertex 3.7941857792939704 35.6 18.502959907357592
    endloop
  endfacet
  facet normal 0 -1 0
    outer loop
      vertex 7 35.6 14
      vertex 4.163525491562421 35.6 18.57341522555727
      vertex 3.9810719718785883 35.6 18.526569123906967
    endloop
  endfacet
  facet normal 0 -1 0
    outer loop
      vertex 7 35.6 14
      vertex 4.3386689373476095 35.6 18.64275942130097
      vertex 4.163525491562421 35.6 18.57341522555727
    endloop
  endfacet
  facet normal 0 -1 0
    outer loop
      vertex 7 35.6 14
      vertex 4.503740192468495 35.6 18.73350811174698
      vertex 4.3386689373476095 35.6 18.64275942130097
    endloop
  endfacet
  facet normal 0 -1 0
    outer loop
      vertex 7 35.6 14
      vertex 4.656135984623035 35.6 18.844230135836316
      vertex 4.503740192468495 35.6 18.73350811174698
    endloop
  endfacet
  facet normal 0 -1 0
    outer loop
      vertex 7 35.6 14
      vertex 4.7934529411321165 35.6 18.973179341106967
      vertex 4.656135984623035 35.6 18.844230135836316
    endloop
  endfacet
  facet normal 0 -1 0
    outer loop
      vertex 7 35.6 14
      vertex 4.913525491562421 35.6 19.11832212156129
      vertex 4.7934529411321165 35.6 18.973179341106967
    endloop
  endfacet
  facet normal 0 -1 0
    outer loop
      vertex 7 35.6 14
      vertex 5.014460020065796 35.6 19.277369488847427
      vertex 4.913525491562421 35.6 19.11832212156129
    endloop
  endfacet
  facet normal 0 -1 0
    outer loop
      vertex 7 35.6 14
      vertex 5.094664728832377 35.6 19.44781317097298
      vertex 5.014460020065796 35.6 19.277369488847427
    endloop
  endfacet
  facet normal 0 -1 0
    outer loop
      vertex 7 35.6 14
      vertex 5.152874741692948 35.6 19.626965169252717
      vertex 5.094664728832377 35.6 19.44781317097298
    endloop
  endfacet
  facet normal 0 -1 0
    outer loop
      vertex 7 35.6 14
      vertex 5.188172051971717 35.6 19.812000149653542
      vertex 5.152874741692948 35.6 19.626965169252717
    endloop
  endfacet
  facet normal 0 -1 0
    outer loop
      vertex 7 35.6 14
      vertex 5.199999999999999 35.6 20
      vertex 5.188172051971717 35.6 19.812000149653542
    endloop
  endfacet
  facet normal 0 -1 0
    outer loop
      vertex 7 35.6 14
      vertex 7 35.6 26
      vertex 5.199999999999999 35.6 20
    endloop
  endfacet
  facet normal 0 -1 0
    outer loop
      vertex 5.199999999999999 35.6 20
      vertex 7 35.6 26
      vertex 5.188172051971717 35.6 20.187999850346458
    endloop
  endfacet
  facet normal 0 -1 0
    outer loop
      vertex 5.188172051971717 35.6 20.187999850346458
      vertex 7 35.6 26
      vertex 5.152874741692948 35.6 20.373034830747283
    endloop
  endfacet
  facet normal 0 -1 0
    outer loop
      vertex -5 35.6 26
      vertex 2.4864745084375794 35.6 20.88167787843871
      vertex 2.606547058867883 35.6 21.026820658893033
    endloop
  endfacet
  facet normal 0 -1 0
    outer loop
      vertex -5 35.6 26
      vertex 2.606547058867883 35.6 21.026820658893033
      vertex 2.743864015376966 35.6 21.155769864163684
    endloop
  endfacet
  facet normal 0 -1 0
    outer loop
      vertex -5 35.6 26
      vertex 2.743864015376966 35.6 21.155769864163684
      vertex 2.8962598075315054 35.6 21.26649188825302
    endloop
  endfacet
  facet normal 0 -1 0
    outer loop
      vertex -5 35.6 26
      vertex 2.8962598075315054 35.6 21.26649188825302
      vertex 3.061331062652391 35.6 21.357240578699027
    endloop
  endfacet
  facet normal 0 -1 0
    outer loop
      vertex -5 35.6 26
      vertex 3.061331062652391 35.6 21.357240578699027
      vertex 3.2364745084375794 35.6 21.42658477444273
    endloop
  endfacet
  facet normal 0 -1 0
    outer loop
      vertex -5 35.6 26
      vertex 3.2364745084375794 35.6 21.42658477444273
      vertex 3.418928028121414 35.6 21.473430876093033
    endloop
  endfacet
  facet normal 0 -1 0
    outer loop
      vertex -5 35.6 26
      vertex 3.418928028121414 35.6 21.473430876093033
      vertex 3.60581422070603 35.6 21.497040092642408
    endloop
  endfacet
  facet normal 0 -1 0
    outer loop
      vertex -5 35.6 26
      vertex 3.60581422070603 35.6 21.497040092642408
      vertex 3.7941857792939704 35.6 21.497040092642408
    endloop
  endfacet
  facet normal 0 -1 0
    outer loop
      vertex -5 35.6 26
      vertex 3.7941857792939704 35.6 21.497040092642408
      vertex 3.9810719718785865 35.6 21.473430876093033
    endloop
  endfacet
  facet normal 0 -1 0
    outer loop
      vertex -5 35.6 26
      vertex 3.9810719718785865 35.6 21.473430876093033
      vertex 7 35.6 26
    endloop
  endfacet
  facet normal 0 0 1
    outer loop
      vertex -5 35.6 26
      vertex 7 35.6 26
      vertex 7 43 26
    endloop
  endfacet
  facet normal 0 -1 0
    outer loop
      vertex 4.3386689373476095 35.6 21.357240578699027
      vertex 4.503740192468495 35.6 21.26649188825302
      vertex 7 35.6 26
    endloop
  endfacet
  facet normal 0 -1 0
    outer loop
      vertex 5.014460020065796 35.6 20.722630511152573
      vertex 7 35.6 26
      vertex 4.913525491562421 35.6 20.88167787843871
    endloop
  endfacet
  facet normal 0 -1 0
    outer loop
      vertex 4.656135984623035 35.6 21.155769864163684
      vertex 4.7934529411321165 35.6 21.026820658893033
      vertex 7 35.6 26
    endloop
  endfacet
  facet normal 0 -1 0
    outer loop
      vertex 4.656135984623035 35.6 21.155769864163684
      vertex 7 35.6 26
      vertex 4.503740192468495 35.6 21.26649188825302
    endloop
  endfacet
  facet normal 0 -1 0
    outer loop
      vertex 4.7934529411321165 35.6 21.026820658893033
      vertex 4.913525491562421 35.6 20.88167787843871
      vertex 7 35.6 26
    endloop
  endfacet
  facet normal 0 -1 0
    outer loop
      vertex 3.9810719718785865 35.6 21.473430876093033
      vertex 4.163525491562421 35.6 21.42658477444273
      vertex 7 35.6 26
    endloop
  endfacet
  facet normal 0 -1 0
    outer loop
      vertex 4.163525491562421 35.6 21.42658477444273
      vertex 4.3386689373476095 35.6 21.357240578699027
      vertex 7 35.6 26
    endloop
  endfacet
  facet normal 0 -1 0
    outer loop
      vertex 5.152874741692948 35.6 20.373034830747283
      vertex 7 35.6 26
      vertex 5.094664728832377 35.6 20.55218682902702
    endloop
  endfacet
  facet normal 0 -1 0
    outer loop
      vertex 5.094664728832377 35.6 20.55218682902702
      vertex 7 35.6 26
      vertex 5.014460020065796 35.6 20.722630511152573
    endloop
  endfacet
  facet normal 1 0 0
    outer loop
      vertex 7 43 14
      vertex 7 43 26
      vertex 7 35.6 26
    endloop
  endfacet
  facet normal 1 0 0
    outer loop
      vertex 7 43 14
      vertex 7 35.6 26
      vertex 7 35.6 14
    endloop
  endfacet
  facet normal 0.8443279255020107 0 0.5358267949790035
    outer loop
      vertex 2.3855399799342045 43 19.277369488847427
      vertex 2.3855399799342045 35.6 19.277369488847427
      vertex 2.4864745084375794 43 19.11832212156129
    endloop
  endfacet
  facet normal 0.9048270524660187 0 0.4257792915650744
    outer loop
      vertex 2.3855399799342045 43 19.277369488847427
      vertex 2.305335271167623 43 19.44781317097298
      vertex 2.305335271167623 35.6 19.44781317097298
    endloop
  endfacet
  facet normal 0.9510565162951542 0 0.3090169943749455
    outer loop
      vertex 2.305335271167623 43 19.44781317097298
      vertex 2.2471252583070536 43 19.626965169252717
      vertex 2.2471252583070536 35.6 19.626965169252717
    endloop
  endfacet
  facet normal 0.684547105928688 0 0.7289686274214122
    outer loop
      vertex 2.743864015376966 43 18.844230135836316
      vertex 2.606547058867883 43 18.973179341106967
      vertex 2.606547058867883 35.6 18.973179341106967
    endloop
  endfacet
  facet normal 0.5877852522924694 0 0.8090169943749502
    outer loop
      vertex 2.743864015376966 43 18.844230135836316
      vertex 2.743864015376966 35.6 18.844230135836316
      vertex 2.8962598075315054 43 18.73350811174698
    endloop
  endfacet
  facet normal 0.3681245526846728 0 0.9297764858882533
    outer loop
      vertex 3.2364745084375794 43 18.57341522555727
      vertex 3.0613310626523926 43 18.64275942130097
      vertex 3.0613310626523926 35.6 18.64275942130097
    endloop
  endfacet
  facet normal 0.48175367410172304 0 0.8763066800438594
    outer loop
      vertex 2.8962598075315054 43 18.73350811174698
      vertex 2.8962598075315054 35.6 18.73350811174698
      vertex 3.0613310626523926 43 18.64275942130097
    endloop
  endfacet
  facet normal 0.7705132427757939 0 0.6374239897486842
    outer loop
      vertex 2.4864745084375794 43 19.11832212156129
      vertex 2.4864745084375794 35.6 19.11832212156129
      vertex 2.606547058867883 43 18.973179341106967
    endloop
  endfacet
  facet normal 0.9822872507286882 0 0.1873813145857278
    outer loop
      vertex 2.211827948028283 43 19.812000149653542
      vertex 2.211827948028283 35.6 19.812000149653542
      vertex 2.2471252583070536 43 19.626965169252717
    endloop
  endfacet
  facet normal 0.9980267284282718 0 0.06279051952931053
    outer loop
      vertex 2.211827948028283 43 19.812000149653542
      vertex 2.2 43 20
      vertex 2.2 35.6 20
    endloop
  endfacet
  facet normal 0.9980267284282718 0 -0.06279051952931053
    outer loop
      vertex 2.2 43 20
      vertex 2.211827948028283 43 20.187999850346458
      vertex 2.211827948028283 35.6 20.187999850346458
    endloop
  endfacet
  facet normal 0.9822872507286882 0 -0.1873813145857278
    outer loop
      vertex 2.211827948028283 43 20.187999850346458
      vertex 2.2471252583070536 43 20.373034830747283
      vertex 2.2471252583070536 35.6 20.373034830747283
    endloop
  endfacet
  facet normal 0.9510565162951542 0 -0.3090169943749455
    outer loop
      vertex 2.2471252583070536 43 20.373034830747283
      vertex 2.305335271167623 43 20.55218682902702
      vertex 2.305335271167623 35.6 20.55218682902702
    endloop
  endfacet
  facet normal 0.9048270524660187 0 -0.4257792915650744
    outer loop
      vertex 2.305335271167623 43 20.55218682902702
      vertex 2.3855399799342045 43 20.722630511152573
      vertex 2.3855399799342045 35.6 20.722630511152573
    endloop
  endfacet
  facet normal 0.8443279255020107 0 -0.5358267949790035
    outer loop
      vertex 2.3855399799342045 43 20.722630511152573
      vertex 2.4864745084375794 43 20.88167787843871
      vertex 2.4864745084375794 35.6 20.88167787843871
    endloop
  endfacet
  facet normal 0.7705132427757939 0 -0.6374239897486842
    outer loop
      vertex 2.4864745084375794 43 20.88167787843871
      vertex 2.606547058867883 43 21.026820658893033
      vertex 2.606547058867883 35.6 21.026820658893033
    endloop
  endfacet
  facet normal 0.684547105928688 0 -0.7289686274214122
    outer loop
      vertex 2.606547058867883 43 21.026820658893033
      vertex 2.743864015376966 43 21.155769864163684
      vertex 2.743864015376966 35.6 21.155769864163684
    endloop
  endfacet
  facet normal 0.5877852522924694 0 -0.8090169943749502
    outer loop
      vertex 2.743864015376966 43 21.155769864163684
      vertex 2.8962598075315054 43 21.26649188825302
      vertex 2.8962598075315054 35.6 21.26649188825302
    endloop
  endfacet
  facet normal 0.48175367410171255 0 -0.8763066800438651
    outer loop
      vertex 2.8962598075315054 43 21.26649188825302
      vertex 3.061331062652391 43 21.357240578699027
      vertex 3.061331062652391 35.6 21.357240578699027
    endloop
  endfacet
  facet normal 0.3681245526846859 0 -0.9297764858882482
    outer loop
      vertex 3.061331062652391 43 21.357240578699027
      vertex 3.2364745084375794 43 21.42658477444273
      vertex 3.2364745084375794 35.6 21.42658477444273
    endloop
  endfacet
  facet normal 0.24868988716485513 0 0.9685831611286311
    outer loop
      vertex 3.2364745084375794 43 18.57341522555727
      vertex 3.2364745084375794 35.6 18.57341522555727
      vertex 3.418928028121414 43 18.526569123906967
    endloop
  endfacet
  facet normal 0.12533323356430526 0 0.9921147013144777
    outer loop
      vertex 3.418928028121414 43 18.526569123906967
      vertex 3.418928028121414 35.6 18.526569123906967
      vertex 3.60581422070603 43 18.502959907357592
    endloop
  endfacet
  facet normal 0 0 1
    outer loop
      vertex 3.60581422070603 43 18.502959907357592
      vertex 3.60581422070603 35.6 18.502959907357592
      vertex 3.7941857792939704 43 18.502959907357592
    endloop
  endfacet
  facet normal -0.1253332335643041 0 0.9921147013144779
    outer loop
      vertex 3.7941857792939704 43 18.502959907357592
      vertex 3.7941857792939704 35.6 18.502959907357592
      vertex 3.9810719718785883 43 18.526569123906967
    endloop
  endfacet
  facet normal -0.24868988716485743 0 0.9685831611286304
    outer loop
      vertex 3.9810719718785883 43 18.526569123906967
      vertex 3.9810719718785883 35.6 18.526569123906967
      vertex 4.163525491562421 43 18.57341522555727
    endloop
  endfacet
  facet normal -0.3681245526846696 0 0.9297764858882546
    outer loop
      vertex 4.163525491562421 43 18.57341522555727
      vertex 4.163525491562421 35.6 18.57341522555727
      vertex 4.3386689373476095 43 18.64275942130097
    endloop
  endfacet
  facet normal -0.481753674101727 0 0.876306680043857
    outer loop
      vertex 4.3386689373476095 43 18.64275942130097
      vertex 4.3386689373476095 35.6 18.64275942130097
      vertex 4.503740192468495 43 18.73350811174698
    endloop
  endfacet
  facet normal -0.5877852522924694 0 0.8090169943749502
    outer loop
      vertex 4.503740192468495 43 18.73350811174698
      vertex 4.503740192468495 35.6 18.73350811174698
      vertex 4.656135984623035 43 18.844230135836316
    endloop
  endfacet
  facet normal -0.6845471059286903 0 0.72896862742141
    outer loop
      vertex 4.656135984623035 43 18.844230135836316
      vertex 4.656135984623035 35.6 18.844230135836316
      vertex 4.7934529411321165 43 18.973179341106967
    endloop
  endfacet
  facet normal -0.7705132427757914 0 0.637423989748687
    outer loop
      vertex 4.7934529411321165 43 18.973179341106967
      vertex 4.7934529411321165 35.6 18.973179341106967
      vertex 4.913525491562421 43 19.11832212156129
    endloop
  endfacet
  facet normal -0.8443279255020107 0 0.5358267949790035
    outer loop
      vertex 4.913525491562421 43 19.11832212156129
      vertex 4.913525491562421 35.6 19.11832212156129
      vertex 5.014460020065796 43 19.277369488847427
    endloop
  endfacet
  facet normal -0.9048270524660187 0 0.4257792915650744
    outer loop
      vertex 5.014460020065796 43 19.277369488847427
      vertex 5.014460020065796 35.6 19.277369488847427
      vertex 5.094664728832377 43 19.44781317097298
    endloop
  endfacet
  facet normal -0.9510565162951529 0 0.3090169943749498
    outer loop
      vertex 5.094664728832377 43 19.44781317097298
      vertex 5.094664728832377 35.6 19.44781317097298
      vertex 5.152874741692948 43 19.626965169252717
    endloop
  endfacet
  facet normal -0.7705132427757914 0 -0.637423989748687
    outer loop
      vertex 4.7934529411321165 43 21.026820658893033
      vertex 4.913525491562421 43 20.88167787843871
      vertex 4.913525491562421 35.6 20.88167787843871
    endloop
  endfacet
  facet normal 0.24868988716485513 0 -0.9685831611286311
    outer loop
      vertex 3.2364745084375794 43 21.42658477444273
      vertex 3.418928028121414 43 21.473430876093033
      vertex 3.418928028121414 35.6 21.473430876093033
    endloop
  endfacet
  facet normal 0.12533323356430526 0 -0.9921147013144777
    outer loop
      vertex 3.418928028121414 43 21.473430876093033
      vertex 3.60581422070603 43 21.497040092642408
      vertex 3.60581422070603 35.6 21.497040092642408
    endloop
  endfacet
  facet normal 0 0 -1
    outer loop
      vertex 3.60581422070603 43 21.497040092642408
      vertex 3.7941857792939704 43 21.497040092642408
      vertex 3.7941857792939704 35.6 21.497040092642408
    endloop
  endfacet
  facet normal -0.12533323356430526 0 -0.9921147013144777
    outer loop
      vertex 3.7941857792939704 43 21.497040092642408
      vertex 3.9810719718785865 43 21.473430876093033
      vertex 3.9810719718785865 35.6 21.473430876093033
    endloop
  endfacet
  facet normal -0.24868988716485513 0 -0.9685831611286311
    outer loop
      vertex 3.9810719718785865 43 21.473430876093033
      vertex 4.163525491562421 43 21.42658477444273
      vertex 4.163525491562421 35.6 21.42658477444273
    endloop
  endfacet
  facet normal -0.3681245526846859 0 -0.9297764858882482
    outer loop
      vertex 4.163525491562421 43 21.42658477444273
      vertex 4.3386689373476095 43 21.357240578699027
      vertex 4.3386689373476095 35.6 21.357240578699027
    endloop
  endfacet
  facet normal -0.48175367410171255 0 -0.8763066800438651
    outer loop
      vertex 4.3386689373476095 43 21.357240578699027
      vertex 4.503740192468495 43 21.26649188825302
      vertex 4.503740192468495 35.6 21.26649188825302
    endloop
  endfacet
  facet normal -0.5877852522924694 0 -0.8090169943749502
    outer loop
      vertex 4.656135984623035 43 21.155769864163684
      vertex 4.656135984623035 35.6 21.155769864163684
      vertex 4.503740192468495 43 21.26649188825302
    endloop
  endfacet
  facet normal -0.6845471059286903 0 -0.72896862742141
    outer loop
      vertex 4.656135984623035 43 21.155769864163684
      vertex 4.7934529411321165 43 21.026820658893033
      vertex 4.7934529411321165 35.6 21.026820658893033
    endloop
  endfacet
  facet normal -0.9822872507286889 0 0.18738131458572324
    outer loop
      vertex 5.152874741692948 43 19.626965169252717
      vertex 5.152874741692948 35.6 19.626965169252717
      vertex 5.188172051971717 43 19.812000149653542
    endloop
  endfacet
  facet normal -0.998026728428272 0 0.06279051952930581
    outer loop
      vertex 5.188172051971717 43 19.812000149653542
      vertex 5.188172051971717 35.6 19.812000149653542
      vertex 5.199999999999999 43 20
    endloop
  endfacet
  facet normal -0.998026728428272 0 -0.06279051952930581
    outer loop
      vertex 5.199999999999999 43 20
      vertex 5.199999999999999 35.6 20
      vertex 5.188172051971717 43 20.187999850346458
    endloop
  endfacet
  facet normal -0.9822872507286889 0 -0.18738131458572324
    outer loop
      vertex 5.188172051971717 43 20.187999850346458
      vertex 5.188172051971717 35.6 20.187999850346458
      vertex 5.152874741692948 43 20.373034830747283
    endloop
  endfacet
  facet normal -0.9048270524660187 0 -0.4257792915650744
    outer loop
      vertex 5.094664728832377 43 20.55218682902702
      vertex 5.094664728832377 35.6 20.55218682902702
      vertex 5.014460020065796 43 20.722630511152573
    endloop
  endfacet
  facet normal -0.9510565162951529 0 -0.3090169943749498
    outer loop
      vertex 5.152874741692948 43 20.373034830747283
      vertex 5.152874741692948 35.6 20.373034830747283
      vertex 5.094664728832377 43 20.55218682902702
    endloop
  endfacet
  facet normal -0.8443279255020107 0 -0.5358267949790035
    outer loop
      vertex 5.014460020065796 43 20.722630511152573
      vertex 5.014460020065796 35.6 20.722630511152573
      vertex 4.913525491562421 43 20.88167787843871
    endloop
  endfacet
  facet normal 0.9048270524660187 0 0.4257792915650744
    outer loop
      vertex 2.3855399799342045 43 19.277369488847427
      vertex 2.305335271167623 35.6 19.44781317097298
      vertex 2.3855399799342045 35.6 19.277369488847427
    endloop
  endfacet
  facet normal 0.9510565162951542 0 0.3090169943749455
    outer loop
      vertex 2.305335271167623 43 19.44781317097298
      vertex 2.2471252583070536 35.6 19.626965169252717
      vertex 2.305335271167623 35.6 19.44781317097298
    endloop
  endfacet
  facet normal 0.684547105928688 0 0.7289686274214122
    outer loop
      vertex 2.743864015376966 43 18.844230135836316
      vertex 2.606547058867883 35.6 18.973179341106967
      vertex 2.743864015376966 35.6 18.844230135836316
    endloop
  endfacet
  facet normal 0.3681245526846728 0 0.9297764858882533
    outer loop
      vertex 3.2364745084375794 43 18.57341522555727
      vertex 3.0613310626523926 35.6 18.64275942130097
      vertex 3.2364745084375794 35.6 18.57341522555727
    endloop
  endfacet
  facet normal 0.5877852522924694 0 0.8090169943749502
    outer loop
      vertex 2.8962598075315054 43 18.73350811174698
      vertex 2.743864015376966 35.6 18.844230135836316
      vertex 2.8962598075315054 35.6 18.73350811174698
    endloop
  endfacet
  facet normal 0.48175367410172304 0 0.8763066800438594
    outer loop
      vertex 3.0613310626523926 43 18.64275942130097
      vertex 2.8962598075315054 35.6 18.73350811174698
      vertex 3.0613310626523926 35.6 18.64275942130097
    endloop
  endfacet
  facet normal 0.7705132427757939 0 0.6374239897486842
    outer loop
      vertex 2.606547058867883 43 18.973179341106967
      vertex 2.4864745084375794 35.6 19.11832212156129
      vertex 2.606547058867883 35.6 18.973179341106967
    endloop
  endfacet
  facet normal 0.8443279255020107 0 0.5358267949790035
    outer loop
      vertex 2.4864745084375794 43 19.11832212156129
      vertex 2.3855399799342045 35.6 19.277369488847427
      vertex 2.4864745084375794 35.6 19.11832212156129
    endloop
  endfacet
  facet normal 0.9980267284282718 0 0.06279051952931053
    outer loop
      vertex 2.211827948028283 43 19.812000149653542
      vertex 2.2 35.6 20
      vertex 2.211827948028283 35.6 19.812000149653542
    endloop
  endfacet
  facet normal 0.9822872507286882 0 0.1873813145857278
    outer loop
      vertex 2.2471252583070536 43 19.626965169252717
      vertex 2.211827948028283 35.6 19.812000149653542
      vertex 2.2471252583070536 35.6 19.626965169252717
    endloop
  endfacet
  facet normal 0.9980267284282718 0 -0.06279051952931053
    outer loop
      vertex 2.2 43 20
      vertex 2.211827948028283 35.6 20.187999850346458
      vertex 2.2 35.6 20
    endloop
  endfacet
  facet normal 0.9822872507286882 0 -0.1873813145857278
    outer loop
      vertex 2.211827948028283 43 20.187999850346458
      vertex 2.2471252583070536 35.6 20.373034830747283
      vertex 2.211827948028283 35.6 20.187999850346458
    endloop
  endfacet
  facet normal 0.9510565162951542 0 -0.3090169943749455
    outer loop
      vertex 2.2471252583070536 43 20.373034830747283
      vertex 2.305335271167623 35.6 20.55218682902702
      vertex 2.2471252583070536 35.6 20.373034830747283
    endloop
  endfacet
  facet normal 0.9048270524660187 0 -0.4257792915650744
    outer loop
      vertex 2.305335271167623 43 20.55218682902702
      vertex 2.3855399799342045 35.6 20.722630511152573
      vertex 2.305335271167623 35.6 20.55218682902702
    endloop
  endfacet
  facet normal 0.8443279255020107 0 -0.5358267949790035
    outer loop
      vertex 2.3855399799342045 43 20.722630511152573
      vertex 2.4864745084375794 35.6 20.88167787843871
      vertex 2.3855399799342045 35.6 20.722630511152573
    endloop
  endfacet
  facet normal 0.7705132427757939 0 -0.6374239897486842
    outer loop
      vertex 2.4864745084375794 43 20.88167787843871
      vertex 2.606547058867883 35.6 21.026820658893033
      vertex 2.4864745084375794 35.6 20.88167787843871
    endloop
  endfacet
  facet normal 0.684547105928688 0 -0.7289686274214122
    outer loop
      vertex 2.606547058867883 43 21.026820658893033
      vertex 2.743864015376966 35.6 21.155769864163684
      vertex 2.606547058867883 35.6 21.026820658893033
    endloop
  endfacet
  facet normal 0.5877852522924694 0 -0.8090169943749502
    outer loop
      vertex 2.743864015376966 43 21.155769864163684
      vertex 2.8962598075315054 35.6 21.26649188825302
      vertex 2.743864015376966 35.6 21.155769864163684
    endloop
  endfacet
  facet normal 0.48175367410171255 0 -0.8763066800438651
    outer loop
      vertex 2.8962598075315054 43 21.26649188825302
      vertex 3.061331062652391 35.6 21.357240578699027
      vertex 2.8962598075315054 35.6 21.26649188825302
    endloop
  endfacet
  facet normal 0.3681245526846859 0 -0.9297764858882482
    outer loop
      vertex 3.061331062652391 43 21.357240578699027
      vertex 3.2364745084375794 35.6 21.42658477444273
      vertex 3.061331062652391 35.6 21.357240578699027
    endloop
  endfacet
  facet normal 0.24868988716485513 0 0.9685831611286311
    outer loop
      vertex 3.418928028121414 43 18.526569123906967
      vertex 3.2364745084375794 35.6 18.57341522555727
      vertex 3.418928028121414 35.6 18.526569123906967
    endloop
  endfacet
  facet normal 0.12533323356430526 0 0.9921147013144777
    outer loop
      vertex 3.60581422070603 43 18.502959907357592
      vertex 3.418928028121414 35.6 18.526569123906967
      vertex 3.60581422070603 35.6 18.502959907357592
    endloop
  endfacet
  facet normal 0 0 1
    outer loop
      vertex 3.7941857792939704 43 18.502959907357592
      vertex 3.60581422070603 35.6 18.502959907357592
      vertex 3.7941857792939704 35.6 18.502959907357592
    endloop
  endfacet
  facet normal -0.1253332335643041 0 0.9921147013144779
    outer loop
      vertex 3.9810719718785883 43 18.526569123906967
      vertex 3.7941857792939704 35.6 18.502959907357592
      vertex 3.9810719718785883 35.6 18.526569123906967
    endloop
  endfacet
  facet normal -0.24868988716485743 0 0.9685831611286304
    outer loop
      vertex 4.163525491562421 43 18.57341522555727
      vertex 3.9810719718785883 35.6 18.526569123906967
      vertex 4.163525491562421 35.6 18.57341522555727
    endloop
  endfacet
  facet normal -0.3681245526846696 0 0.9297764858882546
    outer loop
      vertex 4.3386689373476095 43 18.64275942130097
      vertex 4.163525491562421 35.6 18.57341522555727
      vertex 4.3386689373476095 35.6 18.64275942130097
    endloop
  endfacet
  facet normal -0.481753674101727 0 0.876306680043857
    outer loop
      vertex 4.503740192468495 43 18.73350811174698
      vertex 4.3386689373476095 35.6 18.64275942130097
      vertex 4.503740192468495 35.6 18.73350811174698
    endloop
  endfacet
  facet normal -0.5877852522924694 0 0.8090169943749502
    outer loop
      vertex 4.656135984623035 43 18.844230135836316
      vertex 4.503740192468495 35.6 18.73350811174698
      vertex 4.656135984623035 35.6 18.844230135836316
    endloop
  endfacet
  facet normal -0.6845471059286903 0 0.72896862742141
    outer loop
      vertex 4.7934529411321165 43 18.973179341106967
      vertex 4.656135984623035 35.6 18.844230135836316
      vertex 4.7934529411321165 35.6 18.973179341106967
    endloop
  endfacet
  facet normal -0.7705132427757914 0 0.637423989748687
    outer loop
      vertex 4.913525491562421 43 19.11832212156129
      vertex 4.7934529411321165 35.6 18.973179341106967
      vertex 4.913525491562421 35.6 19.11832212156129
    endloop
  endfacet
  facet normal -0.8443279255020107 0 0.5358267949790035
    outer loop
      vertex 5.014460020065796 43 19.277369488847427
      vertex 4.913525491562421 35.6 19.11832212156129
      vertex 5.014460020065796 35.6 19.277369488847427
    endloop
  endfacet
  facet normal -0.9048270524660187 0 0.4257792915650744
    outer loop
      vertex 5.094664728832377 43 19.44781317097298
      vertex 5.014460020065796 35.6 19.277369488847427
      vertex 5.094664728832377 35.6 19.44781317097298
    endloop
  endfacet
  facet normal -0.9510565162951529 0 0.3090169943749498
    outer loop
      vertex 5.152874741692948 43 19.626965169252717
      vertex 5.094664728832377 35.6 19.44781317097298
      vertex 5.152874741692948 35.6 19.626965169252717
    endloop
  endfacet
  facet normal 0.24868988716485513 0 -0.9685831611286311
    outer loop
      vertex 3.2364745084375794 43 21.42658477444273
      vertex 3.418928028121414 35.6 21.473430876093033
      vertex 3.2364745084375794 35.6 21.42658477444273
    endloop
  endfacet
  facet normal 0.12533323356430526 0 -0.9921147013144777
    outer loop
      vertex 3.418928028121414 43 21.473430876093033
      vertex 3.60581422070603 35.6 21.497040092642408
      vertex 3.418928028121414 35.6 21.473430876093033
    endloop
  endfacet
  facet normal 0 0 -1
    outer loop
      vertex 3.60581422070603 43 21.497040092642408
      vertex 3.7941857792939704 35.6 21.497040092642408
      vertex 3.60581422070603 35.6 21.497040092642408
    endloop
  endfacet
  facet normal -0.12533323356430526 0 -0.9921147013144777
    outer loop
      vertex 3.7941857792939704 43 21.497040092642408
      vertex 3.9810719718785865 35.6 21.473430876093033
      vertex 3.7941857792939704 35.6 21.497040092642408
    endloop
  endfacet
  facet normal -0.24868988716485513 0 -0.9685831611286311
    outer loop
      vertex 3.9810719718785865 43 21.473430876093033
      vertex 4.163525491562421 35.6 21.42658477444273
      vertex 3.9810719718785865 35.6 21.473430876093033
    endloop
  endfacet
  facet normal -0.3681245526846859 0 -0.9297764858882482
    outer loop
      vertex 4.163525491562421 43 21.42658477444273
      vertex 4.3386689373476095 35.6 21.357240578699027
      vertex 4.163525491562421 35.6 21.42658477444273
    endloop
  endfacet
  facet normal -0.48175367410171255 0 -0.8763066800438651
    outer loop
      vertex 4.3386689373476095 43 21.357240578699027
      vertex 4.503740192468495 35.6 21.26649188825302
      vertex 4.3386689373476095 35.6 21.357240578699027
    endloop
  endfacet
  facet normal -0.5877852522924694 0 -0.8090169943749502
    outer loop
      vertex 4.503740192468495 43 21.26649188825302
      vertex 4.656135984623035 35.6 21.155769864163684
      vertex 4.503740192468495 35.6 21.26649188825302
    endloop
  endfacet
  facet normal -0.7705132427757914 0 -0.637423989748687
    outer loop
      vertex 4.7934529411321165 43 21.026820658893033
      vertex 4.913525491562421 35.6 20.88167787843871
      vertex 4.7934529411321165 35.6 21.026820658893033
    endloop
  endfacet
  facet normal -0.6845471059286903 0 -0.72896862742141
    outer loop
      vertex 4.656135984623035 43 21.155769864163684
      vertex 4.7934529411321165 35.6 21.026820658893033
      vertex 4.656135984623035 35.6 21.155769864163684
    endloop
  endfacet
  facet normal -0.9822872507286889 0 0.18738131458572324
    outer loop
      vertex 5.188172051971717 43 19.812000149653542
      vertex 5.152874741692948 35.6 19.626965169252717
      vertex 5.188172051971717 35.6 19.812000149653542
    endloop
  endfacet
  facet normal -0.998026728428272 0 0.06279051952930581
    outer loop
      vertex 5.199999999999999 43 20
      vertex 5.188172051971717 35.6 19.812000149653542
      vertex 5.199999999999999 35.6 20
    endloop
  endfacet
  facet normal -0.998026728428272 0 -0.06279051952930581
    outer loop
      vertex 5.188172051971717 43 20.187999850346458
      vertex 5.199999999999999 35.6 20
      vertex 5.188172051971717 35.6 20.187999850346458
    endloop
  endfacet
  facet normal -0.9822872507286889 0 -0.18738131458572324
    outer loop
      vertex 5.152874741692948 43 20.373034830747283
      vertex 5.188172051971717 35.6 20.187999850346458
      vertex 5.152874741692948 35.6 20.373034830747283
    endloop
  endfacet
  facet normal -0.9510565162951529 0 -0.3090169943749498
    outer loop
      vertex 5.094664728832377 43 20.55218682902702
      vertex 5.152874741692948 35.6 20.373034830747283
      vertex 5.094664728832377 35.6 20.55218682902702
    endloop
  endfacet
  facet normal -0.9048270524660187 0 -0.4257792915650744
    outer loop
      vertex 5.014460020065796 43 20.722630511152573
      vertex 5.094664728832377 35.6 20.55218682902702
      vertex 5.014460020065796 35.6 20.722630511152573
    endloop
  endfacet
  facet normal -0.8443279255020107 0 -0.5358267949790035
    outer loop
      vertex 4.913525491562421 43 20.88167787843871
      vertex 5.014460020065796 35.6 20.722630511152573
      vertex 4.913525491562421 35.6 20.88167787843871
    endloop
  endfacet
  facet normal -0.7071067811865475 0 -0.7071067811865475
    outer loop
      vertex -26 45 -2
      vertex -24 45 -4
      vertex -24 43 -4
    endloop
  endfacet
  facet normal -0.7071067811865475 0 -0.7071067811865475
    outer loop
      vertex -26 45 -2
      vertex -24 43 -4
      vertex -26 43 -2
    endloop
  endfacet
  facet normal 0 -1 0
    outer loop
      vertex -26 43 -2
      vertex -24 43 -4
      vertex -20.75 43 10.8
    endloop
  endfacet
  facet normal -1 0 0
    outer loop
      vertex -26 45 -2
      vertex -26 43 -2
      vertex -26 43 36
    endloop
  endfacet
  facet normal 0 -1 0
    outer loop
      vertex -26 43 -2
      vertex -20.75 43 10.8
      vertex -20.75 43 12.8
    endloop
  endfacet
  facet normal 0 -1 0
    outer loop
      vertex -26 43 -2
      vertex -20.75 43 12.8
      vertex -21 43 14
    endloop
  endfacet
  facet normal 0 1 0
    outer loop
      vertex -26 45 -2
      vertex -21 45 14
      vertex -13 45 14
    endloop
  endfacet
  facet normal 0 1 0
    outer loop
      vertex -26 45 -2
      vertex -26 45 36
      vertex -21 45 14
    endloop
  endfacet
  facet normal 0 -1 0
    outer loop
      vertex -26 43 -2
      vertex -21 43 14
      vertex -26 43 36
    endloop
  endfacet
  facet normal 0 0 -1
    outer loop
      vertex -24 45 -4
      vertex 24 43 -4
      vertex -24 43 -4
    endloop
  endfacet
  facet normal 0 -1 0
    outer loop
      vertex -24 43 -4
      vertex 24 43 -4
      vertex -20.75 43 10.8
    endloop
  endfacet
  facet normal 0 1 0
    outer loop
      vertex -26 45 -2
      vertex 26 45 36
      vertex -24 45 -4
    endloop
  endfacet
  facet normal 0 -1 0
    outer loop
      vertex -21 43 14
      vertex -20.75 43 12.8
      vertex 10.75 43 12.8
    endloop
  endfacet
  facet normal 0 -1 0
    outer loop
      vertex -21 43 14
      vertex 10.75 43 12.8
      vertex -13 43 14
    endloop
  endfacet
  facet normal 0 1 0
    outer loop
      vertex -26 45 -2
      vertex -13 45 14
      vertex 26 45 36
    endloop
  endfacet
  facet normal 0 -1 0
    outer loop
      vertex -13 43 14
      vertex 10.75 43 12.8
      vertex -5 43 14
    endloop
  endfacet
  facet normal -1 0 0
    outer loop
      vertex -26 45 -2
      vertex -26 43 36
      vertex -26 45 36
    endloop
  endfacet
  facet normal 0 1 0
    outer loop
      vertex -21 45 14
      vertex -26 45 36
      vertex -21 45 26
    endloop
  endfacet
  facet normal 0 -1 0
    outer loop
      vertex -21 43 14
      vertex -21 43 26
      vertex -26 43 36
    endloop
  endfacet
  facet normal 0 -1 0
    outer loop
      vertex -21 43 26
      vertex -20.75 43 27.2
      vertex -20.75 43 29.2
    endloop
  endfacet
  facet normal 0 -1 0
    outer loop
      vertex -21 43 26
      vertex -13 43 26
      vertex -20.75 43 27.2
    endloop
  endfacet
  facet normal 0 1 0
    outer loop
      vertex -21 45 26
      vertex -26 45 36
      vertex -13 45 26
    endloop
  endfacet
  facet normal 0 -1 0
    outer loop
      vertex -21 43 26
      vertex -20.75 43 29.2
      vertex -26 43 36
    endloop
  endfacet
  facet normal -0.7071067811865475 0 0.7071067811865475
    outer loop
      vertex -26 45 36
      vertex -26 43 36
      vertex -24 45 38
    endloop
  endfacet
  facet normal -0.7071067811865475 0 0.7071067811865475
    outer loop
      vertex -26 43 36
      vertex -24 43 38
      vertex -24 45 38
    endloop
  endfacet
  facet normal 0 -1 0
    outer loop
      vertex -13 43 14
      vertex -5 43 26
      vertex -13 43 26
    endloop
  endfacet
  facet normal 0 -1 0
    outer loop
      vertex -13 43 14
      vertex -5 43 14
      vertex -5 43 26
    endloop
  endfacet
  facet normal 0 -1 0
    outer loop
      vertex -13 43 26
      vertex -5 43 26
      vertex -20.75 43 27.2
    endloop
  endfacet
  facet normal 0 -1 0
    outer loop
      vertex -5 43 26
      vertex 7 43 26
      vertex -20.75 43 27.2
    endloop
  endfacet
  facet normal 0 -1 0
    outer loop
      vertex 7 43 26
      vertex 10.75 43 27.2
      vertex -20.75 43 27.2
    endloop
  endfacet
  facet normal 0 -1 0
    outer loop
      vertex -26 43 36
      vertex -20.75 43 29.2
      vertex 10.75 43 29.2
    endloop
  endfacet
  facet normal 0 1 0
    outer loop
      vertex -26 45 36
      vertex -24 45 38
      vertex 26 45 36
    endloop
  endfacet
  facet normal 0 -1 0
    outer loop
      vertex -26 43 36
      vertex 26 43 36
      vertex -24 43 38
    endloop
  endfacet
  facet normal 0 0 1
    outer loop
      vertex -24 45 38
      vertex -24 43 38
      vertex 24 45 38
    endloop
  endfacet
  facet normal 0 1 0
    outer loop
      vertex -26 45 36
      vertex 26 45 36
      vertex -13 45 26
    endloop
  endfacet
  facet normal 0 -1 0
    outer loop
      vertex 24 43 -4
      vertex 10.75 43 10.8
      vertex -20.75 43 10.8
    endloop
  endfacet
  facet normal 0 0 -1
    outer loop
      vertex -24 45 -4
      vertex 24 45 -4
      vertex 24 43 -4
    endloop
  endfacet
  facet normal 0 -1 0
    outer loop
      vertex -5 43 14
      vertex 10.75 43 12.8
      vertex 7 43 14
    endloop
  endfacet
  facet normal 0 1 0
    outer loop
      vertex -24 45 -4
      vertex 26 45 36
      vertex 24 45 -4
    endloop
  endfacet
  facet normal 0.7071067811865475 0 -0.7071067811865475
    outer loop
      vertex 24 45 -4
      vertex 26 45 -2
      vertex 24 43 -4
    endloop
  endfacet
  facet normal 0.7071067811865475 0 -0.7071067811865475
    outer loop
      vertex 24 43 -4
      vertex 26 45 -2
      vertex 26 43 -2
    endloop
  endfacet
  facet normal 0 1 0
    outer loop
      vertex 24 45 -4
      vertex 26 45 36
      vertex 26 45 -2
    endloop
  endfacet
  facet normal 0 -1 0
    outer loop
      vertex 24 43 -4
      vertex 26 43 -2
      vertex 26 43 36
    endloop
  endfacet
  facet normal 1 0 0
    outer loop
      vertex 26 45 -2
      vertex 26 45 36
      vertex 26 43 -2
    endloop
  endfacet
  facet normal 0 -1 0
    outer loop
      vertex 24 43 -4
      vertex 26 43 36
      vertex 10.75 43 10.8
    endloop
  endfacet
  facet normal 0 -1 0
    outer loop
      vertex 2.305335271167623 43 19.44781317097298
      vertex 2.3855399799342045 43 20.722630511152573
      vertex 2.2471252583070536 43 19.626965169252717
    endloop
  endfacet
  facet normal 0 -1 0
    outer loop
      vertex 2.3855399799342045 43 19.277369488847427
      vertex 2.4864745084375794 43 20.88167787843871
      vertex 2.305335271167623 43 19.44781317097298
    endloop
  endfacet
  facet normal 0 -1 0
    outer loop
      vertex 2.211827948028283 43 19.812000149653542
      vertex 2.2471252583070536 43 20.373034830747283
      vertex 2.2 43 20
    endloop
  endfacet
  facet normal 0 -1 0
    outer loop
      vertex 2.2 43 20
      vertex 2.2471252583070536 43 20.373034830747283
      vertex 2.211827948028283 43 20.187999850346458
    endloop
  endfacet
  facet normal 0 -1 0
    outer loop
      vertex 2.211827948028283 43 19.812000149653542
      vertex 2.2471252583070536 43 19.626965169252717
      vertex 2.305335271167623 43 20.55218682902702
    endloop
  endfacet
  facet normal 0 -1 0
    outer loop
      vertex 2.211827948028283 43 19.812000149653542
      vertex 2.305335271167623 43 20.55218682902702
      vertex 2.2471252583070536 43 20.373034830747283
    endloop
  endfacet
  facet normal 0 -1 0
    outer loop
      vertex 2.2471252583070536 43 19.626965169252717
      vertex 2.3855399799342045 43 20.722630511152573
      vertex 2.305335271167623 43 20.55218682902702
    endloop
  endfacet
  facet normal 0 -1 0
    outer loop
      vertex 2.305335271167623 43 19.44781317097298
      vertex 2.4864745084375794 43 20.88167787843871
      vertex 2.3855399799342045 43 20.722630511152573
    endloop
  endfacet
  facet normal 0 -1 0
    outer loop
      vertex 2.3855399799342045 43 19.277369488847427
      vertex 2.606547058867883 43 21.026820658893033
      vertex 2.4864745084375794 43 20.88167787843871
    endloop
  endfacet
  facet normal 0 -1 0
    outer loop
      vertex 2.3855399799342045 43 19.277369488847427
      vertex 2.743864015376966 43 21.155769864163684
      vertex 2.606547058867883 43 21.026820658893033
    endloop
  endfacet
  facet normal 0 -1 0
    outer loop
      vertex 2.3855399799342045 43 19.277369488847427
      vertex 2.8962598075315054 43 21.26649188825302
      vertex 2.743864015376966 43 21.155769864163684
    endloop
  endfacet
  facet normal 0 -1 0
    outer loop
      vertex 2.3855399799342045 43 19.277369488847427
      vertex 3.061331062652391 43 21.357240578699027
      vertex 2.8962598075315054 43 21.26649188825302
    endloop
  endfacet
  facet normal 0 -1 0
    outer loop
      vertex 2.3855399799342045 43 19.277369488847427
      vertex 3.2364745084375794 43 21.42658477444273
      vertex 3.061331062652391 43 21.357240578699027
    endloop
  endfacet
  facet normal 0 -1 0
    outer loop
      vertex 2.3855399799342045 43 19.277369488847427
      vertex 3.418928028121414 43 21.473430876093033
      vertex 3.2364745084375794 43 21.42658477444273
    endloop
  endfacet
  facet normal 0 -1 0
    outer loop
      vertex 2.3855399799342045 43 19.277369488847427
      vertex 3.60581422070603 43 21.497040092642408
      vertex 3.418928028121414 43 21.473430876093033
    endloop
  endfacet
  facet normal 0 -1 0
    outer loop
      vertex 2.4864745084375794 43 19.11832212156129
      vertex 2.606547058867883 43 18.973179341106967
      vertex 5.014460020065796 43 20.722630511152573
    endloop
  endfacet
  facet normal 0 -1 0
    outer loop
      vertex 2.743864015376966 43 18.844230135836316
      vertex 2.8962598075315054 43 18.73350811174698
      vertex 5.014460020065796 43 20.722630511152573
    endloop
  endfacet
  facet normal 0 -1 0
    outer loop
      vertex 2.743864015376966 43 18.844230135836316
      vertex 5.014460020065796 43 20.722630511152573
      vertex 2.606547058867883 43 18.973179341106967
    endloop
  endfacet
  facet normal 0 -1 0
    outer loop
      vertex 3.2364745084375794 43 18.57341522555727
      vertex 5.152874741692948 43 20.373034830747283
      vertex 3.0613310626523926 43 18.64275942130097
    endloop
  endfacet
  facet normal 0 -1 0
    outer loop
      vertex 3.2364745084375794 43 18.57341522555727
      vertex 3.418928028121414 43 18.526569123906967
      vertex 5.188172051971717 43 20.187999850346458
    endloop
  endfacet
  facet normal 0 -1 0
    outer loop
      vertex 2.8962598075315054 43 18.73350811174698
      vertex 3.0613310626523926 43 18.64275942130097
      vertex 5.094664728832377 43 20.55218682902702
    endloop
  endfacet
  facet normal 0 -1 0
    outer loop
      vertex 3.60581422070603 43 18.502959907357592
      vertex 3.7941857792939704 43 18.502959907357592
      vertex 5.152874741692948 43 19.626965169252717
    endloop
  endfacet
  facet normal 0 -1 0
    outer loop
      vertex 3.9810719718785883 43 18.526569123906967
      vertex 4.163525491562421 43 18.57341522555727
      vertex 5.014460020065796 43 19.277369488847427
    endloop
  endfacet
  facet normal 0 -1 0
    outer loop
      vertex 3.7941857792939704 43 18.502959907357592
      vertex 3.9810719718785883 43 18.526569123906967
      vertex 5.094664728832377 43 19.44781317097298
    endloop
  endfacet
  facet normal 0 -1 0
    outer loop
      vertex 4.163525491562421 43 18.57341522555727
      vertex 4.3386689373476095 43 18.64275942130097
      vertex 5.014460020065796 43 19.277369488847427
    endloop
  endfacet
  facet normal 0 -1 0
    outer loop
      vertex 4.3386689373476095 43 18.64275942130097
      vertex 4.503740192468495 43 18.73350811174698
      vertex 4.913525491562421 43 19.11832212156129
    endloop
  endfacet
  facet normal 0 -1 0
    outer loop
      vertex 4.503740192468495 43 18.73350811174698
      vertex 4.656135984623035 43 18.844230135836316
      vertex 4.7934529411321165 43 18.973179341106967
    endloop
  endfacet
  facet normal 0 -1 0
    outer loop
      vertex 4.503740192468495 43 18.73350811174698
      vertex 4.7934529411321165 43 18.973179341106967
      vertex 4.913525491562421 43 19.11832212156129
    endloop
  endfacet
  facet normal 0 -1 0
    outer loop
      vertex 3.418928028121414 43 18.526569123906967
      vertex 3.60581422070603 43 18.502959907357592
      vertex 5.199999999999999 43 20
    endloop
  endfacet
  facet normal 0 -1 0
    outer loop
      vertex 4.3386689373476095 43 18.64275942130097
      vertex 4.913525491562421 43 19.11832212156129
      vertex 5.014460020065796 43 19.277369488847427
    endloop
  endfacet
  facet normal 0 -1 0
    outer loop
      vertex 3.9810719718785883 43 18.526569123906967
      vertex 5.014460020065796 43 19.277369488847427
      vertex 5.094664728832377 43 19.44781317097298
    endloop
  endfacet
  facet normal 0 -1 0
    outer loop
      vertex 3.7941857792939704 43 18.502959907357592
      vertex 5.094664728832377 43 19.44781317097298
      vertex 5.152874741692948 43 19.626965169252717
    endloop
  endfacet
  facet normal 0 -1 0
    outer loop
      vertex 3.60581422070603 43 18.502959907357592
      vertex 5.152874741692948 43 19.626965169252717
      vertex 5.188172051971717 43 19.812000149653542
    endloop
  endfacet
  facet normal 0 -1 0
    outer loop
      vertex 3.60581422070603 43 18.502959907357592
      vertex 5.188172051971717 43 19.812000149653542
      vertex 5.199999999999999 43 20
    endloop
  endfacet
  facet normal 0 -1 0
    outer loop
      vertex 3.418928028121414 43 18.526569123906967
      vertex 5.199999999999999 43 20
      vertex 5.188172051971717 43 20.187999850346458
    endloop
  endfacet
  facet normal 0 -1 0
    outer loop
      vertex 2.3855399799342045 43 19.277369488847427
      vertex 2.4864745084375794 43 19.11832212156129
      vertex 5.014460020065796 43 20.722630511152573
    endloop
  endfacet
  facet normal 0 -1 0
    outer loop
      vertex 2.3855399799342045 43 19.277369488847427
      vertex 3.7941857792939704 43 21.497040092642408
      vertex 3.60581422070603 43 21.497040092642408
    endloop
  endfacet
  facet normal 0 -1 0
    outer loop
      vertex 2.3855399799342045 43 19.277369488847427
      vertex 3.9810719718785865 43 21.473430876093033
      vertex 3.7941857792939704 43 21.497040092642408
    endloop
  endfacet
  facet normal 0 -1 0
    outer loop
      vertex 2.3855399799342045 43 19.277369488847427
      vertex 4.163525491562421 43 21.42658477444273
      vertex 3.9810719718785865 43 21.473430876093033
    endloop
  endfacet
  facet normal 0 -1 0
    outer loop
      vertex 2.3855399799342045 43 19.277369488847427
      vertex 4.3386689373476095 43 21.357240578699027
      vertex 4.163525491562421 43 21.42658477444273
    endloop
  endfacet
  facet normal 0 -1 0
    outer loop
      vertex 2.3855399799342045 43 19.277369488847427
      vertex 4.656135984623035 43 21.155769864163684
      vertex 4.503740192468495 43 21.26649188825302
    endloop
  endfacet
  facet normal 0 -1 0
    outer loop
      vertex 2.3855399799342045 43 19.277369488847427
      vertex 4.913525491562421 43 20.88167787843871
      vertex 4.7934529411321165 43 21.026820658893033
    endloop
  endfacet
  facet normal 0 -1 0
    outer loop
      vertex 2.3855399799342045 43 19.277369488847427
      vertex 4.7934529411321165 43 21.026820658893033
      vertex 4.656135984623035 43 21.155769864163684
    endloop
  endfacet
  facet normal 0 -1 0
    outer loop
      vertex 2.3855399799342045 43 19.277369488847427
      vertex 4.503740192468495 43 21.26649188825302
      vertex 4.3386689373476095 43 21.357240578699027
    endloop
  endfacet
  facet normal 0 -1 0
    outer loop
      vertex 3.0613310626523926 43 18.64275942130097
      vertex 5.152874741692948 43 20.373034830747283
      vertex 5.094664728832377 43 20.55218682902702
    endloop
  endfacet
  facet normal 0 -1 0
    outer loop
      vertex 2.8962598075315054 43 18.73350811174698
      vertex 5.094664728832377 43 20.55218682902702
      vertex 5.014460020065796 43 20.722630511152573
    endloop
  endfacet
  facet normal 0 -1 0
    outer loop
      vertex 3.2364745084375794 43 18.57341522555727
      vertex 5.188172051971717 43 20.187999850346458
      vertex 5.152874741692948 43 20.373034830747283
    endloop
  endfacet
  facet normal 0 -1 0
    outer loop
      vertex 2.3855399799342045 43 19.277369488847427
      vertex 5.014460020065796 43 20.722630511152573
      vertex 4.913525491562421 43 20.88167787843871
    endloop
  endfacet
  facet normal 0 1 0
    outer loop
      vertex -13 45 14
      vertex -13 45 26
      vertex 26 45 36
    endloop
  endfacet
  facet normal 0 -1 0
    outer loop
      vertex 7 43 14
      vertex 10.75 43 27.2
      vertex 7 43 26
    endloop
  endfacet
  facet normal 0 -1 0
    outer loop
      vertex -26 43 36
      vertex 10.75 43 29.2
      vertex 26 43 36
    endloop
  endfacet
  facet normal 0 0 1
    outer loop
      vertex -24 43 38
      vertex 24 43 38
      vertex 24 45 38
    endloop
  endfacet
  facet normal 0 1 0
    outer loop
      vertex -24 45 38
      vertex 24 45 38
      vertex 26 45 36
    endloop
  endfacet
  facet normal 0 -1 0
    outer loop
      vertex -24 43 38
      vertex 26 43 36
      vertex 24 43 38
    endloop
  endfacet
  facet normal 0 -1 0
    outer loop
      vertex 7 43 14
      vertex 10.75 43 12.8
      vertex 26 43 36
    endloop
  endfacet
  facet normal 0 -1 0
    outer loop
      vertex 26 43 36
      vertex 10.75 43 12.8
      vertex 10.75 43 10.8
    endloop
  endfacet
  facet normal 0 -1 0
    outer loop
      vertex 7 43 14
      vertex 26 43 36
      vertex 10.75 43 27.2
    endloop
  endfacet
  facet normal 1 0 0
    outer loop
      vertex 26 43 -2
      vertex 26 45 36
      vertex 26 43 36
    endloop
  endfacet
  facet normal 0 -1 0
    outer loop
      vertex 26 43 36
      vertex 10.75 43 29.2
      vertex 10.75 43 27.2
    endloop
  endfacet
  facet normal 0.7071067811865475 0 0.7071067811865475
    outer loop
      vertex 24 43 38
      vertex 26 43 36
      vertex 26 45 36
    endloop
  endfacet
  facet normal 0.7071067811865475 0 0.7071067811865475
    outer loop
      vertex 24 45 38
      vertex 24 43 38
      vertex 26 45 36
    endloop
  endfacet
  facet normal 0 0 1
    outer loop
      vertex -21 45 14
      vertex -21 43 14
      vertex -13 45 14
    endloop
  endfacet
  facet normal 0 0 1
    outer loop
      vertex -21 43 14
      vertex -13 43 14
      vertex -13 45 14
    endloop
  endfacet
  facet normal 1 0 0
    outer loop
      vertex -21 45 14
      vertex -21 43 26
      vertex -21 43 14
    endloop
  endfacet
  facet normal 1 0 0
    outer loop
      vertex -21 45 14
      vertex -21 45 26
      vertex -21 43 26
    endloop
  endfacet
  facet normal 0 0 -1
    outer loop
      vertex -21 45 26
      vertex -13 43 26
      vertex -21 43 26
    endloop
  endfacet
  facet normal 0 0 -1
    outer loop
      vertex -21 45 26
      vertex -13 45 26
      vertex -13 43 26
    endloop
  endfacet
  facet normal -1 0 0
    outer loop
      vertex -13 45 14
      vertex -13 43 14
      vertex -13 45 26
    endloop
  endfacet
  facet normal -1 0 0
    outer loop
      vertex -13 43 14
      vertex -13 43 26
      vertex -13 45 26
    endloop
  endfacet
  facet normal 1 0 0
    outer loop
      vertex -20.75 10.020157564503009 29.3
      vertex -20.75 9.989918693812442 29.34656377752172
      vertex -20.75 8.179842435496994 29.3
    endloop
  endfacet
  facet normal 1 0 0
    outer loop
      vertex -20.75 9.989918693812442 29.34656377752172
      vertex -20.75 9.91745930802513 29.436043666994742
      vertex -20.75 8.282540691974866 29.436043666994742
    endloop
  endfacet
  facet normal 1 0 0
    outer loop
      vertex -20.75 9.91745930802513 29.436043666994742
      vertex -20.75 9.83604366699474 29.51745930802513
      vertex -20.75 8.363956333005255 29.51745930802513
    endloop
  endfacet
  facet normal 1 0 0
    outer loop
      vertex -20.75 9.83604366699474 29.51745930802513
      vertex -20.75 9.746563777521722 29.589918693812443
      vertex -20.75 8.453436222478274 29.589918693812443
    endloop
  endfacet
  facet normal 1 0 0
    outer loop
      vertex -20.75 9.746563777521722 29.589918693812443
      vertex -20.75 9.649999999999999 29.65262794416288
      vertex -20.75 8.549999999999997 29.65262794416288
    endloop
  endfacet
  facet normal 1 0 0
    outer loop
      vertex -20.75 9.91745930802513 29.436043666994742
      vertex -20.75 8.363956333005255 29.51745930802513
      vertex -20.75 8.282540691974866 29.436043666994742
    endloop
  endfacet
  facet normal 1 0 0
    outer loop
      vertex -20.75 9.989918693812442 29.34656377752172
      vertex -20.75 8.210081306187561 29.34656377752172
      vertex -20.75 8.179842435496994 29.3
    endloop
  endfacet
  facet normal 1 0 0
    outer loop
      vertex -20.75 9.989918693812442 29.34656377752172
      vertex -20.75 8.282540691974866 29.436043666994742
      vertex -20.75 8.210081306187561 29.34656377752172
    endloop
  endfacet
  facet normal 1 0 0
    outer loop
      vertex -20.75 9.649999999999999 29.65262794416288
      vertex -20.75 9.54741030738338 29.704900003406863
      vertex -20.75 8.652589692616615 29.704900003406863
    endloop
  endfacet
  facet normal 1 0 0
    outer loop
      vertex -20.75 9.54741030738338 29.704900003406863
      vertex -20.75 9.439918693812444 29.746162167924666
      vertex -20.75 8.760081306187558 29.746162167924666
    endloop
  endfacet
  facet normal 1 0 0
    outer loop
      vertex -20.75 9.439918693812444 29.746162167924666
      vertex -20.75 9.328702859899536 29.775962360807185
      vertex -20.75 8.871297140100467 29.775962360807185
    endloop
  endfacet
  facet normal 1 0 0
    outer loop
      vertex -20.75 9.328702859899536 29.775962360807185
      vertex -20.75 9.214981309594421 29.793974084905102
      vertex -20.75 8.985018690405582 29.793974084905102
    endloop
  endfacet
  facet normal 1 0 0
    outer loop
      vertex -20.75 9.214981309594421 29.793974084905102
      vertex -20.75 9.100000000000001 29.799999999999997
      vertex -20.75 8.985018690405582 29.793974084905102
    endloop
  endfacet
  facet normal 1 0 0
    outer loop
      vertex -20.75 9.54741030738338 29.704900003406863
      vertex -20.75 8.760081306187558 29.746162167924666
      vertex -20.75 8.652589692616615 29.704900003406863
    endloop
  endfacet
  facet normal 1 0 0
    outer loop
      vertex -20.75 9.328702859899536 29.775962360807185
      vertex -20.75 8.985018690405582 29.793974084905102
      vertex -20.75 8.871297140100467 29.775962360807185
    endloop
  endfacet
  facet normal 1 0 0
    outer loop
      vertex -20.75 9.439918693812444 29.746162167924666
      vertex -20.75 8.871297140100467 29.775962360807185
      vertex -20.75 8.760081306187558 29.746162167924666
    endloop
  endfacet
  facet normal 1 0 0
    outer loop
      vertex -20.75 9.83604366699474 29.51745930802513
      vertex -20.75 8.453436222478274 29.589918693812443
      vertex -20.75 8.363956333005255 29.51745930802513
    endloop
  endfacet
  facet normal 1 0 0
    outer loop
      vertex -20.75 9.746563777521722 29.589918693812443
      vertex -20.75 8.549999999999997 29.65262794416288
      vertex -20.75 8.453436222478274 29.589918693812443
    endloop
  endfacet
  facet normal 1 0 0
    outer loop
      vertex -20.75 9.649999999999999 29.65262794416288
      vertex -20.75 8.652589692616615 29.704900003406863
      vertex -20.75 8.549999999999997 29.65262794416288
    endloop
  endfacet
  facet normal 0 -0.8386705679453945 -0.5446390350150725
    outer loop
      vertex -20.75 10.020157564503009 29.3
      vertex 10.75 9.989918693812442 29.34656377752172
      vertex -20.75 9.989918693812442 29.34656377752172
    endloop
  endfacet
  facet normal 0 -0.7771459614569526 -0.6293203910498602
    outer loop
      vertex -20.75 9.989918693812442 29.34656377752172
      vertex 10.75 9.91745930802513 29.436043666994742
      vertex -20.75 9.91745930802513 29.436043666994742
    endloop
  endfacet
  facet normal 0 -0.7071067811865476 -0.7071067811865476
    outer loop
      vertex -20.75 9.91745930802513 29.436043666994742
      vertex 10.75 9.91745930802513 29.436043666994742
      vertex -20.75 9.83604366699474 29.51745930802513
    endloop
  endfacet
  facet normal 0 -0.6293203910498751 -0.7771459614569403
    outer loop
      vertex -20.75 9.83604366699474 29.51745930802513
      vertex 10.75 9.83604366699474 29.51745930802513
      vertex -20.75 9.746563777521722 29.589918693812443
    endloop
  endfacet
  facet normal 0 -0.5446390350149969 -0.8386705679454437
    outer loop
      vertex -20.75 9.746563777521722 29.589918693812443
      vertex 10.75 9.746563777521722 29.589918693812443
      vertex -20.75 9.649999999999999 29.65262794416288
    endloop
  endfacet
  facet normal 0 -0.45399049973957956 -0.8910065241883512
    outer loop
      vertex -20.75 9.649999999999999 29.65262794416288
      vertex 10.75 9.649999999999999 29.65262794416288
      vertex -20.75 9.54741030738338 29.704900003406863
    endloop
  endfacet
  facet normal 0 -0.3583679495452732 -0.9335804264972122
    outer loop
      vertex -20.75 9.54741030738338 29.704900003406863
      vertex 10.75 9.54741030738338 29.704900003406863
      vertex -20.75 9.439918693812444 29.746162167924666
    endloop
  endfacet
  facet normal 0 -0.25881904510252945 -0.965925826289066
    outer loop
      vertex -20.75 9.439918693812444 29.746162167924666
      vertex 10.75 9.439918693812444 29.746162167924666
      vertex -20.75 9.328702859899536 29.775962360807185
    endloop
  endfacet
  facet normal 0 0.7771459614569828 -0.6293203910498228
    outer loop
      vertex -20.75 8.282540691974866 29.436043666994742
      vertex 10.75 8.210081306187561 29.34656377752172
      vertex -20.75 8.210081306187561 29.34656377752172
    endloop
  endfacet
  facet normal 0 0.8386705679453945 -0.5446390350150725
    outer loop
      vertex -20.75 8.179842435496994 29.3
      vertex -20.75 8.210081306187561 29.34656377752172
      vertex 10.75 8.179842435496994 29.3
    endloop
  endfacet
  facet normal 0 -0.15643446504025552 -0.9876883405951339
    outer loop
      vertex -20.75 9.328702859899536 29.775962360807185
      vertex 10.75 9.328702859899536 29.775962360807185
      vertex -20.75 9.214981309594421 29.793974084905102
    endloop
  endfacet
  facet normal 0 -0.05233595624290716 -0.9986295347545757
    outer loop
      vertex -20.75 9.214981309594421 29.793974084905102
      vertex 10.75 9.214981309594421 29.793974084905102
      vertex -20.75 9.100000000000001 29.799999999999997
    endloop
  endfacet
  facet normal 0 0.15643446504025552 -0.9876883405951339
    outer loop
      vertex -20.75 8.985018690405582 29.793974084905102
      vertex 10.75 8.985018690405582 29.793974084905102
      vertex -20.75 8.871297140100467 29.775962360807185
    endloop
  endfacet
  facet normal 0 0.25881904510252945 -0.965925826289066
    outer loop
      vertex -20.75 8.871297140100467 29.775962360807185
      vertex 10.75 8.871297140100467 29.775962360807185
      vertex -20.75 8.760081306187558 29.746162167924666
    endloop
  endfacet
  facet normal 0 0.35836794954525253 -0.9335804264972201
    outer loop
      vertex -20.75 8.760081306187558 29.746162167924666
      vertex 10.75 8.760081306187558 29.746162167924666
      vertex -20.75 8.652589692616615 29.704900003406863
    endloop
  endfacet
  facet normal 0 0.05233595624290716 -0.9986295347545757
    outer loop
      vertex -20.75 8.985018690405582 29.793974084905102
      vertex -20.75 9.100000000000001 29.799999999999997
      vertex 10.75 9.100000000000001 29.799999999999997
    endloop
  endfacet
  facet normal 0 0.5446390350149969 -0.8386705679454437
    outer loop
      vertex -20.75 8.453436222478274 29.589918693812443
      vertex -20.75 8.549999999999997 29.65262794416288
      vertex 10.75 8.549999999999997 29.65262794416288
    endloop
  endfacet
  facet normal 0 0.6293203910498751 -0.7771459614569403
    outer loop
      vertex -20.75 8.453436222478274 29.589918693812443
      vertex 10.75 8.453436222478274 29.589918693812443
      vertex -20.75 8.363956333005255 29.51745930802513
    endloop
  endfacet
  facet normal 0 0.45399049973957956 -0.8910065241883512
    outer loop
      vertex -20.75 8.652589692616615 29.704900003406863
      vertex 10.75 8.652589692616615 29.704900003406863
      vertex -20.75 8.549999999999997 29.65262794416288
    endloop
  endfacet
  facet normal 0 0.7071067811865476 -0.7071067811865476
    outer loop
      vertex -20.75 8.282540691974866 29.436043666994742
      vertex -20.75 8.363956333005255 29.51745930802513
      vertex 10.75 8.363956333005255 29.51745930802513
    endloop
  endfacet
  facet normal 0 -0.8386705679453945 -0.5446390350150725
    outer loop
      vertex -20.75 10.020157564503009 29.3
      vertex 10.75 10.020157564503009 29.3
      vertex 10.75 9.989918693812442 29.34656377752172
    endloop
  endfacet
  facet normal 0 -0.7771459614569526 -0.6293203910498602
    outer loop
      vertex -20.75 9.989918693812442 29.34656377752172
      vertex 10.75 9.989918693812442 29.34656377752172
      vertex 10.75 9.91745930802513 29.436043666994742
    endloop
  endfacet
  facet normal 0 -0.7071067811865476 -0.7071067811865476
    outer loop
      vertex -20.75 9.83604366699474 29.51745930802513
      vertex 10.75 9.91745930802513 29.436043666994742
      vertex 10.75 9.83604366699474 29.51745930802513
    endloop
  endfacet
  facet normal 0 -0.6293203910498751 -0.7771459614569403
    outer loop
      vertex -20.75 9.746563777521722 29.589918693812443
      vertex 10.75 9.83604366699474 29.51745930802513
      vertex 10.75 9.746563777521722 29.589918693812443
    endloop
  endfacet
  facet normal 0 -0.5446390350149969 -0.8386705679454437
    outer loop
      vertex -20.75 9.649999999999999 29.65262794416288
      vertex 10.75 9.746563777521722 29.589918693812443
      vertex 10.75 9.649999999999999 29.65262794416288
    endloop
  endfacet
  facet normal 0 -0.45399049973957956 -0.8910065241883512
    outer loop
      vertex -20.75 9.54741030738338 29.704900003406863
      vertex 10.75 9.649999999999999 29.65262794416288
      vertex 10.75 9.54741030738338 29.704900003406863
    endloop
  endfacet
  facet normal 0 -0.3583679495452732 -0.9335804264972122
    outer loop
      vertex -20.75 9.439918693812444 29.746162167924666
      vertex 10.75 9.54741030738338 29.704900003406863
      vertex 10.75 9.439918693812444 29.746162167924666
    endloop
  endfacet
  facet normal 0 -0.25881904510252945 -0.965925826289066
    outer loop
      vertex -20.75 9.328702859899536 29.775962360807185
      vertex 10.75 9.439918693812444 29.746162167924666
      vertex 10.75 9.328702859899536 29.775962360807185
    endloop
  endfacet
  facet normal 0 0.7071067811865476 -0.7071067811865476
    outer loop
      vertex -20.75 8.282540691974866 29.436043666994742
      vertex 10.75 8.363956333005255 29.51745930802513
      vertex 10.75 8.282540691974866 29.436043666994742
    endloop
  endfacet
  facet normal 0 0.7771459614569828 -0.6293203910498228
    outer loop
      vertex -20.75 8.282540691974866 29.436043666994742
      vertex 10.75 8.282540691974866 29.436043666994742
      vertex 10.75 8.210081306187561 29.34656377752172
    endloop
  endfacet
  facet normal 0 0.8386705679453945 -0.5446390350150725
    outer loop
      vertex -20.75 8.210081306187561 29.34656377752172
      vertex 10.75 8.210081306187561 29.34656377752172
      vertex 10.75 8.179842435496994 29.3
    endloop
  endfacet
  facet normal 0 -0.15643446504025552 -0.9876883405951339
    outer loop
      vertex -20.75 9.214981309594421 29.793974084905102
      vertex 10.75 9.328702859899536 29.775962360807185
      vertex 10.75 9.214981309594421 29.793974084905102
    endloop
  endfacet
  facet normal 0 0.05233595624290716 -0.9986295347545757
    outer loop
      vertex -20.75 8.985018690405582 29.793974084905102
      vertex 10.75 9.100000000000001 29.799999999999997
      vertex 10.75 8.985018690405582 29.793974084905102
    endloop
  endfacet
  facet normal 0 0.15643446504025552 -0.9876883405951339
    outer loop
      vertex -20.75 8.871297140100467 29.775962360807185
      vertex 10.75 8.985018690405582 29.793974084905102
      vertex 10.75 8.871297140100467 29.775962360807185
    endloop
  endfacet
  facet normal 0 0.25881904510252945 -0.965925826289066
    outer loop
      vertex -20.75 8.760081306187558 29.746162167924666
      vertex 10.75 8.871297140100467 29.775962360807185
      vertex 10.75 8.760081306187558 29.746162167924666
    endloop
  endfacet
  facet normal 0 0.35836794954525253 -0.9335804264972201
    outer loop
      vertex -20.75 8.652589692616615 29.704900003406863
      vertex 10.75 8.760081306187558 29.746162167924666
      vertex 10.75 8.652589692616615 29.704900003406863
    endloop
  endfacet
  facet normal 0 -0.05233595624290716 -0.9986295347545757
    outer loop
      vertex -20.75 9.100000000000001 29.799999999999997
      vertex 10.75 9.214981309594421 29.793974084905102
      vertex 10.75 9.100000000000001 29.799999999999997
    endloop
  endfacet
  facet normal 0 0.6293203910498751 -0.7771459614569403
    outer loop
      vertex -20.75 8.363956333005255 29.51745930802513
      vertex 10.75 8.453436222478274 29.589918693812443
      vertex 10.75 8.363956333005255 29.51745930802513
    endloop
  endfacet
  facet normal 0 0.5446390350149969 -0.8386705679454437
    outer loop
      vertex -20.75 8.453436222478274 29.589918693812443
      vertex 10.75 8.549999999999997 29.65262794416288
      vertex 10.75 8.453436222478274 29.589918693812443
    endloop
  endfacet
  facet normal 0 0.45399049973957956 -0.8910065241883512
    outer loop
      vertex -20.75 8.549999999999997 29.65262794416288
      vertex 10.75 8.652589692616615 29.704900003406863
      vertex 10.75 8.549999999999997 29.65262794416288
    endloop
  endfacet
  facet normal -1 0 0
    outer loop
      vertex 10.75 10.020157564503009 29.3
      vertex 10.75 8.210081306187561 29.34656377752172
      vertex 10.75 9.989918693812442 29.34656377752172
    endloop
  endfacet
  facet normal -1 0 0
    outer loop
      vertex 10.75 9.989918693812442 29.34656377752172
      vertex 10.75 8.210081306187561 29.34656377752172
      vertex 10.75 9.91745930802513 29.436043666994742
    endloop
  endfacet
  facet normal -1 0 0
    outer loop
      vertex 10.75 9.91745930802513 29.436043666994742
      vertex 10.75 8.282540691974866 29.436043666994742
      vertex 10.75 9.83604366699474 29.51745930802513
    endloop
  endfacet
  facet normal -1 0 0
    outer loop
      vertex 10.75 9.83604366699474 29.51745930802513
      vertex 10.75 8.363956333005255 29.51745930802513
      vertex 10.75 9.746563777521722 29.589918693812443
    endloop
  endfacet
  facet normal -1 0 0
    outer loop
      vertex 10.75 10.020157564503009 29.3
      vertex 10.75 8.179842435496994 29.3
      vertex 10.75 8.210081306187561 29.34656377752172
    endloop
  endfacet
  facet normal -1 0 0
    outer loop
      vertex 10.75 9.91745930802513 29.436043666994742
      vertex 10.75 8.210081306187561 29.34656377752172
      vertex 10.75 8.282540691974866 29.436043666994742
    endloop
  endfacet
  facet normal -1 0 0
    outer loop
      vertex 10.75 9.746563777521722 29.589918693812443
      vertex 10.75 8.453436222478274 29.589918693812443
      vertex 10.75 9.649999999999999 29.65262794416288
    endloop
  endfacet
  facet normal -1 0 0
    outer loop
      vertex 10.75 9.649999999999999 29.65262794416288
      vertex 10.75 8.549999999999997 29.65262794416288
      vertex 10.75 9.54741030738338 29.704900003406863
    endloop
  endfacet
  facet normal -1 0 0
    outer loop
      vertex 10.75 9.54741030738338 29.704900003406863
      vertex 10.75 8.652589692616615 29.704900003406863
      vertex 10.75 9.439918693812444 29.746162167924666
    endloop
  endfacet
  facet normal -1 0 0
    outer loop
      vertex 10.75 9.439918693812444 29.746162167924666
      vertex 10.75 8.760081306187558 29.746162167924666
      vertex 10.75 9.328702859899536 29.775962360807185
    endloop
  endfacet
  facet normal -1 0 0
    outer loop
      vertex 10.75 9.328702859899536 29.775962360807185
      vertex 10.75 8.871297140100467 29.775962360807185
      vertex 10.75 9.214981309594421 29.793974084905102
    endloop
  endfacet
  facet normal -1 0 0
    outer loop
      vertex 10.75 9.214981309594421 29.793974084905102
      vertex 10.75 8.985018690405582 29.793974084905102
      vertex 10.75 9.100000000000001 29.799999999999997
    endloop
  endfacet
  facet normal -1 0 0
    outer loop
      vertex 10.75 9.214981309594421 29.793974084905102
      vertex 10.75 8.871297140100467 29.775962360807185
      vertex 10.75 8.985018690405582 29.793974084905102
    endloop
  endfacet
  facet normal -1 0 0
    outer loop
      vertex 10.75 9.328702859899536 29.775962360807185
      vertex 10.75 8.760081306187558 29.746162167924666
      vertex 10.75 8.871297140100467 29.775962360807185
    endloop
  endfacet
  facet normal -1 0 0
    outer loop
      vertex 10.75 9.746563777521722 29.589918693812443
      vertex 10.75 8.363956333005255 29.51745930802513
      vertex 10.75 8.453436222478274 29.589918693812443
    endloop
  endfacet
  facet normal -1 0 0
    outer loop
      vertex 10.75 9.649999999999999 29.65262794416288
      vertex 10.75 8.453436222478274 29.589918693812443
      vertex 10.75 8.549999999999997 29.65262794416288
    endloop
  endfacet
  facet normal -1 0 0
    outer loop
      vertex 10.75 9.83604366699474 29.51745930802513
      vertex 10.75 8.282540691974866 29.436043666994742
      vertex 10.75 8.363956333005255 29.51745930802513
    endloop
  endfacet
  facet normal -1 0 0
    outer loop
      vertex 10.75 9.54741030738338 29.704900003406863
      vertex 10.75 8.549999999999997 29.65262794416288
      vertex 10.75 8.652589692616615 29.704900003406863
    endloop
  endfacet
  facet normal -1 0 0
    outer loop
      vertex 10.75 9.439918693812444 29.746162167924666
      vertex 10.75 8.652589692616615 29.704900003406863
      vertex 10.75 8.760081306187558 29.746162167924666
    endloop
  endfacet
  facet normal 1 0 0
    outer loop
      vertex -20.75 9.439918693812444 10.253837832075332
      vertex -20.75 8.760081306187558 10.253837832075332
      vertex -20.75 9.328702859899536 10.224037639192815
    endloop
  endfacet
  facet normal 1 0 0
    outer loop
      vertex -20.75 9.328702859899536 10.224037639192815
      vertex -20.75 8.871297140100467 10.224037639192815
      vertex -20.75 9.214981309594421 10.2060259150949
    endloop
  endfacet
  facet normal 1 0 0
    outer loop
      vertex -20.75 9.214981309594421 10.2060259150949
      vertex -20.75 8.985018690405582 10.2060259150949
      vertex -20.75 9.100000000000001 10.200000000000001
    endloop
  endfacet
  facet normal 1 0 0
    outer loop
      vertex -20.75 9.214981309594421 10.2060259150949
      vertex -20.75 8.871297140100467 10.224037639192815
      vertex -20.75 8.985018690405582 10.2060259150949
    endloop
  endfacet
  facet normal 1 0 0
    outer loop
      vertex -20.75 9.328702859899536 10.224037639192815
      vertex -20.75 8.760081306187558 10.253837832075332
      vertex -20.75 8.871297140100467 10.224037639192815
    endloop
  endfacet
  facet normal 1 0 0
    outer loop
      vertex -20.75 9.649999999999999 10.347372055837118
      vertex -20.75 8.549999999999997 10.347372055837118
      vertex -20.75 9.54741030738338 10.29509999659314
    endloop
  endfacet
  facet normal 1 0 0
    outer loop
      vertex -20.75 9.439918693812444 10.253837832075332
      vertex -20.75 9.54741030738338 10.29509999659314
      vertex -20.75 8.652589692616615 10.29509999659314
    endloop
  endfacet
  facet normal 1 0 0
    outer loop
      vertex -20.75 9.649999999999999 10.347372055837118
      vertex -20.75 9.746563777521722 10.410081306187559
      vertex -20.75 8.453436222478274 10.410081306187559
    endloop
  endfacet
  facet normal 1 0 0
    outer loop
      vertex -20.75 9.439918693812444 10.253837832075332
      vertex -20.75 8.652589692616615 10.29509999659314
      vertex -20.75 8.760081306187558 10.253837832075332
    endloop
  endfacet
  facet normal 1 0 0
    outer loop
      vertex -20.75 9.54741030738338 10.29509999659314
      vertex -20.75 8.549999999999997 10.347372055837118
      vertex -20.75 8.652589692616615 10.29509999659314
    endloop
  endfacet
  facet normal 1 0 0
    outer loop
      vertex -20.75 9.649999999999999 10.347372055837118
      vertex -20.75 8.453436222478274 10.410081306187559
      vertex -20.75 8.549999999999997 10.347372055837118
    endloop
  endfacet
  facet normal 1 0 0
    outer loop
      vertex -20.75 9.746563777521722 10.410081306187559
      vertex -20.75 8.363956333005255 10.482540691974867
      vertex -20.75 8.453436222478274 10.410081306187559
    endloop
  endfacet
  facet normal 1 0 0
    outer loop
      vertex -20.75 9.746563777521722 10.410081306187559
      vertex -20.75 9.83604366699474 10.482540691974867
      vertex -20.75 8.363956333005255 10.482540691974867
    endloop
  endfacet
  facet normal 1 0 0
    outer loop
      vertex -20.75 9.91745930802513 10.563956333005256
      vertex -20.75 8.282540691974866 10.563956333005256
      vertex -20.75 9.83604366699474 10.482540691974867
    endloop
  endfacet
  facet normal 1 0 0
    outer loop
      vertex -20.75 9.91745930802513 10.563956333005256
      vertex -20.75 9.989918693812442 10.65343622247828
      vertex -20.75 8.210081306187561 10.65343622247828
    endloop
  endfacet
  facet normal 1 0 0
    outer loop
      vertex -20.75 9.989918693812442 10.65343622247828
      vertex -20.75 10.020157564503009 10.7
      vertex -20.75 8.210081306187561 10.65343622247828
    endloop
  endfacet
  facet normal 1 0 0
    outer loop
      vertex -20.75 9.83604366699474 10.482540691974867
      vertex -20.75 8.282540691974866 10.563956333005256
      vertex -20.75 8.363956333005255 10.482540691974867
    endloop
  endfacet
  facet normal 1 0 0
    outer loop
      vertex -20.75 9.91745930802513 10.563956333005256
      vertex -20.75 8.210081306187561 10.65343622247828
      vertex -20.75 8.282540691974866 10.563956333005256
    endloop
  endfacet
  facet normal 1 0 0
    outer loop
      vertex -20.75 10.020157564503009 10.7
      vertex -20.75 8.179842435496994 10.7
      vertex -20.75 8.210081306187561 10.65343622247828
    endloop
  endfacet
  facet normal 0 -0.6293203910498565 0.7771459614569555
    outer loop
      vertex -20.75 9.746563777521722 10.410081306187559
      vertex 10.75 9.746563777521722 10.410081306187559
      vertex -20.75 9.83604366699474 10.482540691974867
    endloop
  endfacet
  facet normal 0 -0.5446390350150185 0.8386705679454295
    outer loop
      vertex -20.75 9.649999999999999 10.347372055837118
      vertex 10.75 9.649999999999999 10.347372055837118
      vertex -20.75 9.746563777521722 10.410081306187559
    endloop
  endfacet
  facet normal 0 -0.35836794954530005 0.9335804264972017
    outer loop
      vertex -20.75 9.439918693812444 10.253837832075332
      vertex 10.75 9.439918693812444 10.253837832075332
      vertex -20.75 9.54741030738338 10.29509999659314
    endloop
  endfacet
  facet normal 0 -0.258819045102515 0.9659258262890699
    outer loop
      vertex -20.75 9.439918693812444 10.253837832075332
      vertex -20.75 9.328702859899536 10.224037639192815
      vertex 10.75 9.328702859899536 10.224037639192815
    endloop
  endfacet
  facet normal 0 -0.453990499739555 0.8910065241883637
    outer loop
      vertex -20.75 9.649999999999999 10.347372055837118
      vertex -20.75 9.54741030738338 10.29509999659314
      vertex 10.75 9.54741030738338 10.29509999659314
    endloop
  endfacet
  facet normal 0 -0.15643446504024047 0.9876883405951363
    outer loop
      vertex -20.75 9.328702859899536 10.224037639192815
      vertex -20.75 9.214981309594421 10.2060259150949
      vertex 10.75 9.214981309594421 10.2060259150949
    endloop
  endfacet
  facet normal 0 -0.05233595624293794 0.9986295347545742
    outer loop
      vertex -20.75 9.214981309594421 10.2060259150949
      vertex -20.75 9.100000000000001 10.200000000000001
      vertex 10.75 9.100000000000001 10.200000000000001
    endloop
  endfacet
  facet normal 0 0.05233595624293794 0.9986295347545742
    outer loop
      vertex -20.75 9.100000000000001 10.200000000000001
      vertex -20.75 8.985018690405582 10.2060259150949
      vertex 10.75 8.985018690405582 10.2060259150949
    endloop
  endfacet
  facet normal 0 0.15643446504024047 0.9876883405951363
    outer loop
      vertex -20.75 8.985018690405582 10.2060259150949
      vertex -20.75 8.871297140100467 10.224037639192815
      vertex 10.75 8.871297140100467 10.224037639192815
    endloop
  endfacet
  facet normal 0 0.258819045102515 0.9659258262890699
    outer loop
      vertex -20.75 8.871297140100467 10.224037639192815
      vertex -20.75 8.760081306187558 10.253837832075332
      vertex 10.75 8.760081306187558 10.253837832075332
    endloop
  endfacet
  facet normal 0 0.3583679495452794 0.9335804264972097
    outer loop
      vertex -20.75 8.760081306187558 10.253837832075332
      vertex -20.75 8.652589692616615 10.29509999659314
      vertex 10.75 8.652589692616615 10.29509999659314
    endloop
  endfacet
  facet normal 0 0.453990499739555 0.8910065241883637
    outer loop
      vertex -20.75 8.652589692616615 10.29509999659314
      vertex -20.75 8.549999999999997 10.347372055837118
      vertex 10.75 8.549999999999997 10.347372055837118
    endloop
  endfacet
  facet normal 0 0.5446390350150185 0.8386705679454295
    outer loop
      vertex -20.75 8.549999999999997 10.347372055837118
      vertex -20.75 8.453436222478274 10.410081306187559
      vertex 10.75 8.453436222478274 10.410081306187559
    endloop
  endfacet
  facet normal 0 -0.7771459614569587 0.6293203910498526
    outer loop
      vertex -20.75 9.91745930802513 10.563956333005256
      vertex 10.75 9.989918693812442 10.65343622247828
      vertex -20.75 9.989918693812442 10.65343622247828
    endloop
  endfacet
  facet normal 0 -0.8386705679453945 0.5446390350150725
    outer loop
      vertex -20.75 9.989918693812442 10.65343622247828
      vertex 10.75 10.020157564503009 10.7
      vertex -20.75 10.020157564503009 10.7
    endloop
  endfacet
  facet normal 0 -0.7071067811865476 0.7071067811865476
    outer loop
      vertex -20.75 9.91745930802513 10.563956333005256
      vertex -20.75 9.83604366699474 10.482540691974867
      vertex 10.75 9.83604366699474 10.482540691974867
    endloop
  endfacet
  facet normal 0 0.6293203910498565 0.7771459614569555
    outer loop
      vertex -20.75 8.453436222478274 10.410081306187559
      vertex -20.75 8.363956333005255 10.482540691974867
      vertex 10.75 8.363956333005255 10.482540691974867
    endloop
  endfacet
  facet normal 0 0.7071067811865476 0.7071067811865476
    outer loop
      vertex -20.75 8.363956333005255 10.482540691974867
      vertex -20.75 8.282540691974866 10.563956333005256
      vertex 10.75 8.282540691974866 10.563956333005256
    endloop
  endfacet
  facet normal 0 0.7771459614569889 0.6293203910498153
    outer loop
      vertex -20.75 8.282540691974866 10.563956333005256
      vertex -20.75 8.210081306187561 10.65343622247828
      vertex 10.75 8.282540691974866 10.563956333005256
    endloop
  endfacet
  facet normal 0 0.8386705679453945 0.5446390350150725
    outer loop
      vertex -20.75 8.210081306187561 10.65343622247828
      vertex -20.75 8.179842435496994 10.7
      vertex 10.75 8.210081306187561 10.65343622247828
    endloop
  endfacet
  facet normal 0 -0.453990499739555 0.8910065241883637
    outer loop
      vertex -20.75 9.649999999999999 10.347372055837118
      vertex 10.75 9.54741030738338 10.29509999659314
      vertex 10.75 9.649999999999999 10.347372055837118
    endloop
  endfacet
  facet normal 0 -0.5446390350150185 0.8386705679454295
    outer loop
      vertex -20.75 9.746563777521722 10.410081306187559
      vertex 10.75 9.649999999999999 10.347372055837118
      vertex 10.75 9.746563777521722 10.410081306187559
    endloop
  endfacet
  facet normal 0 -0.258819045102515 0.9659258262890699
    outer loop
      vertex -20.75 9.439918693812444 10.253837832075332
      vertex 10.75 9.328702859899536 10.224037639192815
      vertex 10.75 9.439918693812444 10.253837832075332
    endloop
  endfacet
  facet normal 0 -0.35836794954530005 0.9335804264972017
    outer loop
      vertex -20.75 9.54741030738338 10.29509999659314
      vertex 10.75 9.439918693812444 10.253837832075332
      vertex 10.75 9.54741030738338 10.29509999659314
    endloop
  endfacet
  facet normal 0 -0.15643446504024047 0.9876883405951363
    outer loop
      vertex -20.75 9.328702859899536 10.224037639192815
      vertex 10.75 9.214981309594421 10.2060259150949
      vertex 10.75 9.328702859899536 10.224037639192815
    endloop
  endfacet
  facet normal 0 -0.05233595624293794 0.9986295347545742
    outer loop
      vertex -20.75 9.214981309594421 10.2060259150949
      vertex 10.75 9.100000000000001 10.200000000000001
      vertex 10.75 9.214981309594421 10.2060259150949
    endloop
  endfacet
  facet normal 0 0.05233595624293794 0.9986295347545742
    outer loop
      vertex -20.75 9.100000000000001 10.200000000000001
      vertex 10.75 8.985018690405582 10.2060259150949
      vertex 10.75 9.100000000000001 10.200000000000001
    endloop
  endfacet
  facet normal 0 0.15643446504024047 0.9876883405951363
    outer loop
      vertex -20.75 8.985018690405582 10.2060259150949
      vertex 10.75 8.871297140100467 10.224037639192815
      vertex 10.75 8.985018690405582 10.2060259150949
    endloop
  endfacet
  facet normal 0 0.258819045102515 0.9659258262890699
    outer loop
      vertex -20.75 8.871297140100467 10.224037639192815
      vertex 10.75 8.760081306187558 10.253837832075332
      vertex 10.75 8.871297140100467 10.224037639192815
    endloop
  endfacet
  facet normal 0 0.3583679495452794 0.9335804264972097
    outer loop
      vertex -20.75 8.760081306187558 10.253837832075332
      vertex 10.75 8.652589692616615 10.29509999659314
      vertex 10.75 8.760081306187558 10.253837832075332
    endloop
  endfacet
  facet normal 0 0.453990499739555 0.8910065241883637
    outer loop
      vertex -20.75 8.652589692616615 10.29509999659314
      vertex 10.75 8.549999999999997 10.347372055837118
      vertex 10.75 8.652589692616615 10.29509999659314
    endloop
  endfacet
  facet normal 0 0.5446390350150185 0.8386705679454295
    outer loop
      vertex -20.75 8.549999999999997 10.347372055837118
      vertex 10.75 8.453436222478274 10.410081306187559
      vertex 10.75 8.549999999999997 10.347372055837118
    endloop
  endfacet
  facet normal 0 0.6293203910498565 0.7771459614569555
    outer loop
      vertex -20.75 8.453436222478274 10.410081306187559
      vertex 10.75 8.363956333005255 10.482540691974867
      vertex 10.75 8.453436222478274 10.410081306187559
    endloop
  endfacet
  facet normal 0 -0.7771459614569587 0.6293203910498526
    outer loop
      vertex -20.75 9.91745930802513 10.563956333005256
      vertex 10.75 9.91745930802513 10.563956333005256
      vertex 10.75 9.989918693812442 10.65343622247828
    endloop
  endfacet
  facet normal 0 -0.8386705679453945 0.5446390350150725
    outer loop
      vertex -20.75 9.989918693812442 10.65343622247828
      vertex 10.75 9.989918693812442 10.65343622247828
      vertex 10.75 10.020157564503009 10.7
    endloop
  endfacet
  facet normal 0 -0.6293203910498565 0.7771459614569555
    outer loop
      vertex -20.75 9.83604366699474 10.482540691974867
      vertex 10.75 9.746563777521722 10.410081306187559
      vertex 10.75 9.83604366699474 10.482540691974867
    endloop
  endfacet
  facet normal 0 -0.7071067811865476 0.7071067811865476
    outer loop
      vertex -20.75 9.91745930802513 10.563956333005256
      vertex 10.75 9.83604366699474 10.482540691974867
      vertex 10.75 9.91745930802513 10.563956333005256
    endloop
  endfacet
  facet normal 0 0.7071067811865476 0.7071067811865476
    outer loop
      vertex -20.75 8.363956333005255 10.482540691974867
      vertex 10.75 8.282540691974866 10.563956333005256
      vertex 10.75 8.363956333005255 10.482540691974867
    endloop
  endfacet
  facet normal 0 0.7771459614569889 0.6293203910498153
    outer loop
      vertex -20.75 8.210081306187561 10.65343622247828
      vertex 10.75 8.210081306187561 10.65343622247828
      vertex 10.75 8.282540691974866 10.563956333005256
    endloop
  endfacet
  facet normal 0 0.8386705679453945 0.5446390350150725
    outer loop
      vertex -20.75 8.179842435496994 10.7
      vertex 10.75 8.179842435496994 10.7
      vertex 10.75 8.210081306187561 10.65343622247828
    endloop
  endfacet
  facet normal -1 0 0
    outer loop
      vertex 10.75 9.649999999999999 10.347372055837118
      vertex 10.75 8.549999999999997 10.347372055837118
      vertex 10.75 9.746563777521722 10.410081306187559
    endloop
  endfacet
  facet normal -1 0 0
    outer loop
      vertex 10.75 9.746563777521722 10.410081306187559
      vertex 10.75 8.453436222478274 10.410081306187559
      vertex 10.75 9.83604366699474 10.482540691974867
    endloop
  endfacet
  facet normal -1 0 0
    outer loop
      vertex 10.75 9.439918693812444 10.253837832075332
      vertex 10.75 8.760081306187558 10.253837832075332
      vertex 10.75 9.54741030738338 10.29509999659314
    endloop
  endfacet
  facet normal -1 0 0
    outer loop
      vertex 10.75 9.328702859899536 10.224037639192815
      vertex 10.75 9.214981309594421 10.2060259150949
      vertex 10.75 8.985018690405582 10.2060259150949
    endloop
  endfacet
  facet normal -1 0 0
    outer loop
      vertex 10.75 9.439918693812444 10.253837832075332
      vertex 10.75 9.328702859899536 10.224037639192815
      vertex 10.75 8.871297140100467 10.224037639192815
    endloop
  endfacet
  facet normal -1 0 0
    outer loop
      vertex 10.75 9.214981309594421 10.2060259150949
      vertex 10.75 9.100000000000001 10.200000000000001
      vertex 10.75 8.985018690405582 10.2060259150949
    endloop
  endfacet
  facet normal -1 0 0
    outer loop
      vertex 10.75 9.328702859899536 10.224037639192815
      vertex 10.75 8.985018690405582 10.2060259150949
      vertex 10.75 8.871297140100467 10.224037639192815
    endloop
  endfacet
  facet normal -1 0 0
    outer loop
      vertex 10.75 9.439918693812444 10.253837832075332
      vertex 10.75 8.871297140100467 10.224037639192815
      vertex 10.75 8.760081306187558 10.253837832075332
    endloop
  endfacet
  facet normal -1 0 0
    outer loop
      vertex 10.75 9.649999999999999 10.347372055837118
      vertex 10.75 9.54741030738338 10.29509999659314
      vertex 10.75 8.652589692616615 10.29509999659314
    endloop
  endfacet
  facet normal -1 0 0
    outer loop
      vertex 10.75 9.54741030738338 10.29509999659314
      vertex 10.75 8.760081306187558 10.253837832075332
      vertex 10.75 8.652589692616615 10.29509999659314
    endloop
  endfacet
  facet normal -1 0 0
    outer loop
      vertex 10.75 9.649999999999999 10.347372055837118
      vertex 10.75 8.652589692616615 10.29509999659314
      vertex 10.75 8.549999999999997 10.347372055837118
    endloop
  endfacet
  facet normal -1 0 0
    outer loop
      vertex 10.75 9.746563777521722 10.410081306187559
      vertex 10.75 8.549999999999997 10.347372055837118
      vertex 10.75 8.453436222478274 10.410081306187559
    endloop
  endfacet
  facet normal -1 0 0
    outer loop
      vertex 10.75 9.91745930802513 10.563956333005256
      vertex 10.75 9.83604366699474 10.482540691974867
      vertex 10.75 8.363956333005255 10.482540691974867
    endloop
  endfacet
  facet normal -1 0 0
    outer loop
      vertex 10.75 9.91745930802513 10.563956333005256
      vertex 10.75 8.282540691974866 10.563956333005256
      vertex 10.75 9.989918693812442 10.65343622247828
    endloop
  endfacet
  facet normal -1 0 0
    outer loop
      vertex 10.75 9.989918693812442 10.65343622247828
      vertex 10.75 8.179842435496994 10.7
      vertex 10.75 10.020157564503009 10.7
    endloop
  endfacet
  facet normal -1 0 0
    outer loop
      vertex 10.75 8.453436222478274 10.410081306187559
      vertex 10.75 8.363956333005255 10.482540691974867
      vertex 10.75 9.83604366699474 10.482540691974867
    endloop
  endfacet
  facet normal -1 0 0
    outer loop
      vertex 10.75 9.91745930802513 10.563956333005256
      vertex 10.75 8.363956333005255 10.482540691974867
      vertex 10.75 8.282540691974866 10.563956333005256
    endloop
  endfacet
  facet normal -1 0 0
    outer loop
      vertex 10.75 9.989918693812442 10.65343622247828
      vertex 10.75 8.282540691974866 10.563956333005256
      vertex 10.75 8.210081306187561 10.65343622247828
    endloop
  endfacet
  facet normal -1 0 0
    outer loop
      vertex 10.75 9.989918693812442 10.65343622247828
      vertex 10.75 8.210081306187561 10.65343622247828
      vertex 10.75 8.179842435496994 10.7
    endloop
  endfacet
  facet normal 0 0 1
    outer loop
      vertex 6.550000000000001 7.600000000000001 14
      vertex 6.550000000000001 5.600000000000001 14
      vertex 11.05 7.600000000000001 14
    endloop
  endfacet
  facet normal 0 0 1
    outer loop
      vertex 6.550000000000001 5.600000000000001 14
      vertex 11.55 5.600000000000001 14
      vertex 11.05 7.600000000000001 14
    endloop
  endfacet
  facet normal 0 0 1
    outer loop
      vertex 11.05 8 14
      vertex 11.05 7.600000000000001 14
      vertex 11.55 8 14
    endloop
  endfacet
  facet normal 0 0 1
    outer loop
      vertex 11.05 7.600000000000001 14
      vertex 11.55 5.600000000000001 14
      vertex 11.55 8 14
    endloop
  endfacet
  facet normal 1 0 0
    outer loop
      vertex 6.550000000000001 7.600000000000001 14
      vertex 6.550000000000001 5.600000000000001 26
      vertex 6.550000000000001 5.600000000000001 14
    endloop
  endfacet
  facet normal 1 0 0
    outer loop
      vertex 6.550000000000001 7.600000000000001 14
      vertex 6.550000000000001 7.600000000000001 26
      vertex 6.550000000000001 5.600000000000001 26
    endloop
  endfacet
  facet normal 0 0 -1
    outer loop
      vertex 6.550000000000001 7.600000000000001 26
      vertex 11.05 7.600000000000001 26
      vertex 11.55 5.600000000000001 26
    endloop
  endfacet
  facet normal 0 0 -1
    outer loop
      vertex 6.550000000000001 7.600000000000001 26
      vertex 11.55 5.600000000000001 26
      vertex 6.550000000000001 5.600000000000001 26
    endloop
  endfacet
  facet normal 0 0 -1
    outer loop
      vertex 11.05 8 26
      vertex 11.55 8 26
      vertex 11.05 7.600000000000001 26
    endloop
  endfacet
  facet normal 0 0 -1
    outer loop
      vertex 11.05 7.600000000000001 26
      vertex 11.55 8 26
      vertex 11.55 5.600000000000001 26
    endloop
  endfacet
  facet normal 0 1 0
    outer loop
      vertex -22.95 25 9
      vertex -21.05 25 29.3
      vertex -21.05 25 10.7
    endloop
  endfacet
  facet normal -1 0 0
    outer loop
      vertex -22.95 25 9
      vertex -22.95 6.600000000000001 9
      vertex -22.95 25 31
    endloop
  endfacet
  facet normal -0.7071067811865475 -0.7071067811865475 0
    outer loop
      vertex -22.95 6.600000000000001 9
      vertex -21.95 5.600000000000001 10
      vertex -21.95 5.600000000000001 30
    endloop
  endfacet
  facet normal 0 1 0
    outer loop
      vertex -22.95 25 9
      vertex -21.05 25 10.7
      vertex 11.05 25 10.7
    endloop
  endfacet
  facet normal 0 0 -1
    outer loop
      vertex -22.95 25 9
      vertex 12.95 25 9
      vertex -22.95 6.600000000000001 9
    endloop
  endfacet
  facet normal 0 -0.7071067811865476 -0.7071067811865476
    outer loop
      vertex -22.95 6.600000000000001 9
      vertex 11.95 5.600000000000001 10
      vertex -21.95 5.600000000000001 10
    endloop
  endfacet
  facet normal 0 -1 0
    outer loop
      vertex -21.95 5.600000000000001 10
      vertex 11.95 5.600000000000001 10
      vertex -21.95 5.600000000000001 30
    endloop
  endfacet
  facet normal 0 1 0
    outer loop
      vertex -22.95 25 9
      vertex -22.95 25 31
      vertex -21.05 25 29.3
    endloop
  endfacet
  facet normal -1 0 0
    outer loop
      vertex -22.95 6.600000000000001 9
      vertex -22.95 6.600000000000001 31
      vertex -22.95 25 31
    endloop
  endfacet
  facet normal -0.7071067811865476 -0.7071067811865476 0
    outer loop
      vertex -22.95 6.600000000000001 9
      vertex -21.95 5.600000000000001 30
      vertex -22.95 6.600000000000001 31
    endloop
  endfacet
  facet normal 0 -1 0
    outer loop
      vertex -21.95 5.600000000000001 30
      vertex 11.95 5.600000000000001 10
      vertex 6.550000000000001 5.600000000000001 14
    endloop
  endfacet
  facet normal 0 -1 0
    outer loop
      vertex -21.95 5.600000000000001 30
      vertex 6.550000000000001 5.600000000000001 14
      vertex 6.550000000000001 5.600000000000001 26
    endloop
  endfacet
  facet normal 0 -1 0
    outer loop
      vertex -21.95 5.600000000000001 30
      vertex 6.550000000000001 5.600000000000001 26
      vertex 11.55 5.600000000000001 26
    endloop
  endfacet
  facet normal 0 1 0
    outer loop
      vertex -22.95 25 31
      vertex 12.95 25 31
      vertex -21.05 25 29.3
    endloop
  endfacet
  facet normal 0 0 1
    outer loop
      vertex -22.95 25 31
      vertex -22.95 6.600000000000001 31
      vertex 12.95 6.600000000000001 31
    endloop
  endfacet
  facet normal 0 -0.7071067811865475 0.7071067811865475
    outer loop
      vertex -22.95 6.600000000000001 31
      vertex -21.95 5.600000000000001 30
      vertex 12.95 6.600000000000001 31
    endloop
  endfacet
  facet normal 0 1 0
    outer loop
      vertex -22.95 25 9
      vertex 11.05 25 10.7
      vertex 12.95 25 9
    endloop
  endfacet
  facet normal 0 1 0
    outer loop
      vertex 12.95 25 9
      vertex 11.05 25 10.7
      vertex 12.95 25 31
    endloop
  endfacet
  facet normal 1 0 0
    outer loop
      vertex 12.95 25 9
      vertex 12.95 15 14
      vertex 12.95 6.600000000000001 14
    endloop
  endfacet
  facet normal 0 0 -1
    outer loop
      vertex -22.95 6.600000000000001 9
      vertex 12.95 25 9
      vertex 12.95 6.600000000000001 9
    endloop
  endfacet
  facet normal 0 -0.7071067811865475 -0.7071067811865475
    outer loop
      vertex -22.95 6.600000000000001 9
      vertex 12.95 6.600000000000001 9
      vertex 11.95 5.600000000000001 10
    endloop
  endfacet
  facet normal 1 0 0
    outer loop
      vertex 12.95 25 9
      vertex 12.95 6.600000000000001 14
      vertex 12.95 6.600000000000001 9
    endloop
  endfacet
  facet normal 0.7071067811865475 -0.7071067811865475 0
    outer loop
      vertex 12.95 6.600000000000001 9
      vertex 12.95 6.600000000000001 14
      vertex 11.95 5.600000000000001 10
    endloop
  endfacet
  facet normal 0 -1 0
    outer loop
      vertex 11.95 5.600000000000001 10
      vertex 11.55 5.600000000000001 14
      vertex 6.550000000000001 5.600000000000001 14
    endloop
  endfacet
  facet normal 0 -1 0
    outer loop
      vertex 11.95 5.600000000000001 10
      vertex 11.95 5.600000000000001 14
      vertex 11.55 5.600000000000001 14
    endloop
  endfacet
  facet normal 0.7071067811865475 -0.7071067811865475 0
    outer loop
      vertex 11.95 5.600000000000001 10
      vertex 12.95 6.600000000000001 14
      vertex 11.95 5.600000000000001 14
    endloop
  endfacet
  facet normal 1 0 0
    outer loop
      vertex 12.95 25 9
      vertex 12.95 25 31
      vertex 12.95 15 14
    endloop
  endfacet
  facet normal 0 1 0
    outer loop
      vertex 11.05 25 10.7
      vertex 11.05 25 29.3
      vertex 12.95 25 31
    endloop
  endfacet
  facet normal 1 0 0
    outer loop
      vertex 12.95 15 14
      vertex 12.95 25 31
      vertex 12.95 15 26
    endloop
  endfacet
  facet normal 0 -1 0
    outer loop
      vertex 11.55 5.600000000000001 26
      vertex 11.95 5.600000000000001 26
      vertex 11.95 5.600000000000001 30
    endloop
  endfacet
  facet normal 0.7071067811865475 -0.7071067811865475 0
    outer loop
      vertex 11.95 5.600000000000001 26
      vertex 12.95 6.600000000000001 26
      vertex 11.95 5.600000000000001 30
    endloop
  endfacet
  facet normal 0 1 0
    outer loop
      vertex -21.05 25 29.3
      vertex 12.95 25 31
      vertex 11.05 25 29.3
    endloop
  endfacet
  facet normal 0 0 1
    outer loop
      vertex -22.95 25 31
      vertex 12.95 6.600000000000001 31
      vertex 12.95 25 31
    endloop
  endfacet
  facet normal 1 0 0
    outer loop
      vertex 12.95 15 26
      vertex 12.95 25 31
      vertex 12.95 6.600000000000001 31
    endloop
  endfacet
  facet normal 0 -1 0
    outer loop
      vertex -21.95 5.600000000000001 30
      vertex 11.55 5.600000000000001 26
      vertex 11.95 5.600000000000001 30
    endloop
  endfacet
  facet normal 0 -0.7071067811865476 0.7071067811865476
    outer loop
      vertex -21.95 5.600000000000001 30
      vertex 11.95 5.600000000000001 30
      vertex 12.95 6.600000000000001 31
    endloop
  endfacet
  facet normal 1 0 0
    outer loop
      vertex 12.95 15 26
      vertex 12.95 6.600000000000001 31
      vertex 12.95 6.600000000000001 26
    endloop
  endfacet
  facet normal 0.7071067811865475 -0.7071067811865475 0
    outer loop
      vertex 12.95 6.600000000000001 26
      vertex 12.95 6.600000000000001 31
      vertex 11.95 5.600000000000001 30
    endloop
  endfacet
  facet normal 0 0 1
    outer loop
      vertex -21.05 25 10.7
      vertex -20.75 8.179842435496994 10.7
      vertex -20.75 10.020157564503009 10.7
    endloop
  endfacet
  facet normal 0 0 1
    outer loop
      vertex -21.05 25 10.7
      vertex -21.05 7.600000000000001 10.7
      vertex -20.75 8.179842435496994 10.7
    endloop
  endfacet
  facet normal 1 0 0
    outer loop
      vertex -21.05 25 10.7
      vertex -21.05 7.600000000000001 29.3
      vertex -21.05 7.600000000000001 10.7
    endloop
  endfacet
  facet normal 0 0 1
    outer loop
      vertex -21.05 25 10.7
      vertex -20.75 10.020157564503009 10.7
      vertex 10.75 10.020157564503009 10.7
    endloop
  endfacet
  facet normal 0 0 1
    outer loop
      vertex -20.75 8.179842435496994 10.7
      vertex -21.05 7.600000000000001 10.7
      vertex 11.05 7.600000000000001 10.7
    endloop
  endfacet
  facet normal 0 1 0
    outer loop
      vertex -21.05 7.600000000000001 10.7
      vertex -21.05 7.600000000000001 29.3
      vertex 11.05 7.600000000000001 10.7
    endloop
  endfacet
  facet normal 1 0 0
    outer loop
      vertex -21.05 25 10.7
      vertex -21.05 25 29.3
      vertex -21.05 7.600000000000001 29.3
    endloop
  endfacet
  facet normal 0 0 -1
    outer loop
      vertex -21.05 25 29.3
      vertex -20.75 10.020157564503009 29.3
      vertex -20.75 8.179842435496994 29.3
    endloop
  endfacet
  facet normal 0 0 -1
    outer loop
      vertex -21.05 25 29.3
      vertex -20.75 8.179842435496994 29.3
      vertex -21.05 7.600000000000001 29.3
    endloop
  endfacet
  facet normal 0 1 0
    outer loop
      vertex -21.05 7.600000000000001 29.3
      vertex 6.550000000000001 7.600000000000001 14
      vertex 11.05 7.600000000000001 10.7
    endloop
  endfacet
  facet normal 0 1 0
    outer loop
      vertex -21.05 7.600000000000001 29.3
      vertex 6.550000000000001 7.600000000000001 26
      vertex 6.550000000000001 7.600000000000001 14
    endloop
  endfacet
  facet normal 0 0 -1
    outer loop
      vertex -21.05 25 29.3
      vertex 11.05 25 29.3
      vertex -20.75 10.020157564503009 29.3
    endloop
  endfacet
  facet normal 0 0 -1
    outer loop
      vertex -20.75 8.179842435496994 29.3
      vertex 10.75 8.179842435496994 29.3
      vertex -21.05 7.600000000000001 29.3
    endloop
  endfacet
  facet normal 0 1 0
    outer loop
      vertex -21.05 7.600000000000001 29.3
      vertex 11.05 7.600000000000001 29.3
      vertex 6.550000000000001 7.600000000000001 26
    endloop
  endfacet
  facet normal 0 0 1
    outer loop
      vertex -21.05 25 10.7
      vertex 10.75 10.020157564503009 10.7
      vertex 11.05 25 10.7
    endloop
  endfacet
  facet normal -1 0 0
    outer loop
      vertex 11.05 25 10.7
      vertex 11.05 7.600000000000001 10.7
      vertex 11.05 15 14
    endloop
  endfacet
  facet normal -1 0 0
    outer loop
      vertex 11.05 25 10.7
      vertex 11.05 15 14
      vertex 11.05 15 26
    endloop
  endfacet
  facet normal 0 0 1
    outer loop
      vertex -20.75 8.179842435496994 10.7
      vertex 11.05 7.600000000000001 10.7
      vertex 10.75 8.179842435496994 10.7
    endloop
  endfacet
  facet normal 0 0 1
    outer loop
      vertex 11.05 25 10.7
      vertex 10.75 10.020157564503009 10.7
      vertex 10.75 8.179842435496994 10.7
    endloop
  endfacet
  facet normal 0 0 1
    outer loop
      vertex 11.05 25 10.7
      vertex 10.75 8.179842435496994 10.7
      vertex 11.05 7.600000000000001 10.7
    endloop
  endfacet
  facet normal 0 1 0
    outer loop
      vertex 11.05 7.600000000000001 10.7
      vertex 6.550000000000001 7.600000000000001 14
      vertex 11.05 7.600000000000001 14
    endloop
  endfacet
  facet normal -1 0 0
    outer loop
      vertex 11.05 7.600000000000001 10.7
      vertex 11.05 8 14
      vertex 11.05 15 14
    endloop
  endfacet
  facet normal -1 0 0
    outer loop
      vertex 11.05 7.600000000000001 10.7
      vertex 11.05 7.600000000000001 14
      vertex 11.05 8 14
    endloop
  endfacet
  facet normal -1 0 0
    outer loop
      vertex 11.05 25 10.7
      vertex 11.05 15 26
      vertex 11.05 25 29.3
    endloop
  endfacet
  facet normal -1 0 0
    outer loop
      vertex 11.05 15 26
      vertex 11.05 8 26
      vertex 11.05 25 29.3
    endloop
  endfacet
  facet normal 0 1 0
    outer loop
      vertex 6.550000000000001 7.600000000000001 26
      vertex 11.05 7.600000000000001 29.3
      vertex 11.05 7.600000000000001 26
    endloop
  endfacet
  facet normal -1 0 0
    outer loop
      vertex 11.05 8 26
      vertex 11.05 7.600000000000001 26
      vertex 11.05 7.600000000000001 29.3
    endloop
  endfacet
  facet normal 0 0 -1
    outer loop
      vertex -20.75 10.020157564503009 29.3
      vertex 11.05 25 29.3
      vertex 10.75 10.020157564503009 29.3
    endloop
  endfacet
  facet normal 0 0 -1
    outer loop
      vertex -21.05 7.600000000000001 29.3
      vertex 10.75 8.179842435496994 29.3
      vertex 11.05 7.600000000000001 29.3
    endloop
  endfacet
  facet normal -1 0 0
    outer loop
      vertex 11.05 8 26
      vertex 11.05 7.600000000000001 29.3
      vertex 11.05 25 29.3
    endloop
  endfacet
  facet normal 0 0 -1
    outer loop
      vertex 11.05 25 29.3
      vertex 10.75 8.179842435496994 29.3
      vertex 10.75 10.020157564503009 29.3
    endloop
  endfacet
  facet normal 0 0 -1
    outer loop
      vertex 11.05 25 29.3
      vertex 11.05 7.600000000000001 29.3
      vertex 10.75 8.179842435496994 29.3
    endloop
  endfacet
  facet normal 0 0 1
    outer loop
      vertex 11.05 15 14
      vertex 12.95 6.600000000000001 14
      vertex 12.95 15 14
    endloop
  endfacet
  facet normal 0 0 1
    outer loop
      vertex 11.05 15 14
      vertex 11.05 8 14
      vertex 11.55 8 14
    endloop
  endfacet
  facet normal 0 0 1
    outer loop
      vertex 11.05 15 14
      vertex 11.55 8 14
      vertex 12.95 6.600000000000001 14
    endloop
  endfacet
  facet normal 0 0 1
    outer loop
      vertex 11.55 8 14
      vertex 11.55 5.600000000000001 14
      vertex 11.95 5.600000000000001 14
    endloop
  endfacet
  facet normal 0 0 1
    outer loop
      vertex 11.55 8 14
      vertex 11.95 5.600000000000001 14
      vertex 12.95 6.600000000000001 14
    endloop
  endfacet
  facet normal 0 -1 0
    outer loop
      vertex 11.05 15 14
      vertex 12.95 15 14
      vertex 11.05 15 26
    endloop
  endfacet
  facet normal 0 -1 0
    outer loop
      vertex 12.95 15 14
      vertex 12.95 15 26
      vertex 11.05 15 26
    endloop
  endfacet
  facet normal 0 0 -1
    outer loop
      vertex 11.05 15 26
      vertex 12.95 15 26
      vertex 11.05 8 26
    endloop
  endfacet
  facet normal 0 0 -1
    outer loop
      vertex 12.95 15 26
      vertex 11.55 8 26
      vertex 11.05 8 26
    endloop
  endfacet
  facet normal 0 0 -1
    outer loop
      vertex 12.95 15 26
      vertex 11.55 5.600000000000001 26
      vertex 11.55 8 26
    endloop
  endfacet
  facet normal 0 0 -1
    outer loop
      vertex 12.95 15 26
      vertex 12.95 6.600000000000001 26
      vertex 11.55 5.600000000000001 26
    endloop
  endfacet
  facet normal 0 0 -1
    outer loop
      vertex 11.55 5.600000000000001 26
      vertex 12.95 6.600000000000001 26
      vertex 11.95 5.600000000000001 26
    endloop
  endfacet
endsolid OpenSCAD_Model
