solid OpenSCAD_Model
  facet normal -0.6845471059286894 -0.7289686274214109 0
    outer loop
      vertex -2.5513901959749408 7.60408512924959 52
      vertex -2.230983964120414 7.303203650284737 52
      vertex -2.5513901959749408 7.60408512924959 56.251479953678796
    endloop
  endfacet
  facet normal -0.7705132427757893 -0.6374239897486897 0
    outer loop
      vertex -2.5513901959749408 7.60408512924959 52
      vertex -2.5513901959749408 7.60408512924959 56.251479953678796
      vertex -2.831559480312316 7.942751616976344 56.251479953678796
    endloop
  endfacet
  facet normal -0.6845471059286894 -0.7289686274214109 0
    outer loop
      vertex -2.230983964120414 7.303203650284737 52
      vertex -2.230983964120414 7.303203650284737 56.251479953678796
      vertex -2.5513901959749408 7.60408512924959 56.251479953678796
    endloop
  endfacet
  facet normal -0.9822872507286885 -0.18738131458572566 0
    outer loop
      vertex -3.3900410639502088 9.129585394923009 52
      vertex -3.4724014546006727 9.561333682524936 56.251479953678796
      vertex -3.4724014546006727 9.561333682524936 52
    endloop
  endfacet
  facet normal -0.9980267284282717 -0.06279051952931271 0
    outer loop
      vertex -3.4724014546006727 9.561333682524936 52
      vertex -3.5 10 56.251479953678796
      vertex -3.5 10 52
    endloop
  endfacet
  facet normal 0 0 -1
    outer loop
      vertex -3.067073380153522 8.313862140643996 52
      vertex -3.25421770060888 8.711564065603628 52
      vertex -2.3011968025734224 9.088891732105422 52
    endloop
  endfacet
  facet normal 0 0 -1
    outer loop
      vertex -2.831559480312316 7.942751616976344 52
      vertex -3.067073380153522 8.313862140643996 52
      vertex -2.0023170610779952 8.54523150057613 52
    endloop
  endfacet
  facet normal 0 0 -1
    outer loop
      vertex -2.5513901959749408 7.60408512924959 52
      vertex -2.831559480312316 7.942751616976344 52
      vertex -2.0023170610779952 8.54523150057613 52
    endloop
  endfacet
  facet normal 0 0 -1
    outer loop
      vertex -3.067073380153522 8.313862140643996 52
      vertex -2.168859033108562 8.807659656598254 52
      vertex -2.0023170610779952 8.54523150057613 52
    endloop
  endfacet
  facet normal 0 0 -1
    outer loop
      vertex -3.067073380153522 8.313862140643996 52
      vertex -2.3011968025734224 9.088891732105422 52
      vertex -2.168859033108562 8.807659656598254 52
    endloop
  endfacet
  facet normal -0.8443279255020154 -0.5358267949789961 0
    outer loop
      vertex -2.831559480312316 7.942751616976344 52
      vertex -3.067073380153522 8.313862140643996 56.251479953678796
      vertex -3.067073380153522 8.313862140643996 52
    endloop
  endfacet
  facet normal -0.9048270524660198 -0.4257792915650722 0
    outer loop
      vertex -3.067073380153522 8.313862140643996 52
      vertex -3.25421770060888 8.711564065603628 56.251479953678796
      vertex -3.25421770060888 8.711564065603628 52
    endloop
  endfacet
  facet normal -0.7705132427757893 -0.6374239897486897 0
    outer loop
      vertex -2.5513901959749408 7.60408512924959 52
      vertex -2.831559480312316 7.942751616976344 56.251479953678796
      vertex -2.831559480312316 7.942751616976344 52
    endloop
  endfacet
  facet normal 0 0 -1
    outer loop
      vertex -3.3900410639502088 9.129585394923009 52
      vertex -2.3011968025734224 9.088891732105422 52
      vertex -3.25421770060888 8.711564065603628 52
    endloop
  endfacet
  facet normal 0 0 -1
    outer loop
      vertex -3.3900410639502088 9.129585394923009 52
      vertex -3.4724014546006727 9.561333682524936 52
      vertex -2.455483885753333 9.689800246928348 52
    endloop
  endfacet
  facet normal 0 0 -1
    outer loop
      vertex -3.4724014546006727 9.561333682524936 52
      vertex -3.5 10 52
      vertex -2.455483885753333 9.689800246928348 52
    endloop
  endfacet
  facet normal 0 0 -1
    outer loop
      vertex -3.3900410639502088 9.129585394923009 52
      vertex -2.397243323793362 9.384492529266984 52
      vertex -2.3011968025734224 9.088891732105422 52
    endloop
  endfacet
  facet normal 0 0 -1
    outer loop
      vertex -3.3900410639502088 9.129585394923009 52
      vertex -2.455483885753333 9.689800246928348 52
      vertex -2.397243323793362 9.384492529266984 52
    endloop
  endfacet
  facet normal 0 0 -1
    outer loop
      vertex -3.5 10 52
      vertex -2.475 10 52
      vertex -2.455483885753333 9.689800246928348 52
    endloop
  endfacet
  facet normal -0.9510565162951535 -0.3090169943749477 0
    outer loop
      vertex -3.3900410639502088 9.129585394923009 52
      vertex -3.25421770060888 8.711564065603628 52
      vertex -3.3900410639502088 9.129585394923009 56.251479953678796
    endloop
  endfacet
  facet normal -0.9822872507286885 -0.18738131458572566 0
    outer loop
      vertex -3.3900410639502088 9.129585394923009 52
      vertex -3.3900410639502088 9.129585394923009 56.251479953678796
      vertex -3.4724014546006727 9.561333682524936 56.251479953678796
    endloop
  endfacet
  facet normal -0.9980267284282717 -0.06279051952931271 0
    outer loop
      vertex -3.4724014546006727 9.561333682524936 52
      vertex -3.4724014546006727 9.561333682524936 56.251479953678796
      vertex -3.5 10 56.251479953678796
    endloop
  endfacet
  facet normal -0.8443279255020154 -0.5358267949789961 0
    outer loop
      vertex -2.831559480312316 7.942751616976344 52
      vertex -2.831559480312316 7.942751616976344 56.251479953678796
      vertex -3.067073380153522 8.313862140643996 56.251479953678796
    endloop
  endfacet
  facet normal -0.9048270524660198 -0.4257792915650722 0
    outer loop
      vertex -3.067073380153522 8.313862140643996 52
      vertex -3.067073380153522 8.313862140643996 56.251479953678796
      vertex -3.25421770060888 8.711564065603628 56.251479953678796
    endloop
  endfacet
  facet normal -0.9510565162951535 -0.3090169943749477 0
    outer loop
      vertex -3.25421770060888 8.711564065603628 52
      vertex -3.25421770060888 8.711564065603628 56.251479953678796
      vertex -3.3900410639502088 9.129585394923009 56.251479953678796
    endloop
  endfacet
  facet normal 0 0 -1
    outer loop
      vertex -2.5513901959749408 7.60408512924959 52
      vertex -1.577624374628007 8.092979724129922 52
      vertex -2.230983964120414 7.303203650284737 52
    endloop
  endfacet
  facet normal 0 0 -1
    outer loop
      vertex -1.8753937824264888 7.044852260742948 52
      vertex -2.230983964120414 7.303203650284737 52
      vertex -1.577624374628007 8.092979724129922 52
    endloop
  endfacet
  facet normal 0 0 -1
    outer loop
      vertex -1.4902275204777535 6.833105316368932 52
      vertex -1.0538037466235544 7.760553045146601 52
      vertex -1.0815594803123159 6.671302192966962 52
    endloop
  endfacet
  facet normal 0 0 -1
    outer loop
      vertex -1.8753937824264888 7.044852260742948 52
      vertex -1.0538037466235544 7.760553045146601 52
      vertex -1.4902275204777535 6.833105316368932 52
    endloop
  endfacet
  facet normal 0 0 -1
    outer loop
      vertex -1.8753937824264888 7.044852260742948 52
      vertex -1.577624374628007 8.092979724129922 52
      vertex -1.326171317573017 7.910288384382513 52
    endloop
  endfacet
  facet normal 0 0 -1
    outer loop
      vertex -1.8753937824264888 7.044852260742948 52
      vertex -1.326171317573017 7.910288384382513 52
      vertex -1.0538037466235544 7.760553045146601 52
    endloop
  endfacet
  facet normal -0.4817536741017148 -0.8763066800438639 0
    outer loop
      vertex -1.8753937824264888 7.044852260742948 52
      vertex -1.4902275204777535 6.833105316368932 52
      vertex -1.8753937824264888 7.044852260742948 56.251479953678796
    endloop
  endfacet
  facet normal -0.5877852522924721 -0.8090169943749481 0
    outer loop
      vertex -1.8753937824264888 7.044852260742948 52
      vertex -2.230983964120414 7.303203650284737 56.251479953678796
      vertex -2.230983964120414 7.303203650284737 52
    endloop
  endfacet
  facet normal -0.368124552684679 -0.929776485888251 0
    outer loop
      vertex -1.4902275204777535 6.833105316368932 52
      vertex -1.0815594803123159 6.671302192966962 52
      vertex -1.4902275204777535 6.833105316368932 56.251479953678796
    endloop
  endfacet
  facet normal -0.12533323356430495 -0.9921147013144777 0
    outer loop
      vertex -0.6558346010500369 6.56199462244959 52
      vertex -0.21976681835259818 6.50690645050105 52
      vertex -0.6558346010500369 6.56199462244959 56.251479953678796
    endloop
  endfacet
  facet normal 0 -1 0
    outer loop
      vertex -0.21976681835259818 6.50690645050105 52
      vertex 0.21976681835259818 6.50690645050105 52
      vertex -0.21976681835259818 6.50690645050105 56.251479953678796
    endloop
  endfacet
  facet normal 0 0 -1
    outer loop
      vertex -0.6558346010500369 6.56199462244959 52
      vertex -1.0815594803123159 6.671302192966962 52
      vertex -0.46376875359966896 7.568839054446496 52
    endloop
  endfacet
  facet normal 0 0 -1
    outer loop
      vertex -1.0815594803123159 6.671302192966962 52
      vertex -1.0538037466235544 7.760553045146601 52
      vertex -0.7648170610779949 7.646135122169495 52
    endloop
  endfacet
  facet normal 0 0 -1
    outer loop
      vertex -1.0815594803123159 6.671302192966962 52
      vertex -0.7648170610779949 7.646135122169495 52
      vertex -0.46376875359966896 7.568839054446496 52
    endloop
  endfacet
  facet normal 0 0 -1
    outer loop
      vertex -0.6558346010500369 6.56199462244959 52
      vertex -0.46376875359966896 7.568839054446496 52
      vertex -0.21976681835259818 6.50690645050105 52
    endloop
  endfacet
  facet normal 0 0 -1
    outer loop
      vertex -0.21976681835259818 6.50690645050105 52
      vertex -0.15540653583505157 7.529883847140027 52
      vertex 0.21976681835259818 6.50690645050105 52
    endloop
  endfacet
  facet normal 0 0 -1
    outer loop
      vertex -0.21976681835259818 6.50690645050105 52
      vertex -0.46376875359966896 7.568839054446496 52
      vertex -0.15540653583505157 7.529883847140027 52
    endloop
  endfacet
  facet normal -0.24868988716485396 -0.9685831611286314 0
    outer loop
      vertex -0.6558346010500369 6.56199462244959 52
      vertex -1.0815594803123159 6.671302192966962 56.251479953678796
      vertex -1.0815594803123159 6.671302192966962 52
    endloop
  endfacet
  facet normal -0.5877852522924721 -0.8090169943749481 0
    outer loop
      vertex -1.8753937824264888 7.044852260742948 52
      vertex -1.8753937824264888 7.044852260742948 56.251479953678796
      vertex -2.230983964120414 7.303203650284737 56.251479953678796
    endloop
  endfacet
  facet normal -0.4817536741017148 -0.8763066800438639 0
    outer loop
      vertex -1.4902275204777535 6.833105316368932 52
      vertex -1.4902275204777535 6.833105316368932 56.251479953678796
      vertex -1.8753937824264888 7.044852260742948 56.251479953678796
    endloop
  endfacet
  facet normal -0.368124552684679 -0.929776485888251 0
    outer loop
      vertex -1.0815594803123159 6.671302192966962 52
      vertex -1.0815594803123159 6.671302192966962 56.251479953678796
      vertex -1.4902275204777535 6.833105316368932 56.251479953678796
    endloop
  endfacet
  facet normal -0.24868988716485396 -0.9685831611286314 0
    outer loop
      vertex -0.6558346010500369 6.56199462244959 52
      vertex -0.6558346010500369 6.56199462244959 56.251479953678796
      vertex -1.0815594803123159 6.671302192966962 56.251479953678796
    endloop
  endfacet
  facet normal -0.12533323356430495 -0.9921147013144777 0
    outer loop
      vertex -0.21976681835259818 6.50690645050105 52
      vertex -0.21976681835259818 6.50690645050105 56.251479953678796
      vertex -0.6558346010500369 6.56199462244959 56.251479953678796
    endloop
  endfacet
  facet normal 0 0 -1
    outer loop
      vertex -2.5513901959749408 7.60408512924959 52
      vertex -1.8041973528679938 8.305745912826495 52
      vertex -1.577624374628007 8.092979724129922 52
    endloop
  endfacet
  facet normal 0 0 -1
    outer loop
      vertex -2.5513901959749408 7.60408512924959 52
      vertex -2.0023170610779952 8.54523150057613 52
      vertex -1.8041973528679938 8.305745912826495 52
    endloop
  endfacet
  facet normal -0.05097925147346049 -0.03235241675941398 -0.9981755542233193
    outer loop
      vertex -3.4383222260935264 7.501912677756989 57
      vertex -3.72430339018642 7.95254688506771 57
      vertex -3.3651850590144554 7.555049940017768 56.994542446102145
    endloop
  endfacet
  facet normal -0.15219436213871299 -0.09658547919064968 -0.9836199069471412
    outer loop
      vertex -3.3651850590144554 7.555049940017768 56.994542446102145
      vertex -3.645083066612882 7.996098626500478 56.994542446102145
      vertex -3.293114396521954 7.6074123413400905 56.97824936783374
    endloop
  endfacet
  facet normal -0.03548959034038004 -0.04884723050942767 -0.9981755542233195
    outer loop
      vertex -2.277263878660736 6.411606316616437 57
      vertex -2.709051956431931 6.725318718202895 57
      vertex -2.228823791366773 6.4879356805065935 56.994542446102145
    endloop
  endfacet
  facet normal -0.10595125287844331 -0.14582938891315894 -0.9836199069471412
    outer loop
      vertex -2.651427227702374 6.794975049485613 56.994542446102145
      vertex -2.181090069623133 6.563151990392473 56.97824936783374
      vertex -2.228823791366773 6.4879356805065935 56.994542446102145
    endloop
  endfacet
  facet normal -0.7691074831441285 -0.6362610442426367 -0.06037849742228774
    outer loop
      vertex -2.5513901959749408 7.60408512924959 56.251479953678796
      vertex -2.5553764475057648 7.600341789898236 56.341704075166916
      vertex -2.8359834638844177 7.939537404768015 56.341704075166916
    endloop
  endfacet
  facet normal -0.6832981868523373 -0.7276386636877781 -0.060378497422285855
    outer loop
      vertex -2.5553764475057648 7.600341789898236 56.341704075166916
      vertex -2.230983964120414 7.303203650284737 56.251479953678796
      vertex -2.2344696180420476 7.298990218488091 56.341704075166916
    endloop
  endfacet
  facet normal -0.6832981868523375 -0.7276386636877776 -0.060378497422287535
    outer loop
      vertex -2.5513901959749408 7.60408512924959 56.251479953678796
      vertex -2.230983964120414 7.303203650284737 56.251479953678796
      vertex -2.5553764475057648 7.600341789898236 56.341704075166916
    endloop
  endfacet
  facet normal -0.6733341606345148 -0.7170280534716365 -0.18025503781389732
    outer loop
      vertex -2.5553764475057648 7.600341789898236 56.341704075166916
      vertex -2.2344696180420476 7.298990218488091 56.341704075166916
      vertex -2.5672770735746595 7.589166358161183 56.43061252579671
    endloop
  endfacet
  facet normal -0.04133192567072666 -0.044014030391667555 -0.9981755542233193
    outer loop
      vertex -3.0981166665409994 7.0906747998030735 57
      vertex -2.651427227702374 6.794975049485613 56.994542446102145
      vertex -2.709051956431931 6.725318718202895 57
    endloop
  endfacet
  facet normal -0.04133192567072663 -0.04401403039166753 -0.9981755542233194
    outer loop
      vertex -3.0981166665409994 7.0906747998030735 57
      vertex -3.0322160727712575 7.152559576523348 56.994542446102145
      vertex -2.651427227702374 6.794975049485613 56.994542446102145
    endloop
  endfacet
  facet normal -0.12339306446458384 -0.13140026750100622 -0.9836199069471413
    outer loop
      vertex -3.0322160727712575 7.152559576523348 56.994542446102145
      vertex -2.9672764580538917 7.213541933846661 56.97824936783374
      vertex -2.5946427972772814 6.863615634605831 56.97824936783374
    endloop
  endfacet
  facet normal -0.5448351389607822 -0.4507268256422712 -0.7071067811865666
    outer loop
      vertex -2.735569956048627 7.43112882223393 56.81175525357175
      vertex -3.035964101189607 7.79424296698818 56.81175525357175
      vertex -2.688886027012654 7.474967949615857 56.74784055654184
    endloop
  endfacet
  facet normal -0.6065352963036081 -0.5017696348740779 -0.6167188726285494
    outer loop
      vertex -2.6481696022081507 7.513203217520703 56.67668780421545
      vertex -2.9841537892864816 7.831885361975022 56.74784055654184
      vertex -2.9389662758902566 7.864716012192192 56.67668780421545
    endloop
  endfacet
  facet normal -0.5448351389607831 -0.45072682564227246 -0.7071067811865651
    outer loop
      vertex -2.688886027012654 7.474967949615857 56.74784055654184
      vertex -3.035964101189607 7.79424296698818 56.81175525357175
      vertex -2.9841537892864816 7.831885361975022 56.74784055654184
    endloop
  endfacet
  facet normal -0.046522431842750546 -0.038486702721924136 -0.9981755542233194
    outer loop
      vertex -3.4383222260935264 7.501912677756989 57
      vertex -3.3651850590144554 7.555049940017768 56.994542446102145
      vertex -3.0322160727712575 7.152559576523348 56.994542446102145
    endloop
  endfacet
  facet normal -0.04652243184275038 -0.038486702721923956 -0.9981755542233193
    outer loop
      vertex -3.4383222260935264 7.501912677756989 57
      vertex -3.0322160727712575 7.152559576523348 56.994542446102145
      vertex -3.0981166665409994 7.0906747998030735 57
    endloop
  endfacet
  facet normal -0.13888889371267438 -0.11489888537564856 -0.9836199069471414
    outer loop
      vertex -3.0322160727712575 7.152559576523348 56.994542446102145
      vertex -3.3651850590144554 7.555049940017768 56.994542446102145
      vertex -2.9672764580538917 7.213541933846661 56.97824936783374
    endloop
  endfacet
  facet normal -0.1388888937126747 -0.11489888537564898 -0.9836199069471412
    outer loop
      vertex -3.3651850590144554 7.555049940017768 56.994542446102145
      vertex -3.293114396521954 7.6074123413400905 56.97824936783374
      vertex -2.9672764580538917 7.213541933846661 56.97824936783374
    endloop
  endfacet
  facet normal -0.22923004276168762 -0.18963558355081497 -0.9547208665085396
    outer loop
      vertex -3.293114396521954 7.6074123413400905 56.97824936783374
      vertex -3.223161191164162 7.658236320002819 56.95135835496476
      vertex -2.9042447882027584 7.272732611682926 56.95135835496476
    endloop
  endfacet
  facet normal -0.22923004276168907 -0.1896355835508167 -0.9547208665085389
    outer loop
      vertex -3.293114396521954 7.6074123413400905 56.97824936783374
      vertex -2.9042447882027584 7.272732611682926 56.95135835496476
      vertex -2.9672764580538917 7.213541933846661 56.97824936783374
    endloop
  endfacet
  facet normal -0.31622850160612387 -0.261606967895658 -0.9118998459920836
    outer loop
      vertex -3.223161191164162 7.658236320002819 56.95135835496476
      vertex -2.844040206899247 7.329268476663495 56.914261539016124
      vertex -2.9042447882027584 7.272732611682926 56.95135835496476
    endloop
  endfacet
  facet normal -0.39861563681254336 -0.3297635335609708 -0.8557812723014643
    outer loop
      vertex -3.156345518196096 7.706780747951417 56.914261539016124
      vertex -2.787540632507673 7.382325108569268 56.86749987509912
      vertex -2.844040206899247 7.329268476663495 56.914261539016124
    endloop
  endfacet
  facet normal -0.3986156368125424 -0.3297635335609697 -0.8557812723014651
    outer loop
      vertex -3.156345518196096 7.706780747951417 56.914261539016124
      vertex -3.093641700585423 7.752337738113863 56.86749987509912
      vertex -2.787540632507673 7.382325108569268 56.86749987509912
    endloop
  endfacet
  facet normal -0.3162285016061255 -0.26160696789565996 -0.9118998459920825
    outer loop
      vertex -3.156345518196096 7.706780747951417 56.914261539016124
      vertex -2.844040206899247 7.329268476663495 56.914261539016124
      vertex -3.223161191164162 7.658236320002819 56.95135835496476
    endloop
  endfacet
  facet normal -0.475190058430062 -0.3931114043442124 -0.7871834806090353
    outer loop
      vertex -3.093641700585423 7.752337738113863 56.86749987509912
      vertex -3.035964101189607 7.79424296698818 56.81175525357175
      vertex -2.735569956048627 7.43112882223393 56.81175525357175
    endloop
  endfacet
  facet normal -0.47519005843006107 -0.3931114043442112 -0.7871834806090364
    outer loop
      vertex -3.093641700585423 7.752337738113863 56.86749987509912
      vertex -2.735569956048627 7.43112882223393 56.81175525357175
      vertex -2.787540632507673 7.382325108569268 56.86749987509912
    endloop
  endfacet
  facet normal -0.12339306446458362 -0.13140026750100592 -0.9836199069471415
    outer loop
      vertex -3.0322160727712575 7.152559576523348 56.994542446102145
      vertex -2.5946427972772814 6.863615634605831 56.97824936783374
      vertex -2.651427227702374 6.794975049485613 56.994542446102145
    endloop
  endfacet
  facet normal -0.20365485452154 -0.2168703928225203 -0.9547208665085394
    outer loop
      vertex -2.9672764580538917 7.213541933846661 56.97824936783374
      vertex -2.5395267100196537 6.93023953926736 56.95135835496476
      vertex -2.5946427972772814 6.863615634605831 56.97824936783374
    endloop
  endfacet
  facet normal -0.20365485452154075 -0.21687039282252146 -0.9547208665085389
    outer loop
      vertex -2.9672764580538917 7.213541933846661 56.97824936783374
      vertex -2.9042447882027584 7.272732611682926 56.95135835496476
      vertex -2.5395267100196537 6.93023953926736 56.95135835496476
    endloop
  endfacet
  facet normal -0.42217311942948715 -0.4495687100849246 -0.7871834806090338
    outer loop
      vertex -2.392034238550478 7.108527310522307 56.81175525357175
      vertex -2.437478383459217 7.053594775785718 56.86749987509912
      vertex -2.787540632507673 7.382325108569268 56.86749987509912
    endloop
  endfacet
  facet normal -0.35414210348276887 -0.3771230363142578 -0.8557812723014653
    outer loop
      vertex -2.844040206899247 7.329268476663495 56.914261539016124
      vertex -2.437478383459217 7.053594775785718 56.86749987509912
      vertex -2.486882682592327 6.993875236916266 56.914261539016124
    endloop
  endfacet
  facet normal -0.2809468982087702 -0.29917805946707954 -0.9118998459920824
    outer loop
      vertex -2.9042447882027584 7.272732611682926 56.95135835496476
      vertex -2.486882682592327 6.993875236916266 56.914261539016124
      vertex -2.5395267100196537 6.93023953926736 56.95135835496476
    endloop
  endfacet
  facet normal -0.03548959034037986 -0.048847230509427304 -0.9981755542233194
    outer loop
      vertex -2.709051956431931 6.725318718202895 57
      vertex -2.651427227702374 6.794975049485613 56.994542446102145
      vertex -2.228823791366773 6.4879356805065935 56.994542446102145
    endloop
  endfacet
  facet normal -0.10595125287844281 -0.14582938891315794 -0.9836199069471414
    outer loop
      vertex -2.651427227702374 6.794975049485613 56.994542446102145
      vertex -2.5946427972772814 6.863615634605831 56.97824936783374
      vertex -2.181090069623133 6.563151990392473 56.97824936783374
    endloop
  endfacet
  facet normal -0.1748679075680737 -0.24068502644732082 -0.9547208665085393
    outer loop
      vertex -2.5946427972772814 6.863615634605831 56.97824936783374
      vertex -2.5395267100196537 6.93023953926736 56.95135835496476
      vertex -2.134758778579818 6.636158423103561 56.95135835496476
    endloop
  endfacet
  facet normal -0.17486790756807358 -0.24068502644732057 -0.9547208665085394
    outer loop
      vertex -2.5946427972772814 6.863615634605831 56.97824936783374
      vertex -2.134758778579818 6.636158423103561 56.95135835496476
      vertex -2.181090069623133 6.563151990392473 56.97824936783374
    endloop
  endfacet
  facet normal -0.24123459439711986 -0.3320309343203923 -0.9118998459920827
    outer loop
      vertex -2.5395267100196537 6.93023953926736 56.95135835496476
      vertex -2.090505532789223 6.705890380454759 56.914261539016124
      vertex -2.134758778579818 6.636158423103561 56.95135835496476
    endloop
  endfacet
  facet normal -0.24123459439712033 -0.33203093432039327 -0.9118998459920824
    outer loop
      vertex -2.5395267100196537 6.93023953926736 56.95135835496476
      vertex -2.486882682592327 6.993875236916266 56.914261539016124
      vertex -2.090505532789223 6.705890380454759 56.914261539016124
    endloop
  endfacet
  facet normal -0.3040835376268332 -0.4185350835024891 -0.8557812723014654
    outer loop
      vertex -2.486882682592327 6.993875236916266 56.914261539016124
      vertex -2.437478383459217 7.053594775785718 56.86749987509912
      vertex -2.0489756442246034 6.771331013485194 56.86749987509912
    endloop
  endfacet
  facet normal -0.36249825814150954 -0.4989360487082675 -0.7871834806090336
    outer loop
      vertex -2.392034238550478 7.108527310522307 56.81175525357175
      vertex -2.010774712178398 6.83152605040581 56.81175525357175
      vertex -2.437478383459217 7.053594775785718 56.86749987509912
    endloop
  endfacet
  facet normal -0.5388641734857973 -0.5738320613883879 -0.6167188726285437
    outer loop
      vertex -2.688886027012654 7.474967949615857 56.74784055654184
      vertex -2.6481696022081507 7.513203217520703 56.67668780421545
      vertex -2.31560971195938 7.200908693649302 56.67668780421545
    endloop
  endfacet
  facet normal -0.4840479006437887 -0.5154586597219156 -0.7071067811865667
    outer loop
      vertex -2.3512129258301813 7.157871801072281 56.74784055654184
      vertex -2.735569956048627 7.43112882223393 56.81175525357175
      vertex -2.688886027012654 7.474967949615857 56.74784055654184
    endloop
  endfacet
  facet normal -0.7026309074221077 -0.5812668380834936 -0.41041280545275793
    outer loop
      vertex -2.5869185362556655 7.570721796998036 56.5169088201536
      vertex -2.614014418794171 7.545277069644092 56.599334563943536
      vertex -2.9010604966996674 7.8922561728313365 56.599334563943536
    endloop
  endfacet
  facet normal -0.7356250707992087 -0.6085619838262027 -0.2975030538552094
    outer loop
      vertex -2.5672770735746595 7.589166358161183 56.43061252579671
      vertex -2.5869185362556655 7.570721796998036 56.5169088201536
      vertex -2.870989203331694 7.9141042463352935 56.5169088201536
    endloop
  endfacet
  facet normal -0.7578921641606639 -0.6269829254824852 -0.18025503781389765
    outer loop
      vertex -2.5553764475057648 7.600341789898236 56.341704075166916
      vertex -2.5672770735746595 7.589166358161183 56.43061252579671
      vertex -2.8491909029582967 7.929941638594802 56.43061252579671
    endloop
  endfacet
  facet normal -0.6065352963036102 -0.5017696348740812 -0.6167188726285445
    outer loop
      vertex -2.688886027012654 7.474967949615857 56.74784055654184
      vertex -2.9841537892864816 7.831885361975022 56.74784055654184
      vertex -2.6481696022081507 7.513203217520703 56.67668780421545
    endloop
  endfacet
  facet normal -0.6593908032277801 -0.5454955129425992 -0.5173378141776547
    outer loop
      vertex -2.6481696022081507 7.513203217520703 56.67668780421545
      vertex -2.9389662758902566 7.864716012192192 56.67668780421545
      vertex -2.614014418794171 7.545277069644092 56.599334563943536
    endloop
  endfacet
  facet normal -0.6242384004707026 -0.6647463790786499 -0.41041280545275705
    outer loop
      vertex -2.5869185362556655 7.570721796998036 56.5169088201536
      vertex -2.2620506185126565 7.265650516102575 56.5169088201536
      vertex -2.614014418794171 7.545277069644092 56.599334563943536
    endloop
  endfacet
  facet normal -0.6733341606345149 -0.7170280534716353 -0.18025503781390165
    outer loop
      vertex -2.5672770735746595 7.589166358161183 56.43061252579671
      vertex -2.2344696180420476 7.298990218488091 56.341704075166916
      vertex -2.2448757511237627 7.28641136442157 56.43061252579671
    endloop
  endfacet
  facet normal -0.6535514061381545 -0.6959615596293139 -0.29750305385520653
    outer loop
      vertex -2.5869185362556655 7.570721796998036 56.5169088201536
      vertex -2.2448757511237627 7.28641136442157 56.43061252579671
      vertex -2.2620506185126565 7.265650516102575 56.5169088201536
    endloop
  endfacet
  facet normal -0.6242384004707027 -0.6647463790786501 -0.41041280545275666
    outer loop
      vertex -2.614014418794171 7.545277069644092 56.599334563943536
      vertex -2.2620506185126565 7.265650516102575 56.5169088201536
      vertex -2.285743771967766 7.237010413448958 56.599334563943536
    endloop
  endfacet
  facet normal -0.585822593261928 -0.6238376994425359 -0.5173378141776551
    outer loop
      vertex -2.6481696022081507 7.513203217520703 56.67668780421545
      vertex -2.285743771967766 7.237010413448958 56.599334563943536
      vertex -2.31560971195938 7.200908693649302 56.67668780421545
    endloop
  endfacet
  facet normal -0.4840479006437874 -0.5154586597219132 -0.7071067811865696
    outer loop
      vertex -2.392034238550478 7.108527310522307 56.81175525357175
      vertex -2.735569956048627 7.43112882223393 56.81175525357175
      vertex -2.3512129258301813 7.157871801072281 56.74784055654184
    endloop
  endfacet
  facet normal -0.5388641734857972 -0.5738320613883878 -0.6167188726285439
    outer loop
      vertex -2.3512129258301813 7.157871801072281 56.74784055654184
      vertex -2.688886027012654 7.474967949615857 56.74784055654184
      vertex -2.31560971195938 7.200908693649302 56.67668780421545
    endloop
  endfacet
  facet normal -0.5858225932619279 -0.6238376994425355 -0.5173378141776558
    outer loop
      vertex -2.6481696022081507 7.513203217520703 56.67668780421545
      vertex -2.614014418794171 7.545277069644092 56.599334563943536
      vertex -2.285743771967766 7.237010413448958 56.599334563943536
    endloop
  endfacet
  facet normal -0.6535514061381543 -0.6959615596293125 -0.29750305385520986
    outer loop
      vertex -2.5672770735746595 7.589166358161183 56.43061252579671
      vertex -2.2448757511237627 7.28641136442157 56.43061252579671
      vertex -2.5869185362556655 7.570721796998036 56.5169088201536
    endloop
  endfacet
  facet normal -0.35414210348277 -0.3771230363142597 -0.8557812723014641
    outer loop
      vertex -2.844040206899247 7.329268476663495 56.914261539016124
      vertex -2.787540632507673 7.382325108569268 56.86749987509912
      vertex -2.437478383459217 7.053594775785718 56.86749987509912
    endloop
  endfacet
  facet normal -0.2809468982087686 -0.29917805946707693 -0.9118998459920837
    outer loop
      vertex -2.844040206899247 7.329268476663495 56.914261539016124
      vertex -2.486882682592327 6.993875236916266 56.914261539016124
      vertex -2.9042447882027584 7.272732611682926 56.95135835496476
    endloop
  endfacet
  facet normal -0.4221731194294855 -0.44956871008492144 -0.7871834806090364
    outer loop
      vertex -2.392034238550478 7.108527310522307 56.81175525357175
      vertex -2.787540632507673 7.382325108569268 56.86749987509912
      vertex -2.735569956048627 7.43112882223393 56.81175525357175
    endloop
  endfacet
  facet normal -0.057423363417544504 -0.01865798179830034 -0.9981755542233193
    outer loop
      vertex -3.9515500650250686 8.43547065109012 57
      vertex -4.116478434796682 8.943067979549367 57
      vertex -3.8674959367837465 8.468750034715935 56.994542446102145
    endloop
  endfacet
  facet normal -0.05742336341754491 -0.01865798179830055 -0.9981755542233194
    outer loop
      vertex -3.8674959367837465 8.468750034715935 56.994542446102145
      vertex -4.116478434796682 8.943067979549367 57
      vertex -4.028916085701444 8.965550169608308 56.994542446102145
    endloop
  endfacet
  facet normal -0.05463209785490494 -0.02570791385821068 -0.9981755542233194
    outer loop
      vertex -3.9515500650250686 8.43547065109012 57
      vertex -3.8674959367837465 8.468750034715935 56.994542446102145
      vertex -3.645083066612882 7.996098626500478 56.994542446102145
    endloop
  endfacet
  facet normal -0.054632097854905116 -0.025707913858210807 -0.9981755542233195
    outer loop
      vertex -3.9515500650250686 8.43547065109012 57
      vertex -3.645083066612882 7.996098626500478 56.994542446102145
      vertex -3.72430339018642 7.95254688506771 57
    endloop
  endfacet
  facet normal -0.16309963455731868 -0.07674886230144541 -0.9836199069471412
    outer loop
      vertex -3.645083066612882 7.996098626500478 56.994542446102145
      vertex -3.8674959367837465 8.468750034715935 56.994542446102145
      vertex -3.567017953745679 8.039015285473177 56.97824936783374
    endloop
  endfacet
  facet normal -0.05097925147346042 -0.03235241675941391 -0.9981755542233194
    outer loop
      vertex -3.3651850590144554 7.555049940017768 56.994542446102145
      vertex -3.72430339018642 7.95254688506771 57
      vertex -3.645083066612882 7.996098626500478 56.994542446102145
    endloop
  endfacet
  facet normal -0.15219436213871296 -0.09658547919064962 -0.9836199069471412
    outer loop
      vertex -3.293114396521954 7.6074123413400905 56.97824936783374
      vertex -3.645083066612882 7.996098626500478 56.994542446102145
      vertex -3.567017953745679 8.039015285473177 56.97824936783374
    endloop
  endfacet
  facet normal -0.2511901362920942 -0.15941010784370746 -0.9547208665085395
    outer loop
      vertex -3.223161191164162 7.658236320002819 56.95135835496476
      vertex -3.567017953745679 8.039015285473177 56.97824936783374
      vertex -3.49124641671774 8.080671040458084 56.95135835496476
    endloop
  endfacet
  facet normal -0.26918881131946043 -0.12667063950892235 -0.9547208665085396
    outer loop
      vertex -3.567017953745679 8.039015285473177 56.97824936783374
      vertex -3.7846675070055955 8.501544129989838 56.97824936783374
      vertex -3.49124641671774 8.080671040458084 56.95135835496476
    endloop
  endfacet
  facet normal -0.3713526090521432 -0.17474527355491623 -0.9118998459920824
    outer loop
      vertex -3.4188733751615743 8.120458456746926 56.914261539016124
      vertex -3.49124641671774 8.080671040458084 56.95135835496476
      vertex -3.7042726007101625 8.53337472515687 56.95135835496476
    endloop
  endfacet
  facet normal -0.4681012495315557 -0.22027172802037406 -0.8557812723014653
    outer loop
      vertex -3.4188733751615743 8.120458456746926 56.914261539016124
      vertex -3.627483556664797 8.56377765846323 56.914261539016124
      vertex -3.350954190992967 8.157797344216755 56.86749987509912
    endloop
  endfacet
  facet normal -0.5580239197206668 -0.26258612468259945 -0.7871834806090363
    outer loop
      vertex -3.555420132045549 8.592309586679875 56.86749987509912
      vertex -3.2884792788577806 8.19214321780841 56.81175525357175
      vertex -3.350954190992967 8.157797344216755 56.86749987509912
    endloop
  endfacet
  facet normal -0.639809344599741 -0.3010714243544585 -0.7071067811865668
    outer loop
      vertex -3.489133173856067 8.618554450045094 56.81175525357175
      vertex -3.429589295211985 8.642129539352739 56.74784055654184
      vertex -3.232359663656196 8.222995237344747 56.74784055654184
    endloop
  endfacet
  facet normal -0.6724985119639394 -0.2185080122244043 -0.7071067811865666
    outer loop
      vertex -3.489133173856067 8.618554450045094 56.81175525357175
      vertex -3.634761354395515 9.066751903840139 56.81175525357175
      vertex -3.429589295211985 8.642129539352739 56.74784055654184
    endloop
  endfacet
  facet normal -0.8138963555456512 -0.26445095660896206 -0.517337814177653
    outer loop
      vertex -3.3776567799450703 8.662691076714225 56.67668780421545
      vertex -3.518632199007828 9.096568803110058 56.67668780421545
      vertex -3.3340929210697547 8.679939228614275 56.599334563943536
    endloop
  endfacet
  facet normal -0.7486559787531333 -0.2432530731994171 -0.6167188726285479
    outer loop
      vertex -3.3776567799450703 8.662691076714225 56.67668780421545
      vertex -3.429589295211985 8.642129539352739 56.74784055654184
      vertex -3.5727322548449414 9.082678269677631 56.74784055654184
    endloop
  endfacet
  facet normal -0.16309963455731952 -0.076748862301446 -0.9836199069471412
    outer loop
      vertex -3.567017953745679 8.039015285473177 56.97824936783374
      vertex -3.8674959367837465 8.468750034715935 56.994542446102145
      vertex -3.7846675070055955 8.501544129989838 56.97824936783374
    endloop
  endfacet
  facet normal -0.26918881131946076 -0.1266706395089226 -0.9547208665085395
    outer loop
      vertex -3.49124641671774 8.080671040458084 56.95135835496476
      vertex -3.7846675070055955 8.501544129989838 56.97824936783374
      vertex -3.7042726007101625 8.53337472515687 56.95135835496476
    endloop
  endfacet
  facet normal -0.17143272830795683 -0.055701870006199916 -0.9836199069471412
    outer loop
      vertex -3.8674959367837465 8.468750034715935 56.994542446102145
      vertex -4.028916085701444 8.965550169608308 56.994542446102145
      vertex -3.7846675070055955 8.501544129989838 56.97824936783374
    endloop
  endfacet
  facet normal -0.2829422179867183 -0.09193349951970924 -0.9547208665085393
    outer loop
      vertex -3.7846675070055955 8.501544129989838 56.97824936783374
      vertex -3.9426305928292518 8.987704518710707 56.97824936783374
      vertex -3.7042726007101625 8.53337472515687 56.95135835496476
    endloop
  endfacet
  facet normal -0.1714327283079557 -0.0557018700061993 -0.9836199069471414
    outer loop
      vertex -3.7846675070055955 8.501544129989838 56.97824936783374
      vertex -4.028916085701444 8.965550169608308 56.994542446102145
      vertex -3.9426305928292518 8.987704518710707 56.97824936783374
    endloop
  endfacet
  facet normal -0.2829422179867171 -0.09193349951970857 -0.9547208665085396
    outer loop
      vertex -3.7042726007101625 8.53337472515687 56.95135835496476
      vertex -3.9426305928292518 8.987704518710707 56.97824936783374
      vertex -3.8588801929641923 9.009207966559403 56.95135835496476
    endloop
  endfacet
  facet normal -0.3903257729968369 -0.12682453159400617 -0.9118998459920818
    outer loop
      vertex -3.7042726007101625 8.53337472515687 56.95135835496476
      vertex -3.8588801929641923 9.009207966559403 56.95135835496476
      vertex -3.627483556664797 8.56377765846323 56.914261539016124
    endloop
  endfacet
  facet normal -0.39032577299683663 -0.126824531594006 -0.9118998459920821
    outer loop
      vertex -3.627483556664797 8.56377765846323 56.914261539016124
      vertex -3.8588801929641923 9.009207966559403 56.95135835496476
      vertex -3.7788861555257744 9.029746944463211 56.914261539016124
    endloop
  endfacet
  facet normal -0.3713526090521448 -0.17474527355491737 -0.9118998459920816
    outer loop
      vertex -3.4188733751615743 8.120458456746926 56.914261539016124
      vertex -3.7042726007101625 8.53337472515687 56.95135835496476
      vertex -3.627483556664797 8.56377765846323 56.914261539016124
    endloop
  endfacet
  facet normal -0.4681012495315549 -0.22027172802037356 -0.8557812723014657
    outer loop
      vertex -3.627483556664797 8.56377765846323 56.914261539016124
      vertex -3.555420132045549 8.592309586679875 56.86749987509912
      vertex -3.350954190992967 8.157797344216755 56.86749987509912
    endloop
  endfacet
  facet normal -0.5580239197206666 -0.2625861246825993 -0.7871834806090365
    outer loop
      vertex -3.489133173856067 8.618554450045094 56.81175525357175
      vertex -3.2884792788577806 8.19214321780841 56.81175525357175
      vertex -3.555420132045549 8.592309586679875 56.86749987509912
    endloop
  endfacet
  facet normal -0.4920174992995235 -0.15986617641367476 -0.8557812723014656
    outer loop
      vertex -3.627483556664797 8.56377765846323 56.914261539016124
      vertex -3.7788861555257744 9.029746944463211 56.914261539016124
      vertex -3.555420132045549 8.592309586679875 56.86749987509912
    endloop
  endfacet
  facet normal -0.5865345025355937 -0.19057661239398282 -0.7871834806090365
    outer loop
      vertex -3.489133173856067 8.618554450045094 56.81175525357175
      vertex -3.555420132045549 8.592309586679875 56.86749987509912
      vertex -3.7038149737107338 9.049021947874545 56.86749987509912
    endloop
  endfacet
  facet normal -0.9804951209026073 -0.1870394475377002 -0.060378497422288964
    outer loop
      vertex -3.3900410639502088 9.129585394923009 56.251479953678796
      vertex -3.3953376102809294 9.128225472964614 56.341704075166916
      vertex -3.4778266794980146 9.560648317235724 56.341704075166916
    endloop
  endfacet
  facet normal -0.9804951209026073 -0.18703944753770047 -0.06037849742228765
    outer loop
      vertex -3.3900410639502088 9.129585394923009 56.251479953678796
      vertex -3.4778266794980146 9.560648317235724 56.341704075166916
      vertex -3.4724014546006727 9.561333682524936 56.251479953678796
    endloop
  endfacet
  facet normal -0.966197294157119 -0.1843119912164448 -0.18025503781390106
    outer loop
      vertex -3.3953376102809294 9.128225472964614 56.341704075166916
      vertex -3.4940232421944932 9.558602215537315 56.43061252579671
      vertex -3.4778266794980146 9.560648317235724 56.341704075166916
    endloop
  endfacet
  facet normal -0.9962058827785742 -0.06267596163114181 -0.06037849742228817
    outer loop
      vertex -3.4724014546006727 9.561333682524936 56.251479953678796
      vertex -3.4778266794980146 9.560648317235724 56.341704075166916
      vertex -3.50546834442646 10 56.341704075166916
    endloop
  endfacet
  facet normal -0.9962058827785741 -0.06267596163114172 -0.06037849742228851
    outer loop
      vertex -3.4724014546006727 9.561333682524936 56.251479953678796
      vertex -3.50546834442646 10 56.341704075166916
      vertex -3.5 10 56.251479953678796
    endloop
  endfacet
  facet normal -0.9816789577473796 -0.06176200497658548 -0.18025503781390054
    outer loop
      vertex -3.4778266794980146 9.560648317235724 56.341704075166916
      vertex -3.521793636930461 10 56.43061252579671
      vertex -3.50546834442646 10 56.341704075166916
    endloop
  endfacet
  facet normal -0.05930902823603519 -0.011313802219692809 -0.9981755542233195
    outer loop
      vertex -4.116478434796682 8.943067979549367 57
      vertex -4.216487480586531 9.467333757351708 57
      vertex -4.028916085701444 8.965550169608308 56.994542446102145
    endloop
  endfacet
  facet normal -0.17706222552422884 -0.03377642594627128 -0.9836199069471414
    outer loop
      vertex -4.028916085701444 8.965550169608308 56.994542446102145
      vertex -4.12679782118982 9.478664196276338 56.994542446102145
      vertex -3.9426305928292518 8.987704518710707 56.97824936783374
    endloop
  endfacet
  facet normal -0.05930902823603476 -0.011313802219692647 -0.9981755542233194
    outer loop
      vertex -4.028916085701444 8.965550169608308 56.994542446102145
      vertex -4.216487480586531 9.467333757351708 57
      vertex -4.12679782118982 9.478664196276338 56.994542446102145
    endloop
  endfacet
  facet normal -0.2922334568548357 -0.05574651332465897 -0.9547208665085394
    outer loop
      vertex -3.9426305928292518 8.987704518710707 56.97824936783374
      vertex -4.038416038990636 9.48982941188752 56.97824936783374
      vertex -3.8588801929641923 9.009207966559403 56.95135835496476
    endloop
  endfacet
  facet normal -0.1770622255242284 -0.033776425946271095 -0.9836199069471415
    outer loop
      vertex -3.9426305928292518 8.987704518710707 56.97824936783374
      vertex -4.12679782118982 9.478664196276338 56.994542446102145
      vertex -4.038416038990636 9.48982941188752 56.97824936783374
    endloop
  endfacet
  facet normal -0.29223345685483854 -0.05574651332466006 -0.9547208665085386
    outer loop
      vertex -4.038416038990636 9.48982941188752 56.97824936783374
      vertex -3.952630939391887 9.500666590199767 56.95135835496476
      vertex -3.8588801929641923 9.009207966559403 56.95135835496476
    endloop
  endfacet
  facet normal -0.06025935424974661 -0.0037911972215425617 -0.9981755542233195
    outer loop
      vertex -4.216487480586531 9.467333757351708 57
      vertex -4.25 10 57
      vertex -4.12679782118982 9.478664196276338 56.994542446102145
    endloop
  endfacet
  facet normal -0.17989934567213803 -0.01131830747211186 -0.9836199069471415
    outer loop
      vertex -4.12679782118982 9.478664196276338 56.994542446102145
      vertex -4.159597489808508 10 56.994542446102145
      vertex -4.038416038990636 9.48982941188752 56.97824936783374
    endloop
  endfacet
  facet normal -0.29691599953655057 -0.018680371313127095 -0.9547208665085387
    outer loop
      vertex -4.038416038990636 9.48982941188752 56.97824936783374
      vertex -4.070513251784332 10 56.97824936783374
      vertex -3.952630939391887 9.500666590199767 56.95135835496476
    endloop
  endfacet
  facet normal -0.06025935424974685 -0.003791197221542621 -0.9981755542233194
    outer loop
      vertex -4.12679782118982 9.478664196276338 56.994542446102145
      vertex -4.25 10 57
      vertex -4.159597489808508 10 56.994542446102145
    endloop
  endfacet
  facet normal -0.17989934567213878 -0.011318307472112044 -0.9836199069471414
    outer loop
      vertex -4.038416038990636 9.48982941188752 56.97824936783374
      vertex -4.159597489808508 10 56.994542446102145
      vertex -4.070513251784332 10 56.97824936783374
    endloop
  endfacet
  facet normal -0.2969159995365488 -0.018680371313126647 -0.9547208665085393
    outer loop
      vertex -3.952630939391887 9.500666590199767 56.95135835496476
      vertex -4.070513251784332 10 56.97824936783374
      vertex -3.9840463347180988 10 56.95135835496476
    endloop
  endfacet
  facet normal -0.8672682907393229 -0.2817925495794523 -0.41041280545276004
    outer loop
      vertex -3.4372476937615417 9.117464792467423 56.5169088201536
      vertex -3.299532977745708 8.693622478158726 56.5169088201536
      vertex -3.4732500875209973 9.10822094888122 56.599334563943536
    endloop
  endfacet
  facet normal -0.6724985119639401 -0.21850801222440475 -0.7071067811865658
    outer loop
      vertex -3.429589295211985 8.642129539352739 56.74784055654184
      vertex -3.634761354395515 9.066751903840139 56.81175525357175
      vertex -3.5727322548449414 9.082678269677631 56.74784055654184
    endloop
  endfacet
  facet normal -0.7486559787531327 -0.24325307319941664 -0.6167188726285489
    outer loop
      vertex -3.3776567799450703 8.662691076714225 56.67668780421545
      vertex -3.5727322548449414 9.082678269677631 56.74784055654184
      vertex -3.518632199007828 9.096568803110058 56.67668780421545
    endloop
  endfacet
  facet normal -0.813896355545653 -0.26445095660896356 -0.5173378141776493
    outer loop
      vertex -3.518632199007828 9.096568803110058 56.67668780421545
      vertex -3.4732500875209973 9.10822094888122 56.599334563943536
      vertex -3.3340929210697547 8.679939228614275 56.599334563943536
    endloop
  endfacet
  facet normal -0.9661972941571193 -0.1843119912164455 -0.18025503781389782
    outer loop
      vertex -3.3953376102809294 9.128225472964614 56.341704075166916
      vertex -3.411150013700804 9.12416553781386 56.43061252579671
      vertex -3.4940232421944932 9.558602215537315 56.43061252579671
    endloop
  endfacet
  facet normal -0.9378101351759884 -0.17889685102879288 -0.2975030538552106
    outer loop
      vertex -3.411150013700804 9.12416553781386 56.43061252579671
      vertex -3.4372476937615417 9.117464792467423 56.5169088201536
      vertex -3.520754960334512 9.55522521419989 56.5169088201536
    endloop
  endfacet
  facet normal -0.8957475926594832 -0.1708729919125169 -0.4104128054527605
    outer loop
      vertex -3.4372476937615417 9.117464792467423 56.5169088201536
      vertex -3.4732500875209973 9.10822094888122 56.599334563943536
      vertex -3.557632025273002 9.550566557507294 56.599334563943536
    endloop
  endfacet
  facet normal -0.9378101351759901 -0.17889685102879468 -0.29750305385520387
    outer loop
      vertex -3.411150013700804 9.12416553781386 56.43061252579671
      vertex -3.520754960334512 9.55522521419989 56.5169088201536
      vertex -3.4940232421944932 9.558602215537315 56.43061252579671
    endloop
  endfacet
  facet normal -0.8957475926594839 -0.17087299191251742 -0.41041280545275866
    outer loop
      vertex -3.4372476937615417 9.117464792467423 56.5169088201536
      vertex -3.557632025273002 9.550566557507294 56.599334563943536
      vertex -3.520754960334512 9.55522521419989 56.5169088201536
    endloop
  endfacet
  facet normal -0.8406230331940931 -0.16035741980169016 -0.5173378141776483
    outer loop
      vertex -3.518632199007828 9.096568803110058 56.67668780421545
      vertex -3.604116686363242 9.544694179164486 56.67668780421545
      vertex -3.4732500875209973 9.10822094888122 56.599334563943536
    endloop
  endfacet
  facet normal -0.694581976063328 -0.1324985982112122 -0.7071067811865661
    outer loop
      vertex -3.634761354395515 9.066751903840139 56.81175525357175
      vertex -3.7230671770749595 9.529667237607015 56.81175525357175
      vertex -3.5727322548449414 9.082678269677631 56.74784055654184
    endloop
  endfacet
  facet normal -0.773240296986499 -0.147503475416689 -0.6167188726285493
    outer loop
      vertex -3.518632199007828 9.096568803110058 56.67668780421545
      vertex -3.5727322548449414 9.082678269677631 56.74784055654184
      vertex -3.659531092572195 9.537693711671148 56.74784055654184
    endloop
  endfacet
  facet normal -0.7732402969864995 -0.1475034754166893 -0.6167188726285486
    outer loop
      vertex -3.518632199007828 9.096568803110058 56.67668780421545
      vertex -3.659531092572195 9.537693711671148 56.74784055654184
      vertex -3.604116686363242 9.544694179164486 56.67668780421545
    endloop
  endfacet
  facet normal -0.840623033194092 -0.16035741980168952 -0.5173378141776505
    outer loop
      vertex -3.4732500875209973 9.10822094888122 56.599334563943536
      vertex -3.604116686363242 9.544694179164486 56.67668780421545
      vertex -3.557632025273002 9.550566557507294 56.599334563943536
    endloop
  endfacet
  facet normal -0.6945819760633274 -0.1324985982112119 -0.7071067811865669
    outer loop
      vertex -3.5727322548449414 9.082678269677631 56.74784055654184
      vertex -3.7230671770749595 9.529667237607015 56.81175525357175
      vertex -3.659531092572195 9.537693711671148 56.74784055654184
    endloop
  endfacet
  facet normal -0.4920174992995225 -0.15986617641367415 -0.8557812723014663
    outer loop
      vertex -3.555420132045549 8.592309586679875 56.86749987509912
      vertex -3.7788861555257744 9.029746944463211 56.914261539016124
      vertex -3.7038149737107338 9.049021947874545 56.86749987509912
    endloop
  endfacet
  facet normal -0.40314326633205416 -0.07690369100855653 -0.9118998459920821
    outer loop
      vertex -3.952630939391887 9.500666590199767 56.95135835496476
      vertex -3.7788861555257744 9.029746944463211 56.914261539016124
      vertex -3.8588801929641923 9.009207966559403 56.95135835496476
    endloop
  endfacet
  facet normal -0.4031432663320542 -0.07690369100855655 -0.911899845992082
    outer loop
      vertex -3.952630939391887 9.500666590199767 56.95135835496476
      vertex -3.870693462316942 9.511017700750086 56.914261539016124
      vertex -3.7788861555257744 9.029746944463211 56.914261539016124
    endloop
  endfacet
  facet normal -0.5081743391865292 -0.09693943970550932 -0.8557812723014662
    outer loop
      vertex -3.7788861555257744 9.029746944463211 56.914261539016124
      vertex -3.870693462316942 9.511017700750086 56.914261539016124
      vertex -3.7038149737107338 9.049021947874545 56.86749987509912
    endloop
  endfacet
  facet normal -0.6057950858668076 -0.11556159308296628 -0.7871834806090343
    outer loop
      vertex -3.634761354395515 9.066751903840139 56.81175525357175
      vertex -3.7038149737107338 9.049021947874545 56.86749987509912
      vertex -3.793798440688682 9.520731801037986 56.86749987509912
    endloop
  endfacet
  facet normal -0.5081743391865273 -0.0969394397055085 -0.8557812723014676
    outer loop
      vertex -3.7038149737107338 9.049021947874545 56.86749987509912
      vertex -3.870693462316942 9.511017700750086 56.914261539016124
      vertex -3.793798440688682 9.520731801037986 56.86749987509912
    endloop
  endfacet
  facet normal -0.6057950858668077 -0.11556159308296632 -0.7871834806090344
    outer loop
      vertex -3.634761354395515 9.066751903840139 56.81175525357175
      vertex -3.793798440688682 9.520731801037986 56.86749987509912
      vertex -3.7230671770749595 9.529667237607015 56.81175525357175
    endloop
  endfacet
  facet normal -0.5865345025355961 -0.19057661239398438 -0.7871834806090342
    outer loop
      vertex -3.489133173856067 8.618554450045094 56.81175525357175
      vertex -3.7038149737107338 9.049021947874545 56.86749987509912
      vertex -3.634761354395515 9.066751903840139 56.81175525357175
    endloop
  endfacet
  facet normal -0.7057114674770361 -0.044399602153402405 -0.7071067811865672
    outer loop
      vertex -3.659531092572195 9.537693711671148 56.74784055654184
      vertex -3.7230671770749595 9.529667237607015 56.81175525357175
      vertex -3.752658006319404 10 56.81175525357175
    endloop
  endfacet
  facet normal -0.705711467477037 -0.044399602153402704 -0.7071067811865664
    outer loop
      vertex -3.659531092572195 9.537693711671148 56.74784055654184
      vertex -3.752658006319404 10 56.81175525357175
      vertex -3.6886169388716747 10 56.74784055654184
    endloop
  endfacet
  facet normal -0.9528369429637279 -0.05994741921354804 -0.29750305385520426
    outer loop
      vertex -3.520754960334512 9.55522521419989 56.5169088201536
      vertex -3.5487378179859395 10 56.5169088201536
      vertex -3.4940232421944932 9.558602215537315 56.43061252579671
    endloop
  endfacet
  facet normal -0.9101004199497296 -0.057258665088544325 -0.4104128054527584
    outer loop
      vertex -3.520754960334512 9.55522521419989 56.5169088201536
      vertex -3.557632025273002 9.550566557507294 56.599334563943536
      vertex -3.585907980760093 10 56.599334563943536
    endloop
  endfacet
  facet normal -0.9816789577473796 -0.06176200497658542 -0.18025503781390087
    outer loop
      vertex -3.4778266794980146 9.560648317235724 56.341704075166916
      vertex -3.4940232421944932 9.558602215537315 56.43061252579671
      vertex -3.521793636930461 10 56.43061252579671
    endloop
  endfacet
  facet normal -0.8540925834452011 -0.05373495069126488 -0.5173378141776507
    outer loop
      vertex -3.604116686363242 9.544694179164486 56.67668780421545
      vertex -3.6327621005797583 10 56.67668780421545
      vertex -3.557632025273002 9.550566557507294 56.599334563943536
    endloop
  endfacet
  facet normal -0.7856301538250262 -0.04942765971233525 -0.616718872628548
    outer loop
      vertex -3.659531092572195 9.537693711671148 56.74784055654184
      vertex -3.6886169388716747 10 56.74784055654184
      vertex -3.604116686363242 9.544694179164486 56.67668780421545
    endloop
  endfacet
  facet normal -0.9528369429637267 -0.05994741921354707 -0.2975030538552084
    outer loop
      vertex -3.4940232421944932 9.558602215537315 56.43061252579671
      vertex -3.5487378179859395 10 56.5169088201536
      vertex -3.521793636930461 10 56.43061252579671
    endloop
  endfacet
  facet normal -0.9101004199497298 -0.05725866508854439 -0.41041280545275827
    outer loop
      vertex -3.520754960334512 9.55522521419989 56.5169088201536
      vertex -3.585907980760093 10 56.599334563943536
      vertex -3.5487378179859395 10 56.5169088201536
    endloop
  endfacet
  facet normal -0.8540925834452018 -0.05373495069126514 -0.5173378141776497
    outer loop
      vertex -3.557632025273002 9.550566557507294 56.599334563943536
      vertex -3.6327621005797583 10 56.67668780421545
      vertex -3.585907980760093 10 56.599334563943536
    endloop
  endfacet
  facet normal -0.7856301538250259 -0.04942765971233513 -0.6167188726285485
    outer loop
      vertex -3.604116686363242 9.544694179164486 56.67668780421545
      vertex -3.6886169388716747 10 56.74784055654184
      vertex -3.6327621005797583 10 56.67668780421545
    endloop
  endfacet
  facet normal -0.5163169661759278 -0.03248391012437202 -0.8557812723014668
    outer loop
      vertex -3.870693462316942 9.511017700750086 56.914261539016124
      vertex -3.9014576209671743 10 56.914261539016124
      vertex -3.793798440688682 9.520731801037986 56.86749987509912
    endloop
  endfacet
  facet normal -0.409602949531101 -0.02577003327586251 -0.9118998459920823
    outer loop
      vertex -3.952630939391887 9.500666590199767 56.95135835496476
      vertex -3.9840463347180988 10 56.95135835496476
      vertex -3.870693462316942 9.511017700750086 56.914261539016124
    endloop
  endfacet
  facet normal -0.6155019188094567 -0.038724098415880044 -0.7871834806090345
    outer loop
      vertex -3.7230671770749595 9.529667237607015 56.81175525357175
      vertex -3.793798440688682 9.520731801037986 56.86749987509912
      vertex -3.8239514399516334 10 56.86749987509912
    endloop
  endfacet
  facet normal -0.5163169661759303 -0.03248391012437269 -0.8557812723014655
    outer loop
      vertex -3.793798440688682 9.520731801037986 56.86749987509912
      vertex -3.9014576209671743 10 56.914261539016124
      vertex -3.8239514399516334 10 56.86749987509912
    endloop
  endfacet
  facet normal -0.4096029495311003 -0.025770033275862345 -0.9118998459920824
    outer loop
      vertex -3.870693462316942 9.511017700750086 56.914261539016124
      vertex -3.9840463347180988 10 56.95135835496476
      vertex -3.9014576209671743 10 56.914261539016124
    endloop
  endfacet
  facet normal -0.6155019188094556 -0.03872409841587968 -0.7871834806090355
    outer loop
      vertex -3.7230671770749595 9.529667237607015 56.81175525357175
      vertex -3.8239514399516334 10 56.86749987509912
      vertex -3.752658006319404 10 56.81175525357175
    endloop
  endfacet
  facet normal -0.8427874949841979 -0.5348492080458632 -0.060378497422291226
    outer loop
      vertex -2.831559480312316 7.942751616976344 56.251479953678796
      vertex -3.0718653269032097 8.311227745625295 56.341704075166916
      vertex -3.067073380153522 8.313862140643996 56.251479953678796
    endloop
  endfacet
  facet normal -0.8304977555151679 -0.5270499022170271 -0.18025503781390065
    outer loop
      vertex -2.8359834638844177 7.939537404768015 56.341704075166916
      vertex -3.086171289778136 8.303362975980708 56.43061252579671
      vertex -3.0718653269032097 8.311227745625295 56.341704075166916
    endloop
  endfacet
  facet normal -0.8427874949841978 -0.5348492080458636 -0.06037849742229011
    outer loop
      vertex -2.831559480312316 7.942751616976344 56.251479953678796
      vertex -2.8359834638844177 7.939537404768015 56.341704075166916
      vertex -3.0718653269032097 8.311227745625295 56.341704075166916
    endloop
  endfacet
  facet normal -0.9031762445715193 -0.42500248033477833 -0.06037849742229112
    outer loop
      vertex -3.067073380153522 8.313862140643996 56.251479953678796
      vertex -3.0718653269032097 8.311227745625295 56.341704075166916
      vertex -3.2593020386733405 8.70955103375771 56.341704075166916
    endloop
  endfacet
  facet normal -0.9031762445715195 -0.4250024803347771 -0.06037849742229617
    outer loop
      vertex -3.067073380153522 8.313862140643996 56.251479953678796
      vertex -3.2593020386733405 8.70955103375771 56.341704075166916
      vertex -3.25421770060888 8.711564065603628 56.251479953678796
    endloop
  endfacet
  facet normal -0.8900059011498854 -0.41880498714925857 -0.18025503781389723
    outer loop
      vertex -3.0718653269032097 8.311227745625295 56.341704075166916
      vertex -3.2744809117688085 8.70354129275723 56.43061252579671
      vertex -3.2593020386733405 8.70955103375771 56.341704075166916
    endloop
  endfacet
  facet normal -0.9493213652506123 -0.3084532096246359 -0.06037849742229434
    outer loop
      vertex -3.3953376102809294 9.128225472964614 56.341704075166916
      vertex -3.25421770060888 8.711564065603628 56.251479953678796
      vertex -3.2593020386733405 8.70955103375771 56.341704075166916
    endloop
  endfacet
  facet normal -0.7578921641606637 -0.6269829254824839 -0.18025503781390276
    outer loop
      vertex -2.5553764475057648 7.600341789898236 56.341704075166916
      vertex -2.8491909029582967 7.929941638594802 56.43061252579671
      vertex -2.8359834638844177 7.939537404768015 56.341704075166916
    endloop
  endfacet
  facet normal -0.7691074831441287 -0.6362610442426364 -0.06037849742229018
    outer loop
      vertex -2.5513901959749408 7.60408512924959 56.251479953678796
      vertex -2.8359834638844177 7.939537404768015 56.341704075166916
      vertex -2.831559480312316 7.942751616976344 56.251479953678796
    endloop
  endfacet
  facet normal -0.5970300016676303 -0.37888676027109236 -0.7071067811865653
    outer loop
      vertex -3.2884792788577806 8.19214321780841 56.81175525357175
      vertex -2.9841537892864816 7.831885361975022 56.74784055654184
      vertex -3.035964101189607 7.79424296698818 56.81175525357175
    endloop
  endfacet
  facet normal -0.664640995172089 -0.42179400147515367 -0.6167188726285527
    outer loop
      vertex -3.1834136957482198 8.249903510908236 56.67668780421545
      vertex -2.9389662758902566 7.864716012192192 56.67668780421545
      vertex -3.232359663656196 8.222995237344747 56.74784055654184
    endloop
  endfacet
  facet normal -0.5970300016676322 -0.3788867602710944 -0.7071067811865626
    outer loop
      vertex -3.2884792788577806 8.19214321780841 56.81175525357175
      vertex -3.232359663656196 8.222995237344747 56.74784055654184
      vertex -2.9841537892864816 7.831885361975022 56.74784055654184
    endloop
  endfacet
  facet normal -0.7699425052321093 -0.48862037181978235 -0.41041280545275527
    outer loop
      vertex -3.1423551175626714 8.272475655278162 56.599334563943536
      vertex -2.870989203331694 7.9141042463352935 56.5169088201536
      vertex -2.9010604966996674 7.8922561728313365 56.599334563943536
    endloop
  endfacet
  facet normal -0.7225600263257587 -0.45855053634033316 -0.5173378141776527
    outer loop
      vertex -3.1834136957482198 8.249903510908236 56.67668780421545
      vertex -2.9010604966996674 7.8922561728313365 56.599334563943536
      vertex -2.9389662758902566 7.864716012192192 56.67668780421545
    endloop
  endfacet
  facet normal -0.6646409951720909 -0.42179400147515594 -0.6167188726285494
    outer loop
      vertex -3.232359663656196 8.222995237344747 56.74784055654184
      vertex -2.9389662758902566 7.864716012192192 56.67668780421545
      vertex -2.9841537892864816 7.831885361975022 56.74784055654184
    endloop
  endfacet
  facet normal -0.6593908032277805 -0.5454955129426 -0.5173378141776535
    outer loop
      vertex -2.614014418794171 7.545277069644092 56.599334563943536
      vertex -2.9389662758902566 7.864716012192192 56.67668780421545
      vertex -2.9010604966996674 7.8922561728313365 56.599334563943536
    endloop
  endfacet
  facet normal -0.8060974886526466 -0.5115650220008436 -0.29750305385520426
    outer loop
      vertex -3.109782655625363 8.29038251776157 56.5169088201536
      vertex -3.086171289778136 8.303362975980708 56.43061252579671
      vertex -2.8491909029582967 7.929941638594802 56.43061252579671
    endloop
  endfacet
  facet normal -0.7699425052321082 -0.4886203718197806 -0.41041280545275943
    outer loop
      vertex -3.109782655625363 8.29038251776157 56.5169088201536
      vertex -2.870989203331694 7.9141042463352935 56.5169088201536
      vertex -3.1423551175626714 8.272475655278162 56.599334563943536
    endloop
  endfacet
  facet normal -0.8304977555151678 -0.5270499022170265 -0.18025503781390248
    outer loop
      vertex -2.8359834638844177 7.939537404768015 56.341704075166916
      vertex -2.8491909029582967 7.929941638594802 56.43061252579671
      vertex -3.086171289778136 8.303362975980708 56.43061252579671
    endloop
  endfacet
  facet normal -0.8060974886526463 -0.5115650220008428 -0.29750305385520676
    outer loop
      vertex -3.109782655625363 8.29038251776157 56.5169088201536
      vertex -2.8491909029582967 7.929941638594802 56.43061252579671
      vertex -2.870989203331694 7.9141042463352935 56.5169088201536
    endloop
  endfacet
  facet normal -0.7225600263257598 -0.45855053634033455 -0.5173378141776501
    outer loop
      vertex -3.1834136957482198 8.249903510908236 56.67668780421545
      vertex -3.1423551175626714 8.272475655278162 56.599334563943536
      vertex -2.9010604966996674 7.8922561728313365 56.599334563943536
    endloop
  endfacet
  facet normal -0.25119013629209425 -0.15941010784370757 -0.9547208665085396
    outer loop
      vertex -3.293114396521954 7.6074123413400905 56.97824936783374
      vertex -3.567017953745679 8.039015285473177 56.97824936783374
      vertex -3.223161191164162 7.658236320002819 56.95135835496476
    endloop
  endfacet
  facet normal -0.34652299262740255 -0.21991017816409797 -0.9118998459920825
    outer loop
      vertex -3.156345518196096 7.706780747951417 56.914261539016124
      vertex -3.223161191164162 7.658236320002819 56.95135835496476
      vertex -3.49124641671774 8.080671040458084 56.95135835496476
    endloop
  endfacet
  facet normal -0.43680276342834334 -0.2772034628922378 -0.8557812723014653
    outer loop
      vertex -3.093641700585423 7.752337738113863 56.86749987509912
      vertex -3.4188733751615743 8.120458456746926 56.914261539016124
      vertex -3.350954190992967 8.157797344216755 56.86749987509912
    endloop
  endfacet
  facet normal -0.3465229926274029 -0.21991017816409833 -0.9118998459920823
    outer loop
      vertex -3.156345518196096 7.706780747951417 56.914261539016124
      vertex -3.49124641671774 8.080671040458084 56.95135835496476
      vertex -3.4188733751615743 8.120458456746926 56.914261539016124
    endloop
  endfacet
  facet normal -0.4368027634283434 -0.27720346289223785 -0.8557812723014651
    outer loop
      vertex -3.156345518196096 7.706780747951417 56.914261539016124
      vertex -3.4188733751615743 8.120458456746926 56.914261539016124
      vertex -3.093641700585423 7.752337738113863 56.86749987509912
    endloop
  endfacet
  facet normal -0.5207129663444153 -0.33045449692362233 -0.7871834806090353
    outer loop
      vertex -3.093641700585423 7.752337738113863 56.86749987509912
      vertex -3.350954190992967 8.157797344216755 56.86749987509912
      vertex -3.035964101189607 7.79424296698818 56.81175525357175
    endloop
  endfacet
  facet normal -0.5207129663444139 -0.3304544969236209 -0.7871834806090369
    outer loop
      vertex -3.2884792788577806 8.19214321780841 56.81175525357175
      vertex -3.035964101189607 7.79424296698818 56.81175525357175
      vertex -3.350954190992967 8.157797344216755 56.86749987509912
    endloop
  endfacet
  facet normal -0.8251116497932403 -0.3882680704048119 -0.4104128054527556
    outer loop
      vertex -3.109782655625363 8.29038251776157 56.5169088201536
      vertex -3.3340929210697547 8.679939228614275 56.599334563943536
      vertex -3.299532977745708 8.693622478158726 56.5169088201536
    endloop
  endfacet
  facet normal -0.8900059011498852 -0.41880498714925773 -0.18025503781390048
    outer loop
      vertex -3.0718653269032097 8.311227745625295 56.341704075166916
      vertex -3.086171289778136 8.303362975980708 56.43061252579671
      vertex -3.2744809117688085 8.70354129275723 56.43061252579671
    endloop
  endfacet
  facet normal -0.8638572675707304 -0.40650037418440127 -0.2975030538552048
    outer loop
      vertex -3.109782655625363 8.29038251776157 56.5169088201536
      vertex -3.299532977745708 8.693622478158726 56.5169088201536
      vertex -3.086171289778136 8.303362975980708 56.43061252579671
    endloop
  endfacet
  facet normal -0.825111649793239 -0.38826807040481043 -0.4104128054527593
    outer loop
      vertex -3.109782655625363 8.29038251776157 56.5169088201536
      vertex -3.1423551175626714 8.272475655278162 56.599334563943536
      vertex -3.3340929210697547 8.679939228614275 56.599334563943536
    endloop
  endfacet
  facet normal -0.8638572675707297 -0.4065003741843998 -0.29750305385520953
    outer loop
      vertex -3.086171289778136 8.303362975980708 56.43061252579671
      vertex -3.299532977745708 8.693622478158726 56.5169088201536
      vertex -3.2744809117688085 8.70354129275723 56.43061252579671
    endloop
  endfacet
  facet normal -0.7743340461721422 -0.3643739438551696 -0.51733781417765
    outer loop
      vertex -3.3776567799450703 8.662691076714225 56.67668780421545
      vertex -3.1423551175626714 8.272475655278162 56.599334563943536
      vertex -3.1834136957482198 8.249903510908236 56.67668780421545
    endloop
  endfacet
  facet normal -0.6398093445997439 -0.301071424354461 -0.7071067811865632
    outer loop
      vertex -3.489133173856067 8.618554450045094 56.81175525357175
      vertex -3.232359663656196 8.222995237344747 56.74784055654184
      vertex -3.2884792788577806 8.19214321780841 56.81175525357175
    endloop
  endfacet
  facet normal -0.7122649085094227 -0.3351664247054462 -0.616718872628552
    outer loop
      vertex -3.429589295211985 8.642129539352739 56.74784055654184
      vertex -3.1834136957482198 8.249903510908236 56.67668780421545
      vertex -3.232359663656196 8.222995237344747 56.74784055654184
    endloop
  endfacet
  facet normal -0.7122649085094258 -0.33516642470544905 -0.616718872628547
    outer loop
      vertex -3.3776567799450703 8.662691076714225 56.67668780421545
      vertex -3.1834136957482198 8.249903510908236 56.67668780421545
      vertex -3.429589295211985 8.642129539352739 56.74784055654184
    endloop
  endfacet
  facet normal -0.7743340461721401 -0.3643739438551673 -0.5173378141776546
    outer loop
      vertex -3.3776567799450703 8.662691076714225 56.67668780421545
      vertex -3.3340929210697547 8.679939228614275 56.599334563943536
      vertex -3.1423551175626714 8.272475655278162 56.599334563943536
    endloop
  endfacet
  facet normal -0.935478122059715 -0.3039552672521712 -0.18025503781389823
    outer loop
      vertex -3.411150013700804 9.12416553781386 56.43061252579671
      vertex -3.2593020386733405 8.70955103375771 56.341704075166916
      vertex -3.2744809117688085 8.70354129275723 56.43061252579671
    endloop
  endfacet
  facet normal -0.907993501335906 -0.2950249726355152 -0.29750305385520914
    outer loop
      vertex -3.4372476937615417 9.117464792467423 56.5169088201536
      vertex -3.2744809117688085 8.70354129275723 56.43061252579671
      vertex -3.299532977745708 8.693622478158726 56.5169088201536
    endloop
  endfacet
  facet normal -0.8672682907393242 -0.2817925495794536 -0.41041280545275644
    outer loop
      vertex -3.4732500875209973 9.10822094888122 56.599334563943536
      vertex -3.299532977745708 8.693622478158726 56.5169088201536
      vertex -3.3340929210697547 8.679939228614275 56.599334563943536
    endloop
  endfacet
  facet normal -0.7356250707992089 -0.6085619838262036 -0.29750305385520737
    outer loop
      vertex -2.5672770735746595 7.589166358161183 56.43061252579671
      vertex -2.870989203331694 7.9141042463352935 56.5169088201536
      vertex -2.8491909029582967 7.929941638594802 56.43061252579671
    endloop
  endfacet
  facet normal -0.7026309074221084 -0.5812668380834953 -0.41041280545275416
    outer loop
      vertex -2.5869185362556655 7.570721796998036 56.5169088201536
      vertex -2.9010604966996674 7.8922561728313365 56.599334563943536
      vertex -2.870989203331694 7.9141042463352935 56.5169088201536
    endloop
  endfacet
  facet normal -0.9493213652506123 -0.30845320962463707 -0.06037849742228894
    outer loop
      vertex -3.3900410639502088 9.129585394923009 56.251479953678796
      vertex -3.25421770060888 8.711564065603628 56.251479953678796
      vertex -3.3953376102809294 9.128225472964614 56.341704075166916
    endloop
  endfacet
  facet normal -0.9354781220597151 -0.3039552672521714 -0.18025503781389765
    outer loop
      vertex -3.3953376102809294 9.128225472964614 56.341704075166916
      vertex -3.2593020386733405 8.70955103375771 56.341704075166916
      vertex -3.411150013700804 9.12416553781386 56.43061252579671
    endloop
  endfacet
  facet normal -0.9079935013359054 -0.29502497263551436 -0.29750305385521186
    outer loop
      vertex -3.411150013700804 9.12416553781386 56.43061252579671
      vertex -3.2744809117688085 8.70354129275723 56.43061252579671
      vertex -3.4372476937615417 9.117464792467423 56.5169088201536
    endloop
  endfacet
  facet normal -0.029087562969911912 -0.05291008062213257 -0.9981755542233194
    outer loop
      vertex -2.277263878660736 6.411606316616437 57
      vertex -2.228823791366773 6.4879356805065935 56.994542446102145
      vertex -1.7710704724065203 6.236283663851514 56.994542446102145
    endloop
  endfacet
  facet normal -0.08683852674219877 -0.15795869374789626 -0.9836199069471412
    outer loop
      vertex -2.228823791366773 6.4879356805065935 56.994542446102145
      vertex -2.181090069623133 6.563151990392473 56.97824936783374
      vertex -1.7331402486509722 6.31688949236411 56.97824936783374
    endloop
  endfacet
  facet normal -0.14332318925123397 -0.2607039134267812 -0.9547208665085394
    outer loop
      vertex -2.181090069623133 6.563151990392473 56.97824936783374
      vertex -2.134758778579818 6.636158423103561 56.95135835496476
      vertex -1.6963244259586956 6.395127098068974 56.95135835496476
    endloop
  endfacet
  facet normal -0.029087562969911874 -0.05291008062213246 -0.9981755542233193
    outer loop
      vertex -2.277263878660736 6.411606316616437 57
      vertex -1.7710704724065203 6.236283663851514 56.994542446102145
      vertex -1.809561989151558 6.154485027019417 57
    endloop
  endfacet
  facet normal -0.08683852674219845 -0.1579586937478953 -0.9836199069471414
    outer loop
      vertex -2.228823791366773 6.4879356805065935 56.994542446102145
      vertex -1.7331402486509722 6.31688949236411 56.97824936783374
      vertex -1.7710704724065203 6.236283663851514 56.994542446102145
    endloop
  endfacet
  facet normal -0.1433231892512343 -0.26070391342678206 -0.9547208665085392
    outer loop
      vertex -2.181090069623133 6.563151990392473 56.97824936783374
      vertex -1.6963244259586956 6.395127098068974 56.95135835496476
      vertex -1.7331402486509722 6.31688949236411 56.97824936783374
    endloop
  endfacet
  facet normal -0.1977178769252656 -0.35964748299380717 -0.911899845992083
    outer loop
      vertex -1.6611598619265564 6.469855600499183 56.914261539016124
      vertex -2.134758778579818 6.636158423103561 56.95135835496476
      vertex -2.090505532789223 6.705890380454759 56.914261539016124
    endloop
  endfacet
  facet normal -0.19771787692526588 -0.359647482993808 -0.9118998459920826
    outer loop
      vertex -1.6963244259586956 6.395127098068974 56.95135835496476
      vertex -2.134758778579818 6.636158423103561 56.95135835496476
      vertex -1.6611598619265564 6.469855600499183 56.914261539016124
    endloop
  endfacet
  facet normal -0.24922939273182218 -0.4533465824031455 -0.8557812723014656
    outer loop
      vertex -1.6611598619265564 6.469855600499183 56.914261539016124
      vertex -2.090505532789223 6.705890380454759 56.914261539016124
      vertex -1.628159335081845 6.539985289815372 56.86749987509912
    endloop
  endfacet
  facet normal -0.02222680735534029 -0.05613850715647637 -0.9981755542233193
    outer loop
      vertex -1.809561989151558 6.154485027019417 57
      vertex -1.285386314110201 6.043987702152655 56.994542446102145
      vertex -1.3133222260935264 5.958009805745598 57
    endloop
  endfacet
  facet normal -0.015015521711123877 -0.0584815958974439 -0.9981755542233194
    outer loop
      vertex -1.3133222260935264 5.958009805745598 57
      vertex -1.285386314110201 6.043987702152655 56.994542446102145
      vertex -0.7794308457877994 5.914080417598046 56.994542446102145
    endloop
  endfacet
  facet normal -0.2603033675245933 -0.657451258159363 -0.7071067811865667
    outer loop
      vertex -1.597804067416673 6.604493517229004 56.81175525357175
      vertex -1.5705367070877079 6.662439607524511 56.74784055654184
      vertex -1.139845319850644 6.491916824169412 56.74784055654184
    endloop
  endfacet
  facet normal -0.26030336752459377 -0.6574512581593672 -0.7071067811865627
    outer loop
      vertex -1.597804067416673 6.604493517229004 56.81175525357175
      vertex -1.139845319850644 6.491916824169412 56.74784055654184
      vertex -1.1596350980299046 6.431010149662752 56.81175525357175
    endloop
  endfacet
  facet normal -0.28978156667997174 -0.7319046903499581 -0.6167188726285527
    outer loop
      vertex -1.139845319850644 6.491916824169412 56.74784055654184
      vertex -1.5705367070877079 6.662439607524511 56.74784055654184
      vertex -1.1225852256003772 6.5450379320935514 56.67668780421545
    endloop
  endfacet
  facet normal -0.3150340980618958 -0.7956853040494223 -0.5173378141776472
    outer loop
      vertex -1.546754873609294 6.712978576222151 56.67668780421545
      vertex -1.1081065063196205 6.589598848063318 56.599334563943536
      vertex -1.1225852256003772 6.5450379320935514 56.67668780421545
    endloop
  endfacet
  facet normal -0.022226807355340276 -0.05613850715647627 -0.9981755542233194
    outer loop
      vertex -1.809561989151558 6.154485027019417 57
      vertex -1.7710704724065203 6.236283663851514 56.994542446102145
      vertex -1.285386314110201 6.043987702152655 56.994542446102145
    endloop
  endfacet
  facet normal -0.06635630516440821 -0.16759689562227825 -0.9836199069471414
    outer loop
      vertex -1.7710704724065203 6.236283663851514 56.994542446102145
      vertex -1.7331402486509722 6.31688949236411 56.97824936783374
      vertex -1.2578577706297878 6.128711847224736 56.97824936783374
    endloop
  endfacet
  facet normal -0.10951817862278002 -0.2766113439545331 -0.9547208665085393
    outer loop
      vertex -1.7331402486509722 6.31688949236411 56.97824936783374
      vertex -1.6963244259586956 6.395127098068974 56.95135835496476
      vertex -1.2311380238051126 6.2109467721445295 56.95135835496476
    endloop
  endfacet
  facet normal -0.06635630516440828 -0.16759689562227859 -0.9836199069471413
    outer loop
      vertex -1.7710704724065203 6.236283663851514 56.994542446102145
      vertex -1.2578577706297878 6.128711847224736 56.97824936783374
      vertex -1.285386314110201 6.043987702152655 56.994542446102145
    endloop
  endfacet
  facet normal -0.10951817862278007 -0.27661134395453335 -0.954720866508539
    outer loop
      vertex -1.7331402486509722 6.31688949236411 56.97824936783374
      vertex -1.2311380238051126 6.2109467721445295 56.95135835496476
      vertex -1.2578577706297878 6.128711847224736 56.97824936783374
    endloop
  endfacet
  facet normal -0.190444751431008 -0.48100853488318324 -0.8557812723014655
    outer loop
      vertex -1.6611598619265564 6.469855600499183 56.914261539016124
      vertex -1.628159335081845 6.539985289815372 56.86749987509912
      vertex -1.181665980609606 6.3632060650377635 56.86749987509912
    endloop
  endfacet
  facet normal -0.15108303042336615 -0.3815921760174181 -0.9118998459920827
    outer loop
      vertex -1.6963244259586956 6.395127098068974 56.95135835496476
      vertex -1.6611598619265564 6.469855600499183 56.914261539016124
      vertex -1.2056167077125088 6.289493306529781 56.914261539016124
    endloop
  endfacet
  facet normal -0.22702935911858763 -0.5734107061735491 -0.787183480609035
    outer loop
      vertex -1.597804067416673 6.604493517229004 56.81175525357175
      vertex -1.1596350980299046 6.431010149662752 56.81175525357175
      vertex -1.628159335081845 6.539985289815372 56.86749987509912
    endloop
  endfacet
  facet normal -0.15108303042336618 -0.3815921760174183 -0.9118998459920825
    outer loop
      vertex -1.6963244259586956 6.395127098068974 56.95135835496476
      vertex -1.2056167077125088 6.289493306529781 56.914261539016124
      vertex -1.2311380238051126 6.2109467721445295 56.95135835496476
    endloop
  endfacet
  facet normal -0.19044475143100778 -0.481008534883182 -0.8557812723014662
    outer loop
      vertex -1.6611598619265564 6.469855600499183 56.914261539016124
      vertex -1.181665980609606 6.3632060650377635 56.86749987509912
      vertex -1.2056167077125088 6.289493306529781 56.914261539016124
    endloop
  endfacet
  facet normal -0.22702935911858707 -0.5734107061735454 -0.7871834806090379
    outer loop
      vertex -1.1596350980299046 6.431010149662752 56.81175525357175
      vertex -1.181665980609606 6.3632060650377635 56.86749987509912
      vertex -1.628159335081845 6.539985289815372 56.86749987509912
    endloop
  endfacet
  facet normal -0.586712869971331 -0.8075409867362962 -0.06037849742228739
    outer loop
      vertex -1.8753937824264888 7.044852260742948 56.251479953678796
      vertex -1.87832386789436 7.0402351848374245 56.341704075166916
      vertex -2.2344696180420476 7.298990218488091 56.341704075166916
    endloop
  endfacet
  facet normal -0.48087474064559865 -0.874707906022379 -0.06037849742228749
    outer loop
      vertex -1.8753937824264888 7.044852260742948 56.251479953678796
      vertex -1.4902275204777535 6.833105316368932 56.251479953678796
      vertex -1.87832386789436 7.0402351848374245 56.341704075166916
    endloop
  endfacet
  facet normal -0.4738625040913745 -0.8619526950819068 -0.1802550378138979
    outer loop
      vertex -1.87832386789436 7.0402351848374245 56.341704075166916
      vertex -1.4925558282936855 6.828157410399669 56.341704075166916
      vertex -1.8870713970538735 7.026451284484308 56.43061252579671
    endloop
  endfacet
  facet normal -0.5867128699713309 -0.8075409867362965 -0.06037849742228612
    outer loop
      vertex -1.8753937824264888 7.044852260742948 56.251479953678796
      vertex -2.2344696180420476 7.298990218488091 56.341704075166916
      vertex -2.230983964120414 7.303203650284737 56.251479953678796
    endloop
  endfacet
  facet normal -0.5781572751648255 -0.795765220725745 -0.18025503781390104
    outer loop
      vertex -1.87832386789436 7.0402351848374245 56.341704075166916
      vertex -2.2448757511237627 7.28641136442157 56.43061252579671
      vertex -2.2344696180420476 7.298990218488091 56.341704075166916
    endloop
  endfacet
  facet normal -0.48087474064559904 -0.8747079060223787 -0.06037849742229005
    outer loop
      vertex -1.87832386789436 7.0402351848374245 56.341704075166916
      vertex -1.4902275204777535 6.833105316368932 56.251479953678796
      vertex -1.4925558282936855 6.828157410399669 56.341704075166916
    endloop
  endfacet
  facet normal -0.3620946382566624 -0.914546660531045 -0.1802550378138991
    outer loop
      vertex -1.4925558282936855 6.828157410399669 56.341704075166916
      vertex -1.0832492916711876 6.666101488366832 56.341704075166916
      vertex -1.4995067997706315 6.813385844102628 56.43061252579671
    endloop
  endfacet
  facet normal -0.3674529293992402 -0.9280801591053132 -0.06037849742229016
    outer loop
      vertex -1.4902275204777535 6.833105316368932 56.251479953678796
      vertex -1.0815594803123159 6.671302192966962 56.251479953678796
      vertex -1.4925558282936855 6.828157410399669 56.341704075166916
    endloop
  endfacet
  facet normal -0.3674529293992394 -0.9280801591053137 -0.06037849742228545
    outer loop
      vertex -1.4925558282936855 6.828157410399669 56.341704075166916
      vertex -1.0815594803123159 6.671302192966962 56.251479953678796
      vertex -1.0832492916711876 6.666101488366832 56.341704075166916
    endloop
  endfacet
  facet normal -0.5611708453896121 -0.772385405889789 -0.29750305385520676
    outer loop
      vertex -2.2620506185126565 7.265650516102575 56.5169088201536
      vertex -2.2448757511237627 7.28641136442157 56.43061252579671
      vertex -1.8870713970538735 7.026451284484308 56.43061252579671
    endloop
  endfacet
  facet normal -0.5360012810419286 -0.7377424725754982 -0.4104128054527563
    outer loop
      vertex -2.2620506185126565 7.265650516102575 56.5169088201536
      vertex -1.9015088112321643 7.003701559989384 56.5169088201536
      vertex -2.285743771967766 7.237010413448958 56.599334563943536
    endloop
  endfacet
  facet normal -0.5781572751648253 -0.7957652207257456 -0.18025503781389815
    outer loop
      vertex -1.87832386789436 7.0402351848374245 56.341704075166916
      vertex -1.8870713970538735 7.026451284484308 56.43061252579671
      vertex -2.2448757511237627 7.28641136442157 56.43061252579671
    endloop
  endfacet
  facet normal -0.561170845389612 -0.7723854058897855 -0.2975030538552158
    outer loop
      vertex -2.2620506185126565 7.265650516102575 56.5169088201536
      vertex -1.8870713970538735 7.026451284484308 56.43061252579671
      vertex -1.9015088112321643 7.003701559989384 56.5169088201536
    endloop
  endfacet
  facet normal -0.5360012810419285 -0.737742472575498 -0.4104128054527566
    outer loop
      vertex -2.285743771967766 7.237010413448958 56.599334563943536
      vertex -1.9015088112321643 7.003701559989384 56.5169088201536
      vertex -1.9214255804202867 6.972317753563711 56.599334563943536
    endloop
  endfacet
  facet normal -0.41562693777744014 -0.5720614028176664 -0.7071067811865699
    outer loop
      vertex -2.392034238550478 7.108527310522307 56.81175525357175
      vertex -2.3512129258301813 7.157871801072281 56.74784055654184
      vertex -1.9764597922608476 6.885597712030886 56.74784055654184
    endloop
  endfacet
  facet normal -0.415626937777441 -0.5720614028176687 -0.7071067811865674
    outer loop
      vertex -2.392034238550478 7.108527310522307 56.81175525357175
      vertex -1.9764597922608476 6.885597712030886 56.74784055654184
      vertex -2.010774712178398 6.83152605040581 56.81175525357175
    endloop
  endfacet
  facet normal -0.46269484075025624 -0.6368448135039441 -0.6167188726285435
    outer loop
      vertex -2.3512129258301813 7.157871801072281 56.74784055654184
      vertex -2.31560971195938 7.200908693649302 56.67668780421545
      vertex -1.94653127327482 6.932757511775151 56.67668780421545
    endloop
  endfacet
  facet normal -0.5030156110468806 -0.6923415927596859 -0.5173378141776556
    outer loop
      vertex -2.285743771967766 7.237010413448958 56.599334563943536
      vertex -1.9214255804202867 6.972317753563711 56.599334563943536
      vertex -2.31560971195938 7.200908693649302 56.67668780421545
    endloop
  endfacet
  facet normal -0.5030156110468822 -0.6923415927596913 -0.5173378141776467
    outer loop
      vertex -2.31560971195938 7.200908693649302 56.67668780421545
      vertex -1.9214255804202867 6.972317753563711 56.599334563943536
      vertex -1.94653127327482 6.932757511775151 56.67668780421545
    endloop
  endfacet
  facet normal -0.46269484075025497 -0.6368448135039402 -0.6167188726285484
    outer loop
      vertex -2.3512129258301813 7.157871801072281 56.74784055654184
      vertex -1.94653127327482 6.932757511775151 56.67668780421545
      vertex -1.9764597922608476 6.885597712030886 56.74784055654184
    endloop
  endfacet
  facet normal -0.3406512898188474 -0.6196423958580686 -0.7071067811865677
    outer loop
      vertex -2.010774712178398 6.83152605040581 56.81175525357175
      vertex -1.9764597922608476 6.885597712030886 56.74784055654184
      vertex -1.5705367070877079 6.662439607524511 56.74784055654184
    endloop
  endfacet
  facet normal -0.3406512898188477 -0.6196423958580696 -0.7071067811865664
    outer loop
      vertex -1.597804067416673 6.604493517229004 56.81175525357175
      vertex -2.010774712178398 6.83152605040581 56.81175525357175
      vertex -1.5705367070877079 6.662439607524511 56.74784055654184
    endloop
  endfacet
  facet normal -0.3792285339755847 -0.6898141424778865 -0.6167188726285477
    outer loop
      vertex -1.9764597922608476 6.885597712030886 56.74784055654184
      vertex -1.546754873609294 6.712978576222151 56.67668780421545
      vertex -1.5705367070877079 6.662439607524511 56.74784055654184
    endloop
  endfacet
  facet normal -0.4122757721586657 -0.7499268455742006 -0.5173378141776465
    outer loop
      vertex -1.9214255804202867 6.972317753563711 56.599334563943536
      vertex -1.5268053596655717 6.755373451354469 56.599334563943536
      vertex -1.94653127327482 6.932757511775151 56.67668780421545
    endloop
  endfacet
  facet normal -0.3792285339755846 -0.6898141424778859 -0.6167188726285486
    outer loop
      vertex -1.9764597922608476 6.885597712030886 56.74784055654184
      vertex -1.94653127327482 6.932757511775151 56.67668780421545
      vertex -1.546754873609294 6.712978576222151 56.67668780421545
    endloop
  endfacet
  facet normal -0.45994028518206337 -0.8366282728987005 -0.29750305385521636
    outer loop
      vertex -1.8870713970538735 7.026451284484308 56.43061252579671
      vertex -1.4995067997706315 6.813385844102628 56.43061252579671
      vertex -1.9015088112321643 7.003701559989384 56.5169088201536
    endloop
  endfacet
  facet normal -0.4393111012194762 -0.7991039265738401 -0.41041280545275605
    outer loop
      vertex -1.9015088112321643 7.003701559989384 56.5169088201536
      vertex -1.5109790740922342 6.789006020177089 56.5169088201536
      vertex -1.9214255804202867 6.972317753563711 56.599334563943536
    endloop
  endfacet
  facet normal -0.3040835376268335 -0.41853508350248975 -0.8557812723014648
    outer loop
      vertex -2.486882682592327 6.993875236916266 56.914261539016124
      vertex -2.0489756442246034 6.771331013485194 56.86749987509912
      vertex -2.090505532789223 6.705890380454759 56.914261539016124
    endloop
  endfacet
  facet normal -0.36249825814150827 -0.49893604870826447 -0.7871834806090361
    outer loop
      vertex -2.437478383459217 7.053594775785718 56.86749987509912
      vertex -2.010774712178398 6.83152605040581 56.81175525357175
      vertex -2.0489756442246034 6.771331013485194 56.86749987509912
    endloop
  endfacet
  facet normal -0.24922939273182257 -0.45334658240314685 -0.8557812723014647
    outer loop
      vertex -1.628159335081845 6.539985289815372 56.86749987509912
      vertex -2.090505532789223 6.705890380454759 56.914261539016124
      vertex -2.0489756442246034 6.771331013485194 56.86749987509912
    endloop
  endfacet
  facet normal -0.29710658277667695 -0.5404348677935287 -0.7871834806090361
    outer loop
      vertex -1.597804067416673 6.604493517229004 56.81175525357175
      vertex -2.0489756442246034 6.771331013485194 56.86749987509912
      vertex -2.010774712178398 6.83152605040581 56.81175525357175
    endloop
  endfacet
  facet normal -0.2971065827766773 -0.54043486779353 -0.7871834806090351
    outer loop
      vertex -1.597804067416673 6.604493517229004 56.81175525357175
      vertex -1.628159335081845 6.539985289815372 56.86749987509912
      vertex -2.0489756442246034 6.771331013485194 56.86749987509912
    endloop
  endfacet
  facet normal -0.4738625040913746 -0.8619526950819064 -0.18025503781389887
    outer loop
      vertex -1.4925558282936855 6.828157410399669 56.341704075166916
      vertex -1.4995067997706315 6.813385844102628 56.43061252579671
      vertex -1.8870713970538735 7.026451284484308 56.43061252579671
    endloop
  endfacet
  facet normal -0.43931110121947614 -0.7991039265738366 -0.41041280545276326
    outer loop
      vertex -1.9214255804202867 6.972317753563711 56.599334563943536
      vertex -1.5109790740922342 6.789006020177089 56.5169088201536
      vertex -1.5268053596655717 6.755373451354469 56.599334563943536
    endloop
  endfacet
  facet normal -0.459940285182063 -0.8366282728987045 -0.29750305385520576
    outer loop
      vertex -1.9015088112321643 7.003701559989384 56.5169088201536
      vertex -1.4995067997706315 6.813385844102628 56.43061252579671
      vertex -1.5109790740922342 6.789006020177089 56.5169088201536
    endloop
  endfacet
  facet normal -0.4122757721586653 -0.7499268455741988 -0.5173378141776493
    outer loop
      vertex -1.94653127327482 6.932757511775151 56.67668780421545
      vertex -1.5268053596655717 6.755373451354469 56.599334563943536
      vertex -1.546754873609294 6.712978576222151 56.67668780421545
    endloop
  endfacet
  facet normal -0.28978156667997207 -0.7319046903499623 -0.6167188726285476
    outer loop
      vertex -1.5705367070877079 6.662439607524511 56.74784055654184
      vertex -1.546754873609294 6.712978576222151 56.67668780421545
      vertex -1.1225852256003772 6.5450379320935514 56.67668780421545
    endloop
  endfacet
  facet normal -0.351456191922187 -0.8876770122665008 -0.2975030538552058
    outer loop
      vertex -1.4995067997706315 6.813385844102628 56.43061252579671
      vertex -1.0882940844930657 6.650575212550477 56.43061252579671
      vertex -1.5109790740922342 6.789006020177089 56.5169088201536
    endloop
  endfacet
  facet normal -0.33569272289906527 -0.8478630342885596 -0.41041280545276365
    outer loop
      vertex -1.5109790740922342 6.789006020177089 56.5169088201536
      vertex -1.0966202943387242 6.624949773581427 56.5169088201536
      vertex -1.5268053596655717 6.755373451354469 56.599334563943536
    endloop
  endfacet
  facet normal -0.3620946382566629 -0.9145466605310442 -0.1802550378139031
    outer loop
      vertex -1.4995067997706315 6.813385844102628 56.43061252579671
      vertex -1.0832492916711876 6.666101488366832 56.341704075166916
      vertex -1.0882940844930657 6.650575212550477 56.43061252579671
    endloop
  endfacet
  facet normal -0.3514561919221874 -0.8876770122664993 -0.29750305385520986
    outer loop
      vertex -1.5109790740922342 6.789006020177089 56.5169088201536
      vertex -1.0882940844930657 6.650575212550477 56.43061252579671
      vertex -1.0966202943387242 6.624949773581427 56.5169088201536
    endloop
  endfacet
  facet normal -0.3356927228990649 -0.8478630342885656 -0.410412805452752
    outer loop
      vertex -1.5268053596655717 6.755373451354469 56.599334563943536
      vertex -1.0966202943387242 6.624949773581427 56.5169088201536
      vertex -1.1081065063196205 6.589598848063318 56.599334563943536
    endloop
  endfacet
  facet normal -0.3150340980618958 -0.7956853040494212 -0.5173378141776492
    outer loop
      vertex -1.5268053596655717 6.755373451354469 56.599334563943536
      vertex -1.1081065063196205 6.589598848063318 56.599334563943536
      vertex -1.546754873609294 6.712978576222151 56.67668780421545
    endloop
  endfacet
  facet normal -0.24461632367179034 -0.9527176788199148 -0.18025503781390323
    outer loop
      vertex -0.6568592666172745 6.556623137436885 56.341704075166916
      vertex -1.0882940844930657 6.650575212550477 56.43061252579671
      vertex -1.0832492916711876 6.666101488366832 56.341704075166916
    endloop
  endfacet
  facet normal -0.2482361659505133 -0.9668160336709438 -0.06037849742228996
    outer loop
      vertex -0.6558346010500369 6.56199462244959 56.251479953678796
      vertex -0.6568592666172745 6.556623137436885 56.341704075166916
      vertex -1.0832492916711876 6.666101488366832 56.341704075166916
    endloop
  endfacet
  facet normal -0.12510456987565055 -0.9903046418376795 -0.06037849742228998
    outer loop
      vertex -0.6558346010500369 6.56199462244959 56.251479953678796
      vertex -0.21976681835259818 6.50690645050105 56.251479953678796
      vertex -0.6568592666172745 6.556623137436885 56.341704075166916
    endloop
  endfacet
  facet normal -0.12328026353590686 -0.9758637701878417 -0.18025503781389493
    outer loop
      vertex -0.6568592666172745 6.556623137436885 56.341704075166916
      vertex -0.22011017854010081 6.501448896603191 56.341704075166916
      vertex -0.6599183213876707 6.540587010745789 56.43061252579671
    endloop
  endfacet
  facet normal -0.1251045698756509 -0.9903046418376795 -0.06037849742229171
    outer loop
      vertex -0.6568592666172745 6.556623137436885 56.341704075166916
      vertex -0.21976681835259818 6.50690645050105 56.251479953678796
      vertex -0.22011017854010081 6.501448896603191 56.341704075166916
    endloop
  endfacet
  facet normal 0 -0.9981755542233172 -0.060378497422291684
    outer loop
      vertex -0.21976681835259818 6.50690645050105 56.251479953678796
      vertex 0.21976681835259818 6.50690645050105 56.251479953678796
      vertex -0.22011017854010081 6.501448896603191 56.341704075166916
    endloop
  endfacet
  facet normal 0 -0.9836199069471452 -0.18025503781389704
    outer loop
      vertex -0.22011017854010081 6.501448896603191 56.341704075166916
      vertex 0.22011017854010081 6.501448896603191 56.341704075166916
      vertex -0.22113525213789506 6.485155818334788 56.43061252579671
    endloop
  endfacet
  facet normal -0.04482760501483987 -0.1745919943351657 -0.9836199069471414
    outer loop
      vertex -1.285386314110201 6.043987702152655 56.994542446102145
      vertex -1.2578577706297878 6.128711847224736 56.97824936783374
      vertex -0.7627381241579616 6.001586728850074 56.97824936783374
    endloop
  endfacet
  facet normal -0.015015521711123844 -0.05848159589744352 -0.9981755542233193
    outer loop
      vertex -1.3133222260935264 5.958009805745598 57
      vertex -0.7794308457877994 5.914080417598046 56.994542446102145
      vertex -0.7963705869893305 5.825279184403073 57
    endloop
  endfacet
  facet normal -0.04482760501483985 -0.17459199433516548 -0.9836199069471414
    outer loop
      vertex -1.285386314110201 6.043987702152655 56.994542446102145
      vertex -0.7627381241579616 6.001586728850074 56.97824936783374
      vertex -0.7794308457877994 5.914080417598046 56.994542446102145
    endloop
  endfacet
  facet normal -0.007567432319685104 -0.059902394935896344 -0.9981755542233194
    outer loop
      vertex -0.7963705869893305 5.825279184403073 57
      vertex -0.7794308457877994 5.914080417598046 56.994542446102145
      vertex -0.26118328741790564 5.848610525667964 56.994542446102145
    endloop
  endfacet
  facet normal -0.022591946755474306 -0.17883367300118502 -0.9836199069471414
    outer loop
      vertex -0.7794308457877994 5.914080417598046 56.994542446102145
      vertex -0.7627381241579616 6.001586728850074 56.97824936783374
      vertex -0.2555896418304946 5.937518976297758 56.97824936783374
    endloop
  endfacet
  facet normal -0.03728701973493052 -0.2951571534157205 -0.9547208665085392
    outer loop
      vertex -0.7627381241579616 6.001586728850074 56.97824936783374
      vertex -0.746535839569916 6.08652207909405 56.95135835496476
      vertex -0.2501603391858077 6.02381527065465 56.95135835496476
    endloop
  endfacet
  facet normal -0.23742942456594066 -0.9247265548783113 -0.29750305385520975
    outer loop
      vertex -1.0966202943387242 6.624949773581427 56.5169088201536
      vertex -1.0882940844930657 6.650575212550477 56.43061252579671
      vertex -0.6599183213876707 6.540587010745789 56.43061252579671
    endloop
  endfacet
  facet normal -0.2267802698054223 -0.8832508354637325 -0.4104128054527519
    outer loop
      vertex -1.0966202943387242 6.624949773581427 56.5169088201536
      vertex -0.664967157454282 6.514120085213666 56.5169088201536
      vertex -1.1081065063196205 6.589598848063318 56.599334563943536
    endloop
  endfacet
  facet normal -0.17585030562678153 -0.6848917213771433 -0.7071067811865623
    outer loop
      vertex -1.1596350980299046 6.431010149662752 56.81175525357175
      vertex -1.139845319850644 6.491916824169412 56.74784055654184
      vertex -0.6911778910089466 6.376718608124472 56.74784055654184
    endloop
  endfacet
  facet normal -0.19576457097070227 -0.7624526640365443 -0.6167188726285528
    outer loop
      vertex -1.139845319850644 6.491916824169412 56.74784055654184
      vertex -1.1225852256003772 6.5450379320935514 56.67668780421545
      vertex -0.6807117379838342 6.431584103670133 56.67668780421545
    endloop
  endfacet
  facet normal -0.17585030562678167 -0.6848917213771363 -0.7071067811865692
    outer loop
      vertex -1.1596350980299046 6.431010149662752 56.81175525357175
      vertex -0.6911778910089466 6.376718608124472 56.74784055654184
      vertex -0.7031779904147751 6.313811884047511 56.81175525357175
    endloop
  endfacet
  facet normal -0.2128241480464455 -0.8288953299604234 -0.5173378141776471
    outer loop
      vertex -1.1225852256003772 6.5450379320935514 56.67668780421545
      vertex -1.1081065063196205 6.589598848063318 56.599334563943536
      vertex -0.6719321514182682 6.477608308213105 56.599334563943536
    endloop
  endfacet
  facet normal -0.24461632367178912 -0.9527176788199166 -0.18025503781389518
    outer loop
      vertex -0.6568592666172745 6.556623137436885 56.341704075166916
      vertex -0.6599183213876707 6.540587010745789 56.43061252579671
      vertex -1.0882940844930657 6.650575212550477 56.43061252579671
    endloop
  endfacet
  facet normal -0.23742942456594177 -0.924726554878308 -0.2975030538552189
    outer loop
      vertex -1.0966202943387242 6.624949773581427 56.5169088201536
      vertex -0.6599183213876707 6.540587010745789 56.43061252579671
      vertex -0.664967157454282 6.514120085213666 56.5169088201536
    endloop
  endfacet
  facet normal -0.22678026980542268 -0.8832508354637306 -0.4104128054527557
    outer loop
      vertex -1.1081065063196205 6.589598848063318 56.599334563943536
      vertex -0.664967157454282 6.514120085213666 56.5169088201536
      vertex -0.6719321514182682 6.477608308213105 56.599334563943536
    endloop
  endfacet
  facet normal -0.21282414804644575 -0.8288953299604206 -0.5173378141776512
    outer loop
      vertex -1.1225852256003772 6.5450379320935514 56.67668780421545
      vertex -0.6719321514182682 6.477608308213105 56.599334563943536
      vertex -0.6807117379838342 6.431584103670133 56.67668780421545
    endloop
  endfacet
  facet normal -0.1957645709707018 -0.7624526640365543 -0.6167188726285409
    outer loop
      vertex -1.139845319850644 6.491916824169412 56.74784055654184
      vertex -0.6807117379838342 6.431584103670133 56.67668780421545
      vertex -0.6911778910089466 6.376718608124472 56.74784055654184
    endloop
  endfacet
  facet normal -0.07398600089445528 -0.28815644834851417 -0.9547208665085392
    outer loop
      vertex -1.2578577706297878 6.128711847224736 56.97824936783374
      vertex -1.2311380238051126 6.2109467721445295 56.95135835496476
      vertex -0.746535839569916 6.08652207909405 56.95135835496476
    endloop
  endfacet
  facet normal -0.1286566826339469 -0.5010846954275406 -0.8557812723014665
    outer loop
      vertex -1.2056167077125088 6.289493306529781 56.914261539016124
      vertex -1.181665980609606 6.3632060650377635 56.86749987509912
      vertex -0.7165370477301124 6.2437812531298995 56.86749987509912
    endloop
  endfacet
  facet normal -0.10206551427906171 -0.39751893247311737 -0.9118998459920825
    outer loop
      vertex -1.2056167077125088 6.289493306529781 56.914261539016124
      vertex -0.7310602578173236 6.167647919665664 56.914261539016124
      vertex -1.2311380238051126 6.2109467721445295 56.95135835496476
    endloop
  endfacet
  facet normal -0.07398600089445528 -0.28815644834851417 -0.954720866508539
    outer loop
      vertex -1.2578577706297878 6.128711847224736 56.97824936783374
      vertex -0.746535839569916 6.08652207909405 56.95135835496476
      vertex -0.7627381241579616 6.001586728850074 56.97824936783374
    endloop
  endfacet
  facet normal -0.10206551427906171 -0.3975189324731176 -0.9118998459920823
    outer loop
      vertex -1.2311380238051126 6.2109467721445295 56.95135835496476
      vertex -0.7310602578173236 6.167647919665664 56.914261539016124
      vertex -0.746535839569916 6.08652207909405 56.95135835496476
    endloop
  endfacet
  facet normal -0.128656682633947 -0.501084695427544 -0.8557812723014644
    outer loop
      vertex -1.2056167077125088 6.289493306529781 56.914261539016124
      vertex -0.7165370477301124 6.2437812531298995 56.86749987509912
      vertex -0.7310602578173236 6.167647919665664 56.914261539016124
    endloop
  endfacet
  facet normal -0.15337174684643348 -0.597343515178255 -0.7871834806090378
    outer loop
      vertex -1.181665980609606 6.3632060650377635 56.86749987509912
      vertex -0.7031779904147751 6.313811884047511 56.81175525357175
      vertex -0.7165370477301124 6.2437812531298995 56.86749987509912
    endloop
  endfacet
  facet normal -0.15337174684643345 -0.5973435151782548 -0.787183480609038
    outer loop
      vertex -1.1596350980299046 6.431010149662752 56.81175525357175
      vertex -0.7031779904147751 6.313811884047511 56.81175525357175
      vertex -1.181665980609606 6.3632060650377635 56.86749987509912
    endloop
  endfacet
  facet normal -0.06483962109597184 -0.513258450991523 -0.8557812723014644
    outer loop
      vertex -0.7310602578173236 6.167647919665664 56.914261539016124
      vertex -0.7165370477301124 6.2437812531298995 56.86749987509912
      vertex -0.24010789756943052 6.183594254716493 56.86749987509912
    endloop
  endfacet
  facet normal -0.05143836400359438 -0.40717657789741546 -0.9118998459920824
    outer loop
      vertex -0.7310602578173236 6.167647919665664 56.914261539016124
      vertex -0.24497455094212936 6.106241014444583 56.914261539016124
      vertex -0.746535839569916 6.08652207909405 56.95135835496476
    endloop
  endfacet
  facet normal -0.007567432319685108 -0.059902394935896185 -0.9981755542233193
    outer loop
      vertex -0.7963705869893305 5.825279184403073 57
      vertex -0.26118328741790564 5.848610525667964 56.994542446102145
      vertex -0.2668597079995836 5.758386404179846 57
    endloop
  endfacet
  facet normal -0.02259194675547431 -0.17883367300118494 -0.9836199069471414
    outer loop
      vertex -0.7794308457877994 5.914080417598046 56.994542446102145
      vertex -0.2555896418304946 5.937518976297758 56.97824936783374
      vertex -0.26118328741790564 5.848610525667964 56.994542446102145
    endloop
  endfacet
  facet normal -0.03728701973493055 -0.2951571534157198 -0.9547208665085394
    outer loop
      vertex -0.7627381241579616 6.001586728850074 56.97824936783374
      vertex -0.2501603391858077 6.02381527065465 56.95135835496476
      vertex -0.2555896418304946 5.937518976297758 56.97824936783374
    endloop
  endfacet
  facet normal 0 -0.06037849742225371 -0.9981755542233194
    outer loop
      vertex -0.2668597079995836 5.758386404179846 57
      vertex -0.26118328741790564 5.848610525667964 56.994542446102145
      vertex 0.26118328741790564 5.848610525667964 56.994542446102145
    endloop
  endfacet
  facet normal 0 -0.1802550378139178 -0.9836199069471414
    outer loop
      vertex -0.26118328741790564 5.848610525667964 56.994542446102145
      vertex -0.2555896418304946 5.937518976297758 56.97824936783374
      vertex 0.2555896418304946 5.937518976297758 56.97824936783374
    endloop
  endfacet
  facet normal 0 -0.29750305385522324 -0.9547208665085394
    outer loop
      vertex -0.2555896418304946 5.937518976297758 56.97824936783374
      vertex -0.2501603391858077 6.02381527065465 56.95135835496476
      vertex 0.2501603391858077 6.02381527065465 56.95135835496476
    endloop
  endfacet
  facet normal -0.0886239793613552 -0.7015310330143116 -0.7071067811865693
    outer loop
      vertex -0.7031779904147751 6.313811884047511 56.81175525357175
      vertex -0.6911778910089466 6.376718608124472 56.74784055654184
      vertex -0.23161017393637945 6.318661704072797 56.74784055654184
    endloop
  endfacet
  facet normal -0.0886239793613549 -0.701531033014314 -0.7071067811865672
    outer loop
      vertex -0.7031779904147751 6.313811884047511 56.81175525357175
      vertex -0.23161017393637945 6.318661704072797 56.74784055654184
      vertex -0.23563134583263418 6.254747007042885 56.81175525357175
    endloop
  endfacet
  facet normal -0.11429135638498011 -0.9047092433351612 -0.41041280545275594
    outer loop
      vertex -0.664967157454282 6.514120085213666 56.5169088201536
      vertex -0.22282709126466044 6.458264805465809 56.5169088201536
      vertex -0.6719321514182682 6.477608308213105 56.599334563943536
    endloop
  endfacet
  facet normal -0.1196582533508313 -0.94719260731482 -0.29750305385521925
    outer loop
      vertex -0.6599183213876707 6.540587010745789 56.43061252579671
      vertex -0.22113525213789506 6.485155818334788 56.43061252579671
      vertex -0.664967157454282 6.514120085213666 56.5169088201536
    endloop
  endfacet
  facet normal -0.1196582533508304 -0.9471926073148217 -0.2975030538552142
    outer loop
      vertex -0.664967157454282 6.514120085213666 56.5169088201536
      vertex -0.22113525213789506 6.485155818334788 56.43061252579671
      vertex -0.22282709126466044 6.458264805465809 56.5169088201536
    endloop
  endfacet
  facet normal -0.11429135638498088 -0.9047092433351591 -0.41041280545276054
    outer loop
      vertex -0.6719321514182682 6.477608308213105 56.599334563943536
      vertex -0.22282709126466044 6.458264805465809 56.5169088201536
      vertex -0.2251610250962387 6.4211679895171745 56.599334563943536
    endloop
  endfacet
  facet normal -0.12328026353590726 -0.9758637701878412 -0.18025503781389704
    outer loop
      vertex -0.22011017854010081 6.501448896603191 56.341704075166916
      vertex -0.22113525213789506 6.485155818334788 56.43061252579671
      vertex -0.6599183213876707 6.540587010745789 56.43061252579671
    endloop
  endfacet
  facet normal -0.09866025103313676 -0.7809763037441407 -0.6167188726285406
    outer loop
      vertex -0.6807117379838342 6.431584103670133 56.67668780421545
      vertex -0.2281030196218042 6.374406325600168 56.67668780421545
      vertex -0.6911778910089466 6.376718608124472 56.74784055654184
    endloop
  endfacet
  facet normal -0.10725783408131648 -0.8490331813598776 -0.5173378141776513
    outer loop
      vertex -0.6719321514182682 6.477608308213105 56.599334563943536
      vertex -0.2251610250962387 6.4211679895171745 56.599334563943536
      vertex -0.6807117379838342 6.431584103670133 56.67668780421545
    endloop
  endfacet
  facet normal -0.10725783408131594 -0.8490331813598796 -0.517337814177648
    outer loop
      vertex -0.6807117379838342 6.431584103670133 56.67668780421545
      vertex -0.2251610250962387 6.4211679895171745 56.599334563943536
      vertex -0.2281030196218042 6.374406325600168 56.67668780421545
    endloop
  endfacet
  facet normal -0.09866025103313715 -0.7809763037441386 -0.6167188726285431
    outer loop
      vertex -0.6911778910089466 6.376718608124472 56.74784055654184
      vertex -0.2281030196218042 6.374406325600168 56.67668780421545
      vertex -0.23161017393637945 6.318661704072797 56.74784055654184
    endloop
  endfacet
  facet normal 0 -0.7071067811865279 -0.7071067811865672
    outer loop
      vertex -0.23563134583263418 6.254747007042885 56.81175525357175
      vertex -0.23161017393637945 6.318661704072797 56.74784055654184
      vertex 0.23161017393637945 6.318661704072797 56.74784055654184
    endloop
  endfacet
  facet normal 0 -0.954720866508542 -0.29750305385521425
    outer loop
      vertex -0.22113525213789506 6.485155818334788 56.43061252579671
      vertex 0.22113525213789506 6.485155818334788 56.43061252579671
      vertex -0.22282709126466044 6.458264805465809 56.5169088201536
    endloop
  endfacet
  facet normal 0 -0.9118998459920885 -0.41041280545276043
    outer loop
      vertex -0.22282709126466044 6.458264805465809 56.5169088201536
      vertex 0.22282709126466044 6.458264805465809 56.5169088201536
      vertex -0.2251610250962387 6.4211679895171745 56.599334563943536
    endloop
  endfacet
  facet normal 0 -0.855781272301453 -0.517337814177648
    outer loop
      vertex -0.2281030196218042 6.374406325600168 56.67668780421545
      vertex -0.2251610250962387 6.4211679895171745 56.599334563943536
      vertex 0.2251610250962387 6.4211679895171745 56.599334563943536
    endloop
  endfacet
  facet normal 0 -0.7871834806090502 -0.6167188726285431
    outer loop
      vertex -0.23161017393637945 6.318661704072797 56.74784055654184
      vertex -0.2281030196218042 6.374406325600168 56.67668780421545
      vertex 0.2281030196218042 6.374406325600168 56.67668780421545
    endloop
  endfacet
  facet normal -0.07729537050666992 -0.6118558601128841 -0.7871834806090379
    outer loop
      vertex -0.7031779904147751 6.313811884047511 56.81175525357175
      vertex -0.23563134583263418 6.254747007042885 56.81175525357175
      vertex -0.7165370477301124 6.2437812531298995 56.86749987509912
    endloop
  endfacet
  facet normal -0.06483962109597191 -0.513258450991522 -0.855781272301465
    outer loop
      vertex -0.7310602578173236 6.167647919665664 56.914261539016124
      vertex -0.24010789756943052 6.183594254716493 56.86749987509912
      vertex -0.24497455094212936 6.106241014444583 56.914261539016124
    endloop
  endfacet
  facet normal -0.05143836400359417 -0.40717657789741857 -0.9118998459920811
    outer loop
      vertex -0.746535839569916 6.08652207909405 56.95135835496476
      vertex -0.24497455094212936 6.106241014444583 56.914261539016124
      vertex -0.2501603391858077 6.02381527065465 56.95135835496476
    endloop
  endfacet
  facet normal -0.07729537050667001 -0.6118558601128833 -0.7871834806090385
    outer loop
      vertex -0.7165370477301124 6.2437812531298995 56.86749987509912
      vertex -0.23563134583263418 6.254747007042885 56.81175525357175
      vertex -0.24010789756943052 6.183594254716493 56.86749987509912
    endloop
  endfacet
  facet normal 0 -0.5173378141776278 -0.855781272301465
    outer loop
      vertex -0.24497455094212936 6.106241014444583 56.914261539016124
      vertex -0.24010789756943052 6.183594254716493 56.86749987509912
      vertex 0.24010789756943052 6.183594254716493 56.86749987509912
    endloop
  endfacet
  facet normal 0 -0.41041280545277686 -0.9118998459920811
    outer loop
      vertex -0.2501603391858077 6.02381527065465 56.95135835496476
      vertex -0.24497455094212936 6.106241014444583 56.914261539016124
      vertex 0.24497455094212936 6.106241014444583 56.914261539016124
    endloop
  endfacet
  facet normal 0 -0.616718872628558 -0.7871834806090385
    outer loop
      vertex -0.23563134583263418 6.254747007042885 56.81175525357175
      vertex 0.23563134583263418 6.254747007042885 56.81175525357175
      vertex -0.24010789756943052 6.183594254716493 56.86749987509912
    endloop
  endfacet
  facet normal -0.24823616595051237 -0.9668160336709445 -0.06037849742228519
    outer loop
      vertex -0.6558346010500369 6.56199462244959 56.251479953678796
      vertex -1.0832492916711876 6.666101488366832 56.341704075166916
      vertex -1.0815594803123159 6.671302192966962 56.251479953678796
    endloop
  endfacet
  facet normal -0.9980267284282717 0.06279051952931271 0
    outer loop
      vertex -3.5 10 52
      vertex -3.4724014546006727 10.438666317475064 56.251479953678796
      vertex -3.4724014546006727 10.438666317475064 52
    endloop
  endfacet
  facet normal -0.9822872507286885 0.18738131458572566 0
    outer loop
      vertex -3.4724014546006727 10.438666317475064 52
      vertex -3.3900410639502088 10.870414605076991 56.251479953678796
      vertex -3.3900410639502088 10.870414605076991 52
    endloop
  endfacet
  facet normal 0 0 -1
    outer loop
      vertex -3.5 10 52
      vertex -3.4724014546006727 10.438666317475064 52
      vertex -2.455483885753333 10.310199753071652 52
    endloop
  endfacet
  facet normal 0 0 -1
    outer loop
      vertex -3.4724014546006727 10.438666317475064 52
      vertex -3.3900410639502088 10.870414605076991 52
      vertex -2.455483885753333 10.310199753071652 52
    endloop
  endfacet
  facet normal 0 0 -1
    outer loop
      vertex -3.3900410639502088 10.870414605076991 52
      vertex -3.25421770060888 11.288435934396372 52
      vertex -2.3011968025734224 10.911108267894578 52
    endloop
  endfacet
  facet normal 0 0 -1
    outer loop
      vertex -3.5 10 52
      vertex -2.455483885753333 10.310199753071652 52
      vertex -2.475 10 52
    endloop
  endfacet
  facet normal 0 0 -1
    outer loop
      vertex -3.3900410639502088 10.870414605076991 52
      vertex -2.397243323793362 10.615507470733016 52
      vertex -2.455483885753333 10.310199753071652 52
    endloop
  endfacet
  facet normal 0 0 -1
    outer loop
      vertex -3.3900410639502088 10.870414605076991 52
      vertex -2.3011968025734224 10.911108267894578 52
      vertex -2.397243323793362 10.615507470733016 52
    endloop
  endfacet
  facet normal 0 0 -1
    outer loop
      vertex -3.25421770060888 11.288435934396372 52
      vertex -3.067073380153522 11.686137859356004 52
      vertex -2.3011968025734224 10.911108267894578 52
    endloop
  endfacet
  facet normal 0 0 -1
    outer loop
      vertex -3.067073380153522 11.686137859356004 52
      vertex -2.168859033108562 11.192340343401746 52
      vertex -2.3011968025734224 10.911108267894578 52
    endloop
  endfacet
  facet normal 0 0 -1
    outer loop
      vertex -3.067073380153522 11.686137859356004 52
      vertex -2.0023170610779952 11.45476849942387 52
      vertex -2.168859033108562 11.192340343401746 52
    endloop
  endfacet
  facet normal 0 0 -1
    outer loop
      vertex -3.067073380153522 11.686137859356004 52
      vertex -2.831559480312316 12.057248383023655 52
      vertex -2.0023170610779952 11.45476849942387 52
    endloop
  endfacet
  facet normal 0 0 -1
    outer loop
      vertex -2.831559480312316 12.057248383023655 52
      vertex -2.5513901959749408 12.39591487075041 52
      vertex -2.0023170610779952 11.45476849942387 52
    endloop
  endfacet
  facet normal -0.9510565162951535 0.3090169943749477 0
    outer loop
      vertex -3.3900410639502088 10.870414605076991 52
      vertex -3.25421770060888 11.288435934396372 56.251479953678796
      vertex -3.25421770060888 11.288435934396372 52
    endloop
  endfacet
  facet normal -0.9048270524660198 0.4257792915650722 0
    outer loop
      vertex -3.25421770060888 11.288435934396372 52
      vertex -3.067073380153522 11.686137859356004 56.251479953678796
      vertex -3.067073380153522 11.686137859356004 52
    endloop
  endfacet
  facet normal -0.8443279255020149 0.535826794978997 0
    outer loop
      vertex -3.067073380153522 11.686137859356004 52
      vertex -2.831559480312316 12.057248383023655 56.251479953678796
      vertex -2.831559480312316 12.057248383023655 52
    endloop
  endfacet
  facet normal -0.9980267284282717 0.06279051952931271 0
    outer loop
      vertex -3.5 10 52
      vertex -3.5 10 56.251479953678796
      vertex -3.4724014546006727 10.438666317475064 56.251479953678796
    endloop
  endfacet
  facet normal -0.9822872507286885 0.18738131458572566 0
    outer loop
      vertex -3.4724014546006727 10.438666317475064 52
      vertex -3.4724014546006727 10.438666317475064 56.251479953678796
      vertex -3.3900410639502088 10.870414605076991 56.251479953678796
    endloop
  endfacet
  facet normal -0.9510565162951535 0.3090169943749477 0
    outer loop
      vertex -3.3900410639502088 10.870414605076991 52
      vertex -3.3900410639502088 10.870414605076991 56.251479953678796
      vertex -3.25421770060888 11.288435934396372 56.251479953678796
    endloop
  endfacet
  facet normal -0.9048270524660198 0.4257792915650722 0
    outer loop
      vertex -3.25421770060888 11.288435934396372 52
      vertex -3.25421770060888 11.288435934396372 56.251479953678796
      vertex -3.067073380153522 11.686137859356004 56.251479953678796
    endloop
  endfacet
  facet normal -0.8443279255020149 0.535826794978997 0
    outer loop
      vertex -3.067073380153522 11.686137859356004 52
      vertex -3.067073380153522 11.686137859356004 56.251479953678796
      vertex -2.831559480312316 12.057248383023655 56.251479953678796
    endloop
  endfacet
  facet normal -0.77051324277579 0.6374239897486886 0
    outer loop
      vertex -2.831559480312316 12.057248383023655 52
      vertex -2.831559480312316 12.057248383023655 56.251479953678796
      vertex -2.5513901959749408 12.39591487075041 56.251479953678796
    endloop
  endfacet
  facet normal -0.77051324277579 0.6374239897486886 0
    outer loop
      vertex -2.831559480312316 12.057248383023655 52
      vertex -2.5513901959749408 12.39591487075041 56.251479953678796
      vertex -2.5513901959749408 12.39591487075041 52
    endloop
  endfacet
  facet normal -0.6845471059286905 0.7289686274214098 0
    outer loop
      vertex -2.5513901959749408 12.39591487075041 52
      vertex -2.230983964120414 12.696796349715264 56.251479953678796
      vertex -2.230983964120414 12.696796349715264 52
    endloop
  endfacet
  facet normal -0.6845471059286905 0.7289686274214098 0
    outer loop
      vertex -2.5513901959749408 12.39591487075041 52
      vertex -2.5513901959749408 12.39591487075041 56.251479953678796
      vertex -2.230983964120414 12.696796349715264 56.251479953678796
    endloop
  endfacet
  facet normal 0 0 -1
    outer loop
      vertex -2.5513901959749408 12.39591487075041 52
      vertex -1.804197352867994 11.694254087173505 52
      vertex -2.0023170610779952 11.45476849942387 52
    endloop
  endfacet
  facet normal 0 0 -1
    outer loop
      vertex -2.5513901959749408 12.39591487075041 52
      vertex -1.577624374628007 11.907020275870078 52
      vertex -1.804197352867994 11.694254087173505 52
    endloop
  endfacet
  facet normal 0 0 -1
    outer loop
      vertex -2.5513901959749408 12.39591487075041 52
      vertex -2.230983964120414 12.696796349715264 52
      vertex -1.577624374628007 11.907020275870078 52
    endloop
  endfacet
  facet normal 0 0 -1
    outer loop
      vertex -2.230983964120414 12.696796349715264 52
      vertex -1.8753937824264888 12.955147739257052 52
      vertex -1.577624374628007 11.907020275870078 52
    endloop
  endfacet
  facet normal 0 0 -1
    outer loop
      vertex -1.8753937824264888 12.955147739257052 52
      vertex -1.3261713175730172 12.089711615617487 52
      vertex -1.577624374628007 11.907020275870078 52
    endloop
  endfacet
  facet normal 0 0 -1
    outer loop
      vertex -1.8753937824264888 12.955147739257052 52
      vertex -1.4902275204777535 13.166894683631067 52
      vertex -1.3261713175730172 12.089711615617487 52
    endloop
  endfacet
  facet normal 0 0 -1
    outer loop
      vertex -1.4902275204777535 13.166894683631067 52
      vertex -1.053803746623555 12.239446954853399 52
      vertex -1.3261713175730172 12.089711615617487 52
    endloop
  endfacet
  facet normal 0 0 -1
    outer loop
      vertex -1.4902275204777535 13.166894683631067 52
      vertex -1.0815594803123159 13.328697807033038 52
      vertex -1.053803746623555 12.239446954853399 52
    endloop
  endfacet
  facet normal -0.5877852522924708 0.809016994374949 0
    outer loop
      vertex -2.230983964120414 12.696796349715264 52
      vertex -1.8753937824264888 12.955147739257052 56.251479953678796
      vertex -1.8753937824264888 12.955147739257052 52
    endloop
  endfacet
  facet normal -0.48175367410171327 0.8763066800438647 0
    outer loop
      vertex -1.8753937824264888 12.955147739257052 52
      vertex -1.4902275204777535 13.166894683631067 56.251479953678796
      vertex -1.4902275204777535 13.166894683631067 52
    endloop
  endfacet
  facet normal -0.36812455268468075 0.9297764858882503 0
    outer loop
      vertex -1.4902275204777535 13.166894683631067 52
      vertex -1.0815594803123159 13.328697807033038 56.251479953678796
      vertex -1.0815594803123159 13.328697807033038 52
    endloop
  endfacet
  facet normal 0 0 -1
    outer loop
      vertex -1.0815594803123159 13.328697807033038 52
      vertex -0.7648170610779949 12.353864877830505 52
      vertex -1.053803746623555 12.239446954853399 52
    endloop
  endfacet
  facet normal 0 0 -1
    outer loop
      vertex -1.0815594803123159 13.328697807033038 52
      vertex -0.463768753599669 12.431160945553504 52
      vertex -0.7648170610779949 12.353864877830505 52
    endloop
  endfacet
  facet normal 0 0 -1
    outer loop
      vertex -1.0815594803123159 13.328697807033038 52
      vertex -0.6558346010500369 13.438005377550411 52
      vertex -0.463768753599669 12.431160945553504 52
    endloop
  endfacet
  facet normal 0 0 -1
    outer loop
      vertex -0.21976681835259818 13.493093549498951 52
      vertex -0.15540653583505157 12.470116152859973 52
      vertex -0.463768753599669 12.431160945553504 52
    endloop
  endfacet
  facet normal 0 0 -1
    outer loop
      vertex -0.6558346010500369 13.438005377550411 52
      vertex -0.21976681835259818 13.493093549498951 52
      vertex -0.463768753599669 12.431160945553504 52
    endloop
  endfacet
  facet normal 0 0 -1
    outer loop
      vertex -0.21976681835259818 13.493093549498951 52
      vertex 0.15540653583505037 12.470116152859973 52
      vertex -0.15540653583505157 12.470116152859973 52
    endloop
  endfacet
  facet normal -0.24868988716485582 0.9685831611286309 0
    outer loop
      vertex -1.0815594803123159 13.328697807033038 52
      vertex -0.6558346010500369 13.438005377550411 56.251479953678796
      vertex -0.6558346010500369 13.438005377550411 52
    endloop
  endfacet
  facet normal -0.12533323356430495 0.9921147013144777 0
    outer loop
      vertex -0.6558346010500369 13.438005377550411 52
      vertex -0.21976681835259818 13.493093549498951 56.251479953678796
      vertex -0.21976681835259818 13.493093549498951 52
    endloop
  endfacet
  facet normal -0.5877852522924708 0.809016994374949 0
    outer loop
      vertex -2.230983964120414 12.696796349715264 52
      vertex -2.230983964120414 12.696796349715264 56.251479953678796
      vertex -1.8753937824264888 12.955147739257052 56.251479953678796
    endloop
  endfacet
  facet normal -0.48175367410171327 0.8763066800438647 0
    outer loop
      vertex -1.8753937824264888 12.955147739257052 52
      vertex -1.8753937824264888 12.955147739257052 56.251479953678796
      vertex -1.4902275204777535 13.166894683631067 56.251479953678796
    endloop
  endfacet
  facet normal -0.36812455268468075 0.9297764858882503 0
    outer loop
      vertex -1.4902275204777535 13.166894683631067 52
      vertex -1.4902275204777535 13.166894683631067 56.251479953678796
      vertex -1.0815594803123159 13.328697807033038 56.251479953678796
    endloop
  endfacet
  facet normal -0.24868988716485582 0.9685831611286309 0
    outer loop
      vertex -1.0815594803123159 13.328697807033038 52
      vertex -1.0815594803123159 13.328697807033038 56.251479953678796
      vertex -0.6558346010500369 13.438005377550411 56.251479953678796
    endloop
  endfacet
  facet normal -0.12533323356430495 0.9921147013144777 0
    outer loop
      vertex -0.6558346010500369 13.438005377550411 52
      vertex -0.6558346010500369 13.438005377550411 56.251479953678796
      vertex -0.21976681835259818 13.493093549498951 56.251479953678796
    endloop
  endfacet
  facet normal 0 1 0
    outer loop
      vertex -0.21976681835259818 13.493093549498951 52
      vertex -0.21976681835259818 13.493093549498951 56.251479953678796
      vertex 0.21976681835259818 13.493093549498951 56.251479953678796
    endloop
  endfacet
  facet normal -0.9962058827785742 0.06267596163114182 -0.06037849742228855
    outer loop
      vertex -3.5 10 56.251479953678796
      vertex -3.50546834442646 10 56.341704075166916
      vertex -3.4778266794980146 10.439351682764276 56.341704075166916
    endloop
  endfacet
  facet normal -0.9962058827785741 0.06267596163114172 -0.06037849742228821
    outer loop
      vertex -3.5 10 56.251479953678796
      vertex -3.4778266794980146 10.439351682764276 56.341704075166916
      vertex -3.4724014546006727 10.438666317475064 56.251479953678796
    endloop
  endfacet
  facet normal -0.9816789577473796 0.06176200497658548 -0.18025503781390087
    outer loop
      vertex -3.50546834442646 10 56.341704075166916
      vertex -3.4940232421944932 10.441397784462685 56.43061252579671
      vertex -3.4778266794980146 10.439351682764276 56.341704075166916
    endloop
  endfacet
  facet normal -0.9804951209026074 0.18703944753770024 -0.060378497422287646
    outer loop
      vertex -3.4724014546006727 10.438666317475064 56.251479953678796
      vertex -3.4778266794980146 10.439351682764276 56.341704075166916
      vertex -3.3953376102809294 10.871774527035386 56.341704075166916
    endloop
  endfacet
  facet normal -0.9804951209026073 0.18703944753770047 -0.060378497422288874
    outer loop
      vertex -3.4724014546006727 10.438666317475064 56.251479953678796
      vertex -3.3953376102809294 10.871774527035386 56.341704075166916
      vertex -3.3900410639502088 10.870414605076991 56.251479953678796
    endloop
  endfacet
  facet normal -0.9661972941571194 0.18431199121644487 -0.18025503781389784
    outer loop
      vertex -3.4778266794980146 10.439351682764276 56.341704075166916
      vertex -3.411150013700804 10.87583446218614 56.43061252579671
      vertex -3.3953376102809294 10.871774527035386 56.341704075166916
    endloop
  endfacet
  facet normal -0.06025935424974686 0.0037911972215425777 -0.9981755542233195
    outer loop
      vertex -4.25 10 57
      vertex -4.216487480586531 10.532666242648292 57
      vertex -4.159597489808508 10 56.994542446102145
    endloop
  endfacet
  facet normal -0.17989934567213875 0.011318307472111907 -0.9836199069471413
    outer loop
      vertex -4.159597489808508 10 56.994542446102145
      vertex -4.12679782118982 10.521335803723662 56.994542446102145
      vertex -4.070513251784332 10 56.97824936783374
    endloop
  endfacet
  facet normal -0.2969159995365488 0.018680371313126984 -0.9547208665085393
    outer loop
      vertex -4.070513251784332 10 56.97824936783374
      vertex -4.038416038990636 10.51017058811248 56.97824936783374
      vertex -3.9840463347180988 10 56.95135835496476
    endloop
  endfacet
  facet normal -0.40960294953110044 0.025770033275862476 -0.9118998459920825
    outer loop
      vertex -3.9840463347180988 10 56.95135835496476
      vertex -3.952630939391887 10.499333409800233 56.95135835496476
      vertex -3.9014576209671743 10 56.914261539016124
    endloop
  endfacet
  facet normal -0.060259354249746606 0.0037911972215426055 -0.9981755542233194
    outer loop
      vertex -4.159597489808508 10 56.994542446102145
      vertex -4.216487480586531 10.532666242648292 57
      vertex -4.12679782118982 10.521335803723662 56.994542446102145
    endloop
  endfacet
  facet normal -0.179899345672138 0.011318307472111995 -0.9836199069471414
    outer loop
      vertex -4.070513251784332 10 56.97824936783374
      vertex -4.12679782118982 10.521335803723662 56.994542446102145
      vertex -4.038416038990636 10.51017058811248 56.97824936783374
    endloop
  endfacet
  facet normal -0.29691599953655057 0.01868037131312676 -0.9547208665085386
    outer loop
      vertex -3.9840463347180988 10 56.95135835496476
      vertex -4.038416038990636 10.51017058811248 56.97824936783374
      vertex -3.952630939391887 10.499333409800233 56.95135835496476
    endloop
  endfacet
  facet normal -0.05930902823603475 0.011313802219692724 -0.9981755542233193
    outer loop
      vertex -4.216487480586531 10.532666242648292 57
      vertex -4.116478434796682 11.056932020450633 57
      vertex -4.12679782118982 10.521335803723662 56.994542446102145
    endloop
  endfacet
  facet normal -0.17706222552422834 0.033776425946271185 -0.9836199069471414
    outer loop
      vertex -4.12679782118982 10.521335803723662 56.994542446102145
      vertex -4.028916085701444 11.034449830391692 56.994542446102145
      vertex -4.038416038990636 10.51017058811248 56.97824936783374
    endloop
  endfacet
  facet normal -0.2922334568548386 0.05574651332465951 -0.9547208665085385
    outer loop
      vertex -4.038416038990636 10.51017058811248 56.97824936783374
      vertex -3.9426305928292518 11.012295481289293 56.97824936783374
      vertex -3.952630939391887 10.499333409800233 56.95135835496476
    endloop
  endfacet
  facet normal -0.059309028236035205 0.01131380221969273 -0.9981755542233194
    outer loop
      vertex -4.12679782118982 10.521335803723662 56.994542446102145
      vertex -4.116478434796682 11.056932020450633 57
      vertex -4.028916085701444 11.034449830391692 56.994542446102145
    endloop
  endfacet
  facet normal -0.1770622255242289 0.03377642594627119 -0.9836199069471415
    outer loop
      vertex -4.038416038990636 10.51017058811248 56.97824936783374
      vertex -4.028916085701444 11.034449830391692 56.994542446102145
      vertex -3.9426305928292518 11.012295481289293 56.97824936783374
    endloop
  endfacet
  facet normal -0.7856301538250259 0.04942765971233524 -0.6167188726285484
    outer loop
      vertex -3.6886169388716747 10 56.74784055654184
      vertex -3.659531092572195 10.462306288328852 56.74784055654184
      vertex -3.6327621005797583 10 56.67668780421545
    endloop
  endfacet
  facet normal -0.705711467477037 0.04439960215340246 -0.7071067811865663
    outer loop
      vertex -3.752658006319404 10 56.81175525357175
      vertex -3.7230671770749595 10.470332762392985 56.81175525357175
      vertex -3.6886169388716747 10 56.74784055654184
    endloop
  endfacet
  facet normal -0.705711467477036 0.04439960215340264 -0.7071067811865672
    outer loop
      vertex -3.6886169388716747 10 56.74784055654184
      vertex -3.7230671770749595 10.470332762392985 56.81175525357175
      vertex -3.659531092572195 10.462306288328852 56.74784055654184
    endloop
  endfacet
  facet normal -0.9528369429637268 0.05994741921354796 -0.2975030538552084
    outer loop
      vertex -3.521793636930461 10 56.43061252579671
      vertex -3.5487378179859395 10 56.5169088201536
      vertex -3.520754960334512 10.44477478580011 56.5169088201536
    endloop
  endfacet
  facet normal -0.9101004199497297 0.057258665088544346 -0.41041280545275827
    outer loop
      vertex -3.5487378179859395 10 56.5169088201536
      vertex -3.585907980760093 10 56.599334563943536
      vertex -3.557632025273002 10.449433442492706 56.599334563943536
    endloop
  endfacet
  facet normal -0.9816789577473796 0.06176200497658542 -0.18025503781390056
    outer loop
      vertex -3.50546834442646 10 56.341704075166916
      vertex -3.521793636930461 10 56.43061252579671
      vertex -3.4940232421944932 10.441397784462685 56.43061252579671
    endloop
  endfacet
  facet normal -0.8540925834452018 0.053734950691264924 -0.5173378141776498
    outer loop
      vertex -3.6327621005797583 10 56.67668780421545
      vertex -3.604116686363242 10.455305820835514 56.67668780421545
      vertex -3.585907980760093 10 56.599334563943536
    endloop
  endfacet
  facet normal -0.9101004199497296 0.057258665088544373 -0.4104128054527584
    outer loop
      vertex -3.5487378179859395 10 56.5169088201536
      vertex -3.557632025273002 10.449433442492706 56.599334563943536
      vertex -3.520754960334512 10.44477478580011 56.5169088201536
    endloop
  endfacet
  facet normal -0.952836942963728 0.059947419213547154 -0.2975030538552042
    outer loop
      vertex -3.521793636930461 10 56.43061252579671
      vertex -3.520754960334512 10.44477478580011 56.5169088201536
      vertex -3.4940232421944932 10.441397784462685 56.43061252579671
    endloop
  endfacet
  facet normal -0.7856301538250262 0.04942765971233516 -0.6167188726285481
    outer loop
      vertex -3.659531092572195 10.462306288328852 56.74784055654184
      vertex -3.604116686363242 10.455305820835514 56.67668780421545
      vertex -3.6327621005797583 10 56.67668780421545
    endloop
  endfacet
  facet normal -0.8540925834452011 0.0537349506912651 -0.5173378141776507
    outer loop
      vertex -3.585907980760093 10 56.599334563943536
      vertex -3.604116686363242 10.455305820835514 56.67668780421545
      vertex -3.557632025273002 10.449433442492706 56.599334563943536
    endloop
  endfacet
  facet normal -0.5163169661759303 0.03248391012437217 -0.8557812723014655
    outer loop
      vertex -3.9014576209671743 10 56.914261539016124
      vertex -3.870693462316942 10.488982299249914 56.914261539016124
      vertex -3.8239514399516334 10 56.86749987509912
    endloop
  endfacet
  facet normal -0.6155019188094555 0.03872409841587997 -0.7871834806090354
    outer loop
      vertex -3.752658006319404 10 56.81175525357175
      vertex -3.8239514399516334 10 56.86749987509912
      vertex -3.793798440688682 10.479268198962014 56.86749987509912
    endloop
  endfacet
  facet normal -0.5163169661759278 0.032483910124372545 -0.8557812723014669
    outer loop
      vertex -3.8239514399516334 10 56.86749987509912
      vertex -3.870693462316942 10.488982299249914 56.914261539016124
      vertex -3.793798440688682 10.479268198962014 56.86749987509912
    endloop
  endfacet
  facet normal -0.409602949531101 0.02577003327586238 -0.9118998459920822
    outer loop
      vertex -3.952630939391887 10.499333409800233 56.95135835496476
      vertex -3.870693462316942 10.488982299249914 56.914261539016124
      vertex -3.9014576209671743 10 56.914261539016124
    endloop
  endfacet
  facet normal -0.6155019188094567 0.03872409841587975 -0.7871834806090345
    outer loop
      vertex -3.752658006319404 10 56.81175525357175
      vertex -3.793798440688682 10.479268198962014 56.86749987509912
      vertex -3.7230671770749595 10.470332762392985 56.81175525357175
    endloop
  endfacet
  facet normal -0.6945819760633274 0.1324985982112121 -0.7071067811865668
    outer loop
      vertex -3.659531092572195 10.462306288328852 56.74784055654184
      vertex -3.7230671770749595 10.470332762392985 56.81175525357175
      vertex -3.634761354395515 10.933248096159861 56.81175525357175
    endloop
  endfacet
  facet normal -0.895747592659484 0.17087299191251706 -0.4104128054527586
    outer loop
      vertex -3.520754960334512 10.44477478580011 56.5169088201536
      vertex -3.557632025273002 10.449433442492706 56.599334563943536
      vertex -3.4732500875209973 10.89177905111878 56.599334563943536
    endloop
  endfacet
  facet normal -0.9661972941571189 0.18431199121644543 -0.180255037813901
    outer loop
      vertex -3.4778266794980146 10.439351682764276 56.341704075166916
      vertex -3.4940232421944932 10.441397784462685 56.43061252579671
      vertex -3.411150013700804 10.87583446218614 56.43061252579671
    endloop
  endfacet
  facet normal -0.9378101351759905 0.1788968510287933 -0.29750305385520387
    outer loop
      vertex -3.520754960334512 10.44477478580011 56.5169088201536
      vertex -3.4372476937615417 10.882535207532577 56.5169088201536
      vertex -3.4940232421944932 10.441397784462685 56.43061252579671
    endloop
  endfacet
  facet normal -0.937810135175988 0.17889685102879427 -0.29750305385521064
    outer loop
      vertex -3.4940232421944932 10.441397784462685 56.43061252579671
      vertex -3.4372476937615417 10.882535207532577 56.5169088201536
      vertex -3.411150013700804 10.87583446218614 56.43061252579671
    endloop
  endfacet
  facet normal -0.8957475926594831 0.17087299191251726 -0.4104128054527605
    outer loop
      vertex -3.520754960334512 10.44477478580011 56.5169088201536
      vertex -3.4732500875209973 10.89177905111878 56.599334563943536
      vertex -3.4372476937615417 10.882535207532577 56.5169088201536
    endloop
  endfacet
  facet normal -0.840623033194092 0.16035741980168997 -0.5173378141776505
    outer loop
      vertex -3.604116686363242 10.455305820835514 56.67668780421545
      vertex -3.518632199007828 10.903431196889942 56.67668780421545
      vertex -3.557632025273002 10.449433442492706 56.599334563943536
    endloop
  endfacet
  facet normal -0.7732402969864997 0.14750347541668912 -0.6167188726285486
    outer loop
      vertex -3.659531092572195 10.462306288328852 56.74784055654184
      vertex -3.5727322548449414 10.917321730322369 56.74784055654184
      vertex -3.604116686363242 10.455305820835514 56.67668780421545
    endloop
  endfacet
  facet normal -0.8406230331940933 0.16035741980168974 -0.5173378141776485
    outer loop
      vertex -3.557632025273002 10.449433442492706 56.599334563943536
      vertex -3.518632199007828 10.903431196889942 56.67668780421545
      vertex -3.4732500875209973 10.89177905111878 56.599334563943536
    endloop
  endfacet
  facet normal -0.773240296986499 0.14750347541668918 -0.6167188726285493
    outer loop
      vertex -3.604116686363242 10.455305820835514 56.67668780421545
      vertex -3.5727322548449414 10.917321730322369 56.74784055654184
      vertex -3.518632199007828 10.903431196889942 56.67668780421545
    endloop
  endfacet
  facet normal -0.694581976063328 0.13249859821121204 -0.7071067811865661
    outer loop
      vertex -3.659531092572195 10.462306288328852 56.74784055654184
      vertex -3.634761354395515 10.933248096159861 56.81175525357175
      vertex -3.5727322548449414 10.917321730322369 56.74784055654184
    endloop
  endfacet
  facet normal -0.9079935013359052 0.295024972635515 -0.29750305385521186
    outer loop
      vertex -3.411150013700804 10.87583446218614 56.43061252579671
      vertex -3.4372476937615417 10.882535207532577 56.5169088201536
      vertex -3.299532977745708 11.306377521841274 56.5169088201536
    endloop
  endfacet
  facet normal -0.8672682907393228 0.2817925495794531 -0.41041280545276004
    outer loop
      vertex -3.4372476937615417 10.882535207532577 56.5169088201536
      vertex -3.4732500875209973 10.89177905111878 56.599334563943536
      vertex -3.3340929210697547 11.320060771385725 56.599334563943536
    endloop
  endfacet
  facet normal -0.6724985119639401 0.21850801222440452 -0.7071067811865657
    outer loop
      vertex -3.634761354395515 10.933248096159861 56.81175525357175
      vertex -3.489133173856067 11.381445549954906 56.81175525357175
      vertex -3.5727322548449414 10.917321730322369 56.74784055654184
    endloop
  endfacet
  facet normal -0.8138963555456533 0.2644509566089628 -0.5173378141776493
    outer loop
      vertex -3.518632199007828 10.903431196889942 56.67668780421545
      vertex -3.3776567799450703 11.337308923285775 56.67668780421545
      vertex -3.4732500875209973 10.89177905111878 56.599334563943536
    endloop
  endfacet
  facet normal -0.7486559787531328 0.24325307319941686 -0.6167188726285485
    outer loop
      vertex -3.518632199007828 10.903431196889942 56.67668780421545
      vertex -3.5727322548449414 10.917321730322369 56.74784055654184
      vertex -3.429589295211985 11.357870460647261 56.74784055654184
    endloop
  endfacet
  facet normal -0.5081743391865272 0.09693943970550893 -0.8557812723014674
    outer loop
      vertex -3.870693462316942 10.488982299249914 56.914261539016124
      vertex -3.7788861555257744 10.970253055536789 56.914261539016124
      vertex -3.793798440688682 10.479268198962014 56.86749987509912
    endloop
  endfacet
  facet normal -0.4031432663320543 0.07690369100855655 -0.9118998459920821
    outer loop
      vertex -3.952630939391887 10.499333409800233 56.95135835496476
      vertex -3.8588801929641923 10.990792033440597 56.95135835496476
      vertex -3.870693462316942 10.488982299249914 56.914261539016124
    endloop
  endfacet
  facet normal -0.2922334568548356 0.05574651332465951 -0.9547208665085395
    outer loop
      vertex -3.952630939391887 10.499333409800233 56.95135835496476
      vertex -3.9426305928292518 11.012295481289293 56.97824936783374
      vertex -3.8588801929641923 10.990792033440597 56.95135835496476
    endloop
  endfacet
  facet normal -0.4031432663320541 0.07690369100855654 -0.911899845992082
    outer loop
      vertex -3.870693462316942 10.488982299249914 56.914261539016124
      vertex -3.8588801929641923 10.990792033440597 56.95135835496476
      vertex -3.7788861555257744 10.970253055536789 56.914261539016124
    endloop
  endfacet
  facet normal -0.6057950858668079 0.1155615930829663 -0.7871834806090343
    outer loop
      vertex -3.7230671770749595 10.470332762392985 56.81175525357175
      vertex -3.793798440688682 10.479268198962014 56.86749987509912
      vertex -3.7038149737107338 10.950978052125455 56.86749987509912
    endloop
  endfacet
  facet normal -0.5081743391865293 0.09693943970550889 -0.8557812723014662
    outer loop
      vertex -3.793798440688682 10.479268198962014 56.86749987509912
      vertex -3.7788861555257744 10.970253055536789 56.914261539016124
      vertex -3.7038149737107338 10.950978052125455 56.86749987509912
    endloop
  endfacet
  facet normal -0.6057950858668077 0.11556159308296632 -0.7871834806090344
    outer loop
      vertex -3.7230671770749595 10.470332762392985 56.81175525357175
      vertex -3.7038149737107338 10.950978052125455 56.86749987509912
      vertex -3.634761354395515 10.933248096159861 56.81175525357175
    endloop
  endfacet
  facet normal -0.49201749929952243 0.1598661764136744 -0.8557812723014663
    outer loop
      vertex -3.7788861555257744 10.970253055536789 56.914261539016124
      vertex -3.627483556664797 11.43622234153677 56.914261539016124
      vertex -3.7038149737107338 10.950978052125455 56.86749987509912
    endloop
  endfacet
  facet normal -0.5865345025355964 0.1905766123939837 -0.7871834806090343
    outer loop
      vertex -3.634761354395515 10.933248096159861 56.81175525357175
      vertex -3.7038149737107338 10.950978052125455 56.86749987509912
      vertex -3.555420132045549 11.407690413320125 56.86749987509912
    endloop
  endfacet
  facet normal -0.057423363417544934 0.01865798179830048 -0.9981755542233193
    outer loop
      vertex -4.116478434796682 11.056932020450633 57
      vertex -3.9515500650250686 11.56452934890988 57
      vertex -4.028916085701444 11.034449830391692 56.994542446102145
    endloop
  endfacet
  facet normal -0.17143272830795564 0.05570187000619952 -0.9836199069471414
    outer loop
      vertex -4.028916085701444 11.034449830391692 56.994542446102145
      vertex -3.8674959367837465 11.531249965284065 56.994542446102145
      vertex -3.9426305928292518 11.012295481289293 56.97824936783374
    endloop
  endfacet
  facet normal -0.05742336341754448 0.018657981798300412 -0.9981755542233194
    outer loop
      vertex -4.028916085701444 11.034449830391692 56.994542446102145
      vertex -3.9515500650250686 11.56452934890988 57
      vertex -3.8674959367837465 11.531249965284065 56.994542446102145
    endloop
  endfacet
  facet normal -0.8138963555456509 0.2644509566089629 -0.5173378141776531
    outer loop
      vertex -3.4732500875209973 10.89177905111878 56.599334563943536
      vertex -3.3776567799450703 11.337308923285775 56.67668780421545
      vertex -3.3340929210697547 11.320060771385725 56.599334563943536
    endloop
  endfacet
  facet normal -0.7486559787531334 0.24325307319941689 -0.6167188726285477
    outer loop
      vertex -3.518632199007828 10.903431196889942 56.67668780421545
      vertex -3.429589295211985 11.357870460647261 56.74784055654184
      vertex -3.3776567799450703 11.337308923285775 56.67668780421545
    endloop
  endfacet
  facet normal -0.6724985119639393 0.2185080122244045 -0.7071067811865667
    outer loop
      vertex -3.5727322548449414 10.917321730322369 56.74784055654184
      vertex -3.489133173856067 11.381445549954906 56.81175525357175
      vertex -3.429589295211985 11.357870460647261 56.74784055654184
    endloop
  endfacet
  facet normal -0.6398093445997407 0.30107142435445944 -0.7071067811865668
    outer loop
      vertex -3.489133173856067 11.381445549954906 56.81175525357175
      vertex -3.2884792788577806 11.80785678219159 56.81175525357175
      vertex -3.429589295211985 11.357870460647261 56.74784055654184
    endloop
  endfacet
  facet normal -0.282942217986717 0.09193349951970882 -0.9547208665085397
    outer loop
      vertex -3.9426305928292518 11.012295481289293 56.97824936783374
      vertex -3.7846675070055955 11.498455870010162 56.97824936783374
      vertex -3.8588801929641923 10.990792033440597 56.95135835496476
    endloop
  endfacet
  facet normal -0.17143272830795694 0.0557018700061997 -0.9836199069471412
    outer loop
      vertex -3.9426305928292518 11.012295481289293 56.97824936783374
      vertex -3.8674959367837465 11.531249965284065 56.994542446102145
      vertex -3.7846675070055955 11.498455870010162 56.97824936783374
    endloop
  endfacet
  facet normal -0.39032577299683663 0.12682453159400606 -0.9118998459920821
    outer loop
      vertex -3.8588801929641923 10.990792033440597 56.95135835496476
      vertex -3.7042726007101625 11.46662527484313 56.95135835496476
      vertex -3.7788861555257744 10.970253055536789 56.914261539016124
    endloop
  endfacet
  facet normal -0.28294221798671837 0.09193349951970899 -0.9547208665085393
    outer loop
      vertex -3.8588801929641923 10.990792033440597 56.95135835496476
      vertex -3.7846675070055955 11.498455870010162 56.97824936783374
      vertex -3.7042726007101625 11.46662527484313 56.95135835496476
    endloop
  endfacet
  facet normal -0.390325772996837 0.1268245315940061 -0.911899845992082
    outer loop
      vertex -3.7788861555257744 10.970253055536789 56.914261539016124
      vertex -3.7042726007101625 11.46662527484313 56.95135835496476
      vertex -3.627483556664797 11.43622234153677 56.914261539016124
    endloop
  endfacet
  facet normal -0.16309963455731957 0.07674886230144583 -0.9836199069471411
    outer loop
      vertex -3.8674959367837465 11.531249965284065 56.994542446102145
      vertex -3.645083066612882 12.003901373499522 56.994542446102145
      vertex -3.7846675070055955 11.498455870010162 56.97824936783374
    endloop
  endfacet
  facet normal -0.2691888113194608 0.12667063950892254 -0.9547208665085394
    outer loop
      vertex -3.7846675070055955 11.498455870010162 56.97824936783374
      vertex -3.567017953745679 11.960984714526823 56.97824936783374
      vertex -3.7042726007101625 11.46662527484313 56.95135835496476
    endloop
  endfacet
  facet normal -0.5865345025355935 0.19057661239398352 -0.7871834806090365
    outer loop
      vertex -3.634761354395515 10.933248096159861 56.81175525357175
      vertex -3.555420132045549 11.407690413320125 56.86749987509912
      vertex -3.489133173856067 11.381445549954906 56.81175525357175
    endloop
  endfacet
  facet normal -0.49201749929952365 0.1598661764136745 -0.8557812723014656
    outer loop
      vertex -3.7038149737107338 10.950978052125455 56.86749987509912
      vertex -3.627483556664797 11.43622234153677 56.914261539016124
      vertex -3.555420132045549 11.407690413320125 56.86749987509912
    endloop
  endfacet
  facet normal -0.46810124953155485 0.22027172802037367 -0.8557812723014658
    outer loop
      vertex -3.627483556664797 11.43622234153677 56.914261539016124
      vertex -3.4188733751615743 11.879541543253074 56.914261539016124
      vertex -3.555420132045549 11.407690413320125 56.86749987509912
    endloop
  endfacet
  facet normal -0.3713526090521448 0.174745273554917 -0.9118998459920816
    outer loop
      vertex -3.7042726007101625 11.46662527484313 56.95135835496476
      vertex -3.49124641671774 11.919328959541916 56.95135835496476
      vertex -3.627483556664797 11.43622234153677 56.914261539016124
    endloop
  endfacet
  facet normal -0.5580239197206666 0.2625861246825993 -0.7871834806090365
    outer loop
      vertex -3.489133173856067 11.381445549954906 56.81175525357175
      vertex -3.555420132045549 11.407690413320125 56.86749987509912
      vertex -3.350954190992967 11.842202655783245 56.86749987509912
    endloop
  endfacet
  facet normal -0.5580239197206668 0.26258612468259934 -0.7871834806090363
    outer loop
      vertex -3.489133173856067 11.381445549954906 56.81175525357175
      vertex -3.350954190992967 11.842202655783245 56.86749987509912
      vertex -3.2884792788577806 11.80785678219159 56.81175525357175
    endloop
  endfacet
  facet normal -0.05463209785490491 0.025707913858210706 -0.9981755542233193
    outer loop
      vertex -3.9515500650250686 11.56452934890988 57
      vertex -3.72430339018642 12.04745311493229 57
      vertex -3.8674959367837465 11.531249965284065 56.994542446102145
    endloop
  endfacet
  facet normal -0.16309963455731863 0.07674886230144559 -0.9836199069471412
    outer loop
      vertex -3.7846675070055955 11.498455870010162 56.97824936783374
      vertex -3.645083066612882 12.003901373499522 56.994542446102145
      vertex -3.567017953745679 11.960984714526823 56.97824936783374
    endloop
  endfacet
  facet normal -0.05463209785490512 0.02570791385821077 -0.9981755542233194
    outer loop
      vertex -3.8674959367837465 11.531249965284065 56.994542446102145
      vertex -3.72430339018642 12.04745311493229 57
      vertex -3.645083066612882 12.003901373499522 56.994542446102145
    endloop
  endfacet
  facet normal -0.2691888113194604 0.12667063950892243 -0.9547208665085396
    outer loop
      vertex -3.7042726007101625 11.46662527484313 56.95135835496476
      vertex -3.567017953745679 11.960984714526823 56.97824936783374
      vertex -3.49124641671774 11.919328959541916 56.95135835496476
    endloop
  endfacet
  facet normal -0.46810124953155574 0.22027172802037392 -0.8557812723014653
    outer loop
      vertex -3.555420132045549 11.407690413320125 56.86749987509912
      vertex -3.4188733751615743 11.879541543253074 56.914261539016124
      vertex -3.350954190992967 11.842202655783245 56.86749987509912
    endloop
  endfacet
  facet normal -0.3713526090521431 0.17474527355491656 -0.9118998459920824
    outer loop
      vertex -3.627483556664797 11.43622234153677 56.914261539016124
      vertex -3.49124641671774 11.919328959541916 56.95135835496476
      vertex -3.4188733751615743 11.879541543253074 56.914261539016124
    endloop
  endfacet
  facet normal -0.05097925147346039 0.032352416759413916 -0.9981755542233193
    outer loop
      vertex -3.72430339018642 12.04745311493229 57
      vertex -3.4383222260935264 12.498087322243011 57
      vertex -3.645083066612882 12.003901373499522 56.994542446102145
    endloop
  endfacet
  facet normal -0.15219436213871307 0.09658547919064951 -0.9836199069471413
    outer loop
      vertex -3.567017953745679 11.960984714526823 56.97824936783374
      vertex -3.645083066612882 12.003901373499522 56.994542446102145
      vertex -3.3651850590144554 12.444950059982233 56.994542446102145
    endloop
  endfacet
  facet normal -0.25119013629209413 0.1594101078437075 -0.9547208665085397
    outer loop
      vertex -3.567017953745679 11.960984714526823 56.97824936783374
      vertex -3.293114396521954 12.39258765865991 56.97824936783374
      vertex -3.49124641671774 11.919328959541916 56.95135835496476
    endloop
  endfacet
  facet normal -0.34652299262740294 0.21991017816409827 -0.9118998459920822
    outer loop
      vertex -3.4188733751615743 11.879541543253074 56.914261539016124
      vertex -3.49124641671774 11.919328959541916 56.95135835496476
      vertex -3.223161191164162 12.34176367999718 56.95135835496476
    endloop
  endfacet
  facet normal -0.9493213652506126 0.308453209624636 -0.06037849742228894
    outer loop
      vertex -3.3900410639502088 10.870414605076991 56.251479953678796
      vertex -3.3953376102809294 10.871774527035386 56.341704075166916
      vertex -3.2593020386733405 11.29044896624229 56.341704075166916
    endloop
  endfacet
  facet normal -0.9354781220597151 0.3039552672521713 -0.18025503781389768
    outer loop
      vertex -3.3953376102809294 10.871774527035386 56.341704075166916
      vertex -3.411150013700804 10.87583446218614 56.43061252579671
      vertex -3.2744809117688085 11.29645870724277 56.43061252579671
    endloop
  endfacet
  facet normal -0.9354781220597151 0.3039552672521714 -0.18025503781389843
    outer loop
      vertex -3.3953376102809294 10.871774527035386 56.341704075166916
      vertex -3.2744809117688085 11.29645870724277 56.43061252579671
      vertex -3.2593020386733405 11.29044896624229 56.341704075166916
    endloop
  endfacet
  facet normal -0.949321365250612 0.30845320962463696 -0.06037849742229442
    outer loop
      vertex -3.3900410639502088 10.870414605076991 56.251479953678796
      vertex -3.2593020386733405 11.29044896624229 56.341704075166916
      vertex -3.25421770060888 11.288435934396372 56.251479953678796
    endloop
  endfacet
  facet normal -0.903176244571519 0.4250024803347781 -0.060378497422296236
    outer loop
      vertex -3.25421770060888 11.288435934396372 56.251479953678796
      vertex -3.2593020386733405 11.29044896624229 56.341704075166916
      vertex -3.0718653269032097 11.688772254374705 56.341704075166916
    endloop
  endfacet
  facet normal -0.9031762445715198 0.4250024803347773 -0.0603784974222913
    outer loop
      vertex -3.25421770060888 11.288435934396372 56.251479953678796
      vertex -3.0718653269032097 11.688772254374705 56.341704075166916
      vertex -3.067073380153522 11.686137859356004 56.251479953678796
    endloop
  endfacet
  facet normal -0.890005901149885 0.41880498714925835 -0.18025503781390062
    outer loop
      vertex -3.2593020386733405 11.29044896624229 56.341704075166916
      vertex -3.086171289778136 11.696637024019292 56.43061252579671
      vertex -3.0718653269032097 11.688772254374705 56.341704075166916
    endloop
  endfacet
  facet normal -0.8427874949841984 0.5348492080458624 -0.060378497422291275
    outer loop
      vertex -3.067073380153522 11.686137859356004 56.251479953678796
      vertex -3.0718653269032097 11.688772254374705 56.341704075166916
      vertex -2.8359834638844177 12.060462595231986 56.341704075166916
    endloop
  endfacet
  facet normal -0.8427874949841968 0.5348492080458639 -0.060378497422300385
    outer loop
      vertex -3.067073380153522 11.686137859356004 56.251479953678796
      vertex -2.8359834638844177 12.060462595231986 56.341704075166916
      vertex -2.831559480312316 12.057248383023655 56.251479953678796
    endloop
  endfacet
  facet normal -0.830497755515168 0.527049902217026 -0.18025503781390237
    outer loop
      vertex -3.0718653269032097 11.688772254374705 56.341704075166916
      vertex -2.8491909029582967 12.070058361405199 56.43061252579671
      vertex -2.8359834638844177 12.060462595231986 56.341704075166916
    endloop
  endfacet
  facet normal -0.769107483144127 0.6362610442426372 -0.06037849742230265
    outer loop
      vertex -2.831559480312316 12.057248383023655 56.251479953678796
      vertex -2.8359834638844177 12.060462595231986 56.341704075166916
      vertex -2.5553764475057648 12.399658210101764 56.341704075166916
    endloop
  endfacet
  facet normal -0.9079935013359062 0.29502497263551464 -0.29750305385520903
    outer loop
      vertex -3.411150013700804 10.87583446218614 56.43061252579671
      vertex -3.299532977745708 11.306377521841274 56.5169088201536
      vertex -3.2744809117688085 11.29645870724277 56.43061252579671
    endloop
  endfacet
  facet normal -0.8672682907393245 0.2817925495794528 -0.4104128054527563
    outer loop
      vertex -3.4372476937615417 10.882535207532577 56.5169088201536
      vertex -3.3340929210697547 11.320060771385725 56.599334563943536
      vertex -3.299532977745708 11.306377521841274 56.5169088201536
    endloop
  endfacet
  facet normal -0.8251116497932405 0.3882680704048111 -0.4104128054527556
    outer loop
      vertex -3.299532977745708 11.306377521841274 56.5169088201536
      vertex -3.3340929210697547 11.320060771385725 56.599334563943536
      vertex -3.1423551175626714 11.727524344721838 56.599334563943536
    endloop
  endfacet
  facet normal -0.8900059011498859 0.4188049871492579 -0.18025503781389718
    outer loop
      vertex -3.2593020386733405 11.29044896624229 56.341704075166916
      vertex -3.2744809117688085 11.29645870724277 56.43061252579671
      vertex -3.086171289778136 11.696637024019292 56.43061252579671
    endloop
  endfacet
  facet normal -0.8638572675707292 0.4065003741844007 -0.2975030538552093
    outer loop
      vertex -3.2744809117688085 11.29645870724277 56.43061252579671
      vertex -3.299532977745708 11.306377521841274 56.5169088201536
      vertex -3.109782655625363 11.70961748223843 56.5169088201536
    endloop
  endfacet
  facet normal -0.863857267570731 0.4065003741844005 -0.2975030538552048
    outer loop
      vertex -3.2744809117688085 11.29645870724277 56.43061252579671
      vertex -3.109782655625363 11.70961748223843 56.5169088201536
      vertex -3.086171289778136 11.696637024019292 56.43061252579671
    endloop
  endfacet
  facet normal -0.8251116497932387 0.38826807040481115 -0.4104128054527593
    outer loop
      vertex -3.299532977745708 11.306377521841274 56.5169088201536
      vertex -3.1423551175626714 11.727524344721838 56.599334563943536
      vertex -3.109782655625363 11.70961748223843 56.5169088201536
    endloop
  endfacet
  facet normal -0.7743340461721395 0.36437394385516836 -0.5173378141776546
    outer loop
      vertex -3.3776567799450703 11.337308923285775 56.67668780421545
      vertex -3.1834136957482198 11.750096489091764 56.67668780421545
      vertex -3.3340929210697547 11.320060771385725 56.599334563943536
    endloop
  endfacet
  facet normal -0.7122649085094263 0.3351664247054479 -0.616718872628547
    outer loop
      vertex -3.3776567799450703 11.337308923285775 56.67668780421545
      vertex -3.429589295211985 11.357870460647261 56.74784055654184
      vertex -3.232359663656196 11.777004762655253 56.74784055654184
    endloop
  endfacet
  facet normal -0.7122649085094221 0.33516642470544733 -0.616718872628552
    outer loop
      vertex -3.3776567799450703 11.337308923285775 56.67668780421545
      vertex -3.232359663656196 11.777004762655253 56.74784055654184
      vertex -3.1834136957482198 11.750096489091764 56.67668780421545
    endloop
  endfacet
  facet normal -0.6398093445997444 0.3010714243544601 -0.7071067811865632
    outer loop
      vertex -3.429589295211985 11.357870460647261 56.74784055654184
      vertex -3.2884792788577806 11.80785678219159 56.81175525357175
      vertex -3.232359663656196 11.777004762655253 56.74784055654184
    endloop
  endfacet
  facet normal -0.7743340461721426 0.3643739438551685 -0.5173378141776497
    outer loop
      vertex -3.3340929210697547 11.320060771385725 56.599334563943536
      vertex -3.1834136957482198 11.750096489091764 56.67668780421545
      vertex -3.1423551175626714 11.727524344721838 56.599334563943536
    endloop
  endfacet
  facet normal -0.597030001667633 0.37888676027109314 -0.7071067811865626
    outer loop
      vertex -3.2884792788577806 11.80785678219159 56.81175525357175
      vertex -3.035964101189607 12.205757033011821 56.81175525357175
      vertex -3.232359663656196 11.777004762655253 56.74784055654184
    endloop
  endfacet
  facet normal -0.6646409951720886 0.42179400147515445 -0.6167188726285527
    outer loop
      vertex -3.1834136957482198 11.750096489091764 56.67668780421545
      vertex -3.232359663656196 11.777004762655253 56.74784055654184
      vertex -2.9841537892864816 12.168114638024978 56.74784055654184
    endloop
  endfacet
  facet normal -0.8304977555151687 0.5270499022170259 -0.18025503781390045
    outer loop
      vertex -3.0718653269032097 11.688772254374705 56.341704075166916
      vertex -3.086171289778136 11.696637024019292 56.43061252579671
      vertex -2.8491909029582967 12.070058361405199 56.43061252579671
    endloop
  endfacet
  facet normal -0.7699425052321075 0.48862037181978135 -0.4104128054527594
    outer loop
      vertex -3.109782655625363 11.70961748223843 56.5169088201536
      vertex -3.1423551175626714 11.727524344721838 56.599334563943536
      vertex -2.9010604966996674 12.107743827168663 56.599334563943536
    endloop
  endfacet
  facet normal -0.8060974886526469 0.5115650220008431 -0.2975030538552042
    outer loop
      vertex -3.109782655625363 11.70961748223843 56.5169088201536
      vertex -2.870989203331694 12.085895753664706 56.5169088201536
      vertex -3.086171289778136 11.696637024019292 56.43061252579671
    endloop
  endfacet
  facet normal -0.8060974886526477 0.5115650220008431 -0.2975030538552021
    outer loop
      vertex -3.086171289778136 11.696637024019292 56.43061252579671
      vertex -2.870989203331694 12.085895753664706 56.5169088201536
      vertex -2.8491909029582967 12.070058361405199 56.43061252579671
    endloop
  endfacet
  facet normal -0.7225600263257602 0.4585505363403341 -0.5173378141776501
    outer loop
      vertex -3.1834136957482198 11.750096489091764 56.67668780421545
      vertex -2.9389662758902566 12.135283987807808 56.67668780421545
      vertex -3.1423551175626714 11.727524344721838 56.599334563943536
    endloop
  endfacet
  facet normal -0.7699425052321097 0.4886203718197816 -0.41041280545275527
    outer loop
      vertex -3.109782655625363 11.70961748223843 56.5169088201536
      vertex -2.9010604966996674 12.107743827168663 56.599334563943536
      vertex -2.870989203331694 12.085895753664706 56.5169088201536
    endloop
  endfacet
  facet normal -0.6646409951720914 0.4217940014751553 -0.6167188726285493
    outer loop
      vertex -3.1834136957482198 11.750096489091764 56.67668780421545
      vertex -2.9841537892864816 12.168114638024978 56.74784055654184
      vertex -2.9389662758902566 12.135283987807808 56.67668780421545
    endloop
  endfacet
  facet normal -0.7225600263257587 0.45855053634033377 -0.5173378141776526
    outer loop
      vertex -3.1423551175626714 11.727524344721838 56.599334563943536
      vertex -2.9389662758902566 12.135283987807808 56.67668780421545
      vertex -2.9010604966996674 12.107743827168663 56.599334563943536
    endloop
  endfacet
  facet normal -0.5970300016676277 0.3788867602710915 -0.7071067811865679
    outer loop
      vertex -3.232359663656196 11.777004762655253 56.74784055654184
      vertex -3.035964101189607 12.205757033011821 56.81175525357175
      vertex -2.9841537892864816 12.168114638024978 56.74784055654184
    endloop
  endfacet
  facet normal -0.6593908032277807 0.5454955129425997 -0.5173378141776533
    outer loop
      vertex -2.9010604966996674 12.107743827168663 56.599334563943536
      vertex -2.9389662758902566 12.135283987807808 56.67668780421545
      vertex -2.6481696022081507 12.486796782479297 56.67668780421545
    endloop
  endfacet
  facet normal -0.4368027634283435 0.27720346289223735 -0.8557812723014652
    outer loop
      vertex -3.4188733751615743 11.879541543253074 56.914261539016124
      vertex -3.156345518196096 12.293219252048583 56.914261539016124
      vertex -3.350954190992967 11.842202655783245 56.86749987509912
    endloop
  endfacet
  facet normal -0.520712966344414 0.3304544969236208 -0.7871834806090369
    outer loop
      vertex -3.2884792788577806 11.80785678219159 56.81175525357175
      vertex -3.350954190992967 11.842202655783245 56.86749987509912
      vertex -3.093641700585423 12.247662261886138 56.86749987509912
    endloop
  endfacet
  facet normal -0.25119013629209436 0.15941010784370757 -0.9547208665085396
    outer loop
      vertex -3.49124641671774 11.919328959541916 56.95135835496476
      vertex -3.293114396521954 12.39258765865991 56.97824936783374
      vertex -3.223161191164162 12.34176367999718 56.95135835496476
    endloop
  endfacet
  facet normal -0.34652299262740444 0.21991017816409886 -0.9118998459920816
    outer loop
      vertex -3.4188733751615743 11.879541543253074 56.914261539016124
      vertex -3.223161191164162 12.34176367999718 56.95135835496476
      vertex -3.156345518196096 12.293219252048583 56.914261539016124
    endloop
  endfacet
  facet normal -0.5207129663444161 0.3304544969236215 -0.7871834806090353
    outer loop
      vertex -3.2884792788577806 11.80785678219159 56.81175525357175
      vertex -3.093641700585423 12.247662261886138 56.86749987509912
      vertex -3.035964101189607 12.205757033011821 56.81175525357175
    endloop
  endfacet
  facet normal -0.43680276342834373 0.27720346289223746 -0.8557812723014652
    outer loop
      vertex -3.350954190992967 11.842202655783245 56.86749987509912
      vertex -3.156345518196096 12.293219252048583 56.914261539016124
      vertex -3.093641700585423 12.247662261886138 56.86749987509912
    endloop
  endfacet
  facet normal -0.7578921641606624 0.6269829254824857 -0.18025503781390256
    outer loop
      vertex -2.8359834638844177 12.060462595231986 56.341704075166916
      vertex -2.8491909029582967 12.070058361405199 56.43061252579671
      vertex -2.5672770735746595 12.410833641838817 56.43061252579671
    endloop
  endfacet
  facet normal -0.7356250707992106 0.6085619838262044 -0.2975030538552018
    outer loop
      vertex -2.8491909029582967 12.070058361405199 56.43061252579671
      vertex -2.870989203331694 12.085895753664706 56.5169088201536
      vertex -2.5869185362556655 12.429278203001964 56.5169088201536
    endloop
  endfacet
  facet normal -0.702630907422109 0.5812668380834946 -0.41041280545275405
    outer loop
      vertex -2.870989203331694 12.085895753664706 56.5169088201536
      vertex -2.9010604966996674 12.107743827168663 56.599334563943536
      vertex -2.614014418794171 12.454722930355908 56.599334563943536
    endloop
  endfacet
  facet normal -0.05097925147346081 0.03235241675941409 -0.9981755542233194
    outer loop
      vertex -3.645083066612882 12.003901373499522 56.994542446102145
      vertex -3.4383222260935264 12.498087322243011 57
      vertex -3.3651850590144554 12.444950059982233 56.994542446102145
    endloop
  endfacet
  facet normal -0.1521943621387122 0.09658547919064915 -0.9836199069471414
    outer loop
      vertex -3.567017953745679 11.960984714526823 56.97824936783374
      vertex -3.3651850590144554 12.444950059982233 56.994542446102145
      vertex -3.293114396521954 12.39258765865991 56.97824936783374
    endloop
  endfacet
  facet normal -0.7691074831441297 0.6362610442426355 -0.06037849742228765
    outer loop
      vertex -2.831559480312316 12.057248383023655 56.251479953678796
      vertex -2.5553764475057648 12.399658210101764 56.341704075166916
      vertex -2.5513901959749408 12.39591487075041 56.251479953678796
    endloop
  endfacet
  facet normal -0.7578921641606637 0.6269829254824855 -0.1802550378138976
    outer loop
      vertex -2.8359834638844177 12.060462595231986 56.341704075166916
      vertex -2.5672770735746595 12.410833641838817 56.43061252579671
      vertex -2.5553764475057648 12.399658210101764 56.341704075166916
    endloop
  endfacet
  facet normal -0.6832981868523383 0.727638663687777 -0.06037849742228755
    outer loop
      vertex -2.5513901959749408 12.39591487075041 56.251479953678796
      vertex -2.5553764475057648 12.399658210101764 56.341704075166916
      vertex -2.2344696180420476 12.70100978151191 56.341704075166916
    endloop
  endfacet
  facet normal -0.6832981868523387 0.7276386636877767 -0.060378497422285696
    outer loop
      vertex -2.5513901959749408 12.39591487075041 56.251479953678796
      vertex -2.2344696180420476 12.70100978151191 56.341704075166916
      vertex -2.230983964120414 12.696796349715264 56.251479953678796
    endloop
  endfacet
  facet normal -0.6733341606345161 0.7170280534716358 -0.18025503781389451
    outer loop
      vertex -2.5553764475057648 12.399658210101764 56.341704075166916
      vertex -2.2448757511237627 12.71358863557843 56.43061252579671
      vertex -2.2344696180420476 12.70100978151191 56.341704075166916
    endloop
  endfacet
  facet normal -0.5448351389607804 0.4507268256422708 -0.707106781186568
    outer loop
      vertex -3.035964101189607 12.205757033011821 56.81175525357175
      vertex -2.735569956048627 12.56887117776607 56.81175525357175
      vertex -2.9841537892864816 12.168114638024978 56.74784055654184
    endloop
  endfacet
  facet normal -0.6065352963036073 0.5017696348740788 -0.6167188726285494
    outer loop
      vertex -2.9841537892864816 12.168114638024978 56.74784055654184
      vertex -2.688886027012654 12.525032050384143 56.74784055654184
      vertex -2.9389662758902566 12.135283987807808 56.67668780421545
    endloop
  endfacet
  facet normal -0.3162285016061276 0.26160696789566107 -0.9118998459920815
    outer loop
      vertex -3.156345518196096 12.293219252048583 56.914261539016124
      vertex -3.223161191164162 12.34176367999718 56.95135835496476
      vertex -2.9042447882027584 12.727267388317074 56.95135835496476
    endloop
  endfacet
  facet normal -0.22923004276168754 0.18963558355081503 -0.9547208665085396
    outer loop
      vertex -3.293114396521954 12.39258765865991 56.97824936783374
      vertex -2.9672764580538917 12.78645806615334 56.97824936783374
      vertex -3.223161191164162 12.34176367999718 56.95135835496476
    endloop
  endfacet
  facet normal -0.046522431842750865 0.03848670272192435 -0.9981755542233193
    outer loop
      vertex -3.4383222260935264 12.498087322243011 57
      vertex -3.0981166665409994 12.909325200196927 57
      vertex -3.3651850590144554 12.444950059982233 56.994542446102145
    endloop
  endfacet
  facet normal -0.13888889371267382 0.11489888537564835 -0.9836199069471414
    outer loop
      vertex -3.3651850590144554 12.444950059982233 56.994542446102145
      vertex -3.0322160727712575 12.847440423476652 56.994542446102145
      vertex -3.293114396521954 12.39258765865991 56.97824936783374
    endloop
  endfacet
  facet normal -0.04652243184275033 0.038486702721924046 -0.9981755542233194
    outer loop
      vertex -3.3651850590144554 12.444950059982233 56.994542446102145
      vertex -3.0981166665409994 12.909325200196927 57
      vertex -3.0322160727712575 12.847440423476652 56.994542446102145
    endloop
  endfacet
  facet normal -0.13888889371267524 0.11489888537564917 -0.9836199069471411
    outer loop
      vertex -3.293114396521954 12.39258765865991 56.97824936783374
      vertex -3.0322160727712575 12.847440423476652 56.994542446102145
      vertex -2.9672764580538917 12.78645806615334 56.97824936783374
    endloop
  endfacet
  facet normal -0.4751900584300613 0.39311140434421327 -0.7871834806090353
    outer loop
      vertex -3.035964101189607 12.205757033011821 56.81175525357175
      vertex -3.093641700585423 12.247662261886138 56.86749987509912
      vertex -2.787540632507673 12.617674891430731 56.86749987509912
    endloop
  endfacet
  facet normal -0.3986156368125419 0.32976353356097043 -0.8557812723014651
    outer loop
      vertex -3.156345518196096 12.293219252048583 56.914261539016124
      vertex -2.844040206899247 12.670731523336505 56.914261539016124
      vertex -3.093641700585423 12.247662261886138 56.86749987509912
    endloop
  endfacet
  facet normal -0.39861563681254064 0.3297635335609698 -0.8557812723014661
    outer loop
      vertex -3.093641700585423 12.247662261886138 56.86749987509912
      vertex -2.844040206899247 12.670731523336505 56.914261539016124
      vertex -2.787540632507673 12.617674891430731 56.86749987509912
    endloop
  endfacet
  facet normal -0.4751900584300628 0.39311140434421393 -0.7871834806090341
    outer loop
      vertex -3.035964101189607 12.205757033011821 56.81175525357175
      vertex -2.787540632507673 12.617674891430731 56.86749987509912
      vertex -2.735569956048627 12.56887117776607 56.81175525357175
    endloop
  endfacet
  facet normal -0.22923004276168787 0.18963558355081517 -0.9547208665085394
    outer loop
      vertex -3.223161191164162 12.34176367999718 56.95135835496476
      vertex -2.9672764580538917 12.78645806615334 56.97824936783374
      vertex -2.9042447882027584 12.727267388317074 56.95135835496476
    endloop
  endfacet
  facet normal -0.3162285016061235 0.2616069678956589 -0.9118998459920836
    outer loop
      vertex -3.156345518196096 12.293219252048583 56.914261539016124
      vertex -2.9042447882027584 12.727267388317074 56.95135835496476
      vertex -2.844040206899247 12.670731523336505 56.914261539016124
    endloop
  endfacet
  facet normal -0.12339306446458477 0.13140026750100714 -0.9836199069471411
    outer loop
      vertex -2.9672764580538917 12.78645806615334 56.97824936783374
      vertex -3.0322160727712575 12.847440423476652 56.994542446102145
      vertex -2.651427227702374 13.205024950514387 56.994542446102145
    endloop
  endfacet
  facet normal -0.20365485452153897 0.21687039282252032 -0.9547208665085395
    outer loop
      vertex -2.9672764580538917 12.78645806615334 56.97824936783374
      vertex -2.5946427972772814 13.136384365394168 56.97824936783374
      vertex -2.9042447882027584 12.727267388317074 56.95135835496476
    endloop
  endfacet
  facet normal -0.04133192567072656 0.04401403039166757 -0.9981755542233193
    outer loop
      vertex -3.0981166665409994 12.909325200196927 57
      vertex -2.709051956431931 13.274681281797104 57
      vertex -3.0322160727712575 12.847440423476652 56.994542446102145
    endloop
  endfacet
  facet normal -0.702630907422107 0.5812668380834941 -0.4104128054527581
    outer loop
      vertex -2.870989203331694 12.085895753664706 56.5169088201536
      vertex -2.614014418794171 12.454722930355908 56.599334563943536
      vertex -2.5869185362556655 12.429278203001964 56.5169088201536
    endloop
  endfacet
  facet normal -0.7356250707992075 0.6085619838262041 -0.2975030538552097
    outer loop
      vertex -2.8491909029582967 12.070058361405199 56.43061252579671
      vertex -2.5869185362556655 12.429278203001964 56.5169088201536
      vertex -2.5672770735746595 12.410833641838817 56.43061252579671
    endloop
  endfacet
  facet normal -0.606535296303611 0.5017696348740802 -0.6167188726285445
    outer loop
      vertex -2.9389662758902566 12.135283987807808 56.67668780421545
      vertex -2.688886027012654 12.525032050384143 56.74784055654184
      vertex -2.6481696022081507 12.486796782479297 56.67668780421545
    endloop
  endfacet
  facet normal -0.6593908032277798 0.5454955129425993 -0.5173378141776548
    outer loop
      vertex -2.9010604966996674 12.107743827168663 56.599334563943536
      vertex -2.6481696022081507 12.486796782479297 56.67668780421545
      vertex -2.614014418794171 12.454722930355908 56.599334563943536
    endloop
  endfacet
  facet normal -0.5448351389607818 0.45072682564227146 -0.7071067811865666
    outer loop
      vertex -2.9841537892864816 12.168114638024978 56.74784055654184
      vertex -2.735569956048627 12.56887117776607 56.81175525357175
      vertex -2.688886027012654 12.525032050384143 56.74784055654184
    endloop
  endfacet
  facet normal -0.4840479006437891 0.5154586597219151 -0.7071067811865669
    outer loop
      vertex -2.688886027012654 12.525032050384143 56.74784055654184
      vertex -2.735569956048627 12.56887117776607 56.81175525357175
      vertex -2.392034238550478 12.891472689477693 56.81175525357175
    endloop
  endfacet
  facet normal -0.5388641734857973 0.5738320613883879 -0.6167188726285439
    outer loop
      vertex -2.688886027012654 12.525032050384143 56.74784055654184
      vertex -2.3512129258301813 12.84212819892772 56.74784055654184
      vertex -2.6481696022081507 12.486796782479297 56.67668780421545
    endloop
  endfacet
  facet normal -0.6733341606345153 0.7170280534716359 -0.18025503781389732
    outer loop
      vertex -2.5553764475057648 12.399658210101764 56.341704075166916
      vertex -2.5672770735746595 12.410833641838817 56.43061252579671
      vertex -2.2448757511237627 12.71358863557843 56.43061252579671
    endloop
  endfacet
  facet normal -0.653551406138154 0.695961559629313 -0.29750305385521
    outer loop
      vertex -2.5672770735746595 12.410833641838817 56.43061252579671
      vertex -2.5869185362556655 12.429278203001964 56.5169088201536
      vertex -2.2620506185126565 12.734349483897425 56.5169088201536
    endloop
  endfacet
  facet normal -0.6242384004707024 0.66474637907865 -0.41041280545275705
    outer loop
      vertex -2.5869185362556655 12.429278203001964 56.5169088201536
      vertex -2.614014418794171 12.454722930355908 56.599334563943536
      vertex -2.285743771967766 12.762989586551042 56.599334563943536
    endloop
  endfacet
  facet normal -0.6535514061381551 0.6959615596293134 -0.2975030538552065
    outer loop
      vertex -2.5672770735746595 12.410833641838817 56.43061252579671
      vertex -2.2620506185126565 12.734349483897425 56.5169088201536
      vertex -2.2448757511237627 12.71358863557843 56.43061252579671
    endloop
  endfacet
  facet normal -0.6242384004707027 0.66474637907865 -0.4104128054527566
    outer loop
      vertex -2.5869185362556655 12.429278203001964 56.5169088201536
      vertex -2.285743771967766 12.762989586551042 56.599334563943536
      vertex -2.2620506185126565 12.734349483897425 56.5169088201536
    endloop
  endfacet
  facet normal -0.5858225932619276 0.6238376994425355 -0.5173378141776557
    outer loop
      vertex -2.614014418794171 12.454722930355908 56.599334563943536
      vertex -2.6481696022081507 12.486796782479297 56.67668780421545
      vertex -2.31560971195938 12.799091306350698 56.67668780421545
    endloop
  endfacet
  facet normal -0.5858225932619281 0.6238376994425358 -0.5173378141776551
    outer loop
      vertex -2.614014418794171 12.454722930355908 56.599334563943536
      vertex -2.31560971195938 12.799091306350698 56.67668780421545
      vertex -2.285743771967766 12.762989586551042 56.599334563943536
    endloop
  endfacet
  facet normal -0.5388641734857973 0.5738320613883879 -0.616718872628544
    outer loop
      vertex -2.6481696022081507 12.486796782479297 56.67668780421545
      vertex -2.3512129258301813 12.84212819892772 56.74784055654184
      vertex -2.31560971195938 12.799091306350698 56.67668780421545
    endloop
  endfacet
  facet normal -0.4840479006437868 0.5154586597219136 -0.7071067811865696
    outer loop
      vertex -2.688886027012654 12.525032050384143 56.74784055654184
      vertex -2.392034238550478 12.891472689477693 56.81175525357175
      vertex -2.3512129258301813 12.84212819892772 56.74784055654184
    endloop
  endfacet
  facet normal -0.35414210348276765 0.37712303631425753 -0.855781272301466
    outer loop
      vertex -2.844040206899247 12.670731523336505 56.914261539016124
      vertex -2.486882682592327 13.006124763083733 56.914261539016124
      vertex -2.787540632507673 12.617674891430731 56.86749987509912
    endloop
  endfacet
  facet normal -0.42217311942948715 0.4495687100849246 -0.7871834806090338
    outer loop
      vertex -2.735569956048627 12.56887117776607 56.81175525357175
      vertex -2.787540632507673 12.617674891430731 56.86749987509912
      vertex -2.437478383459217 12.946405224214281 56.86749987509912
    endloop
  endfacet
  facet normal -0.4221731194294902 0.4495687100849265 -0.787183480609031
    outer loop
      vertex -2.735569956048627 12.56887117776607 56.81175525357175
      vertex -2.437478383459217 12.946405224214281 56.86749987509912
      vertex -2.392034238550478 12.891472689477693 56.81175525357175
    endloop
  endfacet
  facet normal -0.4156269377774405 0.572061402817666 -0.7071067811865698
    outer loop
      vertex -2.392034238550478 12.891472689477693 56.81175525357175
      vertex -2.010774712178398 13.16847394959419 56.81175525357175
      vertex -2.3512129258301813 12.84212819892772 56.74784055654184
    endloop
  endfacet
  facet normal -0.2809468982087681 0.29917805946707726 -0.9118998459920836
    outer loop
      vertex -2.844040206899247 12.670731523336505 56.914261539016124
      vertex -2.9042447882027584 12.727267388317074 56.95135835496476
      vertex -2.5395267100196537 13.06976046073264 56.95135835496476
    endloop
  endfacet
  facet normal -0.20365485452154122 0.21687039282252196 -0.9547208665085387
    outer loop
      vertex -2.9042447882027584 12.727267388317074 56.95135835496476
      vertex -2.5946427972772814 13.136384365394168 56.97824936783374
      vertex -2.5395267100196537 13.06976046073264 56.95135835496476
    endloop
  endfacet
  facet normal -0.12339306446458238 0.13140026750100534 -0.9836199069471417
    outer loop
      vertex -2.9672764580538917 12.78645806615334 56.97824936783374
      vertex -2.651427227702374 13.205024950514387 56.994542446102145
      vertex -2.5946427972772814 13.136384365394168 56.97824936783374
    endloop
  endfacet
  facet normal -0.35414210348276837 0.377123036314258 -0.8557812723014655
    outer loop
      vertex -2.787540632507673 12.617674891430731 56.86749987509912
      vertex -2.486882682592327 13.006124763083733 56.914261539016124
      vertex -2.437478383459217 12.946405224214281 56.86749987509912
    endloop
  endfacet
  facet normal -0.2809468982087684 0.2991780594670775 -0.9118998459920836
    outer loop
      vertex -2.844040206899247 12.670731523336505 56.914261539016124
      vertex -2.5395267100196537 13.06976046073264 56.95135835496476
      vertex -2.486882682592327 13.006124763083733 56.914261539016124
    endloop
  endfacet
  facet normal -0.04133192567072697 0.044014030391667874 -0.9981755542233194
    outer loop
      vertex -3.0322160727712575 12.847440423476652 56.994542446102145
      vertex -2.709051956431931 13.274681281797104 57
      vertex -2.651427227702374 13.205024950514387 56.994542446102145
    endloop
  endfacet
  facet normal -0.03548959034038014 0.048847230509427686 -0.9981755542233195
    outer loop
      vertex -2.709051956431931 13.274681281797104 57
      vertex -2.277263878660736 13.588393683383563 57
      vertex -2.651427227702374 13.205024950514387 56.994542446102145
    endloop
  endfacet
  facet normal -0.30408353762683366 0.41853508350248875 -0.8557812723014653
    outer loop
      vertex -2.437478383459217 12.946405224214281 56.86749987509912
      vertex -2.486882682592327 13.006124763083733 56.914261539016124
      vertex -2.090505532789223 13.29410961954524 56.914261539016124
    endloop
  endfacet
  facet normal -0.3624982581415124 0.49893604870827013 -0.7871834806090307
    outer loop
      vertex -2.392034238550478 12.891472689477693 56.81175525357175
      vertex -2.437478383459217 12.946405224214281 56.86749987509912
      vertex -2.0489756442246034 13.228668986514805 56.86749987509912
    endloop
  endfacet
  facet normal -0.17486790756807538 0.24068502644732237 -0.9547208665085387
    outer loop
      vertex -2.5395267100196537 13.06976046073264 56.95135835496476
      vertex -2.5946427972772814 13.136384365394168 56.97824936783374
      vertex -2.181090069623133 13.436848009607527 56.97824936783374
    endloop
  endfacet
  facet normal -0.10595125287844186 0.14582938891315694 -0.9836199069471417
    outer loop
      vertex -2.651427227702374 13.205024950514387 56.994542446102145
      vertex -2.228823791366773 13.512064319493406 56.994542446102145
      vertex -2.5946427972772814 13.136384365394168 56.97824936783374
    endloop
  endfacet
  facet normal -0.24123459439711872 0.33203093432039077 -0.9118998459920836
    outer loop
      vertex -2.5395267100196537 13.06976046073264 56.95135835496476
      vertex -2.134758778579818 13.363841576896439 56.95135835496476
      vertex -2.486882682592327 13.006124763083733 56.914261539016124
    endloop
  endfacet
  facet normal -0.1059512528784437 0.14582938891315875 -0.9836199069471413
    outer loop
      vertex -2.5946427972772814 13.136384365394168 56.97824936783374
      vertex -2.228823791366773 13.512064319493406 56.994542446102145
      vertex -2.181090069623133 13.436848009607527 56.97824936783374
    endloop
  endfacet
  facet normal -0.1748679075680734 0.24068502644732043 -0.9547208665085395
    outer loop
      vertex -2.5395267100196537 13.06976046073264 56.95135835496476
      vertex -2.181090069623133 13.436848009607527 56.97824936783374
      vertex -2.134758778579818 13.363841576896439 56.95135835496476
    endloop
  endfacet
  facet normal -0.03548959034038009 0.04884723050942763 -0.9981755542233194
    outer loop
      vertex -2.651427227702374 13.205024950514387 56.994542446102145
      vertex -2.277263878660736 13.588393683383563 57
      vertex -2.228823791366773 13.512064319493406 56.994542446102145
    endloop
  endfacet
  facet normal -0.5867128699713298 0.8075409867362972 -0.06037849742228621
    outer loop
      vertex -2.230983964120414 12.696796349715264 56.251479953678796
      vertex -2.2344696180420476 12.70100978151191 56.341704075166916
      vertex -1.87832386789436 12.959764815162576 56.341704075166916
    endloop
  endfacet
  facet normal -0.5867128699713294 0.8075409867362973 -0.06037849742228723
    outer loop
      vertex -2.230983964120414 12.696796349715264 56.251479953678796
      vertex -1.87832386789436 12.959764815162576 56.341704075166916
      vertex -1.8753937824264888 12.955147739257052 56.251479953678796
    endloop
  endfacet
  facet normal -0.5781572751648244 0.7957652207257462 -0.18025503781389782
    outer loop
      vertex -2.2344696180420476 12.70100978151191 56.341704075166916
      vertex -1.8870713970538735 12.973548715515692 56.43061252579671
      vertex -1.87832386789436 12.959764815162576 56.341704075166916
    endloop
  endfacet
  facet normal -0.48087474064559904 0.8747079060223787 -0.0603784974222875
    outer loop
      vertex -1.8753937824264888 12.955147739257052 56.251479953678796
      vertex -1.87832386789436 12.959764815162576 56.341704075166916
      vertex -1.4925558282936855 13.171842589600331 56.341704075166916
    endloop
  endfacet
  facet normal -0.4808747406455967 0.8747079060223794 -0.06037849742229902
    outer loop
      vertex -1.8753937824264888 12.955147739257052 56.251479953678796
      vertex -1.4925558282936855 13.171842589600331 56.341704075166916
      vertex -1.4902275204777535 13.166894683631067 56.251479953678796
    endloop
  endfacet
  facet normal -0.47386250409137437 0.8619526950819065 -0.18025503781389887
    outer loop
      vertex -1.87832386789436 12.959764815162576 56.341704075166916
      vertex -1.4995067997706315 13.186614155897372 56.43061252579671
      vertex -1.4925558282936855 13.171842589600331 56.341704075166916
    endloop
  endfacet
  facet normal -0.36745292939924085 0.9280801591053125 -0.060378497422299275
    outer loop
      vertex -1.4902275204777535 13.166894683631067 56.251479953678796
      vertex -1.4925558282936855 13.171842589600331 56.341704075166916
      vertex -1.0832492916711876 13.33389851163317 56.341704075166916
    endloop
  endfacet
  facet normal -0.36745292939924185 0.9280801591053122 -0.0603784974222943
    outer loop
      vertex -1.4902275204777535 13.166894683631067 56.251479953678796
      vertex -1.0832492916711876 13.33389851163317 56.341704075166916
      vertex -1.0815594803123159 13.328697807033038 56.251479953678796
    endloop
  endfacet
  facet normal -0.36209463825666444 0.9145466605310453 -0.18025503781389415
    outer loop
      vertex -1.4925558282936855 13.171842589600331 56.341704075166916
      vertex -1.0882940844930657 13.349424787449523 56.43061252579671
      vertex -1.0832492916711876 13.33389851163317 56.341704075166916
    endloop
  endfacet
  facet normal -0.5781572751648258 0.7957652207257463 -0.18025503781389327
    outer loop
      vertex -2.2344696180420476 12.70100978151191 56.341704075166916
      vertex -2.2448757511237627 12.71358863557843 56.43061252579671
      vertex -1.8870713970538735 12.973548715515692 56.43061252579671
    endloop
  endfacet
  facet normal -0.5611708453896137 0.7723854058897878 -0.29750305385520676
    outer loop
      vertex -2.2620506185126565 12.734349483897425 56.5169088201536
      vertex -1.9015088112321643 12.996298440010616 56.5169088201536
      vertex -2.2448757511237627 12.71358863557843 56.43061252579671
    endloop
  endfacet
  facet normal -0.5360012810419286 0.7377424725754981 -0.4104128054527563
    outer loop
      vertex -2.2620506185126565 12.734349483897425 56.5169088201536
      vertex -2.285743771967766 12.762989586551042 56.599334563943536
      vertex -1.9214255804202867 13.027682246436289 56.599334563943536
    endloop
  endfacet
  facet normal -0.5611708453896105 0.7723854058897865 -0.29750305385521575
    outer loop
      vertex -2.2448757511237627 12.71358863557843 56.43061252579671
      vertex -1.9015088112321643 12.996298440010616 56.5169088201536
      vertex -1.8870713970538735 12.973548715515692 56.43061252579671
    endloop
  endfacet
  facet normal -0.5360012810419286 0.7377424725754982 -0.4104128054527564
    outer loop
      vertex -2.2620506185126565 12.734349483897425 56.5169088201536
      vertex -1.9214255804202867 13.027682246436289 56.599334563943536
      vertex -1.9015088112321643 12.996298440010616 56.5169088201536
    endloop
  endfacet
  facet normal -0.503015611046879 0.692341592759687 -0.5173378141776555
    outer loop
      vertex -2.285743771967766 12.762989586551042 56.599334563943536
      vertex -2.31560971195938 12.799091306350698 56.67668780421545
      vertex -1.94653127327482 13.06724248822485 56.67668780421545
    endloop
  endfacet
  facet normal -0.46269484075025724 0.6368448135039434 -0.6167188726285435
    outer loop
      vertex -2.31560971195938 12.799091306350698 56.67668780421545
      vertex -2.3512129258301813 12.84212819892772 56.74784055654184
      vertex -1.9764597922608476 13.114402287969114 56.74784055654184
    endloop
  endfacet
  facet normal -0.4156269377774391 0.572061402817665 -0.7071067811865717
    outer loop
      vertex -2.3512129258301813 12.84212819892772 56.74784055654184
      vertex -2.010774712178398 13.16847394959419 56.81175525357175
      vertex -1.9764597922608476 13.114402287969114 56.74784055654184
    endloop
  endfacet
  facet normal -0.5030156110468837 0.6923415927596902 -0.5173378141776468
    outer loop
      vertex -2.285743771967766 12.762989586551042 56.599334563943536
      vertex -1.94653127327482 13.06724248822485 56.67668780421545
      vertex -1.9214255804202867 13.027682246436289 56.599334563943536
    endloop
  endfacet
  facet normal -0.46269484075025397 0.636844813503941 -0.6167188726285484
    outer loop
      vertex -2.31560971195938 12.799091306350698 56.67668780421545
      vertex -1.9764597922608476 13.114402287969114 56.74784055654184
      vertex -1.94653127327482 13.06724248822485 56.67668780421545
    endloop
  endfacet
  facet normal -0.47386250409137465 0.8619526950819065 -0.1802550378138979
    outer loop
      vertex -1.87832386789436 12.959764815162576 56.341704075166916
      vertex -1.8870713970538735 12.973548715515692 56.43061252579671
      vertex -1.4995067997706315 13.186614155897372 56.43061252579671
    endloop
  endfacet
  facet normal -0.4599402851820614 0.8366282728987015 -0.2975030538552163
    outer loop
      vertex -1.8870713970538735 12.973548715515692 56.43061252579671
      vertex -1.9015088112321643 12.996298440010616 56.5169088201536
      vertex -1.5109790740922342 13.210993979822911 56.5169088201536
    endloop
  endfacet
  facet normal -0.43931110121947775 0.7991039265738393 -0.4104128054527562
    outer loop
      vertex -1.9015088112321643 12.996298440010616 56.5169088201536
      vertex -1.9214255804202867 13.027682246436289 56.599334563943536
      vertex -1.5268053596655717 13.244626548645531 56.599334563943536
    endloop
  endfacet
  facet normal -0.3792285339755833 0.6898141424778866 -0.6167188726285485
    outer loop
      vertex -1.9764597922608476 13.114402287969114 56.74784055654184
      vertex -1.5705367070877079 13.337560392475488 56.74784055654184
      vertex -1.94653127327482 13.06724248822485 56.67668780421545
    endloop
  endfacet
  facet normal -0.3406512898188441 0.6196423958580655 -0.7071067811865719
    outer loop
      vertex -1.9764597922608476 13.114402287969114 56.74784055654184
      vertex -2.010774712178398 13.16847394959419 56.81175525357175
      vertex -1.597804067416673 13.395506482770996 56.81175525357175
    endloop
  endfacet
  facet normal -0.41227577215866495 0.749926845574201 -0.5173378141776465
    outer loop
      vertex -1.9214255804202867 13.027682246436289 56.599334563943536
      vertex -1.94653127327482 13.06724248822485 56.67668780421545
      vertex -1.546754873609294 13.287021423777848 56.67668780421545
    endloop
  endfacet
  facet normal -0.37922853397558376 0.6898141424778871 -0.6167188726285476
    outer loop
      vertex -1.94653127327482 13.06724248822485 56.67668780421545
      vertex -1.5705367070877079 13.337560392475488 56.74784055654184
      vertex -1.546754873609294 13.287021423777848 56.67668780421545
    endloop
  endfacet
  facet normal -0.3406512898188448 0.6196423958580661 -0.7071067811865709
    outer loop
      vertex -1.9764597922608476 13.114402287969114 56.74784055654184
      vertex -1.597804067416673 13.395506482770996 56.81175525357175
      vertex -1.5705367070877079 13.337560392475488 56.74784055654184
    endloop
  endfacet
  facet normal -0.30408353762683155 0.4185350835024868 -0.855781272301467
    outer loop
      vertex -2.437478383459217 12.946405224214281 56.86749987509912
      vertex -2.090505532789223 13.29410961954524 56.914261539016124
      vertex -2.0489756442246034 13.228668986514805 56.86749987509912
    endloop
  endfacet
  facet normal -0.36249825814151293 0.4989360487082705 -0.7871834806090301
    outer loop
      vertex -2.392034238550478 12.891472689477693 56.81175525357175
      vertex -2.0489756442246034 13.228668986514805 56.86749987509912
      vertex -2.010774712178398 13.16847394959419 56.81175525357175
    endloop
  endfacet
  facet normal -0.2412345943971202 0.33203093432039216 -0.9118998459920828
    outer loop
      vertex -2.486882682592327 13.006124763083733 56.914261539016124
      vertex -2.134758778579818 13.363841576896439 56.95135835496476
      vertex -2.090505532789223 13.29410961954524 56.914261539016124
    endloop
  endfacet
  facet normal -0.24922939273182032 0.45334658240314385 -0.855781272301467
    outer loop
      vertex -2.090505532789223 13.29410961954524 56.914261539016124
      vertex -1.6611598619265564 13.530144399500816 56.914261539016124
      vertex -2.0489756442246034 13.228668986514805 56.86749987509912
    endloop
  endfacet
  facet normal -0.2971065827766806 0.5404348677935361 -0.7871834806090295
    outer loop
      vertex -2.010774712178398 13.16847394959419 56.81175525357175
      vertex -2.0489756442246034 13.228668986514805 56.86749987509912
      vertex -1.628159335081845 13.460014710184627 56.86749987509912
    endloop
  endfacet
  facet normal -0.29710658277667873 0.540434867793534 -0.7871834806090319
    outer loop
      vertex -2.010774712178398 13.16847394959419 56.81175525357175
      vertex -1.628159335081845 13.460014710184627 56.86749987509912
      vertex -1.597804067416673 13.395506482770996 56.81175525357175
    endloop
  endfacet
  facet normal -0.4599402851820649 0.8366282728987033 -0.29750305385520576
    outer loop
      vertex -1.8870713970538735 12.973548715515692 56.43061252579671
      vertex -1.5109790740922342 13.210993979822911 56.5169088201536
      vertex -1.4995067997706315 13.186614155897372 56.43061252579671
    endloop
  endfacet
  facet normal -0.4393111012194746 0.7991039265738372 -0.4104128054527633
    outer loop
      vertex -1.9015088112321643 12.996298440010616 56.5169088201536
      vertex -1.5268053596655717 13.244626548645531 56.599334563943536
      vertex -1.5109790740922342 13.210993979822911 56.5169088201536
    endloop
  endfacet
  facet normal -0.4122757721586666 0.7499268455742024 -0.5173378141776429
    outer loop
      vertex -1.9214255804202867 13.027682246436289 56.599334563943536
      vertex -1.546754873609294 13.287021423777848 56.67668780421545
      vertex -1.5268053596655717 13.244626548645531 56.599334563943536
    endloop
  endfacet
  facet normal -0.3620946382566631 0.9145466605310447 -0.18025503781389907
    outer loop
      vertex -1.4925558282936855 13.171842589600331 56.341704075166916
      vertex -1.4995067997706315 13.186614155897372 56.43061252579671
      vertex -1.0882940844930657 13.349424787449523 56.43061252579671
    endloop
  endfacet
  facet normal -0.35145619192218785 0.8876770122665004 -0.2975030538552058
    outer loop
      vertex -1.4995067997706315 13.186614155897372 56.43061252579671
      vertex -1.5109790740922342 13.210993979822911 56.5169088201536
      vertex -1.0966202943387242 13.375050226418573 56.5169088201536
    endloop
  endfacet
  facet normal -0.33569272289906293 0.8478630342885607 -0.41041280545276365
    outer loop
      vertex -1.5109790740922342 13.210993979822911 56.5169088201536
      vertex -1.5268053596655717 13.244626548645531 56.599334563943536
      vertex -1.1081065063196205 13.410401151936682 56.599334563943536
    endloop
  endfacet
  facet normal -0.3514561919221866 0.8876770122664996 -0.29750305385520964
    outer loop
      vertex -1.4995067997706315 13.186614155897372 56.43061252579671
      vertex -1.0966202943387242 13.375050226418573 56.5169088201536
      vertex -1.0882940844930657 13.349424787449523 56.43061252579671
    endloop
  endfacet
  facet normal -0.33569272289906726 0.8478630342885646 -0.41041280545275194
    outer loop
      vertex -1.5109790740922342 13.210993979822911 56.5169088201536
      vertex -1.1081065063196205 13.410401151936682 56.599334563943536
      vertex -1.0966202943387242 13.375050226418573 56.5169088201536
    endloop
  endfacet
  facet normal -0.31503409806189836 0.7956853040494246 -0.5173378141776426
    outer loop
      vertex -1.5268053596655717 13.244626548645531 56.599334563943536
      vertex -1.546754873609294 13.287021423777848 56.67668780421545
      vertex -1.1225852256003772 13.454962067906449 56.67668780421545
    endloop
  endfacet
  facet normal -0.1977178769252655 0.3596474829938073 -0.911899845992083
    outer loop
      vertex -2.134758778579818 13.363841576896439 56.95135835496476
      vertex -1.6963244259586956 13.604872901931026 56.95135835496476
      vertex -2.090505532789223 13.29410961954524 56.914261539016124
    endloop
  endfacet
  facet normal -0.14332318925123388 0.2607039134267813 -0.9547208665085395
    outer loop
      vertex -2.134758778579818 13.363841576896439 56.95135835496476
      vertex -2.181090069623133 13.436848009607527 56.97824936783374
      vertex -1.7331402486509722 13.68311050763589 56.97824936783374
    endloop
  endfacet
  facet normal -0.08683852674219912 0.15795869374789598 -0.9836199069471412
    outer loop
      vertex -2.181090069623133 13.436848009607527 56.97824936783374
      vertex -2.228823791366773 13.512064319493406 56.994542446102145
      vertex -1.7710704724065203 13.763716336148487 56.994542446102145
    endloop
  endfacet
  facet normal -0.02908756296991193 0.05291008062213256 -0.9981755542233193
    outer loop
      vertex -2.277263878660736 13.588393683383563 57
      vertex -1.809561989151558 13.845514972980583 57
      vertex -2.228823791366773 13.512064319493406 56.994542446102145
    endloop
  endfacet
  facet normal -0.14332318925123444 0.26070391342678206 -0.954720866508539
    outer loop
      vertex -2.134758778579818 13.363841576896439 56.95135835496476
      vertex -1.7331402486509722 13.68311050763589 56.97824936783374
      vertex -1.6963244259586956 13.604872901931026 56.95135835496476
    endloop
  endfacet
  facet normal -0.0868385267421976 0.1579586937478941 -0.9836199069471417
    outer loop
      vertex -2.181090069623133 13.436848009607527 56.97824936783374
      vertex -1.7710704724065203 13.763716336148487 56.994542446102145
      vertex -1.7331402486509722 13.68311050763589 56.97824936783374
    endloop
  endfacet
  facet normal -0.24922939273182193 0.4533465824031457 -0.8557812723014654
    outer loop
      vertex -2.0489756442246034 13.228668986514805 56.86749987509912
      vertex -1.6611598619265564 13.530144399500816 56.914261539016124
      vertex -1.628159335081845 13.460014710184627 56.86749987509912
    endloop
  endfacet
  facet normal -0.1977178769252638 0.3596474829938053 -0.9118998459920841
    outer loop
      vertex -2.090505532789223 13.29410961954524 56.914261539016124
      vertex -1.6963244259586956 13.604872901931026 56.95135835496476
      vertex -1.6611598619265564 13.530144399500816 56.914261539016124
    endloop
  endfacet
  facet normal -0.02908756296991219 0.052910080622132885 -0.9981755542233194
    outer loop
      vertex -2.228823791366773 13.512064319493406 56.994542446102145
      vertex -1.809561989151558 13.845514972980583 57
      vertex -1.7710704724065203 13.763716336148487 56.994542446102145
    endloop
  endfacet
  facet normal -0.2897815666799745 0.7319046903499612 -0.6167188726285477
    outer loop
      vertex -1.5705367070877079 13.337560392475488 56.74784055654184
      vertex -1.139845319850644 13.508083175830588 56.74784055654184
      vertex -1.546754873609294 13.287021423777848 56.67668780421545
    endloop
  endfacet
  facet normal -0.26030336752459066 0.6574512581593593 -0.7071067811865712
    outer loop
      vertex -1.5705367070877079 13.337560392475488 56.74784055654184
      vertex -1.597804067416673 13.395506482770996 56.81175525357175
      vertex -1.1596350980299046 13.568989850337248 56.81175525357175
    endloop
  endfacet
  facet normal -0.28978156667997185 0.7319046903499579 -0.6167188726285528
    outer loop
      vertex -1.546754873609294 13.287021423777848 56.67668780421545
      vertex -1.139845319850644 13.508083175830588 56.74784055654184
      vertex -1.1225852256003772 13.454962067906449 56.67668780421545
    endloop
  endfacet
  facet normal -0.26030336752459593 0.6574512581593663 -0.7071067811865627
    outer loop
      vertex -1.5705367070877079 13.337560392475488 56.74784055654184
      vertex -1.1596350980299046 13.568989850337248 56.81175525357175
      vertex -1.139845319850644 13.508083175830588 56.74784055654184
    endloop
  endfacet
  facet normal -0.31503409806189625 0.7956853040494223 -0.5173378141776473
    outer loop
      vertex -1.5268053596655717 13.244626548645531 56.599334563943536
      vertex -1.1225852256003772 13.454962067906449 56.67668780421545
      vertex -1.1081065063196205 13.410401151936682 56.599334563943536
    endloop
  endfacet
  facet normal -0.22702935911859098 0.5734107061735524 -0.7871834806090316
    outer loop
      vertex -1.597804067416673 13.395506482770996 56.81175525357175
      vertex -1.628159335081845 13.460014710184627 56.86749987509912
      vertex -1.181665980609606 13.636793934962236 56.86749987509912
    endloop
  endfacet
  facet normal -0.190444751431009 0.4810085348831828 -0.8557812723014655
    outer loop
      vertex -1.628159335081845 13.460014710184627 56.86749987509912
      vertex -1.6611598619265564 13.530144399500816 56.914261539016124
      vertex -1.2056167077125088 13.710506693470219 56.914261539016124
    endloop
  endfacet
  facet normal -0.1510830304233648 0.3815921760174148 -0.9118998459920842
    outer loop
      vertex -1.6963244259586956 13.604872901931026 56.95135835496476
      vertex -1.2311380238051126 13.78905322785547 56.95135835496476
      vertex -1.6611598619265564 13.530144399500816 56.914261539016124
    endloop
  endfacet
  facet normal -0.10951817862277993 0.276611343954533 -0.9547208665085392
    outer loop
      vertex -1.6963244259586956 13.604872901931026 56.95135835496476
      vertex -1.7331402486509722 13.68311050763589 56.97824936783374
      vertex -1.2578577706297878 13.871288152775264 56.97824936783374
    endloop
  endfacet
  facet normal -0.022226807355340536 0.05613850715647674 -0.9981755542233193
    outer loop
      vertex -1.7710704724065203 13.763716336148487 56.994542446102145
      vertex -1.809561989151558 13.845514972980583 57
      vertex -1.3133222260935264 14.041990194254403 57
    endloop
  endfacet
  facet normal -0.06635630516440705 0.16759689562227703 -0.9836199069471417
    outer loop
      vertex -1.7710704724065203 13.763716336148487 56.994542446102145
      vertex -1.285386314110201 13.956012297847344 56.994542446102145
      vertex -1.7331402486509722 13.68311050763589 56.97824936783374
    endloop
  endfacet
  facet normal -0.06635630516440894 0.16759689562228008 -0.9836199069471411
    outer loop
      vertex -1.7331402486509722 13.68311050763589 56.97824936783374
      vertex -1.285386314110201 13.956012297847344 56.994542446102145
      vertex -1.2578577706297878 13.871288152775264 56.97824936783374
    endloop
  endfacet
  facet normal -0.02222680735533973 0.05613850715647543 -0.9981755542233195
    outer loop
      vertex -1.7710704724065203 13.763716336148487 56.994542446102145
      vertex -1.3133222260935264 14.041990194254403 57
      vertex -1.285386314110201 13.956012297847344 56.994542446102145
    endloop
  endfacet
  facet normal -0.19044475143100834 0.4810085348831816 -0.8557812723014663
    outer loop
      vertex -1.628159335081845 13.460014710184627 56.86749987509912
      vertex -1.2056167077125088 13.710506693470219 56.914261539016124
      vertex -1.181665980609606 13.636793934962236 56.86749987509912
    endloop
  endfacet
  facet normal -0.22702935911858632 0.5734107061735458 -0.7871834806090379
    outer loop
      vertex -1.597804067416673 13.395506482770996 56.81175525357175
      vertex -1.181665980609606 13.636793934962236 56.86749987509912
      vertex -1.1596350980299046 13.568989850337248 56.81175525357175
    endloop
  endfacet
  facet normal -0.15108303042336685 0.38159217601741796 -0.9118998459920825
    outer loop
      vertex -1.6611598619265564 13.530144399500816 56.914261539016124
      vertex -1.2311380238051126 13.78905322785547 56.95135835496476
      vertex -1.2056167077125088 13.710506693470219 56.914261539016124
    endloop
  endfacet
  facet normal -0.1095181786227801 0.2766113439545333 -0.954720866508539
    outer loop
      vertex -1.6963244259586956 13.604872901931026 56.95135835496476
      vertex -1.2578577706297878 13.871288152775264 56.97824936783374
      vertex -1.2311380238051126 13.78905322785547 56.95135835496476
    endloop
  endfacet
  facet normal -0.015015521711123652 0.05848159589744276 -0.9981755542233194
    outer loop
      vertex -1.285386314110201 13.956012297847344 56.994542446102145
      vertex -1.3133222260935264 14.041990194254403 57
      vertex -0.7963705869893305 14.174720815596928 57
    endloop
  endfacet
  facet normal -0.24823616595051137 0.9668160336709442 -0.06037849742229457
    outer loop
      vertex -1.0815594803123159 13.328697807033038 56.251479953678796
      vertex -1.0832492916711876 13.33389851163317 56.341704075166916
      vertex -0.6568592666172745 13.443376862563115 56.341704075166916
    endloop
  endfacet
  facet normal -0.24823616595051431 0.9668160336709443 -0.060378497422280464
    outer loop
      vertex -1.0815594803123159 13.328697807033038 56.251479953678796
      vertex -0.6568592666172745 13.443376862563115 56.341704075166916
      vertex -0.6558346010500369 13.438005377550411 56.251479953678796
    endloop
  endfacet
  facet normal -0.24461632367178884 0.9527176788199168 -0.18025503781389524
    outer loop
      vertex -1.0832492916711876 13.33389851163317 56.341704075166916
      vertex -0.6599183213876707 13.459412989254211 56.43061252579671
      vertex -0.6568592666172745 13.443376862563115 56.341704075166916
    endloop
  endfacet
  facet normal -0.125104569875653 0.99030464183768 -0.06037849742228028
    outer loop
      vertex -0.6558346010500369 13.438005377550411 56.251479953678796
      vertex -0.6568592666172745 13.443376862563115 56.341704075166916
      vertex -0.22011017854010081 13.49855110339681 56.341704075166916
    endloop
  endfacet
  facet normal -0.12510456987565055 0.9903046418376795 -0.06037849742229177
    outer loop
      vertex -0.6558346010500369 13.438005377550411 56.251479953678796
      vertex -0.22011017854010081 13.49855110339681 56.341704075166916
      vertex -0.21976681835259818 13.493093549498951 56.251479953678796
    endloop
  endfacet
  facet normal -0.12328026353590922 0.9758637701878445 -0.18025503781387822
    outer loop
      vertex -0.6568592666172745 13.443376862563115 56.341704075166916
      vertex -0.22113525213789506 13.514844181665211 56.43061252579671
      vertex -0.22011017854010081 13.49855110339681 56.341704075166916
    endloop
  endfacet
  facet normal 0 0.9981755542233172 -0.06037849742229167
    outer loop
      vertex -0.21976681835259818 13.493093549498951 56.251479953678796
      vertex -0.22011017854010081 13.49855110339681 56.341704075166916
      vertex 0.22011017854010081 13.49855110339681 56.341704075166916
    endloop
  endfacet
  facet normal -0.2446163236717891 0.9527176788199168 -0.18025503781389401
    outer loop
      vertex -1.0832492916711876 13.33389851163317 56.341704075166916
      vertex -1.0882940844930657 13.349424787449523 56.43061252579671
      vertex -0.6599183213876707 13.459412989254211 56.43061252579671
    endloop
  endfacet
  facet normal -0.2374294245659425 0.9247265548783108 -0.2975030538552098
    outer loop
      vertex -1.0882940844930657 13.349424787449523 56.43061252579671
      vertex -1.0966202943387242 13.375050226418573 56.5169088201536
      vertex -0.664967157454282 13.485879914786334 56.5169088201536
    endloop
  endfacet
  facet normal -0.2267802698054231 0.8832508354637323 -0.4104128054527519
    outer loop
      vertex -1.0966202943387242 13.375050226418573 56.5169088201536
      vertex -1.1081065063196205 13.410401151936682 56.599334563943536
      vertex -0.6719321514182682 13.522391691786895 56.599334563943536
    endloop
  endfacet
  facet normal -0.1957645709706994 0.7624526640365451 -0.6167188726285528
    outer loop
      vertex -1.139845319850644 13.508083175830588 56.74784055654184
      vertex -0.6911778910089466 13.623281391875528 56.74784055654184
      vertex -1.1225852256003772 13.454962067906449 56.67668780421545
    endloop
  endfacet
  facet normal -0.17585030562678455 0.6848917213771424 -0.7071067811865626
    outer loop
      vertex -1.139845319850644 13.508083175830588 56.74784055654184
      vertex -1.1596350980299046 13.568989850337248 56.81175525357175
      vertex -0.7031779904147751 13.68618811595249 56.81175525357175
    endloop
  endfacet
  facet normal -0.21282414804644645 0.828895329960423 -0.5173378141776472
    outer loop
      vertex -1.1081065063196205 13.410401151936682 56.599334563943536
      vertex -1.1225852256003772 13.454962067906449 56.67668780421545
      vertex -0.6807117379838342 13.568415896329867 56.67668780421545
    endloop
  endfacet
  facet normal -0.17585030562677864 0.684891721377132 -0.7071067811865741
    outer loop
      vertex -1.139845319850644 13.508083175830588 56.74784055654184
      vertex -0.7031779904147751 13.68618811595249 56.81175525357175
      vertex -0.6911778910089466 13.623281391875528 56.74784055654184
    endloop
  endfacet
  facet normal -0.23742942456593988 0.9247265548783085 -0.2975030538552189
    outer loop
      vertex -1.0882940844930657 13.349424787449523 56.43061252579671
      vertex -0.664967157454282 13.485879914786334 56.5169088201536
      vertex -0.6599183213876707 13.459412989254211 56.43061252579671
    endloop
  endfacet
  facet normal -0.22678026980542185 0.8832508354637308 -0.41041280545275566
    outer loop
      vertex -1.0966202943387242 13.375050226418573 56.5169088201536
      vertex -0.6719321514182682 13.522391691786895 56.599334563943536
      vertex -0.664967157454282 13.485879914786334 56.5169088201536
    endloop
  endfacet
  facet normal -0.21282414804644487 0.8288953299604209 -0.5173378141776511
    outer loop
      vertex -1.1081065063196205 13.410401151936682 56.599334563943536
      vertex -0.6807117379838342 13.568415896329867 56.67668780421545
      vertex -0.6719321514182682 13.522391691786895 56.599334563943536
    endloop
  endfacet
  facet normal -0.19576457097070474 0.7624526640365538 -0.6167188726285406
    outer loop
      vertex -1.1225852256003772 13.454962067906449 56.67668780421545
      vertex -0.6911778910089466 13.623281391875528 56.74784055654184
      vertex -0.6807117379838342 13.568415896329867 56.67668780421545
    endloop
  endfacet
  facet normal -0.15337174684643343 0.5973435151782548 -0.7871834806090379
    outer loop
      vertex -1.1596350980299046 13.568989850337248 56.81175525357175
      vertex -1.181665980609606 13.636793934962236 56.86749987509912
      vertex -0.7165370477301124 13.7562187468701 56.86749987509912
    endloop
  endfacet
  facet normal -0.12865668263394536 0.5010846954275413 -0.8557812723014665
    outer loop
      vertex -1.181665980609606 13.636793934962236 56.86749987509912
      vertex -1.2056167077125088 13.710506693470219 56.914261539016124
      vertex -0.7310602578173236 13.832352080334335 56.914261539016124
    endloop
  endfacet
  facet normal -0.10206551427906234 0.3975189324731172 -0.9118998459920826
    outer loop
      vertex -1.2056167077125088 13.710506693470219 56.914261539016124
      vertex -1.2311380238051126 13.78905322785547 56.95135835496476
      vertex -0.746535839569916 13.913477920905951 56.95135835496476
    endloop
  endfacet
  facet normal -0.07398600089445481 0.28815644834851434 -0.954720866508539
    outer loop
      vertex -1.2311380238051126 13.78905322785547 56.95135835496476
      vertex -1.2578577706297878 13.871288152775264 56.97824936783374
      vertex -0.7627381241579616 13.998413271149925 56.97824936783374
    endloop
  endfacet
  facet normal -0.15337174684643579 0.5973435151782593 -0.7871834806090341
    outer loop
      vertex -1.1596350980299046 13.568989850337248 56.81175525357175
      vertex -0.7165370477301124 13.7562187468701 56.86749987509912
      vertex -0.7031779904147751 13.68618811595249 56.81175525357175
    endloop
  endfacet
  facet normal -0.12865668263394878 0.501084695427548 -0.855781272301462
    outer loop
      vertex -1.181665980609606 13.636793934962236 56.86749987509912
      vertex -0.7310602578173236 13.832352080334335 56.914261539016124
      vertex -0.7165370477301124 13.7562187468701 56.86749987509912
    endloop
  endfacet
  facet normal -0.10206551427905926 0.3975189324731107 -0.9118998459920856
    outer loop
      vertex -1.2056167077125088 13.710506693470219 56.914261539016124
      vertex -0.746535839569916 13.913477920905951 56.95135835496476
      vertex -0.7310602578173236 13.832352080334335 56.914261539016124
    endloop
  endfacet
  facet normal -0.07398600089445713 0.28815644834851933 -0.9547208665085375
    outer loop
      vertex -1.2311380238051126 13.78905322785547 56.95135835496476
      vertex -0.7627381241579616 13.998413271149925 56.97824936783374
      vertex -0.746535839569916 13.913477920905951 56.95135835496476
    endloop
  endfacet
  facet normal -0.0648396210959735 0.513258450991527 -0.855781272301462
    outer loop
      vertex -0.7165370477301124 13.7562187468701 56.86749987509912
      vertex -0.7310602578173236 13.832352080334335 56.914261539016124
      vertex -0.24497455094212936 13.893758985555417 56.914261539016124
    endloop
  endfacet
  facet normal -0.051438364003592175 0.40717657789740846 -0.9118998459920857
    outer loop
      vertex -0.7310602578173236 13.832352080334335 56.914261539016124
      vertex -0.746535839569916 13.913477920905951 56.95135835496476
      vertex -0.2501603391858077 13.97618472934535 56.95135835496476
    endloop
  endfacet
  facet normal -0.04482760501484032 0.1745919943351673 -0.983619906947141
    outer loop
      vertex -1.2578577706297878 13.871288152775264 56.97824936783374
      vertex -1.285386314110201 13.956012297847344 56.994542446102145
      vertex -0.7794308457877994 14.085919582401953 56.994542446102145
    endloop
  endfacet
  facet normal -0.04482760501483951 0.1745919943351655 -0.9836199069471414
    outer loop
      vertex -1.2578577706297878 13.871288152775264 56.97824936783374
      vertex -0.7794308457877994 14.085919582401953 56.994542446102145
      vertex -0.7627381241579616 13.998413271149925 56.97824936783374
    endloop
  endfacet
  facet normal -0.015015521711123499 0.05848159589744242 -0.9981755542233195
    outer loop
      vertex -1.285386314110201 13.956012297847344 56.994542446102145
      vertex -0.7963705869893305 14.174720815596928 57
      vertex -0.7794308457877994 14.085919582401953 56.994542446102145
    endloop
  endfacet
  facet normal -0.037287019734931835 0.29515715341572585 -0.9547208665085374
    outer loop
      vertex -0.746535839569916 13.913477920905951 56.95135835496476
      vertex -0.7627381241579616 13.998413271149925 56.97824936783374
      vertex -0.2555896418304946 14.062481023702242 56.97824936783374
    endloop
  endfacet
  facet normal -0.02259194675547432 0.17883367300118502 -0.9836199069471414
    outer loop
      vertex -0.7627381241579616 13.998413271149925 56.97824936783374
      vertex -0.7794308457877994 14.085919582401953 56.994542446102145
      vertex -0.26118328741790564 14.151389474332035 56.994542446102145
    endloop
  endfacet
  facet normal -0.0075674323196849805 0.05990239493589517 -0.9981755542233195
    outer loop
      vertex -0.7794308457877994 14.085919582401953 56.994542446102145
      vertex -0.7963705869893305 14.174720815596928 57
      vertex -0.2668597079995835 14.241613595820155 57
    endloop
  endfacet
  facet normal -0.12328026353590535 0.9758637701878419 -0.18025503781389496
    outer loop
      vertex -0.6568592666172745 13.443376862563115 56.341704075166916
      vertex -0.6599183213876707 13.459412989254211 56.43061252579671
      vertex -0.22113525213789506 13.514844181665211 56.43061252579671
    endloop
  endfacet
  facet normal -0.11965825335083022 0.9471926073148201 -0.29750305385521925
    outer loop
      vertex -0.6599183213876707 13.459412989254211 56.43061252579671
      vertex -0.664967157454282 13.485879914786334 56.5169088201536
      vertex -0.22282709126466044 13.54173519453419 56.5169088201536
    endloop
  endfacet
  facet normal -0.11429135638498114 0.9047092433351611 -0.41041280545275594
    outer loop
      vertex -0.664967157454282 13.485879914786334 56.5169088201536
      vertex -0.6719321514182682 13.522391691786895 56.599334563943536
      vertex -0.2251610250962387 13.578832010482826 56.599334563943536
    endloop
  endfacet
  facet normal -0.11965825335082925 0.947192607314819 -0.29750305385522297
    outer loop
      vertex -0.6599183213876707 13.459412989254211 56.43061252579671
      vertex -0.22282709126466044 13.54173519453419 56.5169088201536
      vertex -0.22113525213789506 13.514844181665211 56.43061252579671
    endloop
  endfacet
  facet normal -0.11429135638497986 0.9047092433351592 -0.41041280545276054
    outer loop
      vertex -0.664967157454282 13.485879914786334 56.5169088201536
      vertex -0.2251610250962387 13.578832010482826 56.599334563943536
      vertex -0.22282709126466044 13.54173519453419 56.5169088201536
    endloop
  endfacet
  facet normal -0.10725783408131571 0.8490331813598776 -0.5173378141776513
    outer loop
      vertex -0.6719321514182682 13.522391691786895 56.599334563943536
      vertex -0.6807117379838342 13.568415896329867 56.67668780421545
      vertex -0.2281030196218042 13.625593674399832 56.67668780421545
    endloop
  endfacet
  facet normal -0.09866025103313737 0.7809763037441406 -0.6167188726285406
    outer loop
      vertex -0.6807117379838342 13.568415896329867 56.67668780421545
      vertex -0.6911778910089466 13.623281391875528 56.74784055654184
      vertex -0.23161017393637945 13.681338295927203 56.74784055654184
    endloop
  endfacet
  facet normal -0.10725783408131674 0.8490331813598796 -0.517337814177648
    outer loop
      vertex -0.6719321514182682 13.522391691786895 56.599334563943536
      vertex -0.2281030196218042 13.625593674399832 56.67668780421545
      vertex -0.2251610250962387 13.578832010482826 56.599334563943536
    endloop
  endfacet
  facet normal -0.09866025103313651 0.7809763037441388 -0.6167188726285431
    outer loop
      vertex -0.6807117379838342 13.568415896329867 56.67668780421545
      vertex -0.23161017393637945 13.681338295927203 56.74784055654184
      vertex -0.2281030196218042 13.625593674399832 56.67668780421545
    endloop
  endfacet
  facet normal -0.0886239793613527 0.7015310330143071 -0.7071067811865741
    outer loop
      vertex -0.6911778910089466 13.623281391875528 56.74784055654184
      vertex -0.7031779904147751 13.68618811595249 56.81175525357175
      vertex -0.23563134583263418 13.745252992957115 56.81175525357175
    endloop
  endfacet
  facet normal -0.08862397936135546 0.7015310330143137 -0.7071067811865672
    outer loop
      vertex -0.6911778910089466 13.623281391875528 56.74784055654184
      vertex -0.23563134583263418 13.745252992957115 56.81175525357175
      vertex -0.23161017393637945 13.681338295927203 56.74784055654184
    endloop
  endfacet
  facet normal 0 0.9836199069471487 -0.180255037813878
    outer loop
      vertex -0.22011017854010081 13.49855110339681 56.341704075166916
      vertex -0.22113525213789506 13.514844181665211 56.43061252579671
      vertex 0.22113525213789506 13.514844181665211 56.43061252579671
    endloop
  endfacet
  facet normal 0 0.9547208665085394 -0.29750305385522324
    outer loop
      vertex -0.22113525213789506 13.514844181665211 56.43061252579671
      vertex -0.22282709126466044 13.54173519453419 56.5169088201536
      vertex 0.22282709126466044 13.54173519453419 56.5169088201536
    endloop
  endfacet
  facet normal 0 0.9118998459920884 -0.41041280545276054
    outer loop
      vertex -0.22282709126466044 13.54173519453419 56.5169088201536
      vertex -0.2251610250962387 13.578832010482826 56.599334563943536
      vertex 0.2251610250962387 13.578832010482826 56.599334563943536
    endloop
  endfacet
  facet normal 0 0.8557812723014528 -0.5173378141776479
    outer loop
      vertex -0.2251610250962387 13.578832010482826 56.599334563943536
      vertex -0.2281030196218042 13.625593674399832 56.67668780421545
      vertex 0.2281030196218042 13.625593674399832 56.67668780421545
    endloop
  endfacet
  facet normal 0 0.7871834806090502 -0.6167188726285432
    outer loop
      vertex -0.2281030196218042 13.625593674399832 56.67668780421545
      vertex -0.23161017393637945 13.681338295927203 56.74784055654184
      vertex 0.23161017393637945 13.681338295927203 56.74784055654184
    endloop
  endfacet
  facet normal 0 0.7071067811865279 -0.7071067811865672
    outer loop
      vertex -0.23161017393637945 13.681338295927203 56.74784055654184
      vertex -0.23563134583263418 13.745252992957115 56.81175525357175
      vertex 0.23563134583263418 13.745252992957115 56.81175525357175
    endloop
  endfacet
  facet normal -0.0772953705066707 0.6118558601128887 -0.7871834806090342
    outer loop
      vertex -0.7031779904147751 13.68618811595249 56.81175525357175
      vertex -0.7165370477301124 13.7562187468701 56.86749987509912
      vertex -0.24010789756943052 13.816405745283507 56.86749987509912
    endloop
  endfacet
  facet normal -0.07729537050666867 0.6118558601128833 -0.7871834806090386
    outer loop
      vertex -0.7031779904147751 13.68618811595249 56.81175525357175
      vertex -0.24010789756943052 13.816405745283507 56.86749987509912
      vertex -0.23563134583263418 13.745252992957115 56.81175525357175
    endloop
  endfacet
  facet normal -0.06483962109597172 0.5132584509915221 -0.855781272301465
    outer loop
      vertex -0.7165370477301124 13.7562187468701 56.86749987509912
      vertex -0.24497455094212936 13.893758985555417 56.914261539016124
      vertex -0.24010789756943052 13.816405745283507 56.86749987509912
    endloop
  endfacet
  facet normal -0.051438364003595506 0.40717657789741846 -0.911899845992081
    outer loop
      vertex -0.7310602578173236 13.832352080334335 56.914261539016124
      vertex -0.2501603391858077 13.97618472934535 56.95135835496476
      vertex -0.24497455094212936 13.893758985555417 56.914261539016124
    endloop
  endfacet
  facet normal 0 0.616718872628558 -0.7871834806090384
    outer loop
      vertex -0.23563134583263418 13.745252992957115 56.81175525357175
      vertex -0.24010789756943052 13.816405745283507 56.86749987509912
      vertex 0.24010789756943052 13.816405745283507 56.86749987509912
    endloop
  endfacet
  facet normal 0 0.5173378141776278 -0.855781272301465
    outer loop
      vertex -0.24010789756943052 13.816405745283507 56.86749987509912
      vertex -0.24497455094212936 13.893758985555417 56.914261539016124
      vertex 0.24497455094212936 13.893758985555417 56.914261539016124
    endloop
  endfacet
  facet normal -0.02259194675547482 0.17883367300118663 -0.9836199069471411
    outer loop
      vertex -0.7627381241579616 13.998413271149925 56.97824936783374
      vertex -0.26118328741790564 14.151389474332035 56.994542446102145
      vertex -0.2555896418304946 14.062481023702242 56.97824936783374
    endloop
  endfacet
  facet normal -0.007567432319684937 0.05990239493589503 -0.9981755542233195
    outer loop
      vertex -0.7794308457877994 14.085919582401953 56.994542446102145
      vertex -0.2668597079995835 14.241613595820155 57
      vertex -0.26118328741790564 14.151389474332035 56.994542446102145
    endloop
  endfacet
  facet normal -0.0372870197349299 0.2951571534157198 -0.9547208665085393
    outer loop
      vertex -0.746535839569916 13.913477920905951 56.95135835496476
      vertex -0.2555896418304946 14.062481023702242 56.97824936783374
      vertex -0.2501603391858077 13.97618472934535 56.95135835496476
    endloop
  endfacet
  facet normal 0 0.4104128054527768 -0.9118998459920812
    outer loop
      vertex -0.24497455094212936 13.893758985555417 56.914261539016124
      vertex -0.2501603391858077 13.97618472934535 56.95135835496476
      vertex 0.2501603391858077 13.97618472934535 56.95135835496476
    endloop
  endfacet
  facet normal 0 0.2975030538552232 -0.9547208665085393
    outer loop
      vertex -0.2501603391858077 13.97618472934535 56.95135835496476
      vertex -0.2555896418304946 14.062481023702242 56.97824936783374
      vertex 0.2555896418304946 14.062481023702242 56.97824936783374
    endloop
  endfacet
  facet normal 0 0.18025503781391955 -0.9836199069471411
    outer loop
      vertex -0.2555896418304946 14.062481023702242 56.97824936783374
      vertex -0.26118328741790564 14.151389474332035 56.994542446102145
      vertex 0.26118328741790564 14.151389474332035 56.994542446102145
    endloop
  endfacet
  facet normal 0 0.060378497422252514 -0.9981755542233195
    outer loop
      vertex -0.26118328741790564 14.151389474332035 56.994542446102145
      vertex -0.2668597079995835 14.241613595820155 57
      vertex 0.2668597079995835 14.241613595820155 57
    endloop
  endfacet
  facet normal 0.12533323356430495 -0.9921147013144777 0
    outer loop
      vertex 0.21976681835259818 6.50690645050105 52
      vertex 0.6558346010500369 6.56199462244959 52
      vertex 0.21976681835259818 6.50690645050105 56.251479953678796
    endloop
  endfacet
  facet normal 0.24868988716485396 -0.9685831611286314 0
    outer loop
      vertex 0.6558346010500369 6.56199462244959 52
      vertex 1.0815594803123159 6.671302192966962 52
      vertex 0.6558346010500369 6.56199462244959 56.251479953678796
    endloop
  endfacet
  facet normal 0 0 -1
    outer loop
      vertex 0.21976681835259818 6.50690645050105 52
      vertex -0.15540653583505157 7.529883847140027 52
      vertex 0.1554065358350516 7.529883847140027 52
    endloop
  endfacet
  facet normal 0 0 -1
    outer loop
      vertex 0.21976681835259818 6.50690645050105 52
      vertex 0.463768753599669 7.568839054446496 52
      vertex 0.6558346010500369 6.56199462244959 52
    endloop
  endfacet
  facet normal 0 0 -1
    outer loop
      vertex 0.21976681835259818 6.50690645050105 52
      vertex 0.1554065358350516 7.529883847140027 52
      vertex 0.463768753599669 7.568839054446496 52
    endloop
  endfacet
  facet normal 0 0 -1
    outer loop
      vertex 0.6558346010500369 6.56199462244959 52
      vertex 0.463768753599669 7.568839054446496 52
      vertex 1.0815594803123159 6.671302192966962 52
    endloop
  endfacet
  facet normal 0 0 -1
    outer loop
      vertex 1.0815594803123159 6.671302192966962 52
      vertex 0.463768753599669 7.568839054446496 52
      vertex 0.7648170610779949 7.646135122169495 52
    endloop
  endfacet
  facet normal 0 0 -1
    outer loop
      vertex 1.0815594803123159 6.671302192966962 52
      vertex 0.7648170610779949 7.646135122169495 52
      vertex 1.0538037466235546 7.760553045146601 52
    endloop
  endfacet
  facet normal 0 0 -1
    outer loop
      vertex 1.0815594803123159 6.671302192966962 52
      vertex 1.0538037466235546 7.760553045146601 52
      vertex 1.4902275204777535 6.833105316368932 52
    endloop
  endfacet
  facet normal 0 0 -1
    outer loop
      vertex 1.4902275204777535 6.833105316368932 52
      vertex 1.0538037466235546 7.760553045146601 52
      vertex 1.8753937824264868 7.044852260742946 52
    endloop
  endfacet
  facet normal 0 0 -1
    outer loop
      vertex 1.8753937824264868 7.044852260742946 52
      vertex 1.0538037466235546 7.760553045146601 52
      vertex 1.3261713175730157 7.910288384382512 52
    endloop
  endfacet
  facet normal 0 0 -1
    outer loop
      vertex 1.8753937824264868 7.044852260742946 52
      vertex 1.3261713175730157 7.910288384382512 52
      vertex 2.2309839641204148 7.303203650284738 52
    endloop
  endfacet
  facet normal 0 0 -1
    outer loop
      vertex 2.2309839641204148 7.303203650284738 52
      vertex 1.804197352867994 8.305745912826495 52
      vertex 2.5513901959749408 7.60408512924959 52
    endloop
  endfacet
  facet normal 0.368124552684679 -0.929776485888251 0
    outer loop
      vertex 1.0815594803123159 6.671302192966962 52
      vertex 1.4902275204777535 6.833105316368932 52
      vertex 1.0815594803123159 6.671302192966962 56.251479953678796
    endloop
  endfacet
  facet normal 0.48175367410171366 -0.8763066800438645 0
    outer loop
      vertex 1.4902275204777535 6.833105316368932 52
      vertex 1.8753937824264868 7.044852260742946 52
      vertex 1.4902275204777535 6.833105316368932 56.251479953678796
    endloop
  endfacet
  facet normal 0.587785252292473 -0.8090169943749476 0
    outer loop
      vertex 1.8753937824264868 7.044852260742946 52
      vertex 2.2309839641204148 7.303203650284738 52
      vertex 1.8753937824264868 7.044852260742946 56.251479953678796
    endloop
  endfacet
  facet normal 0 -1 0
    outer loop
      vertex -0.21976681835259818 6.50690645050105 56.251479953678796
      vertex 0.21976681835259818 6.50690645050105 52
      vertex 0.21976681835259818 6.50690645050105 56.251479953678796
    endloop
  endfacet
  facet normal 0.12533323356430495 -0.9921147013144777 0
    outer loop
      vertex 0.6558346010500369 6.56199462244959 52
      vertex 0.6558346010500369 6.56199462244959 56.251479953678796
      vertex 0.21976681835259818 6.50690645050105 56.251479953678796
    endloop
  endfacet
  facet normal 0.24868988716485396 -0.9685831611286314 0
    outer loop
      vertex 1.0815594803123159 6.671302192966962 52
      vertex 1.0815594803123159 6.671302192966962 56.251479953678796
      vertex 0.6558346010500369 6.56199462244959 56.251479953678796
    endloop
  endfacet
  facet normal 0.368124552684679 -0.929776485888251 0
    outer loop
      vertex 1.4902275204777535 6.833105316368932 52
      vertex 1.4902275204777535 6.833105316368932 56.251479953678796
      vertex 1.0815594803123159 6.671302192966962 56.251479953678796
    endloop
  endfacet
  facet normal 0.48175367410171366 -0.8763066800438645 0
    outer loop
      vertex 1.8753937824264868 7.044852260742946 52
      vertex 1.8753937824264868 7.044852260742946 56.251479953678796
      vertex 1.4902275204777535 6.833105316368932 56.251479953678796
    endloop
  endfacet
  facet normal 0.587785252292473 -0.8090169943749476 0
    outer loop
      vertex 2.2309839641204148 7.303203650284738 52
      vertex 2.2309839641204148 7.303203650284738 56.251479953678796
      vertex 1.8753937824264868 7.044852260742946 56.251479953678796
    endloop
  endfacet
  facet normal 0 0 -1
    outer loop
      vertex 2.2309839641204148 7.303203650284738 52
      vertex 1.3261713175730157 7.910288384382512 52
      vertex 1.5776243746280076 8.092979724129922 52
    endloop
  endfacet
  facet normal 0 0 -1
    outer loop
      vertex 2.2309839641204148 7.303203650284738 52
      vertex 1.5776243746280076 8.092979724129922 52
      vertex 1.804197352867994 8.305745912826495 52
    endloop
  endfacet
  facet normal 0 0 -1
    outer loop
      vertex 2.5513901959749408 7.60408512924959 52
      vertex 1.804197352867994 8.305745912826495 52
      vertex 2.0023170610779952 8.54523150057613 52
    endloop
  endfacet
  facet normal 0.6845471059286894 -0.7289686274214109 0
    outer loop
      vertex 2.2309839641204148 7.303203650284738 52
      vertex 2.5513901959749408 7.60408512924959 52
      vertex 2.2309839641204148 7.303203650284738 56.251479953678796
    endloop
  endfacet
  facet normal 0.7705132427757893 -0.6374239897486897 0
    outer loop
      vertex 2.5513901959749408 7.60408512924959 52
      vertex 2.831559480312316 7.942751616976344 52
      vertex 2.5513901959749408 7.60408512924959 56.251479953678796
    endloop
  endfacet
  facet normal 0.6845471059286894 -0.7289686274214109 0
    outer loop
      vertex 2.5513901959749408 7.60408512924959 52
      vertex 2.5513901959749408 7.60408512924959 56.251479953678796
      vertex 2.2309839641204148 7.303203650284738 56.251479953678796
    endloop
  endfacet
  facet normal 0 0 -1
    outer loop
      vertex 2.5513901959749408 7.60408512924959 52
      vertex 2.0023170610779952 8.54523150057613 52
      vertex 2.831559480312316 7.942751616976344 52
    endloop
  endfacet
  facet normal 0 0 -1
    outer loop
      vertex 2.831559480312316 7.942751616976344 52
      vertex 2.0023170610779952 8.54523150057613 52
      vertex 3.067073380153522 8.313862140643996 52
    endloop
  endfacet
  facet normal 0 0 -1
    outer loop
      vertex 3.067073380153522 8.313862140643996 52
      vertex 2.0023170610779952 8.54523150057613 52
      vertex 2.168859033108562 8.807659656598254 52
    endloop
  endfacet
  facet normal 0 0 -1
    outer loop
      vertex 3.067073380153522 8.313862140643996 52
      vertex 2.168859033108562 8.807659656598254 52
      vertex 2.301196802573422 9.08889173210542 52
    endloop
  endfacet
  facet normal 0 0 -1
    outer loop
      vertex 3.067073380153522 8.313862140643996 52
      vertex 2.301196802573422 9.08889173210542 52
      vertex 3.2542177006088795 8.711564065603625 52
    endloop
  endfacet
  facet normal 0.8443279255020154 -0.5358267949789961 0
    outer loop
      vertex 2.831559480312316 7.942751616976344 52
      vertex 3.067073380153522 8.313862140643996 52
      vertex 2.831559480312316 7.942751616976344 56.251479953678796
    endloop
  endfacet
  facet normal 0.9048270524660187 -0.4257792915650745 0
    outer loop
      vertex 3.067073380153522 8.313862140643996 52
      vertex 3.2542177006088795 8.711564065603625 52
      vertex 3.067073380153522 8.313862140643996 56.251479953678796
    endloop
  endfacet
  facet normal 0.9510565162951536 -0.3090169943749471 0
    outer loop
      vertex 3.2542177006088795 8.711564065603625 52
      vertex 3.390041063950209 9.129585394923009 52
      vertex 3.2542177006088795 8.711564065603625 56.251479953678796
    endloop
  endfacet
  facet normal 0 0 -1
    outer loop
      vertex 3.390041063950209 9.129585394923009 52
      vertex 2.301196802573422 9.08889173210542 52
      vertex 2.3972433237933624 9.384492529266986 52
    endloop
  endfacet
  facet normal 0 0 -1
    outer loop
      vertex 3.390041063950209 9.129585394923009 52
      vertex 2.3972433237933624 9.384492529266986 52
      vertex 2.455483885753333 9.689800246928348 52
    endloop
  endfacet
  facet normal 0 0 -1
    outer loop
      vertex 3.5 10 52
      vertex 2.455483885753333 9.689800246928348 52
      vertex 2.475 10 52
    endloop
  endfacet
  facet normal 0 0 -1
    outer loop
      vertex 3.2542177006088795 8.711564065603625 52
      vertex 2.301196802573422 9.08889173210542 52
      vertex 3.390041063950209 9.129585394923009 52
    endloop
  endfacet
  facet normal 0 0 -1
    outer loop
      vertex 3.390041063950209 9.129585394923009 52
      vertex 2.455483885753333 9.689800246928348 52
      vertex 3.4724014546006727 9.561333682524936 52
    endloop
  endfacet
  facet normal 0 0 -1
    outer loop
      vertex 3.4724014546006727 9.561333682524936 52
      vertex 2.455483885753333 9.689800246928348 52
      vertex 3.5 10 52
    endloop
  endfacet
  facet normal 0.9822872507286886 -0.18738131458572466 0
    outer loop
      vertex 3.390041063950209 9.129585394923009 52
      vertex 3.4724014546006727 9.561333682524936 52
      vertex 3.390041063950209 9.129585394923009 56.251479953678796
    endloop
  endfacet
  facet normal 0.9980267284282717 -0.06279051952931271 0
    outer loop
      vertex 3.4724014546006727 9.561333682524936 52
      vertex 3.5 10 52
      vertex 3.4724014546006727 9.561333682524936 56.251479953678796
    endloop
  endfacet
  facet normal 0.7705132427757893 -0.6374239897486897 0
    outer loop
      vertex 2.831559480312316 7.942751616976344 52
      vertex 2.831559480312316 7.942751616976344 56.251479953678796
      vertex 2.5513901959749408 7.60408512924959 56.251479953678796
    endloop
  endfacet
  facet normal 0.8443279255020154 -0.5358267949789961 0
    outer loop
      vertex 3.067073380153522 8.313862140643996 52
      vertex 3.067073380153522 8.313862140643996 56.251479953678796
      vertex 2.831559480312316 7.942751616976344 56.251479953678796
    endloop
  endfacet
  facet normal 0.9048270524660187 -0.4257792915650745 0
    outer loop
      vertex 3.2542177006088795 8.711564065603625 52
      vertex 3.2542177006088795 8.711564065603625 56.251479953678796
      vertex 3.067073380153522 8.313862140643996 56.251479953678796
    endloop
  endfacet
  facet normal 0.9510565162951536 -0.3090169943749471 0
    outer loop
      vertex 3.390041063950209 9.129585394923009 52
      vertex 3.390041063950209 9.129585394923009 56.251479953678796
      vertex 3.2542177006088795 8.711564065603625 56.251479953678796
    endloop
  endfacet
  facet normal 0.9822872507286886 -0.18738131458572466 0
    outer loop
      vertex 3.4724014546006727 9.561333682524936 52
      vertex 3.4724014546006727 9.561333682524936 56.251479953678796
      vertex 3.390041063950209 9.129585394923009 56.251479953678796
    endloop
  endfacet
  facet normal 0.9980267284282717 -0.06279051952931271 0
    outer loop
      vertex 3.4724014546006727 9.561333682524936 56.251479953678796
      vertex 3.5 10 52
      vertex 3.5 10 56.251479953678796
    endloop
  endfacet
  facet normal 0 -0.9981755542233172 -0.06037849742229167
    outer loop
      vertex -0.22011017854010081 6.501448896603191 56.341704075166916
      vertex 0.21976681835259818 6.50690645050105 56.251479953678796
      vertex 0.22011017854010081 6.501448896603191 56.341704075166916
    endloop
  endfacet
  facet normal 0.12510456987565055 -0.9903046418376795 -0.06037849742229164
    outer loop
      vertex 0.21976681835259818 6.50690645050105 56.251479953678796
      vertex 0.6558346010500369 6.56199462244959 56.251479953678796
      vertex 0.22011017854010081 6.501448896603191 56.341704075166916
    endloop
  endfacet
  facet normal 0.12328026353590682 -0.9758637701878413 -0.18025503781389707
    outer loop
      vertex 0.22011017854010081 6.501448896603191 56.341704075166916
      vertex 0.6568592666172745 6.556623137436885 56.341704075166916
      vertex 0.22113525213789506 6.485155818334788 56.43061252579671
    endloop
  endfacet
  facet normal 0.12510456987565094 -0.9903046418376796 -0.06037849742229006
    outer loop
      vertex 0.22011017854010081 6.501448896603191 56.341704075166916
      vertex 0.6558346010500369 6.56199462244959 56.251479953678796
      vertex 0.6568592666172745 6.556623137436885 56.341704075166916
    endloop
  endfacet
  facet normal 0.24823616595051226 -0.9668160336709442 -0.06037849742228996
    outer loop
      vertex 0.6558346010500369 6.56199462244959 56.251479953678796
      vertex 1.0815594803123159 6.671302192966962 56.251479953678796
      vertex 0.6568592666172745 6.556623137436885 56.341704075166916
    endloop
  endfacet
  facet normal 0.2446163236717907 -0.9527176788199162 -0.18025503781389512
    outer loop
      vertex 0.6568592666172745 6.556623137436885 56.341704075166916
      vertex 1.0832492916711876 6.666101488366832 56.341704075166916
      vertex 0.6599183213876707 6.540587010745789 56.43061252579671
    endloop
  endfacet
  facet normal 0.24823616595051337 -0.9668160336709442 -0.06037849742228513
    outer loop
      vertex 0.6568592666172745 6.556623137436885 56.341704075166916
      vertex 1.0815594803123159 6.671302192966962 56.251479953678796
      vertex 1.0832492916711876 6.666101488366832 56.341704075166916
    endloop
  endfacet
  facet normal 0 -0.0603784974222537 -0.9981755542233195
    outer loop
      vertex -0.2668597079995836 5.758386404179846 57
      vertex 0.26118328741790564 5.848610525667964 56.994542446102145
      vertex 0.2668597079995835 5.758386404179846 57
    endloop
  endfacet
  facet normal 0 -0.18025503781391777 -0.9836199069471413
    outer loop
      vertex -0.26118328741790564 5.848610525667964 56.994542446102145
      vertex 0.2555896418304946 5.937518976297758 56.97824936783374
      vertex 0.26118328741790564 5.848610525667964 56.994542446102145
    endloop
  endfacet
  facet normal 0 -0.2975030538552232 -0.9547208665085393
    outer loop
      vertex -0.2555896418304946 5.937518976297758 56.97824936783374
      vertex 0.2501603391858077 6.02381527065465 56.95135835496476
      vertex 0.2555896418304946 5.937518976297758 56.97824936783374
    endloop
  endfacet
  facet normal 0 -0.4104128054527768 -0.9118998459920812
    outer loop
      vertex -0.2501603391858077 6.02381527065465 56.95135835496476
      vertex 0.24497455094212936 6.106241014444583 56.914261539016124
      vertex 0.2501603391858077 6.02381527065465 56.95135835496476
    endloop
  endfacet
  facet normal 0.037287019734930434 -0.2951571534157198 -0.9547208665085393
    outer loop
      vertex 0.2555896418304946 5.937518976297758 56.97824936783374
      vertex 0.2501603391858077 6.02381527065465 56.95135835496476
      vertex 0.746535839569916 6.08652207909405 56.95135835496476
    endloop
  endfacet
  facet normal 0.007567432319685083 -0.0599023949358962 -0.9981755542233194
    outer loop
      vertex 0.2668597079995835 5.758386404179846 57
      vertex 0.26118328741790564 5.848610525667964 56.994542446102145
      vertex 0.7794308457877994 5.914080417598046 56.994542446102145
    endloop
  endfacet
  facet normal 0.0225919467554743 -0.17883367300118494 -0.9836199069471414
    outer loop
      vertex 0.26118328741790564 5.848610525667964 56.994542446102145
      vertex 0.2555896418304946 5.937518976297758 56.97824936783374
      vertex 0.7627381241579616 6.001586728850074 56.97824936783374
    endloop
  endfacet
  facet normal 0 -0.7071067811865279 -0.7071067811865672
    outer loop
      vertex -0.23563134583263418 6.254747007042885 56.81175525357175
      vertex 0.23161017393637945 6.318661704072797 56.74784055654184
      vertex 0.23563134583263418 6.254747007042885 56.81175525357175
    endloop
  endfacet
  facet normal 0 -0.78718348060905 -0.6167188726285432
    outer loop
      vertex -0.23161017393637945 6.318661704072797 56.74784055654184
      vertex 0.2281030196218042 6.374406325600168 56.67668780421545
      vertex 0.23161017393637945 6.318661704072797 56.74784055654184
    endloop
  endfacet
  facet normal 0 -0.9836199069471452 -0.180255037813897
    outer loop
      vertex -0.22113525213789506 6.485155818334788 56.43061252579671
      vertex 0.22011017854010081 6.501448896603191 56.341704075166916
      vertex 0.22113525213789506 6.485155818334788 56.43061252579671
    endloop
  endfacet
  facet normal 0 -0.954720866508542 -0.29750305385521425
    outer loop
      vertex -0.22282709126466044 6.458264805465809 56.5169088201536
      vertex 0.22113525213789506 6.485155818334788 56.43061252579671
      vertex 0.22282709126466044 6.458264805465809 56.5169088201536
    endloop
  endfacet
  facet normal 0 -0.9118998459920884 -0.4104128054527605
    outer loop
      vertex -0.2251610250962387 6.4211679895171745 56.599334563943536
      vertex 0.22282709126466044 6.458264805465809 56.5169088201536
      vertex 0.2251610250962387 6.4211679895171745 56.599334563943536
    endloop
  endfacet
  facet normal 0 -0.8557812723014528 -0.5173378141776479
    outer loop
      vertex -0.2281030196218042 6.374406325600168 56.67668780421545
      vertex 0.2251610250962387 6.4211679895171745 56.599334563943536
      vertex 0.2281030196218042 6.374406325600168 56.67668780421545
    endloop
  endfacet
  facet normal 0.08862397936135548 -0.7015310330143137 -0.7071067811865671
    outer loop
      vertex 0.23563134583263418 6.254747007042885 56.81175525357175
      vertex 0.23161017393637945 6.318661704072797 56.74784055654184
      vertex 0.6911778910089466 6.376718608124472 56.74784055654184
    endloop
  endfacet
  facet normal 0.08862397936135462 -0.7015310330143117 -0.7071067811865693
    outer loop
      vertex 0.23563134583263418 6.254747007042885 56.81175525357175
      vertex 0.6911778910089466 6.376718608124472 56.74784055654184
      vertex 0.7031779904147751 6.313811884047511 56.81175525357175
    endloop
  endfacet
  facet normal 0.11429135638497985 -0.904709243335159 -0.41041280545276054
    outer loop
      vertex 0.22282709126466044 6.458264805465809 56.5169088201536
      vertex 0.664967157454282 6.514120085213666 56.5169088201536
      vertex 0.2251610250962387 6.4211679895171745 56.599334563943536
    endloop
  endfacet
  facet normal 0.11965825335083151 -0.9471926073148217 -0.2975030538552142
    outer loop
      vertex 0.22113525213789506 6.485155818334788 56.43061252579671
      vertex 0.6599183213876707 6.540587010745789 56.43061252579671
      vertex 0.22282709126466044 6.458264805465809 56.5169088201536
    endloop
  endfacet
  facet normal 0.11429135638498114 -0.9047092433351611 -0.4104128054527558
    outer loop
      vertex 0.2251610250962387 6.4211679895171745 56.599334563943536
      vertex 0.664967157454282 6.514120085213666 56.5169088201536
      vertex 0.6719321514182682 6.477608308213105 56.599334563943536
    endloop
  endfacet
  facet normal 0.12328026353590728 -0.9758637701878415 -0.18025503781389496
    outer loop
      vertex 0.6568592666172745 6.556623137436885 56.341704075166916
      vertex 0.6599183213876707 6.540587010745789 56.43061252579671
      vertex 0.22113525213789506 6.485155818334788 56.43061252579671
    endloop
  endfacet
  facet normal 0.11965825335083022 -0.9471926073148201 -0.29750305385521925
    outer loop
      vertex 0.22282709126466044 6.458264805465809 56.5169088201536
      vertex 0.6599183213876707 6.540587010745789 56.43061252579671
      vertex 0.664967157454282 6.514120085213666 56.5169088201536
    endloop
  endfacet
  facet normal 0.0986602510331365 -0.7809763037441386 -0.6167188726285432
    outer loop
      vertex 0.23161017393637945 6.318661704072797 56.74784055654184
      vertex 0.2281030196218042 6.374406325600168 56.67668780421545
      vertex 0.6807117379838342 6.431584103670133 56.67668780421545
    endloop
  endfacet
  facet normal 0.10725783408131674 -0.8490331813598796 -0.5173378141776479
    outer loop
      vertex 0.2281030196218042 6.374406325600168 56.67668780421545
      vertex 0.2251610250962387 6.4211679895171745 56.599334563943536
      vertex 0.6719321514182682 6.477608308213105 56.599334563943536
    endloop
  endfacet
  facet normal 0.10725783408131571 -0.8490331813598778 -0.5173378141776513
    outer loop
      vertex 0.2281030196218042 6.374406325600168 56.67668780421545
      vertex 0.6719321514182682 6.477608308213105 56.599334563943536
      vertex 0.6807117379838342 6.431584103670133 56.67668780421545
    endloop
  endfacet
  facet normal 0.09866025103313741 -0.7809763037441407 -0.6167188726285406
    outer loop
      vertex 0.23161017393637945 6.318661704072797 56.74784055654184
      vertex 0.6807117379838342 6.431584103670133 56.67668780421545
      vertex 0.6911778910089466 6.376718608124472 56.74784055654184
    endloop
  endfacet
  facet normal 0 -0.5173378141776278 -0.855781272301465
    outer loop
      vertex -0.24497455094212936 6.106241014444583 56.914261539016124
      vertex 0.24010789756943052 6.183594254716493 56.86749987509912
      vertex 0.24497455094212936 6.106241014444583 56.914261539016124
    endloop
  endfacet
  facet normal 0 -0.616718872628558 -0.7871834806090384
    outer loop
      vertex -0.24010789756943052 6.183594254716493 56.86749987509912
      vertex 0.23563134583263418 6.254747007042885 56.81175525357175
      vertex 0.24010789756943052 6.183594254716493 56.86749987509912
    endloop
  endfacet
  facet normal 0.06483962109597172 -0.513258450991522 -0.855781272301465
    outer loop
      vertex 0.24497455094212936 6.106241014444583 56.914261539016124
      vertex 0.24010789756943052 6.183594254716493 56.86749987509912
      vertex 0.7165370477301124 6.2437812531298995 56.86749987509912
    endloop
  endfacet
  facet normal 0.05143836400359476 -0.40717657789741846 -0.9118998459920812
    outer loop
      vertex 0.2501603391858077 6.02381527065465 56.95135835496476
      vertex 0.24497455094212936 6.106241014444583 56.914261539016124
      vertex 0.7310602578173236 6.167647919665664 56.914261539016124
    endloop
  endfacet
  facet normal 0.07729537050666982 -0.6118558601128832 -0.7871834806090385
    outer loop
      vertex 0.23563134583263418 6.254747007042885 56.81175525357175
      vertex 0.7031779904147751 6.313811884047511 56.81175525357175
      vertex 0.24010789756943052 6.183594254716493 56.86749987509912
    endloop
  endfacet
  facet normal 0.07729537050667011 -0.6118558601128841 -0.7871834806090379
    outer loop
      vertex 0.24010789756943052 6.183594254716493 56.86749987509912
      vertex 0.7031779904147751 6.313811884047511 56.81175525357175
      vertex 0.7165370477301124 6.2437812531298995 56.86749987509912
    endloop
  endfacet
  facet normal 0.0075674323196851245 -0.05990239493589632 -0.9981755542233193
    outer loop
      vertex 0.2668597079995835 5.758386404179846 57
      vertex 0.7794308457877994 5.914080417598046 56.994542446102145
      vertex 0.7963705869893305 5.825279184403073 57
    endloop
  endfacet
  facet normal 0.022591946755474317 -0.178833673001185 -0.9836199069471414
    outer loop
      vertex 0.26118328741790564 5.848610525667964 56.994542446102145
      vertex 0.7627381241579616 6.001586728850074 56.97824936783374
      vertex 0.7794308457877994 5.914080417598046 56.994542446102145
    endloop
  endfacet
  facet normal 0.037287019734930635 -0.29515715341572046 -0.954720866508539
    outer loop
      vertex 0.2555896418304946 5.937518976297758 56.97824936783374
      vertex 0.746535839569916 6.08652207909405 56.95135835496476
      vertex 0.7627381241579616 6.001586728850074 56.97824936783374
    endloop
  endfacet
  facet normal 0.015015521711123784 -0.058481595897443533 -0.9981755542233194
    outer loop
      vertex 0.7963705869893305 5.825279184403073 57
      vertex 0.7794308457877994 5.914080417598046 56.994542446102145
      vertex 1.285386314110201 6.043987702152655 56.994542446102145
    endloop
  endfacet
  facet normal 0.04482760501483982 -0.17459199433516548 -0.9836199069471414
    outer loop
      vertex 0.7794308457877994 5.914080417598046 56.994542446102145
      vertex 0.7627381241579616 6.001586728850074 56.97824936783374
      vertex 1.2578577706297878 6.128711847224736 56.97824936783374
    endloop
  endfacet
  facet normal 0.04482760501483991 -0.17459199433516567 -0.9836199069471413
    outer loop
      vertex 0.7794308457877994 5.914080417598046 56.994542446102145
      vertex 1.2578577706297878 6.128711847224736 56.97824936783374
      vertex 1.285386314110201 6.043987702152655 56.994542446102145
    endloop
  endfacet
  facet normal 0.23742942456593988 -0.9247265548783085 -0.29750305385521897
    outer loop
      vertex 0.6599183213876707 6.540587010745789 56.43061252579671
      vertex 1.0882940844930657 6.650575212550477 56.43061252579671
      vertex 0.664967157454282 6.514120085213666 56.5169088201536
    endloop
  endfacet
  facet normal 0.22678026980542185 -0.8832508354637308 -0.41041280545275577
    outer loop
      vertex 0.664967157454282 6.514120085213666 56.5169088201536
      vertex 1.0966202943387242 6.624949773581427 56.5169088201536
      vertex 0.6719321514182682 6.477608308213105 56.599334563943536
    endloop
  endfacet
  facet normal 0.1957645709707047 -0.7624526640365537 -0.6167188726285406
    outer loop
      vertex 0.6807117379838342 6.431584103670133 56.67668780421545
      vertex 1.1225852256003772 6.5450379320935514 56.67668780421545
      vertex 0.6911778910089466 6.376718608124472 56.74784055654184
    endloop
  endfacet
  facet normal 0.21282414804644487 -0.8288953299604209 -0.5173378141776513
    outer loop
      vertex 0.6719321514182682 6.477608308213105 56.599334563943536
      vertex 1.1081065063196205 6.589598848063318 56.599334563943536
      vertex 0.6807117379838342 6.431584103670133 56.67668780421545
    endloop
  endfacet
  facet normal 0.2446163236717887 -0.9527176788199151 -0.18025503781390328
    outer loop
      vertex 0.6599183213876707 6.540587010745789 56.43061252579671
      vertex 1.0832492916711876 6.666101488366832 56.341704075166916
      vertex 1.0882940844930657 6.650575212550477 56.43061252579671
    endloop
  endfacet
  facet normal 0.2374294245659425 -0.9247265548783108 -0.2975030538552098
    outer loop
      vertex 0.664967157454282 6.514120085213666 56.5169088201536
      vertex 1.0882940844930657 6.650575212550477 56.43061252579671
      vertex 1.0966202943387242 6.624949773581427 56.5169088201536
    endloop
  endfacet
  facet normal 0.2267802698054231 -0.8832508354637323 -0.41041280545275205
    outer loop
      vertex 0.6719321514182682 6.477608308213105 56.599334563943536
      vertex 1.0966202943387242 6.624949773581427 56.5169088201536
      vertex 1.1081065063196205 6.589598848063318 56.599334563943536
    endloop
  endfacet
  facet normal 0.17585030562677983 -0.6848917213771366 -0.7071067811865692
    outer loop
      vertex 0.7031779904147751 6.313811884047511 56.81175525357175
      vertex 0.6911778910089466 6.376718608124472 56.74784055654184
      vertex 1.139845319850644 6.491916824169412 56.74784055654184
    endloop
  endfacet
  facet normal 0.21282414804644637 -0.8288953299604229 -0.5173378141776471
    outer loop
      vertex 0.6807117379838342 6.431584103670133 56.67668780421545
      vertex 1.1081065063196205 6.589598848063318 56.599334563943536
      vertex 1.1225852256003772 6.5450379320935514 56.67668780421545
    endloop
  endfacet
  facet normal 0.1758503056267833 -0.6848917213771428 -0.7071067811865624
    outer loop
      vertex 0.7031779904147751 6.313811884047511 56.81175525357175
      vertex 1.139845319850644 6.491916824169412 56.74784055654184
      vertex 1.1596350980299046 6.431010149662752 56.81175525357175
    endloop
  endfacet
  facet normal 0.1957645709706994 -0.7624526640365451 -0.616718872628553
    outer loop
      vertex 0.6911778910089466 6.376718608124472 56.74784055654184
      vertex 1.1225852256003772 6.5450379320935514 56.67668780421545
      vertex 1.139845319850644 6.491916824169412 56.74784055654184
    endloop
  endfacet
  facet normal 0.06483962109597204 -0.513258450991523 -0.8557812723014645
    outer loop
      vertex 0.24497455094212936 6.106241014444583 56.914261539016124
      vertex 0.7165370477301124 6.2437812531298995 56.86749987509912
      vertex 0.7310602578173236 6.167647919665664 56.914261539016124
    endloop
  endfacet
  facet normal 0.0514383640035938 -0.4071765778974156 -0.9118998459920825
    outer loop
      vertex 0.2501603391858077 6.02381527065465 56.95135835496476
      vertex 0.7310602578173236 6.167647919665664 56.914261539016124
      vertex 0.746535839569916 6.08652207909405 56.95135835496476
    endloop
  endfacet
  facet normal 0.07398600089445526 -0.2881564483485141 -0.954720866508539
    outer loop
      vertex 0.7627381241579616 6.001586728850074 56.97824936783374
      vertex 0.746535839569916 6.08652207909405 56.95135835496476
      vertex 1.2311380238051126 6.2109467721445295 56.95135835496476
    endloop
  endfacet
  facet normal 0.10206551427906176 -0.3975189324731176 -0.9118998459920825
    outer loop
      vertex 0.7310602578173236 6.167647919665664 56.914261539016124
      vertex 1.2056167077125088 6.289493306529781 56.914261539016124
      vertex 0.746535839569916 6.08652207909405 56.95135835496476
    endloop
  endfacet
  facet normal 0.12865668263394767 -0.5010846954275439 -0.8557812723014644
    outer loop
      vertex 0.7310602578173236 6.167647919665664 56.914261539016124
      vertex 0.7165370477301124 6.2437812531298995 56.86749987509912
      vertex 1.181665980609606 6.3632060650377635 56.86749987509912
    endloop
  endfacet
  facet normal 0.15337174684643354 -0.597343515178255 -0.7871834806090378
    outer loop
      vertex 0.7031779904147751 6.313811884047511 56.81175525357175
      vertex 1.1596350980299046 6.431010149662752 56.81175525357175
      vertex 0.7165370477301124 6.2437812531298995 56.86749987509912
    endloop
  endfacet
  facet normal 0.0739860008944553 -0.2881564483485142 -0.954720866508539
    outer loop
      vertex 0.7627381241579616 6.001586728850074 56.97824936783374
      vertex 1.2311380238051126 6.2109467721445295 56.95135835496476
      vertex 1.2578577706297878 6.128711847224736 56.97824936783374
    endloop
  endfacet
  facet normal 0.10206551427906166 -0.3975189324731174 -0.9118998459920824
    outer loop
      vertex 0.746535839569916 6.08652207909405 56.95135835496476
      vertex 1.2056167077125088 6.289493306529781 56.914261539016124
      vertex 1.2311380238051126 6.2109467721445295 56.95135835496476
    endloop
  endfacet
  facet normal 0.12865668263394622 -0.501084695427541 -0.8557812723014664
    outer loop
      vertex 0.7310602578173236 6.167647919665664 56.914261539016124
      vertex 1.181665980609606 6.3632060650377635 56.86749987509912
      vertex 1.2056167077125088 6.289493306529781 56.914261539016124
    endloop
  endfacet
  facet normal 0.1533717468464334 -0.5973435151782547 -0.787183480609038
    outer loop
      vertex 0.7165370477301124 6.2437812531298995 56.86749987509912
      vertex 1.1596350980299046 6.431010149662752 56.81175525357175
      vertex 1.181665980609606 6.3632060650377635 56.86749987509912
    endloop
  endfacet
  facet normal 0.015015521711123934 -0.058481595897443873 -0.9981755542233193
    outer loop
      vertex 0.7963705869893305 5.825279184403073 57
      vertex 1.285386314110201 6.043987702152655 56.994542446102145
      vertex 1.3133222260935264 5.958009805745598 57
    endloop
  endfacet
  facet normal 0.31503409806189625 -0.7956853040494223 -0.5173378141776472
    outer loop
      vertex 1.1225852256003772 6.5450379320935514 56.67668780421545
      vertex 1.1081065063196205 6.589598848063318 56.599334563943536
      vertex 1.5268053596655717 6.755373451354469 56.599334563943536
    endloop
  endfacet
  facet normal 0.28978156667997057 -0.7319046903499585 -0.6167188726285528
    outer loop
      vertex 1.1225852256003772 6.5450379320935514 56.67668780421545
      vertex 1.546754873609294 6.712978576222151 56.67668780421545
      vertex 1.139845319850644 6.491916824169412 56.74784055654184
    endloop
  endfacet
  facet normal 0.26030336752459476 -0.6574512581593668 -0.7071067811865627
    outer loop
      vertex 1.1596350980299046 6.431010149662752 56.81175525357175
      vertex 1.139845319850644 6.491916824169412 56.74784055654184
      vertex 1.5705367070877079 6.662439607524511 56.74784055654184
    endloop
  endfacet
  facet normal 0.2897815666799732 -0.7319046903499618 -0.6167188726285475
    outer loop
      vertex 1.139845319850644 6.491916824169412 56.74784055654184
      vertex 1.546754873609294 6.712978576222151 56.67668780421545
      vertex 1.5705367070877079 6.662439607524511 56.74784055654184
    endloop
  endfacet
  facet normal 0.2603033675245923 -0.6574512581593636 -0.7071067811865666
    outer loop
      vertex 1.1596350980299046 6.431010149662752 56.81175525357175
      vertex 1.5705367070877079 6.662439607524511 56.74784055654184
      vertex 1.597804067416673 6.604493517229004 56.81175525357175
    endloop
  endfacet
  facet normal 0.1095181786227801 -0.2766113439545333 -0.954720866508539
    outer loop
      vertex 1.2578577706297878 6.128711847224736 56.97824936783374
      vertex 1.2311380238051126 6.2109467721445295 56.95135835496476
      vertex 1.6963244259586956 6.395127098068974 56.95135835496476
    endloop
  endfacet
  facet normal 0.1510830304233662 -0.38159217601741824 -0.9118998459920825
    outer loop
      vertex 1.2056167077125088 6.289493306529781 56.914261539016124
      vertex 1.6611598619265564 6.469855600499183 56.914261539016124
      vertex 1.2311380238051126 6.2109467721445295 56.95135835496476
    endloop
  endfacet
  facet normal 0.22702935911858632 -0.5734107061735458 -0.7871834806090379
    outer loop
      vertex 1.1596350980299046 6.431010149662752 56.81175525357175
      vertex 1.597804067416673 6.604493517229004 56.81175525357175
      vertex 1.181665980609606 6.3632060650377635 56.86749987509912
    endloop
  endfacet
  facet normal 0.1904447514310075 -0.48100853488318196 -0.8557812723014662
    outer loop
      vertex 1.2056167077125088 6.289493306529781 56.914261539016124
      vertex 1.181665980609606 6.3632060650377635 56.86749987509912
      vertex 1.628159335081845 6.539985289815372 56.86749987509912
    endloop
  endfacet
  facet normal 0.02222680735534031 -0.056138507156476364 -0.9981755542233194
    outer loop
      vertex 1.3133222260935264 5.958009805745598 57
      vertex 1.285386314110201 6.043987702152655 56.994542446102145
      vertex 1.7710704724065203 6.236283663851514 56.994542446102145
    endloop
  endfacet
  facet normal 0.06635630516440834 -0.16759689562227856 -0.9836199069471414
    outer loop
      vertex 1.285386314110201 6.043987702152655 56.994542446102145
      vertex 1.2578577706297878 6.128711847224736 56.97824936783374
      vertex 1.7331402486509722 6.31688949236411 56.97824936783374
    endloop
  endfacet
  facet normal 0.06635630516440817 -0.16759689562227828 -0.9836199069471414
    outer loop
      vertex 1.285386314110201 6.043987702152655 56.994542446102145
      vertex 1.7331402486509722 6.31688949236411 56.97824936783374
      vertex 1.7710704724065203 6.236283663851514 56.994542446102145
    endloop
  endfacet
  facet normal 0.022226807355340262 -0.056138507156476294 -0.9981755542233195
    outer loop
      vertex 1.3133222260935264 5.958009805745598 57
      vertex 1.7710704724065203 6.236283663851514 56.994542446102145
      vertex 1.809561989151558 6.154485027019417 57
    endloop
  endfacet
  facet normal 0.10951817862277993 -0.276611343954533 -0.9547208665085393
    outer loop
      vertex 1.2578577706297878 6.128711847224736 56.97824936783374
      vertex 1.6963244259586956 6.395127098068974 56.95135835496476
      vertex 1.7331402486509722 6.31688949236411 56.97824936783374
    endloop
  endfacet
  facet normal 0.19044475143100822 -0.4810085348831831 -0.8557812723014655
    outer loop
      vertex 1.2056167077125088 6.289493306529781 56.914261539016124
      vertex 1.628159335081845 6.539985289815372 56.86749987509912
      vertex 1.6611598619265564 6.469855600499183 56.914261539016124
    endloop
  endfacet
  facet normal 0.15108303042336607 -0.381592176017418 -0.9118998459920826
    outer loop
      vertex 1.2311380238051126 6.2109467721445295 56.95135835496476
      vertex 1.6611598619265564 6.469855600499183 56.914261539016124
      vertex 1.6963244259586956 6.395127098068974 56.95135835496476
    endloop
  endfacet
  facet normal 0.22702935911858838 -0.5734107061735487 -0.7871834806090352
    outer loop
      vertex 1.597804067416673 6.604493517229004 56.81175525357175
      vertex 1.628159335081845 6.539985289815372 56.86749987509912
      vertex 1.181665980609606 6.3632060650377635 56.86749987509912
    endloop
  endfacet
  facet normal 0.029087562969911794 -0.052910080622132476 -0.9981755542233194
    outer loop
      vertex 1.809561989151558 6.154485027019417 57
      vertex 1.7710704724065203 6.236283663851514 56.994542446102145
      vertex 2.228823791366771 6.487935680506592 56.994542446102145
    endloop
  endfacet
  facet normal 0.2492293927318222 -0.4533465824031455 -0.8557812723014655
    outer loop
      vertex 1.6611598619265564 6.469855600499183 56.914261539016124
      vertex 1.628159335081845 6.539985289815372 56.86749987509912
      vertex 2.048975644224601 6.771331013485193 56.86749987509912
    endloop
  endfacet
  facet normal 0.19771787692526563 -0.35964748299380805 -0.9118998459920826
    outer loop
      vertex 1.6611598619265564 6.469855600499183 56.914261539016124
      vertex 2.0905055327892206 6.705890380454758 56.914261539016124
      vertex 1.6963244259586956 6.395127098068974 56.95135835496476
    endloop
  endfacet
  facet normal 0.08683852674219839 -0.15795869374789534 -0.9836199069471414
    outer loop
      vertex 1.7331402486509722 6.31688949236411 56.97824936783374
      vertex 2.1810900696231306 6.563151990392472 56.97824936783374
      vertex 1.7710704724065203 6.236283663851514 56.994542446102145
    endloop
  endfacet
  facet normal 0.14332318925123455 -0.2607039134267819 -0.9547208665085392
    outer loop
      vertex 1.7331402486509722 6.31688949236411 56.97824936783374
      vertex 1.6963244259586956 6.395127098068974 56.95135835496476
      vertex 2.134758778579816 6.63615842310356 56.95135835496476
    endloop
  endfacet
  facet normal 0.029087562969911888 -0.0529100806221326 -0.9981755542233195
    outer loop
      vertex 1.809561989151558 6.154485027019417 57
      vertex 2.228823791366771 6.487935680506592 56.994542446102145
      vertex 2.277263878660734 6.411606316616435 57
    endloop
  endfacet
  facet normal 0.08683852674219807 -0.15795869374789492 -0.9836199069471415
    outer loop
      vertex 1.7710704724065203 6.236283663851514 56.994542446102145
      vertex 2.1810900696231306 6.563151990392472 56.97824936783374
      vertex 2.228823791366771 6.487935680506592 56.994542446102145
    endloop
  endfacet
  facet normal 0.14332318925123402 -0.2607039134267813 -0.9547208665085394
    outer loop
      vertex 1.7331402486509722 6.31688949236411 56.97824936783374
      vertex 2.134758778579816 6.63615842310356 56.95135835496476
      vertex 2.1810900696231306 6.563151990392472 56.97824936783374
    endloop
  endfacet
  facet normal 0.19771787692526724 -0.35964748299380994 -0.9118998459920816
    outer loop
      vertex 1.6963244259586956 6.395127098068974 56.95135835496476
      vertex 2.0905055327892206 6.705890380454758 56.914261539016124
      vertex 2.134758778579816 6.63615842310356 56.95135835496476
    endloop
  endfacet
  facet normal 0.3674529293992403 -0.9280801591053135 -0.060378497422285335
    outer loop
      vertex 1.0815594803123159 6.671302192966962 56.251479953678796
      vertex 1.4902275204777535 6.833105316368932 56.251479953678796
      vertex 1.0832492916711876 6.666101488366832 56.341704075166916
    endloop
  endfacet
  facet normal 0.3620946382566621 -0.9145466605310445 -0.180255037813903
    outer loop
      vertex 1.0832492916711876 6.666101488366832 56.341704075166916
      vertex 1.4925558282936855 6.828157410399669 56.341704075166916
      vertex 1.0882940844930657 6.650575212550477 56.43061252579671
    endloop
  endfacet
  facet normal 0.36745292939923935 -0.9280801591053136 -0.06037849742228998
    outer loop
      vertex 1.0832492916711876 6.666101488366832 56.341704075166916
      vertex 1.4902275204777535 6.833105316368932 56.251479953678796
      vertex 1.4925558282936855 6.828157410399669 56.341704075166916
    endloop
  endfacet
  facet normal 0.4808747406455973 -0.8747079060223795 -0.0603784974222902
    outer loop
      vertex 1.4902275204777535 6.833105316368932 56.251479953678796
      vertex 1.8753937824264868 7.044852260742946 56.251479953678796
      vertex 1.4925558282936855 6.828157410399669 56.341704075166916
    endloop
  endfacet
  facet normal 0.47386250409137326 -0.8619526950819071 -0.18025503781389887
    outer loop
      vertex 1.4925558282936855 6.828157410399669 56.341704075166916
      vertex 1.878323867894358 7.040235184837423 56.341704075166916
      vertex 1.4995067997706315 6.813385844102628 56.43061252579671
    endloop
  endfacet
  facet normal 0.480874740645598 -0.8747079060223795 -0.06037849742228728
    outer loop
      vertex 1.4925558282936855 6.828157410399669 56.341704075166916
      vertex 1.8753937824264868 7.044852260742946 56.251479953678796
      vertex 1.878323867894358 7.040235184837423 56.341704075166916
    endloop
  endfacet
  facet normal 0.578157275164826 -0.795765220725745 -0.18025503781389812
    outer loop
      vertex 1.878323867894358 7.040235184837423 56.341704075166916
      vertex 2.234469618042049 7.2989902184880915 56.341704075166916
      vertex 1.8870713970538715 7.026451284484306 56.43061252579671
    endloop
  endfacet
  facet normal 0.5867128699713318 -0.8075409867362957 -0.06037849742228739
    outer loop
      vertex 1.8753937824264868 7.044852260742946 56.251479953678796
      vertex 2.2309839641204148 7.303203650284738 56.251479953678796
      vertex 1.878323867894358 7.040235184837423 56.341704075166916
    endloop
  endfacet
  facet normal 0.5867128699713313 -0.8075409867362959 -0.060378497422289165
    outer loop
      vertex 1.878323867894358 7.040235184837423 56.341704075166916
      vertex 2.2309839641204148 7.303203650284738 56.251479953678796
      vertex 2.234469618042049 7.2989902184880915 56.341704075166916
    endloop
  endfacet
  facet normal 0.3514561919221866 -0.8876770122664995 -0.29750305385520986
    outer loop
      vertex 1.0966202943387242 6.624949773581427 56.5169088201536
      vertex 1.0882940844930657 6.650575212550477 56.43061252579671
      vertex 1.4995067997706315 6.813385844102628 56.43061252579671
    endloop
  endfacet
  facet normal 0.33569272289906726 -0.8478630342885646 -0.4104128054527518
    outer loop
      vertex 1.0966202943387242 6.624949773581427 56.5169088201536
      vertex 1.5109790740922342 6.789006020177089 56.5169088201536
      vertex 1.1081065063196205 6.589598848063318 56.599334563943536
    endloop
  endfacet
  facet normal 0.3620946382566631 -0.9145466605310447 -0.18025503781389907
    outer loop
      vertex 1.0882940844930657 6.650575212550477 56.43061252579671
      vertex 1.4925558282936855 6.828157410399669 56.341704075166916
      vertex 1.4995067997706315 6.813385844102628 56.43061252579671
    endloop
  endfacet
  facet normal 0.35145619192218785 -0.8876770122665004 -0.29750305385520576
    outer loop
      vertex 1.0966202943387242 6.624949773581427 56.5169088201536
      vertex 1.4995067997706315 6.813385844102628 56.43061252579671
      vertex 1.5109790740922342 6.789006020177089 56.5169088201536
    endloop
  endfacet
  facet normal 0.33569272289906293 -0.8478630342885607 -0.41041280545276354
    outer loop
      vertex 1.1081065063196205 6.589598848063318 56.599334563943536
      vertex 1.5109790740922342 6.789006020177089 56.5169088201536
      vertex 1.5268053596655717 6.755373451354469 56.599334563943536
    endloop
  endfacet
  facet normal 0.3150340980618955 -0.7956853040494214 -0.5173378141776493
    outer loop
      vertex 1.1225852256003772 6.5450379320935514 56.67668780421545
      vertex 1.5268053596655717 6.755373451354469 56.599334563943536
      vertex 1.546754873609294 6.712978576222151 56.67668780421545
    endloop
  endfacet
  facet normal 0.45994028518206376 -0.836628272898704 -0.297503053855206
    outer loop
      vertex 1.4995067997706315 6.813385844102628 56.43061252579671
      vertex 1.8870713970538715 7.026451284484306 56.43061252579671
      vertex 1.5109790740922342 6.789006020177089 56.5169088201536
    endloop
  endfacet
  facet normal 0.439311101219475 -0.7991039265738371 -0.4104128054527635
    outer loop
      vertex 1.5109790740922342 6.789006020177089 56.5169088201536
      vertex 1.9015088112321623 7.003701559989383 56.5169088201536
      vertex 1.5268053596655717 6.755373451354469 56.599334563943536
    endloop
  endfacet
  facet normal 0.4122757721586651 -0.749926845574199 -0.5173378141776495
    outer loop
      vertex 1.5268053596655717 6.755373451354469 56.599334563943536
      vertex 1.9214255804202847 6.97231775356371 56.599334563943536
      vertex 1.546754873609294 6.712978576222151 56.67668780421545
    endloop
  endfacet
  facet normal 0.43931110121947803 -0.7991039265738392 -0.4104128054527561
    outer loop
      vertex 1.5268053596655717 6.755373451354469 56.599334563943536
      vertex 1.9015088112321623 7.003701559989383 56.5169088201536
      vertex 1.9214255804202847 6.97231775356371 56.599334563943536
    endloop
  endfacet
  facet normal 0.3792285339755839 -0.6898141424778869 -0.6167188726285479
    outer loop
      vertex 1.546754873609294 6.712978576222151 56.67668780421545
      vertex 1.946531273274818 6.932757511775149 56.67668780421545
      vertex 1.5705367070877079 6.662439607524511 56.74784055654184
    endloop
  endfacet
  facet normal 0.3406512898188472 -0.6196423958580699 -0.7071067811865666
    outer loop
      vertex 1.597804067416673 6.604493517229004 56.81175525357175
      vertex 1.5705367070877079 6.662439607524511 56.74784055654184
      vertex 1.9764597922608456 6.885597712030885 56.74784055654184
    endloop
  endfacet
  facet normal 0.4122757721586634 -0.7499268455741974 -0.5173378141776527
    outer loop
      vertex 1.546754873609294 6.712978576222151 56.67668780421545
      vertex 1.9214255804202847 6.97231775356371 56.599334563943536
      vertex 1.946531273274818 6.932757511775149 56.67668780421545
    endloop
  endfacet
  facet normal 0.3792285339755834 -0.6898141424778863 -0.6167188726285486
    outer loop
      vertex 1.5705367070877079 6.662439607524511 56.74784055654184
      vertex 1.946531273274818 6.932757511775149 56.67668780421545
      vertex 1.9764597922608456 6.885597712030885 56.74784055654184
    endloop
  endfacet
  facet normal 0.3406512898188499 -0.6196423958580727 -0.7071067811865628
    outer loop
      vertex 1.597804067416673 6.604493517229004 56.81175525357175
      vertex 1.9764597922608456 6.885597712030885 56.74784055654184
      vertex 2.010774712178396 6.8315260504058095 56.81175525357175
    endloop
  endfacet
  facet normal 0.47386250409137354 -0.8619526950819073 -0.18025503781389793
    outer loop
      vertex 1.878323867894358 7.040235184837423 56.341704075166916
      vertex 1.8870713970538715 7.026451284484306 56.43061252579671
      vertex 1.4995067997706315 6.813385844102628 56.43061252579671
    endloop
  endfacet
  facet normal 0.4599402851820629 -0.8366282728987035 -0.2975030538552083
    outer loop
      vertex 1.5109790740922342 6.789006020177089 56.5169088201536
      vertex 1.8870713970538715 7.026451284484306 56.43061252579671
      vertex 1.9015088112321623 7.003701559989383 56.5169088201536
    endloop
  endfacet
  facet normal 0.5611708453896138 -0.772385405889787 -0.2975030538552084
    outer loop
      vertex 1.8870713970538715 7.026451284484306 56.43061252579671
      vertex 2.2448757511237636 7.286411364421571 56.43061252579671
      vertex 1.9015088112321623 7.003701559989383 56.5169088201536
    endloop
  endfacet
  facet normal 0.5360012810419288 -0.7377424725754979 -0.4104128054527564
    outer loop
      vertex 1.9015088112321623 7.003701559989383 56.5169088201536
      vertex 2.262050618512658 7.265650516102577 56.5169088201536
      vertex 1.9214255804202847 6.97231775356371 56.599334563943536
    endloop
  endfacet
  facet normal 0.5611708453896136 -0.7723854058897869 -0.2975030538552094
    outer loop
      vertex 1.9015088112321623 7.003701559989383 56.5169088201536
      vertex 2.2448757511237636 7.286411364421571 56.43061252579671
      vertex 2.262050618512658 7.265650516102577 56.5169088201536
    endloop
  endfacet
  facet normal 0.5360012810419259 -0.7377424725754963 -0.4104128054527628
    outer loop
      vertex 1.9214255804202847 6.97231775356371 56.599334563943536
      vertex 2.262050618512658 7.265650516102577 56.5169088201536
      vertex 2.285743771967767 7.237010413448959 56.599334563943536
    endloop
  endfacet
  facet normal 0.503015611046881 -0.6923415927596879 -0.5173378141776526
    outer loop
      vertex 1.9214255804202847 6.97231775356371 56.599334563943536
      vertex 2.285743771967767 7.237010413448959 56.599334563943536
      vertex 1.946531273274818 6.932757511775149 56.67668780421545
    endloop
  endfacet
  facet normal 0.4626948407502552 -0.6368448135039401 -0.6167188726285485
    outer loop
      vertex 1.946531273274818 6.932757511775149 56.67668780421545
      vertex 2.3156097119593815 7.200908693649303 56.67668780421545
      vertex 1.9764597922608456 6.885597712030885 56.74784055654184
    endloop
  endfacet
  facet normal 0.41562693777744447 -0.5720614028176719 -0.7071067811865628
    outer loop
      vertex 2.010774712178396 6.8315260504058095 56.81175525357175
      vertex 1.9764597922608456 6.885597712030885 56.74784055654184
      vertex 2.3512129258301826 7.1578718010722815 56.74784055654184
    endloop
  endfacet
  facet normal 0.5030156110468825 -0.692341592759689 -0.5173378141776497
    outer loop
      vertex 1.946531273274818 6.932757511775149 56.67668780421545
      vertex 2.285743771967767 7.237010413448959 56.599334563943536
      vertex 2.3156097119593815 7.200908693649303 56.67668780421545
    endloop
  endfacet
  facet normal 0.46269484075025513 -0.63684481350394 -0.6167188726285486
    outer loop
      vertex 1.9764597922608456 6.885597712030885 56.74784055654184
      vertex 2.3156097119593815 7.200908693649303 56.67668780421545
      vertex 2.3512129258301826 7.1578718010722815 56.74784055654184
    endloop
  endfacet
  facet normal 0.2971065827766779 -0.5404348677935297 -0.7871834806090351
    outer loop
      vertex 1.597804067416673 6.604493517229004 56.81175525357175
      vertex 2.010774712178396 6.8315260504058095 56.81175525357175
      vertex 1.628159335081845 6.539985289815372 56.86749987509912
    endloop
  endfacet
  facet normal 0.29710658277667706 -0.5404348677935287 -0.7871834806090361
    outer loop
      vertex 1.628159335081845 6.539985289815372 56.86749987509912
      vertex 2.010774712178396 6.8315260504058095 56.81175525357175
      vertex 2.048975644224601 6.771331013485193 56.86749987509912
    endloop
  endfacet
  facet normal 0.24922939273182054 -0.4533465824031436 -0.855781272301467
    outer loop
      vertex 1.6611598619265564 6.469855600499183 56.914261539016124
      vertex 2.048975644224601 6.771331013485193 56.86749987509912
      vertex 2.0905055327892206 6.705890380454758 56.914261539016124
    endloop
  endfacet
  facet normal 0.3624982581415078 -0.4989360487082649 -0.7871834806090361
    outer loop
      vertex 2.010774712178396 6.8315260504058095 56.81175525357175
      vertex 2.392034238550479 7.108527310522309 56.81175525357175
      vertex 2.048975644224601 6.771331013485193 56.86749987509912
    endloop
  endfacet
  facet normal 0.30408353762683105 -0.4185350835024873 -0.855781272301467
    outer loop
      vertex 2.048975644224601 6.771331013485193 56.86749987509912
      vertex 2.437478383459218 7.053594775785719 56.86749987509912
      vertex 2.0905055327892206 6.705890380454758 56.914261539016124
    endloop
  endfacet
  facet normal 0.24123459439712142 -0.33203093432039477 -0.9118998459920815
    outer loop
      vertex 2.0905055327892206 6.705890380454758 56.914261539016124
      vertex 2.4868826825923285 6.993875236916267 56.914261539016124
      vertex 2.134758778579816 6.63615842310356 56.95135835496476
    endloop
  endfacet
  facet normal 0.5781572751648283 -0.7957652207257453 -0.18025503781389055
    outer loop
      vertex 2.234469618042049 7.2989902184880915 56.341704075166916
      vertex 2.2448757511237636 7.286411364421571 56.43061252579671
      vertex 1.8870713970538715 7.026451284484306 56.43061252579671
    endloop
  endfacet
  facet normal 0.03548959034038017 -0.04884723050942759 -0.9981755542233194
    outer loop
      vertex 2.228823791366771 6.487935680506592 56.994542446102145
      vertex 2.651427227702375 6.794975049485615 56.994542446102145
      vertex 2.277263878660734 6.411606316616435 57
    endloop
  endfacet
  facet normal 0.6832981868523373 -0.7276386636877776 -0.0603784974222892
    outer loop
      vertex 2.2309839641204148 7.303203650284738 56.251479953678796
      vertex 2.5513901959749408 7.60408512924959 56.251479953678796
      vertex 2.234469618042049 7.2989902184880915 56.341704075166916
    endloop
  endfacet
  facet normal 0.6733341606345159 -0.7170280534716369 -0.18025503781389124
    outer loop
      vertex 2.234469618042049 7.2989902184880915 56.341704075166916
      vertex 2.5553764475057648 7.600341789898236 56.341704075166916
      vertex 2.2448757511237636 7.286411364421571 56.43061252579671
    endloop
  endfacet
  facet normal 0.6832981868523377 -0.7276386636877775 -0.06037849742228746
    outer loop
      vertex 2.234469618042049 7.2989902184880915 56.341704075166916
      vertex 2.5513901959749408 7.60408512924959 56.251479953678796
      vertex 2.5553764475057648 7.600341789898236 56.341704075166916
    endloop
  endfacet
  facet normal 0.7691074831441288 -0.6362610442426365 -0.06037849742228775
    outer loop
      vertex 2.5513901959749408 7.60408512924959 56.251479953678796
      vertex 2.831559480312316 7.942751616976344 56.251479953678796
      vertex 2.5553764475057648 7.600341789898236 56.341704075166916
    endloop
  endfacet
  facet normal 0.7578921641606644 -0.6269829254824845 -0.18025503781389762
    outer loop
      vertex 2.5553764475057648 7.600341789898236 56.341704075166916
      vertex 2.8359834638844177 7.939537404768015 56.341704075166916
      vertex 2.5672770735746595 7.589166358161183 56.43061252579671
    endloop
  endfacet
  facet normal 0.4156269377774419 -0.5720614028176699 -0.7071067811865659
    outer loop
      vertex 2.010774712178396 6.8315260504058095 56.81175525357175
      vertex 2.3512129258301826 7.1578718010722815 56.74784055654184
      vertex 2.392034238550479 7.108527310522309 56.81175525357175
    endloop
  endfacet
  facet normal 0.17486790756807352 -0.2406850264473205 -0.9547208665085394
    outer loop
      vertex 2.1810900696231306 6.563151990392472 56.97824936783374
      vertex 2.134758778579816 6.63615842310356 56.95135835496476
      vertex 2.539526710019655 6.930239539267362 56.95135835496476
    endloop
  endfacet
  facet normal 0.10595125287844243 -0.14582938891315783 -0.9836199069471414
    outer loop
      vertex 2.228823791366771 6.487935680506592 56.994542446102145
      vertex 2.1810900696231306 6.563151990392472 56.97824936783374
      vertex 2.5946427972772828 6.863615634605832 56.97824936783374
    endloop
  endfacet
  facet normal 0.2412345943971223 -0.33203093432039554 -0.911899845992081
    outer loop
      vertex 2.134758778579816 6.63615842310356 56.95135835496476
      vertex 2.4868826825923285 6.993875236916267 56.914261539016124
      vertex 2.539526710019655 6.930239539267362 56.95135835496476
    endloop
  endfacet
  facet normal 0.1059512528784437 -0.14582938891315905 -0.9836199069471412
    outer loop
      vertex 2.228823791366771 6.487935680506592 56.994542446102145
      vertex 2.5946427972772828 6.863615634605832 56.97824936783374
      vertex 2.651427227702375 6.794975049485615 56.994542446102145
    endloop
  endfacet
  facet normal 0.1748679075680721 -0.24068502644731923 -0.95472086650854
    outer loop
      vertex 2.1810900696231306 6.563151990392472 56.97824936783374
      vertex 2.539526710019655 6.930239539267362 56.95135835496476
      vertex 2.5946427972772828 6.863615634605832 56.97824936783374
    endloop
  endfacet
  facet normal 0.36249825814150727 -0.49893604870826447 -0.7871834806090366
    outer loop
      vertex 2.048975644224601 6.771331013485193 56.86749987509912
      vertex 2.392034238550479 7.108527310522309 56.81175525357175
      vertex 2.437478383459218 7.053594775785719 56.86749987509912
    endloop
  endfacet
  facet normal 0.3040835376268332 -0.41853508350248925 -0.8557812723014652
    outer loop
      vertex 2.0905055327892206 6.705890380454758 56.914261539016124
      vertex 2.437478383459218 7.053594775785719 56.86749987509912
      vertex 2.4868826825923285 6.993875236916267 56.914261539016124
    endloop
  endfacet
  facet normal 0.03548959034037987 -0.0488472305094273 -0.9981755542233193
    outer loop
      vertex 2.277263878660734 6.411606316616435 57
      vertex 2.651427227702375 6.794975049485615 56.994542446102145
      vertex 2.7090519564319324 6.725318718202897 57
    endloop
  endfacet
  facet normal 0.04133192567072663 -0.044014030391667576 -0.9981755542233194
    outer loop
      vertex 2.651427227702375 6.794975049485615 56.994542446102145
      vertex 3.0322160727712575 7.152559576523348 56.994542446102145
      vertex 2.7090519564319324 6.725318718202897 57
    endloop
  endfacet
  facet normal 0.3541421034827687 -0.3771230363142579 -0.8557812723014654
    outer loop
      vertex 2.4868826825923285 6.993875236916267 56.914261539016124
      vertex 2.437478383459218 7.053594775785719 56.86749987509912
      vertex 2.787540632507673 7.382325108569268 56.86749987509912
    endloop
  endfacet
  facet normal 0.2809468982087727 -0.29917805946708104 -0.9118998459920812
    outer loop
      vertex 2.4868826825923285 6.993875236916267 56.914261539016124
      vertex 2.844040206899247 7.329268476663495 56.914261539016124
      vertex 2.539526710019655 6.930239539267362 56.95135835496476
    endloop
  endfacet
  facet normal 0.12339306446458452 -0.13140026750100683 -0.9836199069471412
    outer loop
      vertex 2.5946427972772828 6.863615634605832 56.97824936783374
      vertex 2.9672764580538917 7.213541933846661 56.97824936783374
      vertex 2.651427227702375 6.794975049485615 56.994542446102145
    endloop
  endfacet
  facet normal 0.20365485452153817 -0.2168703928225191 -0.9547208665085399
    outer loop
      vertex 2.5946427972772828 6.863615634605832 56.97824936783374
      vertex 2.539526710019655 6.930239539267362 56.95135835496476
      vertex 2.9042447882027584 7.272732611682926 56.95135835496476
    endloop
  endfacet
  facet normal 0.2809468982087679 -0.2991780594670775 -0.9118998459920837
    outer loop
      vertex 2.539526710019655 6.930239539267362 56.95135835496476
      vertex 2.844040206899247 7.329268476663495 56.914261539016124
      vertex 2.9042447882027584 7.272732611682926 56.95135835496476
    endloop
  endfacet
  facet normal 0.6535514061381534 -0.6959615596293136 -0.2975030538552095
    outer loop
      vertex 2.2448757511237636 7.286411364421571 56.43061252579671
      vertex 2.5672770735746595 7.589166358161183 56.43061252579671
      vertex 2.262050618512658 7.265650516102577 56.5169088201536
    endloop
  endfacet
  facet normal 0.6242384004707002 -0.6647463790786486 -0.41041280545276276
    outer loop
      vertex 2.262050618512658 7.265650516102577 56.5169088201536
      vertex 2.5869185362556655 7.570721796998036 56.5169088201536
      vertex 2.285743771967767 7.237010413448959 56.599334563943536
    endloop
  endfacet
  facet normal 0.6242384004707029 -0.6647463790786495 -0.410412805452757
    outer loop
      vertex 2.285743771967767 7.237010413448959 56.599334563943536
      vertex 2.5869185362556655 7.570721796998036 56.5169088201536
      vertex 2.614014418794171 7.545277069644092 56.599334563943536
    endloop
  endfacet
  facet normal 0.5858225932619306 -0.6238376994425378 -0.5173378141776498
    outer loop
      vertex 2.285743771967767 7.237010413448959 56.599334563943536
      vertex 2.614014418794171 7.545277069644092 56.599334563943536
      vertex 2.3156097119593815 7.200908693649303 56.67668780421545
    endloop
  endfacet
  facet normal 0.5388641734857942 -0.5738320613883858 -0.6167188726285483
    outer loop
      vertex 2.3512129258301826 7.1578718010722815 56.74784055654184
      vertex 2.3156097119593815 7.200908693649303 56.67668780421545
      vertex 2.6481696022081507 7.513203217520703 56.67668780421545
    endloop
  endfacet
  facet normal 0.48404790064378955 -0.515458659721916 -0.7071067811865659
    outer loop
      vertex 2.3512129258301826 7.1578718010722815 56.74784055654184
      vertex 2.688886027012654 7.474967949615857 56.74784055654184
      vertex 2.392034238550479 7.108527310522309 56.81175525357175
    endloop
  endfacet
  facet normal 0.5858225932619271 -0.6238376994425361 -0.5173378141776557
    outer loop
      vertex 2.3156097119593815 7.200908693649303 56.67668780421545
      vertex 2.614014418794171 7.545277069644092 56.599334563943536
      vertex 2.6481696022081507 7.513203217520703 56.67668780421545
    endloop
  endfacet
  facet normal 0.6733341606345142 -0.717028053471637 -0.18025503781389735
    outer loop
      vertex 2.2448757511237636 7.286411364421571 56.43061252579671
      vertex 2.5553764475057648 7.600341789898236 56.341704075166916
      vertex 2.5672770735746595 7.589166358161183 56.43061252579671
    endloop
  endfacet
  facet normal 0.6535514061381532 -0.6959615596293136 -0.29750305385520975
    outer loop
      vertex 2.262050618512658 7.265650516102577 56.5169088201536
      vertex 2.5672770735746595 7.589166358161183 56.43061252579671
      vertex 2.5869185362556655 7.570721796998036 56.5169088201536
    endloop
  endfacet
  facet normal 0.5388641734857974 -0.5738320613883875 -0.6167188726285437
    outer loop
      vertex 2.3512129258301826 7.1578718010722815 56.74784055654184
      vertex 2.6481696022081507 7.513203217520703 56.67668780421545
      vertex 2.688886027012654 7.474967949615857 56.74784055654184
    endloop
  endfacet
  facet normal 0.4840479006437889 -0.5154586597219156 -0.7071067811865668
    outer loop
      vertex 2.392034238550479 7.108527310522309 56.81175525357175
      vertex 2.688886027012654 7.474967949615857 56.74784055654184
      vertex 2.735569956048627 7.43112882223393 56.81175525357175
    endloop
  endfacet
  facet normal 0.7356250707992084 -0.6085619838262032 -0.2975030538552094
    outer loop
      vertex 2.5672770735746595 7.589166358161183 56.43061252579671
      vertex 2.8491909029582967 7.929941638594802 56.43061252579671
      vertex 2.5869185362556655 7.570721796998036 56.5169088201536
    endloop
  endfacet
  facet normal 0.7026309074221071 -0.5812668380834942 -0.41041280545275793
    outer loop
      vertex 2.5869185362556655 7.570721796998036 56.5169088201536
      vertex 2.870989203331694 7.9141042463352935 56.5169088201536
      vertex 2.614014418794171 7.545277069644092 56.599334563943536
    endloop
  endfacet
  facet normal 0.544835138960782 -0.45072682564227157 -0.7071067811865666
    outer loop
      vertex 2.735569956048627 7.43112882223393 56.81175525357175
      vertex 2.688886027012654 7.474967949615857 56.74784055654184
      vertex 2.9841537892864816 7.831885361975022 56.74784055654184
    endloop
  endfacet
  facet normal 0.65939080322778 -0.5454955129425995 -0.5173378141776547
    outer loop
      vertex 2.6481696022081507 7.513203217520703 56.67668780421545
      vertex 2.614014418794171 7.545277069644092 56.599334563943536
      vertex 2.9010604966996674 7.8922561728313365 56.599334563943536
    endloop
  endfacet
  facet normal 0.606535296303611 -0.5017696348740802 -0.6167188726285445
    outer loop
      vertex 2.6481696022081507 7.513203217520703 56.67668780421545
      vertex 2.9389662758902566 7.864716012192192 56.67668780421545
      vertex 2.688886027012654 7.474967949615857 56.74784055654184
    endloop
  endfacet
  facet normal 0.42217311942948504 -0.4495687100849218 -0.7871834806090364
    outer loop
      vertex 2.392034238550479 7.108527310522309 56.81175525357175
      vertex 2.735569956048627 7.43112882223393 56.81175525357175
      vertex 2.437478383459218 7.053594775785719 56.86749987509912
    endloop
  endfacet
  facet normal 0.4221731194294851 -0.4495687100849219 -0.7871834806090364
    outer loop
      vertex 2.437478383459218 7.053594775785719 56.86749987509912
      vertex 2.735569956048627 7.43112882223393 56.81175525357175
      vertex 2.787540632507673 7.382325108569268 56.86749987509912
    endloop
  endfacet
  facet normal 0.35414210348277053 -0.3771230363142592 -0.8557812723014641
    outer loop
      vertex 2.4868826825923285 6.993875236916267 56.914261539016124
      vertex 2.787540632507673 7.382325108569268 56.86749987509912
      vertex 2.844040206899247 7.329268476663495 56.914261539016124
    endloop
  endfacet
  facet normal 0.04133192567072659 -0.044014030391667555 -0.9981755542233195
    outer loop
      vertex 2.7090519564319324 6.725318718202897 57
      vertex 3.0322160727712575 7.152559576523348 56.994542446102145
      vertex 3.0981166665409994 7.0906747998030735 57
    endloop
  endfacet
  facet normal 0.20365485452154097 -0.2168703928225211 -0.9547208665085389
    outer loop
      vertex 2.5946427972772828 6.863615634605832 56.97824936783374
      vertex 2.9042447882027584 7.272732611682926 56.95135835496476
      vertex 2.9672764580538917 7.213541933846661 56.97824936783374
    endloop
  endfacet
  facet normal 0.12339306446458381 -0.1314002675010063 -0.9836199069471414
    outer loop
      vertex 2.651427227702375 6.794975049485615 56.994542446102145
      vertex 2.9672764580538917 7.213541933846661 56.97824936783374
      vertex 3.0322160727712575 7.152559576523348 56.994542446102145
    endloop
  endfacet
  facet normal 0.6065352963036071 -0.5017696348740787 -0.6167188726285495
    outer loop
      vertex 2.688886027012654 7.474967949615857 56.74784055654184
      vertex 2.9389662758902566 7.864716012192192 56.67668780421545
      vertex 2.9841537892864816 7.831885361975022 56.74784055654184
    endloop
  endfacet
  facet normal 0.5448351389607834 -0.4507268256422722 -0.707106781186565
    outer loop
      vertex 2.735569956048627 7.43112882223393 56.81175525357175
      vertex 2.9841537892864816 7.831885361975022 56.74784055654184
      vertex 3.035964101189607 7.79424296698818 56.81175525357175
    endloop
  endfacet
  facet normal 0.3162285016061236 -0.2616069678956584 -0.9118998459920835
    outer loop
      vertex 2.844040206899247 7.329268476663495 56.914261539016124
      vertex 3.156345518196096 7.706780747951417 56.914261539016124
      vertex 2.9042447882027584 7.272732611682926 56.95135835496476
    endloop
  endfacet
  facet normal 0.22923004276168926 -0.18963558355081633 -0.9547208665085388
    outer loop
      vertex 2.9042447882027584 7.272732611682926 56.95135835496476
      vertex 3.223161191164162 7.658236320002819 56.95135835496476
      vertex 2.9672764580538917 7.213541933846661 56.97824936783374
    endloop
  endfacet
  facet normal 0.47519005843006085 -0.3931114043442114 -0.7871834806090364
    outer loop
      vertex 2.735569956048627 7.43112882223393 56.81175525357175
      vertex 3.035964101189607 7.79424296698818 56.81175525357175
      vertex 2.787540632507673 7.382325108569268 56.86749987509912
    endloop
  endfacet
  facet normal 0.3986156368125435 -0.3297635335609706 -0.8557812723014643
    outer loop
      vertex 2.787540632507673 7.382325108569268 56.86749987509912
      vertex 3.093641700585423 7.752337738113863 56.86749987509912
      vertex 2.844040206899247 7.329268476663495 56.914261539016124
    endloop
  endfacet
  facet normal 0.3986156368125424 -0.32976353356097005 -0.8557812723014651
    outer loop
      vertex 2.844040206899247 7.329268476663495 56.914261539016124
      vertex 3.093641700585423 7.752337738113863 56.86749987509912
      vertex 3.156345518196096 7.706780747951417 56.914261539016124
    endloop
  endfacet
  facet normal 0.4751900584300623 -0.3931114043442122 -0.7871834806090352
    outer loop
      vertex 2.787540632507673 7.382325108569268 56.86749987509912
      vertex 3.035964101189607 7.79424296698818 56.81175525357175
      vertex 3.093641700585423 7.752337738113863 56.86749987509912
    endloop
  endfacet
  facet normal 0.1388888937126743 -0.11489888537564863 -0.9836199069471414
    outer loop
      vertex 3.0322160727712575 7.152559576523348 56.994542446102145
      vertex 2.9672764580538917 7.213541933846661 56.97824936783374
      vertex 3.293114396521954 7.6074123413400905 56.97824936783374
    endloop
  endfacet
  facet normal 0.04652243184275037 -0.038486702721924 -0.9981755542233194
    outer loop
      vertex 3.0322160727712575 7.152559576523348 56.994542446102145
      vertex 3.3651850590144554 7.555049940017768 56.994542446102145
      vertex 3.0981166665409994 7.0906747998030735 57
    endloop
  endfacet
  facet normal 0.1388888937126748 -0.11489888537564891 -0.9836199069471412
    outer loop
      vertex 3.0322160727712575 7.152559576523348 56.994542446102145
      vertex 3.293114396521954 7.6074123413400905 56.97824936783374
      vertex 3.3651850590144554 7.555049940017768 56.994542446102145
    endloop
  endfacet
  facet normal 0.04652243184275057 -0.03848670272192411 -0.9981755542233193
    outer loop
      vertex 3.0981166665409994 7.0906747998030735 57
      vertex 3.3651850590144554 7.555049940017768 56.994542446102145
      vertex 3.4383222260935264 7.501912677756989 57
    endloop
  endfacet
  facet normal 0.22923004276168737 -0.1896355835508153 -0.9547208665085397
    outer loop
      vertex 2.9672764580538917 7.213541933846661 56.97824936783374
      vertex 3.223161191164162 7.658236320002819 56.95135835496476
      vertex 3.293114396521954 7.6074123413400905 56.97824936783374
    endloop
  endfacet
  facet normal 0.3162285016061258 -0.2616069678956596 -0.9118998459920824
    outer loop
      vertex 2.9042447882027584 7.272732611682926 56.95135835496476
      vertex 3.156345518196096 7.706780747951417 56.914261539016124
      vertex 3.223161191164162 7.658236320002819 56.95135835496476
    endloop
  endfacet
  facet normal 0.15219436213871299 -0.09658547919064965 -0.9836199069471412
    outer loop
      vertex 3.293114396521954 7.6074123413400905 56.97824936783374
      vertex 3.567017953745679 8.039015285473177 56.97824936783374
      vertex 3.3651850590144554 7.555049940017768 56.994542446102145
    endloop
  endfacet
  facet normal 0.05097925147346051 -0.032352416759413964 -0.9981755542233194
    outer loop
      vertex 3.3651850590144554 7.555049940017768 56.994542446102145
      vertex 3.645083066612882 7.996098626500478 56.994542446102145
      vertex 3.4383222260935264 7.501912677756989 57
    endloop
  endfacet
  facet normal 0.7691074831441285 -0.6362610442426367 -0.060378497422289984
    outer loop
      vertex 2.5553764475057648 7.600341789898236 56.341704075166916
      vertex 2.831559480312316 7.942751616976344 56.251479953678796
      vertex 2.8359834638844177 7.939537404768015 56.341704075166916
    endloop
  endfacet
  facet normal 0.8427874949841979 -0.5348492080458632 -0.060378497422290095
    outer loop
      vertex 2.831559480312316 7.942751616976344 56.251479953678796
      vertex 3.067073380153522 8.313862140643996 56.251479953678796
      vertex 2.8359834638844177 7.939537404768015 56.341704075166916
    endloop
  endfacet
  facet normal 0.8304977555151676 -0.5270499022170269 -0.18025503781390248
    outer loop
      vertex 2.8359834638844177 7.939537404768015 56.341704075166916
      vertex 3.0718653269032097 8.311227745625295 56.341704075166916
      vertex 2.8491909029582967 7.929941638594802 56.43061252579671
    endloop
  endfacet
  facet normal 0.8427874949841977 -0.5348492080458633 -0.06037849742229135
    outer loop
      vertex 2.8359834638844177 7.939537404768015 56.341704075166916
      vertex 3.067073380153522 8.313862140643996 56.251479953678796
      vertex 3.0718653269032097 8.311227745625295 56.341704075166916
    endloop
  endfacet
  facet normal 0.9031762445715187 -0.4250024803347795 -0.060378497422291115
    outer loop
      vertex 3.067073380153522 8.313862140643996 56.251479953678796
      vertex 3.2542177006088795 8.711564065603625 56.251479953678796
      vertex 3.0718653269032097 8.311227745625295 56.341704075166916
    endloop
  endfacet
  facet normal 0.8900059011498851 -0.41880498714925823 -0.18025503781390054
    outer loop
      vertex 3.0718653269032097 8.311227745625295 56.341704075166916
      vertex 3.2593020386733396 8.709551033757709 56.341704075166916
      vertex 3.086171289778136 8.303362975980708 56.43061252579671
    endloop
  endfacet
  facet normal 0.9031762445715198 -0.4250024803347782 -0.060378497422283496
    outer loop
      vertex 3.0718653269032097 8.311227745625295 56.341704075166916
      vertex 3.2542177006088795 8.711564065603625 56.251479953678796
      vertex 3.2593020386733396 8.709551033757709 56.341704075166916
    endloop
  endfacet
  facet normal 0.9493213652506127 -0.3084532096246367 -0.06037849742228371
    outer loop
      vertex 3.2542177006088795 8.711564065603625 56.251479953678796
      vertex 3.390041063950209 9.129585394923009 56.251479953678796
      vertex 3.2593020386733396 8.709551033757709 56.341704075166916
    endloop
  endfacet
  facet normal 0.9354781220597148 -0.3039552672521717 -0.18025503781389823
    outer loop
      vertex 3.2593020386733396 8.709551033757709 56.341704075166916
      vertex 3.39533761028093 9.128225472964616 56.341704075166916
      vertex 3.2744809117688076 8.703541292757228 56.43061252579671
    endloop
  endfacet
  facet normal 0.7578921641606632 -0.6269829254824847 -0.18025503781390262
    outer loop
      vertex 2.5672770735746595 7.589166358161183 56.43061252579671
      vertex 2.8359834638844177 7.939537404768015 56.341704075166916
      vertex 2.8491909029582967 7.929941638594802 56.43061252579671
    endloop
  endfacet
  facet normal 0.7356250707992092 -0.6085619838262033 -0.2975030538552074
    outer loop
      vertex 2.5869185362556655 7.570721796998036 56.5169088201536
      vertex 2.8491909029582967 7.929941638594802 56.43061252579671
      vertex 2.870989203331694 7.9141042463352935 56.5169088201536
    endloop
  endfacet
  facet normal 0.702630907422109 -0.5812668380834947 -0.41041280545275394
    outer loop
      vertex 2.614014418794171 7.545277069644092 56.599334563943536
      vertex 2.870989203331694 7.9141042463352935 56.5169088201536
      vertex 2.9010604966996674 7.8922561728313365 56.599334563943536
    endloop
  endfacet
  facet normal 0.7699425052321097 -0.4886203718197816 -0.41041280545275527
    outer loop
      vertex 2.870989203331694 7.9141042463352935 56.5169088201536
      vertex 3.109782655625363 8.29038251776157 56.5169088201536
      vertex 2.9010604966996674 7.8922561728313365 56.599334563943536
    endloop
  endfacet
  facet normal 0.6593908032277807 -0.5454955129425997 -0.5173378141776535
    outer loop
      vertex 2.6481696022081507 7.513203217520703 56.67668780421545
      vertex 2.9010604966996674 7.8922561728313365 56.599334563943536
      vertex 2.9389662758902566 7.864716012192192 56.67668780421545
    endloop
  endfacet
  facet normal 0.7225600263257587 -0.45855053634033377 -0.5173378141776526
    outer loop
      vertex 2.9010604966996674 7.8922561728313365 56.599334563943536
      vertex 3.1423551175626714 8.272475655278162 56.599334563943536
      vertex 2.9389662758902566 7.864716012192192 56.67668780421545
    endloop
  endfacet
  facet normal 0.6646409951720914 -0.4217940014751553 -0.6167188726285493
    outer loop
      vertex 2.9389662758902566 7.864716012192192 56.67668780421545
      vertex 3.1834136957482198 8.249903510908236 56.67668780421545
      vertex 2.9841537892864816 7.831885361975022 56.74784055654184
    endloop
  endfacet
  facet normal 0.59703000166763 -0.37888676027109297 -0.7071067811865653
    outer loop
      vertex 2.9841537892864816 7.831885361975022 56.74784055654184
      vertex 3.232359663656196 8.222995237344747 56.74784055654184
      vertex 3.035964101189607 7.79424296698818 56.81175525357175
    endloop
  endfacet
  facet normal 0.806097488652646 -0.5115650220008432 -0.2975030538552069
    outer loop
      vertex 2.8491909029582967 7.929941638594802 56.43061252579671
      vertex 3.086171289778136 8.303362975980708 56.43061252579671
      vertex 2.870989203331694 7.9141042463352935 56.5169088201536
    endloop
  endfacet
  facet normal 0.8060974886526469 -0.5115650220008431 -0.2975030538552042
    outer loop
      vertex 2.870989203331694 7.9141042463352935 56.5169088201536
      vertex 3.086171289778136 8.303362975980708 56.43061252579671
      vertex 3.109782655625363 8.29038251776157 56.5169088201536
    endloop
  endfacet
  facet normal 0.7699425052321077 -0.48862037181978135 -0.4104128054527592
    outer loop
      vertex 2.9010604966996674 7.8922561728313365 56.599334563943536
      vertex 3.109782655625363 8.29038251776157 56.5169088201536
      vertex 3.1423551175626714 8.272475655278162 56.599334563943536
    endloop
  endfacet
  facet normal 0.830497755515168 -0.5270499022170266 -0.18025503781390043
    outer loop
      vertex 3.0718653269032097 8.311227745625295 56.341704075166916
      vertex 3.086171289778136 8.303362975980708 56.43061252579671
      vertex 2.8491909029582967 7.929941638594802 56.43061252579671
    endloop
  endfacet
  facet normal 0.7225600263257602 -0.4585505363403341 -0.51733781417765
    outer loop
      vertex 2.9389662758902566 7.864716012192192 56.67668780421545
      vertex 3.1423551175626714 8.272475655278162 56.599334563943536
      vertex 3.1834136957482198 8.249903510908236 56.67668780421545
    endloop
  endfacet
  facet normal 0.6646409951720886 -0.4217940014751545 -0.6167188726285526
    outer loop
      vertex 2.9841537892864816 7.831885361975022 56.74784055654184
      vertex 3.1834136957482198 8.249903510908236 56.67668780421545
      vertex 3.232359663656196 8.222995237344747 56.74784055654184
    endloop
  endfacet
  facet normal 0.5970300016676326 -0.3788867602710938 -0.7071067811865626
    outer loop
      vertex 3.035964101189607 7.79424296698818 56.81175525357175
      vertex 3.232359663656196 8.222995237344747 56.74784055654184
      vertex 3.2884792788577806 8.19214321780841 56.81175525357175
    endloop
  endfacet
  facet normal 0.4368027634283434 -0.27720346289223785 -0.8557812723014651
    outer loop
      vertex 3.093641700585423 7.752337738113863 56.86749987509912
      vertex 3.350954190992967 8.157797344216755 56.86749987509912
      vertex 3.156345518196096 7.706780747951417 56.914261539016124
    endloop
  endfacet
  facet normal 0.5207129663444156 -0.33045449692362194 -0.7871834806090352
    outer loop
      vertex 3.093641700585423 7.752337738113863 56.86749987509912
      vertex 3.035964101189607 7.79424296698818 56.81175525357175
      vertex 3.2884792788577806 8.19214321780841 56.81175525357175
    endloop
  endfacet
  facet normal 0.3465229926274025 -0.2199101781640981 -0.9118998459920826
    outer loop
      vertex 3.156345518196096 7.706780747951417 56.914261539016124
      vertex 3.4188733751615743 8.120458456746926 56.914261539016124
      vertex 3.223161191164162 7.658236320002819 56.95135835496476
    endloop
  endfacet
  facet normal 0.2511901362920943 -0.15941010784370754 -0.9547208665085396
    outer loop
      vertex 3.223161191164162 7.658236320002819 56.95135835496476
      vertex 3.49124641671774 8.080671040458084 56.95135835496476
      vertex 3.293114396521954 7.6074123413400905 56.97824936783374
    endloop
  endfacet
  facet normal 0.5207129663444138 -0.33045449692362133 -0.7871834806090366
    outer loop
      vertex 3.093641700585423 7.752337738113863 56.86749987509912
      vertex 3.2884792788577806 8.19214321780841 56.81175525357175
      vertex 3.350954190992967 8.157797344216755 56.86749987509912
    endloop
  endfacet
  facet normal 0.43680276342834323 -0.2772034628922378 -0.8557812723014652
    outer loop
      vertex 3.156345518196096 7.706780747951417 56.914261539016124
      vertex 3.350954190992967 8.157797344216755 56.86749987509912
      vertex 3.4188733751615743 8.120458456746926 56.914261539016124
    endloop
  endfacet
  facet normal 0.8638572675707311 -0.40650037418440044 -0.29750305385520487
    outer loop
      vertex 3.086171289778136 8.303362975980708 56.43061252579671
      vertex 3.2744809117688076 8.703541292757228 56.43061252579671
      vertex 3.109782655625363 8.29038251776157 56.5169088201536
    endloop
  endfacet
  facet normal 0.8251116497932386 -0.38826807040481104 -0.41041280545275927
    outer loop
      vertex 3.109782655625363 8.29038251776157 56.5169088201536
      vertex 3.299532977745707 8.693622478158725 56.5169088201536
      vertex 3.1423551175626714 8.272475655278162 56.599334563943536
    endloop
  endfacet
  facet normal 0.8900059011498859 -0.4188049871492578 -0.1802550378138972
    outer loop
      vertex 3.2593020386733396 8.709551033757709 56.341704075166916
      vertex 3.2744809117688076 8.703541292757228 56.43061252579671
      vertex 3.086171289778136 8.303362975980708 56.43061252579671
    endloop
  endfacet
  facet normal 0.8638572675707292 -0.40650037418440055 -0.29750305385520953
    outer loop
      vertex 3.109782655625363 8.29038251776157 56.5169088201536
      vertex 3.2744809117688076 8.703541292757228 56.43061252579671
      vertex 3.299532977745707 8.693622478158725 56.5169088201536
    endloop
  endfacet
  facet normal 0.8251116497932406 -0.38826807040481104 -0.4104128054527557
    outer loop
      vertex 3.1423551175626714 8.272475655278162 56.599334563943536
      vertex 3.299532977745707 8.693622478158725 56.5169088201536
      vertex 3.334092921069754 8.679939228614273 56.599334563943536
    endloop
  endfacet
  facet normal 0.7743340461721426 -0.36437394385516847 -0.5173378141776499
    outer loop
      vertex 3.1423551175626714 8.272475655278162 56.599334563943536
      vertex 3.334092921069754 8.679939228614273 56.599334563943536
      vertex 3.1834136957482198 8.249903510908236 56.67668780421545
    endloop
  endfacet
  facet normal 0.7122649085094228 -0.33516642470544616 -0.6167188726285521
    outer loop
      vertex 3.1834136957482198 8.249903510908236 56.67668780421545
      vertex 3.3776567799450694 8.662691076714225 56.67668780421545
      vertex 3.232359663656196 8.222995237344747 56.74784055654184
    endloop
  endfacet
  facet normal 0.6398093445997444 -0.30107142435446005 -0.7071067811865632
    outer loop
      vertex 3.232359663656196 8.222995237344747 56.74784055654184
      vertex 3.429589295211984 8.642129539352737 56.74784055654184
      vertex 3.2884792788577806 8.19214321780841 56.81175525357175
    endloop
  endfacet
  facet normal 0.7743340461721435 -0.3643739438551685 -0.5173378141776485
    outer loop
      vertex 3.1834136957482198 8.249903510908236 56.67668780421545
      vertex 3.334092921069754 8.679939228614273 56.599334563943536
      vertex 3.3776567799450694 8.662691076714225 56.67668780421545
    endloop
  endfacet
  facet normal 0.7122649085094227 -0.3351664247054461 -0.6167188726285522
    outer loop
      vertex 3.232359663656196 8.222995237344747 56.74784055654184
      vertex 3.3776567799450694 8.662691076714225 56.67668780421545
      vertex 3.429589295211984 8.642129539352737 56.74784055654184
    endloop
  endfacet
  facet normal 0.9079935013359057 -0.29502497263551614 -0.2975030538552091
    outer loop
      vertex 3.2744809117688076 8.703541292757228 56.43061252579671
      vertex 3.4111500137008046 9.12416553781386 56.43061252579671
      vertex 3.299532977745707 8.693622478158725 56.5169088201536
    endloop
  endfacet
  facet normal 0.8672682907393244 -0.2817925495794532 -0.4104128054527564
    outer loop
      vertex 3.299532977745707 8.693622478158725 56.5169088201536
      vertex 3.437247693761542 9.117464792467425 56.5169088201536
      vertex 3.334092921069754 8.679939228614273 56.599334563943536
    endloop
  endfacet
  facet normal 0.949321365250613 -0.30845320962463657 -0.06037849742228288
    outer loop
      vertex 3.2593020386733396 8.709551033757709 56.341704075166916
      vertex 3.390041063950209 9.129585394923009 56.251479953678796
      vertex 3.39533761028093 9.128225472964616 56.341704075166916
    endloop
  endfacet
  facet normal 0.9354781220597137 -0.3039552672521724 -0.18025503781390345
    outer loop
      vertex 3.2744809117688076 8.703541292757228 56.43061252579671
      vertex 3.39533761028093 9.128225472964616 56.341704075166916
      vertex 3.4111500137008046 9.12416553781386 56.43061252579671
    endloop
  endfacet
  facet normal 0.346522992627403 -0.2199101781640983 -0.9118998459920822
    outer loop
      vertex 3.223161191164162 7.658236320002819 56.95135835496476
      vertex 3.4188733751615743 8.120458456746926 56.914261539016124
      vertex 3.49124641671774 8.080671040458084 56.95135835496476
    endloop
  endfacet
  facet normal 0.25119013629209413 -0.1594101078437075 -0.9547208665085397
    outer loop
      vertex 3.293114396521954 7.6074123413400905 56.97824936783374
      vertex 3.49124641671774 8.080671040458084 56.95135835496476
      vertex 3.567017953745679 8.039015285473177 56.97824936783374
    endloop
  endfacet
  facet normal 0.15219436213871296 -0.09658547919064965 -0.9836199069471412
    outer loop
      vertex 3.3651850590144554 7.555049940017768 56.994542446102145
      vertex 3.567017953745679 8.039015285473177 56.97824936783374
      vertex 3.645083066612882 7.996098626500478 56.994542446102145
    endloop
  endfacet
  facet normal 0.05097925147346038 -0.03235241675941391 -0.9981755542233193
    outer loop
      vertex 3.4383222260935264 7.501912677756989 57
      vertex 3.645083066612882 7.996098626500478 56.994542446102145
      vertex 3.72430339018642 7.95254688506771 57
    endloop
  endfacet
  facet normal 0.46810124953155574 -0.22027172802037387 -0.8557812723014654
    outer loop
      vertex 3.350954190992967 8.157797344216755 56.86749987509912
      vertex 3.555420132045548 8.592309586679873 56.86749987509912
      vertex 3.4188733751615743 8.120458456746926 56.914261539016124
    endloop
  endfacet
  facet normal 0.371352609052143 -0.17474527355491648 -0.9118998459920824
    outer loop
      vertex 3.4188733751615743 8.120458456746926 56.914261539016124
      vertex 3.6274835566647963 8.563777658463229 56.914261539016124
      vertex 3.49124641671774 8.080671040458084 56.95135835496476
    endloop
  endfacet
  facet normal 0.26918881131946043 -0.12667063950892243 -0.9547208665085396
    outer loop
      vertex 3.49124641671774 8.080671040458084 56.95135835496476
      vertex 3.7042726007101616 8.533374725156868 56.95135835496476
      vertex 3.567017953745679 8.039015285473177 56.97824936783374
    endloop
  endfacet
  facet normal 0.05463209785490508 -0.025707913858210838 -0.9981755542233194
    outer loop
      vertex 3.645083066612882 7.996098626500478 56.994542446102145
      vertex 3.8674959367837456 8.468750034715931 56.994542446102145
      vertex 3.72430339018642 7.95254688506771 57
    endloop
  endfacet
  facet normal 0.16309963455731866 -0.07674886230144558 -0.9836199069471413
    outer loop
      vertex 3.645083066612882 7.996098626500478 56.994542446102145
      vertex 3.567017953745679 8.039015285473177 56.97824936783374
      vertex 3.7846675070055946 8.501544129989837 56.97824936783374
    endloop
  endfacet
  facet normal 0.05463209785490538 -0.02570791385821092 -0.9981755542233195
    outer loop
      vertex 3.72430339018642 7.95254688506771 57
      vertex 3.8674959367837456 8.468750034715931 56.994542446102145
      vertex 3.9515500650250677 8.435470651090117 57
    endloop
  endfacet
  facet normal 0.6398093445997408 -0.30107142435445944 -0.7071067811865669
    outer loop
      vertex 3.2884792788577806 8.19214321780841 56.81175525357175
      vertex 3.429589295211984 8.642129539352737 56.74784055654184
      vertex 3.4891331738560663 8.618554450045092 56.81175525357175
    endloop
  endfacet
  facet normal 0.7486559787531303 -0.24325307319941714 -0.6167188726285515
    outer loop
      vertex 3.3776567799450694 8.662691076714225 56.67668780421545
      vertex 3.5186321990078286 9.09656880311006 56.67668780421545
      vertex 3.429589295211984 8.642129539352737 56.74784055654184
    endloop
  endfacet
  facet normal 0.8138963555456533 -0.264450956608964 -0.5173378141776486
    outer loop
      vertex 3.334092921069754 8.679939228614273 56.599334563943536
      vertex 3.4732500875209977 9.108220948881222 56.599334563943536
      vertex 3.3776567799450694 8.662691076714225 56.67668780421545
    endloop
  endfacet
  facet normal 0.6724985119639392 -0.21850801222440475 -0.7071067811865666
    outer loop
      vertex 3.429589295211984 8.642129539352737 56.74784055654184
      vertex 3.572732254844942 9.082678269677633 56.74784055654184
      vertex 3.4891331738560663 8.618554450045092 56.81175525357175
    endloop
  endfacet
  facet normal 0.5580239197206668 -0.26258612468259934 -0.7871834806090363
    outer loop
      vertex 3.2884792788577806 8.19214321780841 56.81175525357175
      vertex 3.4891331738560663 8.618554450045092 56.81175525357175
      vertex 3.350954190992967 8.157797344216755 56.86749987509912
    endloop
  endfacet
  facet normal 0.5580239197206666 -0.2625861246825993 -0.7871834806090366
    outer loop
      vertex 3.350954190992967 8.157797344216755 56.86749987509912
      vertex 3.4891331738560663 8.618554450045092 56.81175525357175
      vertex 3.555420132045548 8.592309586679873 56.86749987509912
    endloop
  endfacet
  facet normal 0.46810124953155496 -0.22027172802037367 -0.8557812723014658
    outer loop
      vertex 3.4188733751615743 8.120458456746926 56.914261539016124
      vertex 3.555420132045548 8.592309586679873 56.86749987509912
      vertex 3.6274835566647963 8.563777658463229 56.914261539016124
    endloop
  endfacet
  facet normal 0.37135260905214473 -0.17474527355491695 -0.9118998459920815
    outer loop
      vertex 3.49124641671774 8.080671040458084 56.95135835496476
      vertex 3.6274835566647963 8.563777658463229 56.914261539016124
      vertex 3.7042726007101616 8.533374725156868 56.95135835496476
    endloop
  endfacet
  facet normal 0.4920174992995234 -0.15986617641367523 -0.8557812723014656
    outer loop
      vertex 3.555420132045548 8.592309586679873 56.86749987509912
      vertex 3.703814973710734 9.049021947874545 56.86749987509912
      vertex 3.6274835566647963 8.563777658463229 56.914261539016124
    endloop
  endfacet
  facet normal 0.5865345025355932 -0.19057661239398366 -0.7871834806090366
    outer loop
      vertex 3.4891331738560663 8.618554450045092 56.81175525357175
      vertex 3.6347613543955153 9.06675190384014 56.81175525357175
      vertex 3.555420132045548 8.592309586679873 56.86749987509912
    endloop
  endfacet
  facet normal 0.2691888113194608 -0.12667063950892252 -0.9547208665085394
    outer loop
      vertex 3.567017953745679 8.039015285473177 56.97824936783374
      vertex 3.7042726007101616 8.533374725156868 56.95135835496476
      vertex 3.7846675070055946 8.501544129989837 56.97824936783374
    endloop
  endfacet
  facet normal 0.16309963455731818 -0.07674886230144545 -0.9836199069471414
    outer loop
      vertex 3.645083066612882 7.996098626500478 56.994542446102145
      vertex 3.7846675070055946 8.501544129989837 56.97824936783374
      vertex 3.8674959367837456 8.468750034715931 56.994542446102145
    endloop
  endfacet
  facet normal 0.3903257729968369 -0.12682453159400625 -0.9118998459920818
    outer loop
      vertex 3.6274835566647963 8.563777658463229 56.914261539016124
      vertex 3.778886155525775 9.029746944463213 56.914261539016124
      vertex 3.7042726007101616 8.533374725156868 56.95135835496476
    endloop
  endfacet
  facet normal 0.28294221798671837 -0.09193349951970908 -0.9547208665085393
    outer loop
      vertex 3.7042726007101616 8.533374725156868 56.95135835496476
      vertex 3.8588801929641927 9.009207966559405 56.95135835496476
      vertex 3.7846675070055946 8.501544129989837 56.97824936783374
    endloop
  endfacet
  facet normal 0.3903257729968366 -0.1268245315940062 -0.9118998459920821
    outer loop
      vertex 3.7042726007101616 8.533374725156868 56.95135835496476
      vertex 3.778886155525775 9.029746944463213 56.914261539016124
      vertex 3.8588801929641927 9.009207966559405 56.95135835496476
    endloop
  endfacet
  facet normal 0.1714327283079559 -0.05570187000619942 -0.9836199069471414
    outer loop
      vertex 3.7846675070055946 8.501544129989837 56.97824936783374
      vertex 3.942630592829252 8.987704518710709 56.97824936783374
      vertex 3.8674959367837456 8.468750034715931 56.994542446102145
    endloop
  endfacet
  facet normal 0.2829422179867169 -0.09193349951970889 -0.9547208665085397
    outer loop
      vertex 3.7846675070055946 8.501544129989837 56.97824936783374
      vertex 3.8588801929641927 9.009207966559405 56.95135835496476
      vertex 3.942630592829252 8.987704518710709 56.97824936783374
    endloop
  endfacet
  facet normal 0.05742336341754488 -0.01865798179830044 -0.9981755542233194
    outer loop
      vertex 3.8674959367837456 8.468750034715931 56.994542446102145
      vertex 4.028916085701444 8.96555016960831 56.994542446102145
      vertex 3.9515500650250677 8.435470651090117 57
    endloop
  endfacet
  facet normal 0.17143272830795647 -0.0557018700061995 -0.9836199069471412
    outer loop
      vertex 3.8674959367837456 8.468750034715931 56.994542446102145
      vertex 3.942630592829252 8.987704518710709 56.97824936783374
      vertex 4.028916085701444 8.96555016960831 56.994542446102145
    endloop
  endfacet
  facet normal 0.0574233634175444 -0.018657981798300374 -0.9981755542233195
    outer loop
      vertex 3.9515500650250677 8.435470651090117 57
      vertex 4.028916085701444 8.96555016960831 56.994542446102145
      vertex 4.116478434796683 8.943067979549369 57
    endloop
  endfacet
  facet normal 0.9804951209026076 -0.18703944753769952 -0.06037849742228529
    outer loop
      vertex 3.390041063950209 9.129585394923009 56.251479953678796
      vertex 3.4724014546006727 9.561333682524936 56.251479953678796
      vertex 3.39533761028093 9.128225472964616 56.341704075166916
    endloop
  endfacet
  facet normal 0.966197294157119 -0.18431199121644457 -0.18025503781390143
    outer loop
      vertex 3.39533761028093 9.128225472964616 56.341704075166916
      vertex 3.4778266794980146 9.560648317235724 56.341704075166916
      vertex 3.4111500137008046 9.12416553781386 56.43061252579671
    endloop
  endfacet
  facet normal 0.9804951209026074 -0.18703944753769997 -0.06037849742228763
    outer loop
      vertex 3.39533761028093 9.128225472964616 56.341704075166916
      vertex 3.4724014546006727 9.561333682524936 56.251479953678796
      vertex 3.4778266794980146 9.560648317235724 56.341704075166916
    endloop
  endfacet
  facet normal 0.9962058827785741 -0.06267596163114172 -0.06037849742228819
    outer loop
      vertex 3.4724014546006727 9.561333682524936 56.251479953678796
      vertex 3.5 10 56.251479953678796
      vertex 3.4778266794980146 9.560648317235724 56.341704075166916
    endloop
  endfacet
  facet normal 0.9816789577473796 -0.06176200497658548 -0.18025503781390087
    outer loop
      vertex 3.4778266794980146 9.560648317235724 56.341704075166916
      vertex 3.50546834442646 10 56.341704075166916
      vertex 3.4940232421944932 9.558602215537315 56.43061252579671
    endloop
  endfacet
  facet normal 0.9962058827785742 -0.06267596163114182 -0.06037849742228853
    outer loop
      vertex 3.4778266794980146 9.560648317235724 56.341704075166916
      vertex 3.5 10 56.251479953678796
      vertex 3.50546834442646 10 56.341704075166916
    endloop
  endfacet
  facet normal 0.9079935013359067 -0.2950249726355158 -0.2975030538552062
    outer loop
      vertex 3.299532977745707 8.693622478158725 56.5169088201536
      vertex 3.4111500137008046 9.12416553781386 56.43061252579671
      vertex 3.437247693761542 9.117464792467425 56.5169088201536
    endloop
  endfacet
  facet normal 0.8672682907393227 -0.2817925495794535 -0.41041280545276
    outer loop
      vertex 3.334092921069754 8.679939228614273 56.599334563943536
      vertex 3.437247693761542 9.117464792467425 56.5169088201536
      vertex 3.4732500875209977 9.108220948881222 56.599334563943536
    endloop
  endfacet
  facet normal 0.8138963555456529 -0.26445095660896406 -0.5173378141776493
    outer loop
      vertex 3.3776567799450694 8.662691076714225 56.67668780421545
      vertex 3.4732500875209977 9.108220948881222 56.599334563943536
      vertex 3.5186321990078286 9.09656880311006 56.67668780421545
    endloop
  endfacet
  facet normal 0.7486559787531327 -0.24325307319941716 -0.6167188726285487
    outer loop
      vertex 3.429589295211984 8.642129539352737 56.74784055654184
      vertex 3.5186321990078286 9.09656880311006 56.67668780421545
      vertex 3.572732254844942 9.082678269677633 56.74784055654184
    endloop
  endfacet
  facet normal 0.6724985119639401 -0.2185080122244048 -0.7071067811865658
    outer loop
      vertex 3.4891331738560663 8.618554450045092 56.81175525357175
      vertex 3.572732254844942 9.082678269677633 56.74784055654184
      vertex 3.6347613543955153 9.06675190384014 56.81175525357175
    endloop
  endfacet
  facet normal 0.9378101351759893 -0.17889685102879357 -0.29750305385520726
    outer loop
      vertex 3.4111500137008046 9.12416553781386 56.43061252579671
      vertex 3.4940232421944932 9.558602215537315 56.43061252579671
      vertex 3.437247693761542 9.117464792467425 56.5169088201536
    endloop
  endfacet
  facet normal 0.8957475926594832 -0.17087299191251706 -0.41041280545276043
    outer loop
      vertex 3.437247693761542 9.117464792467425 56.5169088201536
      vertex 3.520754960334512 9.55522521419989 56.5169088201536
      vertex 3.4732500875209977 9.108220948881222 56.599334563943536
    endloop
  endfacet
  facet normal 0.966197294157119 -0.18431199121644445 -0.180255037813901
    outer loop
      vertex 3.4778266794980146 9.560648317235724 56.341704075166916
      vertex 3.4940232421944932 9.558602215537315 56.43061252579671
      vertex 3.4111500137008046 9.12416553781386 56.43061252579671
    endloop
  endfacet
  facet normal 0.9378101351759904 -0.17889685102879302 -0.29750305385520387
    outer loop
      vertex 3.437247693761542 9.117464792467425 56.5169088201536
      vertex 3.4940232421944932 9.558602215537315 56.43061252579671
      vertex 3.520754960334512 9.55522521419989 56.5169088201536
    endloop
  endfacet
  facet normal 0.8957475926594841 -0.17087299191251687 -0.41041280545275866
    outer loop
      vertex 3.4732500875209977 9.108220948881222 56.599334563943536
      vertex 3.520754960334512 9.55522521419989 56.5169088201536
      vertex 3.557632025273002 9.550566557507294 56.599334563943536
    endloop
  endfacet
  facet normal 0.8406230331940933 -0.16035741980168952 -0.5173378141776483
    outer loop
      vertex 3.4732500875209977 9.108220948881222 56.599334563943536
      vertex 3.557632025273002 9.550566557507294 56.599334563943536
      vertex 3.5186321990078286 9.09656880311006 56.67668780421545
    endloop
  endfacet
  facet normal 0.7732402969864991 -0.14750347541668904 -0.6167188726285494
    outer loop
      vertex 3.5186321990078286 9.09656880311006 56.67668780421545
      vertex 3.604116686363242 9.544694179164486 56.67668780421545
      vertex 3.572732254844942 9.082678269677633 56.74784055654184
    endloop
  endfacet
  facet normal 0.694581976063328 -0.13249859821121185 -0.707106781186566
    outer loop
      vertex 3.572732254844942 9.082678269677633 56.74784055654184
      vertex 3.659531092572195 9.537693711671148 56.74784055654184
      vertex 3.6347613543955153 9.06675190384014 56.81175525357175
    endloop
  endfacet
  facet normal 0.840623033194092 -0.16035741980168977 -0.5173378141776506
    outer loop
      vertex 3.5186321990078286 9.09656880311006 56.67668780421545
      vertex 3.557632025273002 9.550566557507294 56.599334563943536
      vertex 3.604116686363242 9.544694179164486 56.67668780421545
    endloop
  endfacet
  facet normal 0.7732402969864997 -0.14750347541668898 -0.6167188726285487
    outer loop
      vertex 3.572732254844942 9.082678269677633 56.74784055654184
      vertex 3.604116686363242 9.544694179164486 56.67668780421545
      vertex 3.659531092572195 9.537693711671148 56.74784055654184
    endloop
  endfacet
  facet normal 0.6945819760633274 -0.1324985982112119 -0.7071067811865668
    outer loop
      vertex 3.6347613543955153 9.06675190384014 56.81175525357175
      vertex 3.659531092572195 9.537693711671148 56.74784055654184
      vertex 3.7230671770749595 9.529667237607015 56.81175525357175
    endloop
  endfacet
  facet normal 0.5865345025355932 -0.1905766123939837 -0.7871834806090365
    outer loop
      vertex 3.555420132045548 8.592309586679873 56.86749987509912
      vertex 3.6347613543955153 9.06675190384014 56.81175525357175
      vertex 3.703814973710734 9.049021947874545 56.86749987509912
    endloop
  endfacet
  facet normal 0.4920174992995249 -0.15986617641367537 -0.8557812723014646
    outer loop
      vertex 3.6274835566647963 8.563777658463229 56.914261539016124
      vertex 3.703814973710734 9.049021947874545 56.86749987509912
      vertex 3.778886155525775 9.029746944463213 56.914261539016124
    endloop
  endfacet
  facet normal 0.605795085866806 -0.11556159308296582 -0.7871834806090359
    outer loop
      vertex 3.6347613543955153 9.06675190384014 56.81175525357175
      vertex 3.7230671770749595 9.529667237607015 56.81175525357175
      vertex 3.703814973710734 9.049021947874545 56.86749987509912
    endloop
  endfacet
  facet normal 0.508174339186531 -0.09693943970550872 -0.8557812723014652
    outer loop
      vertex 3.703814973710734 9.049021947874545 56.86749987509912
      vertex 3.793798440688682 9.520731801037986 56.86749987509912
      vertex 3.778886155525775 9.029746944463213 56.914261539016124
    endloop
  endfacet
  facet normal 0.6057950858668079 -0.11556159308296575 -0.7871834806090344
    outer loop
      vertex 3.703814973710734 9.049021947874545 56.86749987509912
      vertex 3.7230671770749595 9.529667237607015 56.81175525357175
      vertex 3.793798440688682 9.520731801037986 56.86749987509912
    endloop
  endfacet
  facet normal 0.40314326633205416 -0.07690369100855647 -0.9118998459920821
    outer loop
      vertex 3.778886155525775 9.029746944463213 56.914261539016124
      vertex 3.870693462316942 9.511017700750086 56.914261539016124
      vertex 3.8588801929641927 9.009207966559405 56.95135835496476
    endloop
  endfacet
  facet normal 0.29223345685483565 -0.05574651332465945 -0.9547208665085395
    outer loop
      vertex 3.8588801929641927 9.009207966559405 56.95135835496476
      vertex 3.952630939391887 9.500666590199767 56.95135835496476
      vertex 3.942630592829252 8.987704518710709 56.97824936783374
    endloop
  endfacet
  facet normal 0.5081743391865273 -0.09693943970550885 -0.8557812723014675
    outer loop
      vertex 3.778886155525775 9.029746944463213 56.914261539016124
      vertex 3.793798440688682 9.520731801037986 56.86749987509912
      vertex 3.870693462316942 9.511017700750086 56.914261539016124
    endloop
  endfacet
  facet normal 0.40314326633205416 -0.07690369100855646 -0.911899845992082
    outer loop
      vertex 3.8588801929641927 9.009207966559405 56.95135835496476
      vertex 3.870693462316942 9.511017700750086 56.914261539016124
      vertex 3.952630939391887 9.500666590199767 56.95135835496476
    endloop
  endfacet
  facet normal 0.952836942963728 -0.059947419213547154 -0.29750305385520426
    outer loop
      vertex 3.4940232421944932 9.558602215537315 56.43061252579671
      vertex 3.521793636930461 10 56.43061252579671
      vertex 3.520754960334512 9.55522521419989 56.5169088201536
    endloop
  endfacet
  facet normal 0.9101004199497296 -0.057258665088544373 -0.4104128054527585
    outer loop
      vertex 3.520754960334512 9.55522521419989 56.5169088201536
      vertex 3.5487378179859395 10 56.5169088201536
      vertex 3.557632025273002 9.550566557507294 56.599334563943536
    endloop
  endfacet
  facet normal 0.8540925834452011 -0.0537349506912651 -0.5173378141776507
    outer loop
      vertex 3.557632025273002 9.550566557507294 56.599334563943536
      vertex 3.585907980760093 10 56.599334563943536
      vertex 3.604116686363242 9.544694179164486 56.67668780421545
    endloop
  endfacet
  facet normal 0.7856301538250262 -0.049427659712335155 -0.6167188726285481
    outer loop
      vertex 3.604116686363242 9.544694179164486 56.67668780421545
      vertex 3.6327621005797583 10 56.67668780421545
      vertex 3.659531092572195 9.537693711671148 56.74784055654184
    endloop
  endfacet
  facet normal 0.9816789577473796 -0.06176200497658542 -0.18025503781390054
    outer loop
      vertex 3.4940232421944932 9.558602215537315 56.43061252579671
      vertex 3.50546834442646 10 56.341704075166916
      vertex 3.521793636930461 10 56.43061252579671
    endloop
  endfacet
  facet normal 0.9528369429637268 -0.05994741921354797 -0.2975030538552084
    outer loop
      vertex 3.520754960334512 9.55522521419989 56.5169088201536
      vertex 3.521793636930461 10 56.43061252579671
      vertex 3.5487378179859395 10 56.5169088201536
    endloop
  endfacet
  facet normal 0.9101004199497297 -0.057258665088544346 -0.41041280545275827
    outer loop
      vertex 3.557632025273002 9.550566557507294 56.599334563943536
      vertex 3.5487378179859395 10 56.5169088201536
      vertex 3.585907980760093 10 56.599334563943536
    endloop
  endfacet
  facet normal 0.8540925834452018 -0.053734950691264924 -0.5173378141776498
    outer loop
      vertex 3.604116686363242 9.544694179164486 56.67668780421545
      vertex 3.585907980760093 10 56.599334563943536
      vertex 3.6327621005797583 10 56.67668780421545
    endloop
  endfacet
  facet normal 0.705711467477036 -0.04439960215340264 -0.7071067811865672
    outer loop
      vertex 3.659531092572195 9.537693711671148 56.74784055654184
      vertex 3.6886169388716747 10 56.74784055654184
      vertex 3.7230671770749595 9.529667237607015 56.81175525357175
    endloop
  endfacet
  facet normal 0.7856301538250259 -0.04942765971233524 -0.6167188726285485
    outer loop
      vertex 3.659531092572195 9.537693711671148 56.74784055654184
      vertex 3.6327621005797583 10 56.67668780421545
      vertex 3.6886169388716747 10 56.74784055654184
    endloop
  endfacet
  facet normal 0.705711467477037 -0.04439960215340246 -0.7071067811865663
    outer loop
      vertex 3.7230671770749595 9.529667237607015 56.81175525357175
      vertex 3.6886169388716747 10 56.74784055654184
      vertex 3.752658006319404 10 56.81175525357175
    endloop
  endfacet
  facet normal 0.6155019188094567 -0.03872409841587975 -0.7871834806090345
    outer loop
      vertex 3.7230671770749595 9.529667237607015 56.81175525357175
      vertex 3.752658006319404 10 56.81175525357175
      vertex 3.793798440688682 9.520731801037986 56.86749987509912
    endloop
  endfacet
  facet normal 0.5163169661759278 -0.03248391012437254 -0.8557812723014669
    outer loop
      vertex 3.793798440688682 9.520731801037986 56.86749987509912
      vertex 3.8239514399516334 10 56.86749987509912
      vertex 3.870693462316942 9.511017700750086 56.914261539016124
    endloop
  endfacet
  facet normal 0.409602949531101 -0.025770033275862386 -0.9118998459920822
    outer loop
      vertex 3.870693462316942 9.511017700750086 56.914261539016124
      vertex 3.9014576209671743 10 56.914261539016124
      vertex 3.952630939391887 9.500666590199767 56.95135835496476
    endloop
  endfacet
  facet normal 0.6155019188094555 -0.03872409841587997 -0.7871834806090354
    outer loop
      vertex 3.793798440688682 9.520731801037986 56.86749987509912
      vertex 3.752658006319404 10 56.81175525357175
      vertex 3.8239514399516334 10 56.86749987509912
    endloop
  endfacet
  facet normal 0.5163169661759303 -0.03248391012437217 -0.8557812723014655
    outer loop
      vertex 3.870693462316942 9.511017700750086 56.914261539016124
      vertex 3.8239514399516334 10 56.86749987509912
      vertex 3.9014576209671743 10 56.914261539016124
    endloop
  endfacet
  facet normal 0.17706222552422973 -0.03377642594627132 -0.9836199069471412
    outer loop
      vertex 3.942630592829252 8.987704518710709 56.97824936783374
      vertex 4.038416038990636 9.48982941188752 56.97824936783374
      vertex 4.028916085701444 8.96555016960831 56.994542446102145
    endloop
  endfacet
  facet normal 0.05930902823603463 -0.01131380221969266 -0.9981755542233194
    outer loop
      vertex 4.028916085701444 8.96555016960831 56.994542446102145
      vertex 4.12679782118982 9.478664196276338 56.994542446102145
      vertex 4.116478434796683 8.943067979549369 57
    endloop
  endfacet
  facet normal 0.29223345685483865 -0.05574651332465946 -0.9547208665085386
    outer loop
      vertex 3.942630592829252 8.987704518710709 56.97824936783374
      vertex 3.952630939391887 9.500666590199767 56.95135835496476
      vertex 4.038416038990636 9.48982941188752 56.97824936783374
    endloop
  endfacet
  facet normal 0.17706222552422834 -0.033776425946271296 -0.9836199069471415
    outer loop
      vertex 4.028916085701444 8.96555016960831 56.994542446102145
      vertex 4.038416038990636 9.48982941188752 56.97824936783374
      vertex 4.12679782118982 9.478664196276338 56.994542446102145
    endloop
  endfacet
  facet normal 0.059309028236034754 -0.011313802219692661 -0.9981755542233193
    outer loop
      vertex 4.116478434796683 8.943067979549369 57
      vertex 4.12679782118982 9.478664196276338 56.994542446102145
      vertex 4.216487480586531 9.467333757351708 57
    endloop
  endfacet
  facet normal 0.29691599953655057 -0.01868037131312676 -0.9547208665085386
    outer loop
      vertex 3.952630939391887 9.500666590199767 56.95135835496476
      vertex 3.9840463347180988 10 56.95135835496476
      vertex 4.038416038990636 9.48982941188752 56.97824936783374
    endloop
  endfacet
  facet normal 0.179899345672138 -0.011318307472111995 -0.9836199069471414
    outer loop
      vertex 4.038416038990636 9.48982941188752 56.97824936783374
      vertex 4.070513251784332 10 56.97824936783374
      vertex 4.12679782118982 9.478664196276338 56.994542446102145
    endloop
  endfacet
  facet normal 0.06025935424974659 -0.0037911972215426046 -0.9981755542233194
    outer loop
      vertex 4.12679782118982 9.478664196276338 56.994542446102145
      vertex 4.159597489808508 10 56.994542446102145
      vertex 4.216487480586531 9.467333757351708 57
    endloop
  endfacet
  facet normal 0.40960294953110044 -0.025770033275862476 -0.9118998459920825
    outer loop
      vertex 3.952630939391887 9.500666590199767 56.95135835496476
      vertex 3.9014576209671743 10 56.914261539016124
      vertex 3.9840463347180988 10 56.95135835496476
    endloop
  endfacet
  facet normal 0.2969159995365488 -0.018680371313126984 -0.9547208665085393
    outer loop
      vertex 4.038416038990636 9.48982941188752 56.97824936783374
      vertex 3.9840463347180988 10 56.95135835496476
      vertex 4.070513251784332 10 56.97824936783374
    endloop
  endfacet
  facet normal 0.17989934567213875 -0.011318307472111907 -0.9836199069471413
    outer loop
      vertex 4.12679782118982 9.478664196276338 56.994542446102145
      vertex 4.070513251784332 10 56.97824936783374
      vertex 4.159597489808508 10 56.994542446102145
    endloop
  endfacet
  facet normal 0.06025935424974686 -0.0037911972215425777 -0.9981755542233195
    outer loop
      vertex 4.216487480586531 9.467333757351708 57
      vertex 4.159597489808508 10 56.994542446102145
      vertex 4.25 10 57
    endloop
  endfacet
  facet normal 0 0 -1
    outer loop
      vertex 2.2309839641204148 12.696796349715262 52
      vertex 1.8041973528679938 11.694254087173505 52
      vertex 1.5776243746280072 11.907020275870078 52
    endloop
  endfacet
  facet normal 0 0 -1
    outer loop
      vertex 2.5513901959749408 12.39591487075041 52
      vertex 2.0023170610779952 11.45476849942387 52
      vertex 1.8041973528679938 11.694254087173505 52
    endloop
  endfacet
  facet normal 0 0 -1
    outer loop
      vertex 0.21976681835259818 13.493093549498951 52
      vertex 0.46376875359966835 12.431160945553504 52
      vertex 0.15540653583505037 12.470116152859973 52
    endloop
  endfacet
  facet normal 0 0 -1
    outer loop
      vertex -0.21976681835259818 13.493093549498951 52
      vertex 0.21976681835259818 13.493093549498951 52
      vertex 0.15540653583505037 12.470116152859973 52
    endloop
  endfacet
  facet normal 0 0 -1
    outer loop
      vertex 0.21976681835259818 13.493093549498951 52
      vertex 0.6558346010500369 13.438005377550411 52
      vertex 0.46376875359966835 12.431160945553504 52
    endloop
  endfacet
  facet normal 0 0 -1
    outer loop
      vertex 1.0815594803123159 13.328697807033038 52
      vertex 0.7648170610779949 12.353864877830505 52
      vertex 0.46376875359966835 12.431160945553504 52
    endloop
  endfacet
  facet normal 0 0 -1
    outer loop
      vertex 1.0815594803123159 13.328697807033038 52
      vertex 1.0538037466235544 12.239446954853399 52
      vertex 0.7648170610779949 12.353864877830505 52
    endloop
  endfacet
  facet normal 0 0 -1
    outer loop
      vertex 1.0815594803123159 13.328697807033038 52
      vertex 0.46376875359966835 12.431160945553504 52
      vertex 0.6558346010500369 13.438005377550411 52
    endloop
  endfacet
  facet normal 0.24868988716485582 0.9685831611286309 0
    outer loop
      vertex 1.0815594803123159 13.328697807033038 52
      vertex 0.6558346010500369 13.438005377550411 52
      vertex 1.0815594803123159 13.328697807033038 56.251479953678796
    endloop
  endfacet
  facet normal 0 1 0
    outer loop
      vertex -0.21976681835259818 13.493093549498951 52
      vertex 0.21976681835259818 13.493093549498951 56.251479953678796
      vertex 0.21976681835259818 13.493093549498951 52
    endloop
  endfacet
  facet normal 0.12533323356430495 0.9921147013144777 0
    outer loop
      vertex 0.21976681835259818 13.493093549498951 52
      vertex 0.6558346010500369 13.438005377550411 56.251479953678796
      vertex 0.6558346010500369 13.438005377550411 52
    endloop
  endfacet
  facet normal 0 0 -1
    outer loop
      vertex 1.8753937824264868 12.955147739257054 52
      vertex 1.3261713175730157 12.089711615617489 52
      vertex 1.0538037466235544 12.239446954853399 52
    endloop
  endfacet
  facet normal 0 0 -1
    outer loop
      vertex 1.8753937824264868 12.955147739257054 52
      vertex 1.5776243746280072 11.907020275870078 52
      vertex 1.3261713175730157 12.089711615617489 52
    endloop
  endfacet
  facet normal 0 0 -1
    outer loop
      vertex 1.4902275204777535 13.166894683631067 52
      vertex 1.8753937824264868 12.955147739257054 52
      vertex 1.0538037466235544 12.239446954853399 52
    endloop
  endfacet
  facet normal 0 0 -1
    outer loop
      vertex 1.0815594803123159 13.328697807033038 52
      vertex 1.4902275204777535 13.166894683631067 52
      vertex 1.0538037466235544 12.239446954853399 52
    endloop
  endfacet
  facet normal 0 0 -1
    outer loop
      vertex 2.2309839641204148 12.696796349715262 52
      vertex 1.5776243746280072 11.907020275870078 52
      vertex 1.8753937824264868 12.955147739257054 52
    endloop
  endfacet
  facet normal 0 0 -1
    outer loop
      vertex 2.2309839641204148 12.696796349715262 52
      vertex 2.5513901959749408 12.39591487075041 52
      vertex 1.8041973528679938 11.694254087173505 52
    endloop
  endfacet
  facet normal 0.36812455268468075 0.9297764858882503 0
    outer loop
      vertex 1.0815594803123159 13.328697807033038 52
      vertex 1.4902275204777535 13.166894683631067 56.251479953678796
      vertex 1.4902275204777535 13.166894683631067 52
    endloop
  endfacet
  facet normal 0.587785252292473 0.8090169943749476 0
    outer loop
      vertex 2.2309839641204148 12.696796349715262 52
      vertex 1.8753937824264868 12.955147739257054 52
      vertex 2.2309839641204148 12.696796349715262 56.251479953678796
    endloop
  endfacet
  facet normal 0.4817536741017121 0.8763066800438652 0
    outer loop
      vertex 1.4902275204777535 13.166894683631067 52
      vertex 1.8753937824264868 12.955147739257054 56.251479953678796
      vertex 1.8753937824264868 12.955147739257054 52
    endloop
  endfacet
  facet normal 0.12533323356430495 0.9921147013144777 0
    outer loop
      vertex 0.21976681835259818 13.493093549498951 52
      vertex 0.21976681835259818 13.493093549498951 56.251479953678796
      vertex 0.6558346010500369 13.438005377550411 56.251479953678796
    endloop
  endfacet
  facet normal 0.24868988716485582 0.9685831611286309 0
    outer loop
      vertex 0.6558346010500369 13.438005377550411 52
      vertex 0.6558346010500369 13.438005377550411 56.251479953678796
      vertex 1.0815594803123159 13.328697807033038 56.251479953678796
    endloop
  endfacet
  facet normal 0.36812455268468075 0.9297764858882503 0
    outer loop
      vertex 1.0815594803123159 13.328697807033038 52
      vertex 1.0815594803123159 13.328697807033038 56.251479953678796
      vertex 1.4902275204777535 13.166894683631067 56.251479953678796
    endloop
  endfacet
  facet normal 0.4817536741017121 0.8763066800438652 0
    outer loop
      vertex 1.4902275204777535 13.166894683631067 52
      vertex 1.4902275204777535 13.166894683631067 56.251479953678796
      vertex 1.8753937824264868 12.955147739257054 56.251479953678796
    endloop
  endfacet
  facet normal 0.587785252292473 0.8090169943749476 0
    outer loop
      vertex 1.8753937824264868 12.955147739257054 52
      vertex 1.8753937824264868 12.955147739257054 56.251479953678796
      vertex 2.2309839641204148 12.696796349715262 56.251479953678796
    endloop
  endfacet
  facet normal 0 0 -1
    outer loop
      vertex 3.5 10 52
      vertex 2.475 10 52
      vertex 2.455483885753333 10.310199753071654 52
    endloop
  endfacet
  facet normal 0 0 -1
    outer loop
      vertex 3.390041063950209 10.870414605076991 52
      vertex 2.455483885753333 10.310199753071654 52
      vertex 2.397243323793362 10.615507470733016 52
    endloop
  endfacet
  facet normal 0 0 -1
    outer loop
      vertex 3.2542177006088795 11.288435934396375 52
      vertex 2.397243323793362 10.615507470733016 52
      vertex 2.3011968025734215 10.911108267894578 52
    endloop
  endfacet
  facet normal 0 0 -1
    outer loop
      vertex 3.5 10 52
      vertex 2.455483885753333 10.310199753071654 52
      vertex 3.4724014546006727 10.438666317475064 52
    endloop
  endfacet
  facet normal 0 0 -1
    outer loop
      vertex 3.4724014546006727 10.438666317475064 52
      vertex 2.455483885753333 10.310199753071654 52
      vertex 3.390041063950209 10.870414605076991 52
    endloop
  endfacet
  facet normal 0 0 -1
    outer loop
      vertex 3.2542177006088795 11.288435934396375 52
      vertex 3.390041063950209 10.870414605076991 52
      vertex 2.397243323793362 10.615507470733016 52
    endloop
  endfacet
  facet normal 0.9510565162951536 0.3090169943749471 0
    outer loop
      vertex 3.2542177006088795 11.288435934396375 52
      vertex 3.390041063950209 10.870414605076991 56.251479953678796
      vertex 3.390041063950209 10.870414605076991 52
    endloop
  endfacet
  facet normal 0 0 -1
    outer loop
      vertex 3.067073380153522 11.686137859356004 52
      vertex 2.1688590331085624 11.192340343401746 52
      vertex 2.0023170610779952 11.45476849942387 52
    endloop
  endfacet
  facet normal 0 0 -1
    outer loop
      vertex 3.2542177006088795 11.288435934396375 52
      vertex 2.3011968025734215 10.911108267894578 52
      vertex 2.1688590331085624 11.192340343401746 52
    endloop
  endfacet
  facet normal 0 0 -1
    outer loop
      vertex 2.831559480312316 12.057248383023655 52
      vertex 2.0023170610779952 11.45476849942387 52
      vertex 2.5513901959749408 12.39591487075041 52
    endloop
  endfacet
  facet normal 0 0 -1
    outer loop
      vertex 3.067073380153522 11.686137859356004 52
      vertex 2.0023170610779952 11.45476849942387 52
      vertex 2.831559480312316 12.057248383023655 52
    endloop
  endfacet
  facet normal 0 0 -1
    outer loop
      vertex 3.2542177006088795 11.288435934396375 52
      vertex 2.1688590331085624 11.192340343401746 52
      vertex 3.067073380153522 11.686137859356004 52
    endloop
  endfacet
  facet normal 0.77051324277579 0.6374239897486886 0
    outer loop
      vertex 2.831559480312316 12.057248383023655 52
      vertex 2.5513901959749408 12.39591487075041 52
      vertex 2.831559480312316 12.057248383023655 56.251479953678796
    endloop
  endfacet
  facet normal 0.9048270524660187 0.4257792915650745 0
    outer loop
      vertex 3.2542177006088795 11.288435934396375 52
      vertex 3.067073380153522 11.686137859356004 52
      vertex 3.2542177006088795 11.288435934396375 56.251479953678796
    endloop
  endfacet
  facet normal 0.8443279255020149 0.535826794978997 0
    outer loop
      vertex 3.067073380153522 11.686137859356004 52
      vertex 2.831559480312316 12.057248383023655 52
      vertex 3.067073380153522 11.686137859356004 56.251479953678796
    endloop
  endfacet
  facet normal 0.9980267284282717 0.06279051952931271 0
    outer loop
      vertex 3.5 10 52
      vertex 3.4724014546006727 10.438666317475064 52
      vertex 3.5 10 56.251479953678796
    endloop
  endfacet
  facet normal 0.9822872507286886 0.18738131458572466 0
    outer loop
      vertex 3.4724014546006727 10.438666317475064 52
      vertex 3.390041063950209 10.870414605076991 52
      vertex 3.4724014546006727 10.438666317475064 56.251479953678796
    endloop
  endfacet
  facet normal 0.9510565162951536 0.3090169943749471 0
    outer loop
      vertex 3.2542177006088795 11.288435934396375 52
      vertex 3.2542177006088795 11.288435934396375 56.251479953678796
      vertex 3.390041063950209 10.870414605076991 56.251479953678796
    endloop
  endfacet
  facet normal 0.9048270524660187 0.4257792915650745 0
    outer loop
      vertex 3.067073380153522 11.686137859356004 52
      vertex 3.067073380153522 11.686137859356004 56.251479953678796
      vertex 3.2542177006088795 11.288435934396375 56.251479953678796
    endloop
  endfacet
  facet normal 0.8443279255020149 0.535826794978997 0
    outer loop
      vertex 2.831559480312316 12.057248383023655 52
      vertex 2.831559480312316 12.057248383023655 56.251479953678796
      vertex 3.067073380153522 11.686137859356004 56.251479953678796
    endloop
  endfacet
  facet normal 0.9980267284282717 0.06279051952931271 0
    outer loop
      vertex 3.4724014546006727 10.438666317475064 52
      vertex 3.4724014546006727 10.438666317475064 56.251479953678796
      vertex 3.5 10 56.251479953678796
    endloop
  endfacet
  facet normal 0.9822872507286886 0.18738131458572466 0
    outer loop
      vertex 3.390041063950209 10.870414605076991 52
      vertex 3.390041063950209 10.870414605076991 56.251479953678796
      vertex 3.4724014546006727 10.438666317475064 56.251479953678796
    endloop
  endfacet
  facet normal 0.6845471059286894 0.7289686274214109 0
    outer loop
      vertex 2.2309839641204148 12.696796349715262 52
      vertex 2.5513901959749408 12.39591487075041 56.251479953678796
      vertex 2.5513901959749408 12.39591487075041 52
    endloop
  endfacet
  facet normal 0.6845471059286894 0.7289686274214109 0
    outer loop
      vertex 2.2309839641204148 12.696796349715262 52
      vertex 2.2309839641204148 12.696796349715262 56.251479953678796
      vertex 2.5513901959749408 12.39591487075041 56.251479953678796
    endloop
  endfacet
  facet normal 0.77051324277579 0.6374239897486886 0
    outer loop
      vertex 2.5513901959749408 12.39591487075041 52
      vertex 2.5513901959749408 12.39591487075041 56.251479953678796
      vertex 2.831559480312316 12.057248383023655 56.251479953678796
    endloop
  endfacet
  facet normal 0.24823616595051412 0.9668160336709435 -0.06037849742229457
    outer loop
      vertex 1.0815594803123159 13.328697807033038 56.251479953678796
      vertex 0.6558346010500369 13.438005377550411 56.251479953678796
      vertex 1.0832492916711876 13.33389851163317 56.341704075166916
    endloop
  endfacet
  facet normal 0 0.9981755542233172 -0.060378497422291684
    outer loop
      vertex -0.21976681835259818 13.493093549498951 56.251479953678796
      vertex 0.22011017854010081 13.49855110339681 56.341704075166916
      vertex 0.21976681835259818 13.493093549498951 56.251479953678796
    endloop
  endfacet
  facet normal 0 0.9836199069471486 -0.180255037813878
    outer loop
      vertex -0.22011017854010081 13.49855110339681 56.341704075166916
      vertex 0.22113525213789506 13.514844181665211 56.43061252579671
      vertex 0.22011017854010081 13.49855110339681 56.341704075166916
    endloop
  endfacet
  facet normal 0.1251045698756529 0.9903046418376793 -0.060378497422291656
    outer loop
      vertex 0.21976681835259818 13.493093549498951 56.251479953678796
      vertex 0.22011017854010081 13.49855110339681 56.341704075166916
      vertex 0.6568592666172745 13.443376862563115 56.341704075166916
    endloop
  endfacet
  facet normal 0.12510456987565063 0.9903046418376803 -0.060378497422280276
    outer loop
      vertex 0.21976681835259818 13.493093549498951 56.251479953678796
      vertex 0.6568592666172745 13.443376862563115 56.341704075166916
      vertex 0.6558346010500369 13.438005377550411 56.251479953678796
    endloop
  endfacet
  facet normal 0.12328026353590883 0.9758637701878415 -0.18025503781389499
    outer loop
      vertex 0.22011017854010081 13.49855110339681 56.341704075166916
      vertex 0.6599183213876707 13.459412989254211 56.43061252579671
      vertex 0.6568592666172745 13.443376862563115 56.341704075166916
    endloop
  endfacet
  facet normal 0.2482361659505116 0.966816033670945 -0.06037849742228047
    outer loop
      vertex 1.0832492916711876 13.33389851163317 56.341704075166916
      vertex 0.6558346010500369 13.438005377550411 56.251479953678796
      vertex 0.6568592666172745 13.443376862563115 56.341704075166916
    endloop
  endfacet
  facet normal 0.24461632367178887 0.9527176788199169 -0.18025503781389401
    outer loop
      vertex 1.0832492916711876 13.33389851163317 56.341704075166916
      vertex 0.6568592666172745 13.443376862563115 56.341704075166916
      vertex 1.0882940844930657 13.349424787449523 56.43061252579671
    endloop
  endfacet
  facet normal 0 0.9547208665085394 -0.29750305385522324
    outer loop
      vertex -0.22113525213789506 13.514844181665211 56.43061252579671
      vertex 0.22282709126466044 13.54173519453419 56.5169088201536
      vertex 0.22113525213789506 13.514844181665211 56.43061252579671
    endloop
  endfacet
  facet normal 0 0.9118998459920885 -0.41041280545276043
    outer loop
      vertex -0.22282709126466044 13.54173519453419 56.5169088201536
      vertex 0.2251610250962387 13.578832010482826 56.599334563943536
      vertex 0.22282709126466044 13.54173519453419 56.5169088201536
    endloop
  endfacet
  facet normal 0 0.855781272301453 -0.517337814177648
    outer loop
      vertex -0.2251610250962387 13.578832010482826 56.599334563943536
      vertex 0.2281030196218042 13.625593674399832 56.67668780421545
      vertex 0.2251610250962387 13.578832010482826 56.599334563943536
    endloop
  endfacet
  facet normal 0 0.7871834806090502 -0.6167188726285431
    outer loop
      vertex -0.2281030196218042 13.625593674399832 56.67668780421545
      vertex 0.23161017393637945 13.681338295927203 56.74784055654184
      vertex 0.2281030196218042 13.625593674399832 56.67668780421545
    endloop
  endfacet
  facet normal 0 0.7071067811865279 -0.7071067811865672
    outer loop
      vertex -0.23161017393637945 13.681338295927203 56.74784055654184
      vertex 0.23563134583263418 13.745252992957115 56.81175525357175
      vertex 0.23161017393637945 13.681338295927203 56.74784055654184
    endloop
  endfacet
  facet normal 0.12328026353590574 0.975863770187845 -0.1802550378138782
    outer loop
      vertex 0.22011017854010081 13.49855110339681 56.341704075166916
      vertex 0.22113525213789506 13.514844181665211 56.43061252579671
      vertex 0.6599183213876707 13.459412989254211 56.43061252579671
    endloop
  endfacet
  facet normal 0.11965825335083008 0.9471926073148189 -0.2975030538552231
    outer loop
      vertex 0.22113525213789506 13.514844181665211 56.43061252579671
      vertex 0.22282709126466044 13.54173519453419 56.5169088201536
      vertex 0.664967157454282 13.485879914786334 56.5169088201536
    endloop
  endfacet
  facet normal 0.11429135638498085 0.9047092433351589 -0.41041280545276043
    outer loop
      vertex 0.22282709126466044 13.54173519453419 56.5169088201536
      vertex 0.2251610250962387 13.578832010482826 56.599334563943536
      vertex 0.6719321514182682 13.522391691786895 56.599334563943536
    endloop
  endfacet
  facet normal 0.1196582533508294 0.9471926073148202 -0.29750305385521925
    outer loop
      vertex 0.22113525213789506 13.514844181665211 56.43061252579671
      vertex 0.664967157454282 13.485879914786334 56.5169088201536
      vertex 0.6599183213876707 13.459412989254211 56.43061252579671
    endloop
  endfacet
  facet normal 0.11429135638498011 0.9047092433351612 -0.4104128054527558
    outer loop
      vertex 0.22282709126466044 13.54173519453419 56.5169088201536
      vertex 0.6719321514182682 13.522391691786895 56.599334563943536
      vertex 0.664967157454282 13.485879914786334 56.5169088201536
    endloop
  endfacet
  facet normal 0.10725783408131594 0.8490331813598796 -0.517337814177648
    outer loop
      vertex 0.2251610250962387 13.578832010482826 56.599334563943536
      vertex 0.2281030196218042 13.625593674399832 56.67668780421545
      vertex 0.6807117379838342 13.568415896329867 56.67668780421545
    endloop
  endfacet
  facet normal 0.09866025103313714 0.7809763037441386 -0.6167188726285431
    outer loop
      vertex 0.2281030196218042 13.625593674399832 56.67668780421545
      vertex 0.23161017393637945 13.681338295927203 56.74784055654184
      vertex 0.6911778910089466 13.623281391875528 56.74784055654184
    endloop
  endfacet
  facet normal 0.10725783408131648 0.8490331813598776 -0.5173378141776513
    outer loop
      vertex 0.2251610250962387 13.578832010482826 56.599334563943536
      vertex 0.6807117379838342 13.568415896329867 56.67668780421545
      vertex 0.6719321514182682 13.522391691786895 56.599334563943536
    endloop
  endfacet
  facet normal 0.09866025103313676 0.7809763037441407 -0.6167188726285406
    outer loop
      vertex 0.2281030196218042 13.625593674399832 56.67668780421545
      vertex 0.6911778910089466 13.623281391875528 56.74784055654184
      vertex 0.6807117379838342 13.568415896329867 56.67668780421545
    endloop
  endfacet
  facet normal 0.08862397936135356 0.701531033014314 -0.7071067811865672
    outer loop
      vertex 0.23161017393637945 13.681338295927203 56.74784055654184
      vertex 0.23563134583263418 13.745252992957115 56.81175525357175
      vertex 0.7031779904147751 13.68618811595249 56.81175525357175
    endloop
  endfacet
  facet normal 0.08862397936135458 0.7015310330143069 -0.7071067811865741
    outer loop
      vertex 0.23161017393637945 13.681338295927203 56.74784055654184
      vertex 0.7031779904147751 13.68618811595249 56.81175525357175
      vertex 0.6911778910089466 13.623281391875528 56.74784055654184
    endloop
  endfacet
  facet normal 0 0.616718872628558 -0.7871834806090385
    outer loop
      vertex -0.23563134583263418 13.745252992957115 56.81175525357175
      vertex 0.24010789756943052 13.816405745283507 56.86749987509912
      vertex 0.23563134583263418 13.745252992957115 56.81175525357175
    endloop
  endfacet
  facet normal 0 0.5173378141776278 -0.855781272301465
    outer loop
      vertex -0.24010789756943052 13.816405745283507 56.86749987509912
      vertex 0.24497455094212936 13.893758985555417 56.914261539016124
      vertex 0.24010789756943052 13.816405745283507 56.86749987509912
    endloop
  endfacet
  facet normal 0 0.41041280545277686 -0.9118998459920811
    outer loop
      vertex -0.24497455094212936 13.893758985555417 56.914261539016124
      vertex 0.2501603391858077 13.97618472934535 56.95135835496476
      vertex 0.24497455094212936 13.893758985555417 56.914261539016124
    endloop
  endfacet
  facet normal 0.07729537050667001 0.6118558601128833 -0.7871834806090385
    outer loop
      vertex 0.23563134583263418 13.745252992957115 56.81175525357175
      vertex 0.24010789756943052 13.816405745283507 56.86749987509912
      vertex 0.7165370477301124 13.7562187468701 56.86749987509912
    endloop
  endfacet
  facet normal 0.06483962109597284 0.5132584509915219 -0.855781272301465
    outer loop
      vertex 0.24010789756943052 13.816405745283507 56.86749987509912
      vertex 0.24497455094212936 13.893758985555417 56.914261539016124
      vertex 0.7310602578173236 13.832352080334335 56.914261539016124
    endloop
  endfacet
  facet normal 0.05143836400359344 0.40717657789741857 -0.9118998459920811
    outer loop
      vertex 0.24497455094212936 13.893758985555417 56.914261539016124
      vertex 0.2501603391858077 13.97618472934535 56.95135835496476
      vertex 0.746535839569916 13.913477920905951 56.95135835496476
    endloop
  endfacet
  facet normal 0.07729537050666938 0.611855860112889 -0.7871834806090342
    outer loop
      vertex 0.23563134583263418 13.745252992957115 56.81175525357175
      vertex 0.7165370477301124 13.7562187468701 56.86749987509912
      vertex 0.7031779904147751 13.68618811595249 56.81175525357175
    endloop
  endfacet
  facet normal 0 0.29750305385522324 -0.9547208665085394
    outer loop
      vertex -0.2501603391858077 13.97618472934535 56.95135835496476
      vertex 0.2555896418304946 14.062481023702242 56.97824936783374
      vertex 0.2501603391858077 13.97618472934535 56.95135835496476
    endloop
  endfacet
  facet normal 0 0.18025503781391952 -0.9836199069471411
    outer loop
      vertex -0.2555896418304946 14.062481023702242 56.97824936783374
      vertex 0.26118328741790564 14.151389474332035 56.994542446102145
      vertex 0.2555896418304946 14.062481023702242 56.97824936783374
    endloop
  endfacet
  facet normal 0 0.06037849742225252 -0.9981755542233195
    outer loop
      vertex -0.26118328741790564 14.151389474332035 56.994542446102145
      vertex 0.2668597079995835 14.241613595820155 57
      vertex 0.26118328741790564 14.151389474332035 56.994542446102145
    endloop
  endfacet
  facet normal 0.03728701973493106 0.29515715341571974 -0.9547208665085394
    outer loop
      vertex 0.2501603391858077 13.97618472934535 56.95135835496476
      vertex 0.2555896418304946 14.062481023702242 56.97824936783374
      vertex 0.7627381241579616 13.998413271149925 56.97824936783374
    endloop
  endfacet
  facet normal 0.02259194675547452 0.17883367300118663 -0.983619906947141
    outer loop
      vertex 0.2555896418304946 14.062481023702242 56.97824936783374
      vertex 0.26118328741790564 14.151389474332035 56.994542446102145
      vertex 0.7794308457877994 14.085919582401953 56.994542446102145
    endloop
  endfacet
  facet normal 0.00756743231968496 0.059902394935895026 -0.9981755542233195
    outer loop
      vertex 0.26118328741790564 14.151389474332035 56.994542446102145
      vertex 0.2668597079995835 14.241613595820155 57
      vertex 0.7963705869893305 14.174720815596928 57
    endloop
  endfacet
  facet normal 0.2446163236717891 0.9527176788199166 -0.18025503781389507
    outer loop
      vertex 1.0882940844930657 13.349424787449523 56.43061252579671
      vertex 0.6568592666172745 13.443376862563115 56.341704075166916
      vertex 0.6599183213876707 13.459412989254211 56.43061252579671
    endloop
  endfacet
  facet normal 0.23742942456594177 0.924726554878308 -0.2975030538552189
    outer loop
      vertex 0.6599183213876707 13.459412989254211 56.43061252579671
      vertex 0.664967157454282 13.485879914786334 56.5169088201536
      vertex 1.0966202943387242 13.375050226418573 56.5169088201536
    endloop
  endfacet
  facet normal 0.22678026980542268 0.8832508354637306 -0.4104128054527558
    outer loop
      vertex 0.664967157454282 13.485879914786334 56.5169088201536
      vertex 0.6719321514182682 13.522391691786895 56.599334563943536
      vertex 1.1081065063196205 13.410401151936682 56.599334563943536
    endloop
  endfacet
  facet normal 0.21282414804644575 0.8288953299604206 -0.5173378141776511
    outer loop
      vertex 0.6719321514182682 13.522391691786895 56.599334563943536
      vertex 0.6807117379838342 13.568415896329867 56.67668780421545
      vertex 1.1225852256003772 13.454962067906449 56.67668780421545
    endloop
  endfacet
  facet normal 0.1957645709707017 0.7624526640365544 -0.6167188726285407
    outer loop
      vertex 0.6807117379838342 13.568415896329867 56.67668780421545
      vertex 0.6911778910089466 13.623281391875528 56.74784055654184
      vertex 1.139845319850644 13.508083175830588 56.74784055654184
    endloop
  endfacet
  facet normal 0.2374294245659406 0.9247265548783113 -0.29750305385520975
    outer loop
      vertex 1.0882940844930657 13.349424787449523 56.43061252579671
      vertex 0.6599183213876707 13.459412989254211 56.43061252579671
      vertex 1.0966202943387242 13.375050226418573 56.5169088201536
    endloop
  endfacet
  facet normal 0.22678026980542232 0.8832508354637326 -0.4104128054527519
    outer loop
      vertex 0.664967157454282 13.485879914786334 56.5169088201536
      vertex 1.1081065063196205 13.410401151936682 56.599334563943536
      vertex 1.0966202943387242 13.375050226418573 56.5169088201536
    endloop
  endfacet
  facet normal 0.21282414804644545 0.8288953299604231 -0.5173378141776471
    outer loop
      vertex 0.6719321514182682 13.522391691786895 56.599334563943536
      vertex 1.1225852256003772 13.454962067906449 56.67668780421545
      vertex 1.1081065063196205 13.410401151936682 56.599334563943536
    endloop
  endfacet
  facet normal 0.19576457097070232 0.7624526640365442 -0.616718872628553
    outer loop
      vertex 0.6807117379838342 13.568415896329867 56.67668780421545
      vertex 1.139845319850644 13.508083175830588 56.74784055654184
      vertex 1.1225852256003772 13.454962067906449 56.67668780421545
    endloop
  endfacet
  facet normal 0.17585030562678172 0.6848917213771314 -0.7071067811865739
    outer loop
      vertex 0.6911778910089466 13.623281391875528 56.74784055654184
      vertex 0.7031779904147751 13.68618811595249 56.81175525357175
      vertex 1.1596350980299046 13.568989850337248 56.81175525357175
    endloop
  endfacet
  facet normal 0.17585030562678153 0.6848917213771433 -0.7071067811865623
    outer loop
      vertex 0.6911778910089466 13.623281391875528 56.74784055654184
      vertex 1.1596350980299046 13.568989850337248 56.81175525357175
      vertex 1.139845319850644 13.508083175830588 56.74784055654184
    endloop
  endfacet
  facet normal 0.06483962109597237 0.5132584509915272 -0.8557812723014617
    outer loop
      vertex 0.24010789756943052 13.816405745283507 56.86749987509912
      vertex 0.7310602578173236 13.832352080334335 56.914261539016124
      vertex 0.7165370477301124 13.7562187468701 56.86749987509912
    endloop
  endfacet
  facet normal 0.051438364003594195 0.40717657789740813 -0.9118998459920857
    outer loop
      vertex 0.24497455094212936 13.893758985555417 56.914261539016124
      vertex 0.746535839569916 13.913477920905951 56.95135835496476
      vertex 0.7310602578173236 13.832352080334335 56.914261539016124
    endloop
  endfacet
  facet normal 0.1533717468464345 0.5973435151782543 -0.787183480609038
    outer loop
      vertex 0.7031779904147751 13.68618811595249 56.81175525357175
      vertex 1.181665980609606 13.636793934962236 56.86749987509912
      vertex 1.1596350980299046 13.568989850337248 56.81175525357175
    endloop
  endfacet
  facet normal 0.1533717468464346 0.5973435151782593 -0.7871834806090341
    outer loop
      vertex 0.7031779904147751 13.68618811595249 56.81175525357175
      vertex 0.7165370477301124 13.7562187468701 56.86749987509912
      vertex 1.181665980609606 13.636793934962236 56.86749987509912
    endloop
  endfacet
  facet normal 0.1286566826339472 0.5010846954275483 -0.855781272301462
    outer loop
      vertex 0.7165370477301124 13.7562187468701 56.86749987509912
      vertex 0.7310602578173236 13.832352080334335 56.914261539016124
      vertex 1.2056167077125088 13.710506693470219 56.914261539016124
    endloop
  endfacet
  facet normal 0.10206551427906063 0.3975189324731106 -0.9118998459920856
    outer loop
      vertex 0.7310602578173236 13.832352080334335 56.914261539016124
      vertex 0.746535839569916 13.913477920905951 56.95135835496476
      vertex 1.2311380238051126 13.78905322785547 56.95135835496476
    endloop
  endfacet
  facet normal 0.07398600089445613 0.2881564483485195 -0.9547208665085374
    outer loop
      vertex 0.746535839569916 13.913477920905951 56.95135835496476
      vertex 0.7627381241579616 13.998413271149925 56.97824936783374
      vertex 1.2578577706297878 13.871288152775264 56.97824936783374
    endloop
  endfacet
  facet normal 0.12865668263394692 0.5010846954275407 -0.8557812723014664
    outer loop
      vertex 0.7165370477301124 13.7562187468701 56.86749987509912
      vertex 1.2056167077125088 13.710506693470219 56.914261539016124
      vertex 1.181665980609606 13.636793934962236 56.86749987509912
    endloop
  endfacet
  facet normal 0.10206551427906103 0.39751893247311765 -0.9118998459920825
    outer loop
      vertex 0.7310602578173236 13.832352080334335 56.914261539016124
      vertex 1.2311380238051126 13.78905322785547 56.95135835496476
      vertex 1.2056167077125088 13.710506693470219 56.914261539016124
    endloop
  endfacet
  facet normal 0.07398600089445578 0.2881564483485141 -0.9547208665085392
    outer loop
      vertex 0.746535839569916 13.913477920905951 56.95135835496476
      vertex 1.2578577706297878 13.871288152775264 56.97824936783374
      vertex 1.2311380238051126 13.78905322785547 56.95135835496476
    endloop
  endfacet
  facet normal 0.03728701973493069 0.29515715341572607 -0.9547208665085374
    outer loop
      vertex 0.2501603391858077 13.97618472934535 56.95135835496476
      vertex 0.7627381241579616 13.998413271149925 56.97824936783374
      vertex 0.746535839569916 13.913477920905951 56.95135835496476
    endloop
  endfacet
  facet normal 0.02259194675547461 0.17883367300118497 -0.9836199069471414
    outer loop
      vertex 0.2555896418304946 14.062481023702242 56.97824936783374
      vertex 0.7794308457877994 14.085919582401953 56.994542446102145
      vertex 0.7627381241579616 13.998413271149925 56.97824936783374
    endloop
  endfacet
  facet normal 0.0075674323196849545 0.05990239493589518 -0.9981755542233195
    outer loop
      vertex 0.26118328741790564 14.151389474332035 56.994542446102145
      vertex 0.7963705869893305 14.174720815596928 57
      vertex 0.7794308457877994 14.085919582401953 56.994542446102145
    endloop
  endfacet
  facet normal 0.04482760501483985 0.17459199433516548 -0.9836199069471413
    outer loop
      vertex 0.7627381241579616 13.998413271149925 56.97824936783374
      vertex 0.7794308457877994 14.085919582401953 56.994542446102145
      vertex 1.285386314110201 13.956012297847344 56.994542446102145
    endloop
  endfacet
  facet normal 0.015015521711123563 0.05848159589744242 -0.9981755542233195
    outer loop
      vertex 0.7794308457877994 14.085919582401953 56.994542446102145
      vertex 0.7963705869893305 14.174720815596928 57
      vertex 1.3133222260935264 14.041990194254403 57
    endloop
  endfacet
  facet normal 0.044827605014840004 0.17459199433516745 -0.9836199069471411
    outer loop
      vertex 0.7627381241579616 13.998413271149925 56.97824936783374
      vertex 1.285386314110201 13.956012297847344 56.994542446102145
      vertex 1.2578577706297878 13.871288152775264 56.97824936783374
    endloop
  endfacet
  facet normal 0.3674529293992409 0.9280801591053126 -0.06037849742229443
    outer loop
      vertex 1.0815594803123159 13.328697807033038 56.251479953678796
      vertex 1.0832492916711876 13.33389851163317 56.341704075166916
      vertex 1.4925558282936855 13.171842589600331 56.341704075166916
    endloop
  endfacet
  facet normal 0.3674529293992418 0.9280801591053119 -0.06037849742229918
    outer loop
      vertex 1.0815594803123159 13.328697807033038 56.251479953678796
      vertex 1.4925558282936855 13.171842589600331 56.341704075166916
      vertex 1.4902275204777535 13.166894683631067 56.251479953678796
    endloop
  endfacet
  facet normal 0.36209463825666416 0.9145466605310445 -0.18025503781389923
    outer loop
      vertex 1.0832492916711876 13.33389851163317 56.341704075166916
      vertex 1.4995067997706315 13.186614155897372 56.43061252579671
      vertex 1.4925558282936855 13.171842589600331 56.341704075166916
    endloop
  endfacet
  facet normal 0.48087474064559765 0.8747079060223789 -0.06037849742229879
    outer loop
      vertex 1.4902275204777535 13.166894683631067 56.251479953678796
      vertex 1.4925558282936855 13.171842589600331 56.341704075166916
      vertex 1.878323867894358 12.959764815162577 56.341704075166916
    endloop
  endfacet
  facet normal 0.5867128699713317 0.8075409867362956 -0.06037849742228908
    outer loop
      vertex 2.2309839641204148 12.696796349715262 56.251479953678796
      vertex 1.8753937824264868 12.955147739257054 56.251479953678796
      vertex 2.234469618042049 12.701009781511909 56.341704075166916
    endloop
  endfacet
  facet normal 0.5781572751648268 0.7957652207257462 -0.18025503781389052
    outer loop
      vertex 2.234469618042049 12.701009781511909 56.341704075166916
      vertex 1.878323867894358 12.959764815162577 56.341704075166916
      vertex 2.2448757511237636 12.713588635578429 56.43061252579671
    endloop
  endfacet
  facet normal 0.4808747406455959 0.8747079060223806 -0.06037849742228755
    outer loop
      vertex 1.4902275204777535 13.166894683631067 56.251479953678796
      vertex 1.878323867894358 12.959764815162577 56.341704075166916
      vertex 1.8753937824264868 12.955147739257054 56.251479953678796
    endloop
  endfacet
  facet normal 0.47386250409137337 0.8619526950819073 -0.1802550378138979
    outer loop
      vertex 1.4925558282936855 13.171842589600331 56.341704075166916
      vertex 1.8870713970538715 12.973548715515694 56.43061252579671
      vertex 1.878323867894358 12.959764815162577 56.341704075166916
    endloop
  endfacet
  facet normal 0.5867128699713313 0.8075409867362959 -0.06037849742228742
    outer loop
      vertex 2.234469618042049 12.701009781511909 56.341704075166916
      vertex 1.8753937824264868 12.955147739257054 56.251479953678796
      vertex 1.878323867894358 12.959764815162577 56.341704075166916
    endloop
  endfacet
  facet normal 0.36209463825666355 0.9145466605310457 -0.18025503781389418
    outer loop
      vertex 1.0832492916711876 13.33389851163317 56.341704075166916
      vertex 1.0882940844930657 13.349424787449523 56.43061252579671
      vertex 1.4995067997706315 13.186614155897372 56.43061252579671
    endloop
  endfacet
  facet normal 0.3514561919221874 0.8876770122664993 -0.29750305385520986
    outer loop
      vertex 1.0882940844930657 13.349424787449523 56.43061252579671
      vertex 1.0966202943387242 13.375050226418573 56.5169088201536
      vertex 1.5109790740922342 13.210993979822911 56.5169088201536
    endloop
  endfacet
  facet normal 0.3356927228990649 0.8478630342885656 -0.41041280545275205
    outer loop
      vertex 1.0966202943387242 13.375050226418573 56.5169088201536
      vertex 1.1081065063196205 13.410401151936682 56.599334563943536
      vertex 1.5268053596655717 13.244626548645531 56.599334563943536
    endloop
  endfacet
  facet normal 0.351456191922187 0.8876770122665008 -0.29750305385520587
    outer loop
      vertex 1.0882940844930657 13.349424787449523 56.43061252579671
      vertex 1.5109790740922342 13.210993979822911 56.5169088201536
      vertex 1.4995067997706315 13.186614155897372 56.43061252579671
    endloop
  endfacet
  facet normal 0.3356927228990653 0.8478630342885597 -0.41041280545276354
    outer loop
      vertex 1.0966202943387242 13.375050226418573 56.5169088201536
      vertex 1.5268053596655717 13.244626548645531 56.599334563943536
      vertex 1.5109790740922342 13.210993979822911 56.5169088201536
    endloop
  endfacet
  facet normal 0.31503409806189736 0.795685304049425 -0.5173378141776425
    outer loop
      vertex 1.1081065063196205 13.410401151936682 56.599334563943536
      vertex 1.546754873609294 13.287021423777848 56.67668780421545
      vertex 1.5268053596655717 13.244626548645531 56.599334563943536
    endloop
  endfacet
  facet normal 0.4738625040913735 0.861952695081907 -0.18025503781389887
    outer loop
      vertex 1.4925558282936855 13.171842589600331 56.341704075166916
      vertex 1.4995067997706315 13.186614155897372 56.43061252579671
      vertex 1.8870713970538715 12.973548715515694 56.43061252579671
    endloop
  endfacet
  facet normal 0.4599402851820648 0.8366282728987033 -0.2975030538552059
    outer loop
      vertex 1.4995067997706315 13.186614155897372 56.43061252579671
      vertex 1.5109790740922342 13.210993979822911 56.5169088201536
      vertex 1.9015088112321623 12.996298440010616 56.5169088201536
    endloop
  endfacet
  facet normal 0.4393111012194778 0.7991039265738356 -0.4104128054527633
    outer loop
      vertex 1.5109790740922342 13.210993979822911 56.5169088201536
      vertex 1.5268053596655717 13.244626548645531 56.599334563943536
      vertex 1.9214255804202847 13.027682246436289 56.599334563943536
    endloop
  endfacet
  facet normal 0.28978156667997335 0.7319046903499618 -0.6167188726285475
    outer loop
      vertex 1.1225852256003772 13.454962067906449 56.67668780421545
      vertex 1.5705367070877079 13.337560392475488 56.74784055654184
      vertex 1.546754873609294 13.287021423777848 56.67668780421545
    endloop
  endfacet
  facet normal 0.412275772158665 0.7499268455742034 -0.5173378141776431
    outer loop
      vertex 1.5268053596655717 13.244626548645531 56.599334563943536
      vertex 1.546754873609294 13.287021423777848 56.67668780421545
      vertex 1.946531273274818 13.067242488224851 56.67668780421545
    endloop
  endfacet
  facet normal 0.45994028518206453 0.8366282728987054 -0.29750305385520065
    outer loop
      vertex 1.4995067997706315 13.186614155897372 56.43061252579671
      vertex 1.9015088112321623 12.996298440010616 56.5169088201536
      vertex 1.8870713970538715 12.973548715515694 56.43061252579671
    endloop
  endfacet
  facet normal 0.4393111012194779 0.7991039265738391 -0.4104128054527561
    outer loop
      vertex 1.5109790740922342 13.210993979822911 56.5169088201536
      vertex 1.9214255804202847 13.027682246436289 56.599334563943536
      vertex 1.9015088112321623 12.996298440010616 56.5169088201536
    endloop
  endfacet
  facet normal 0.41227577215866357 0.749926845574193 -0.5173378141776591
    outer loop
      vertex 1.5268053596655717 13.244626548645531 56.599334563943536
      vertex 1.946531273274818 13.067242488224851 56.67668780421545
      vertex 1.9214255804202847 13.027682246436289 56.599334563943536
    endloop
  endfacet
  facet normal 0.3792285339755825 0.689814142477887 -0.6167188726285486
    outer loop
      vertex 1.546754873609294 13.287021423777848 56.67668780421545
      vertex 1.9764597922608456 13.114402287969115 56.74784055654184
      vertex 1.946531273274818 13.067242488224851 56.67668780421545
    endloop
  endfacet
  facet normal 0.3792285339755826 0.6898141424778876 -0.6167188726285479
    outer loop
      vertex 1.546754873609294 13.287021423777848 56.67668780421545
      vertex 1.5705367070877079 13.337560392475488 56.74784055654184
      vertex 1.9764597922608456 13.114402287969115 56.74784055654184
    endloop
  endfacet
  facet normal 0.34065128981884596 0.6196423958580656 -0.7071067811865707
    outer loop
      vertex 1.5705367070877079 13.337560392475488 56.74784055654184
      vertex 1.597804067416673 13.395506482770996 56.81175525357175
      vertex 2.010774712178396 13.16847394959419 56.81175525357175
    endloop
  endfacet
  facet normal 0.340651289818848 0.6196423958580739 -0.7071067811865627
    outer loop
      vertex 1.5705367070877079 13.337560392475488 56.74784055654184
      vertex 2.010774712178396 13.16847394959419 56.81175525357175
      vertex 1.9764597922608456 13.114402287969115 56.74784055654184
    endloop
  endfacet
  facet normal 0.5781572751648275 0.7957652207257442 -0.18025503781389812
    outer loop
      vertex 1.878323867894358 12.959764815162577 56.341704075166916
      vertex 1.8870713970538715 12.973548715515694 56.43061252579671
      vertex 2.2448757511237636 12.713588635578429 56.43061252579671
    endloop
  endfacet
  facet normal 0.5611708453896138 0.7723854058897899 -0.2975030538552013
    outer loop
      vertex 1.8870713970538715 12.973548715515694 56.43061252579671
      vertex 1.9015088112321623 12.996298440010616 56.5169088201536
      vertex 2.262050618512658 12.734349483897423 56.5169088201536
    endloop
  endfacet
  facet normal 0.5360012810419277 0.7377424725754986 -0.4104128054527565
    outer loop
      vertex 1.9015088112321623 12.996298440010616 56.5169088201536
      vertex 1.9214255804202847 13.027682246436289 56.599334563943536
      vertex 2.285743771967767 12.76298958655104 56.599334563943536
    endloop
  endfacet
  facet normal 0.5611708453896137 0.7723854058897868 -0.2975030538552094
    outer loop
      vertex 2.2448757511237636 12.713588635578429 56.43061252579671
      vertex 1.8870713970538715 12.973548715515694 56.43061252579671
      vertex 2.262050618512658 12.734349483897423 56.5169088201536
    endloop
  endfacet
  facet normal 0.5360012810419277 0.7377424725754987 -0.4104128054527564
    outer loop
      vertex 1.9015088112321623 12.996298440010616 56.5169088201536
      vertex 2.285743771967767 12.76298958655104 56.599334563943536
      vertex 2.262050618512658 12.734349483897423 56.5169088201536
    endloop
  endfacet
  facet normal 0.5030156110468795 0.6923415927596848 -0.5173378141776585
    outer loop
      vertex 1.9214255804202847 13.027682246436289 56.599334563943536
      vertex 1.946531273274818 13.067242488224851 56.67668780421545
      vertex 2.3156097119593815 12.799091306350697 56.67668780421545
    endloop
  endfacet
  facet normal 0.46269484075025624 0.6368448135039393 -0.6167188726285484
    outer loop
      vertex 1.946531273274818 13.067242488224851 56.67668780421545
      vertex 1.9764597922608456 13.114402287969115 56.74784055654184
      vertex 2.3512129258301826 12.842128198927718 56.74784055654184
    endloop
  endfacet
  facet normal 0.5030156110468799 0.6923415927596864 -0.5173378141776557
    outer loop
      vertex 1.9214255804202847 13.027682246436289 56.599334563943536
      vertex 2.3156097119593815 12.799091306350697 56.67668780421545
      vertex 2.285743771967767 12.76298958655104 56.599334563943536
    endloop
  endfacet
  facet normal 0.4626948407502575 0.6368448135039433 -0.6167188726285433
    outer loop
      vertex 1.946531273274818 13.067242488224851 56.67668780421545
      vertex 2.3512129258301826 12.842128198927718 56.74784055654184
      vertex 2.3156097119593815 12.799091306350697 56.67668780421545
    endloop
  endfacet
  facet normal 0.41562693777744375 0.5720614028176724 -0.7071067811865629
    outer loop
      vertex 1.9764597922608456 13.114402287969115 56.74784055654184
      vertex 2.010774712178396 13.16847394959419 56.81175525357175
      vertex 2.392034238550479 12.891472689477691 56.81175525357175
    endloop
  endfacet
  facet normal 0.4156269377774412 0.5720614028176655 -0.7071067811865699
    outer loop
      vertex 1.9764597922608456 13.114402287969115 56.74784055654184
      vertex 2.392034238550479 12.891472689477691 56.81175525357175
      vertex 2.3512129258301826 12.842128198927718 56.74784055654184
    endloop
  endfacet
  facet normal 0.2971065827766788 0.540434867793534 -0.787183480609032
    outer loop
      vertex 2.048975644224601 13.228668986514807 56.86749987509912
      vertex 1.597804067416673 13.395506482770996 56.81175525357175
      vertex 1.628159335081845 13.460014710184627 56.86749987509912
    endloop
  endfacet
  facet normal 0.2971065827766773 0.5404348677935286 -0.7871834806090361
    outer loop
      vertex 2.010774712178396 13.16847394959419 56.81175525357175
      vertex 1.597804067416673 13.395506482770996 56.81175525357175
      vertex 2.048975644224601 13.228668986514807 56.86749987509912
    endloop
  endfacet
  facet normal 0.2492293927318203 0.4533465824031438 -0.855781272301467
    outer loop
      vertex 2.048975644224601 13.228668986514807 56.86749987509912
      vertex 1.628159335081845 13.460014710184627 56.86749987509912
      vertex 2.0905055327892206 13.294109619545242 56.914261539016124
    endloop
  endfacet
  facet normal 0.36249825814150766 0.49893604870826497 -0.7871834806090361
    outer loop
      vertex 2.010774712178396 13.16847394959419 56.81175525357175
      vertex 2.048975644224601 13.228668986514807 56.86749987509912
      vertex 2.437478383459218 12.946405224214281 56.86749987509912
    endloop
  endfacet
  facet normal 0.30408353762683155 0.4185350835024869 -0.8557812723014669
    outer loop
      vertex 2.048975644224601 13.228668986514807 56.86749987509912
      vertex 2.0905055327892206 13.294109619545242 56.914261539016124
      vertex 2.4868826825923285 13.006124763083733 56.914261539016124
    endloop
  endfacet
  facet normal 0.3150340980618973 0.795685304049422 -0.5173378141776472
    outer loop
      vertex 1.1081065063196205 13.410401151936682 56.599334563943536
      vertex 1.1225852256003772 13.454962067906449 56.67668780421545
      vertex 1.546754873609294 13.287021423777848 56.67668780421545
    endloop
  endfacet
  facet normal 0.2897815666799731 0.7319046903499576 -0.6167188726285528
    outer loop
      vertex 1.1225852256003772 13.454962067906449 56.67668780421545
      vertex 1.139845319850644 13.508083175830588 56.74784055654184
      vertex 1.5705367070877079 13.337560392475488 56.74784055654184
    endloop
  endfacet
  facet normal 0.26030336752459377 0.6574512581593671 -0.7071067811865627
    outer loop
      vertex 1.139845319850644 13.508083175830588 56.74784055654184
      vertex 1.1596350980299046 13.568989850337248 56.81175525357175
      vertex 1.597804067416673 13.395506482770996 56.81175525357175
    endloop
  endfacet
  facet normal 0.2603033675245928 0.6574512581593583 -0.7071067811865712
    outer loop
      vertex 1.5705367070877079 13.337560392475488 56.74784055654184
      vertex 1.139845319850644 13.508083175830588 56.74784055654184
      vertex 1.597804067416673 13.395506482770996 56.81175525357175
    endloop
  endfacet
  facet normal 0.22702935911858804 0.5734107061735451 -0.7871834806090379
    outer loop
      vertex 1.1596350980299046 13.568989850337248 56.81175525357175
      vertex 1.181665980609606 13.636793934962236 56.86749987509912
      vertex 1.628159335081845 13.460014710184627 56.86749987509912
    endloop
  endfacet
  facet normal 0.1904447514310086 0.4810085348831817 -0.8557812723014663
    outer loop
      vertex 1.181665980609606 13.636793934962236 56.86749987509912
      vertex 1.2056167077125088 13.710506693470219 56.914261539016124
      vertex 1.6611598619265564 13.530144399500816 56.914261539016124
    endloop
  endfacet
  facet normal 0.15108303042336618 0.3815921760174183 -0.9118998459920825
    outer loop
      vertex 1.2056167077125088 13.710506693470219 56.914261539016124
      vertex 1.2311380238051126 13.78905322785547 56.95135835496476
      vertex 1.6963244259586956 13.604872901931026 56.95135835496476
    endloop
  endfacet
  facet normal 0.22702935911858924 0.5734107061735533 -0.7871834806090318
    outer loop
      vertex 1.1596350980299046 13.568989850337248 56.81175525357175
      vertex 1.628159335081845 13.460014710184627 56.86749987509912
      vertex 1.597804067416673 13.395506482770996 56.81175525357175
    endloop
  endfacet
  facet normal 0.19044475143100884 0.48100853488318296 -0.8557812723014656
    outer loop
      vertex 1.181665980609606 13.636793934962236 56.86749987509912
      vertex 1.6611598619265564 13.530144399500816 56.914261539016124
      vertex 1.628159335081845 13.460014710184627 56.86749987509912
    endloop
  endfacet
  facet normal 0.15108303042336554 0.38159217601741463 -0.9118998459920842
    outer loop
      vertex 1.2056167077125088 13.710506693470219 56.914261539016124
      vertex 1.6963244259586956 13.604872901931026 56.95135835496476
      vertex 1.6611598619265564 13.530144399500816 56.914261539016124
    endloop
  endfacet
  facet normal 0.10951817862278007 0.27661134395453335 -0.954720866508539
    outer loop
      vertex 1.2311380238051126 13.78905322785547 56.95135835496476
      vertex 1.2578577706297878 13.871288152775264 56.97824936783374
      vertex 1.7331402486509722 13.68311050763589 56.97824936783374
    endloop
  endfacet
  facet normal 0.06635630516440832 0.16759689562228022 -0.983619906947141
    outer loop
      vertex 1.2578577706297878 13.871288152775264 56.97824936783374
      vertex 1.285386314110201 13.956012297847344 56.994542446102145
      vertex 1.7710704724065203 13.763716336148487 56.994542446102145
    endloop
  endfacet
  facet normal 0.10951817862278002 0.2766113439545331 -0.9547208665085393
    outer loop
      vertex 1.2311380238051126 13.78905322785547 56.95135835496476
      vertex 1.7331402486509722 13.68311050763589 56.97824936783374
      vertex 1.6963244259586956 13.604872901931026 56.95135835496476
    endloop
  endfacet
  facet normal 0.0663563051644076 0.16759689562227673 -0.9836199069471417
    outer loop
      vertex 1.2578577706297878 13.871288152775264 56.97824936783374
      vertex 1.7710704724065203 13.763716336148487 56.994542446102145
      vertex 1.7331402486509722 13.68311050763589 56.97824936783374
    endloop
  endfacet
  facet normal 0.022226807355340304 0.05613850715647687 -0.9981755542233194
    outer loop
      vertex 1.285386314110201 13.956012297847344 56.994542446102145
      vertex 1.809561989151558 13.845514972980583 57
      vertex 1.7710704724065203 13.763716336148487 56.994542446102145
    endloop
  endfacet
  facet normal 0.015015521711123594 0.05848159589744279 -0.9981755542233195
    outer loop
      vertex 0.7794308457877994 14.085919582401953 56.994542446102145
      vertex 1.3133222260935264 14.041990194254403 57
      vertex 1.285386314110201 13.956012297847344 56.994542446102145
    endloop
  endfacet
  facet normal 0.02222680735533998 0.05613850715647533 -0.9981755542233195
    outer loop
      vertex 1.285386314110201 13.956012297847344 56.994542446102145
      vertex 1.3133222260935264 14.041990194254403 57
      vertex 1.809561989151558 13.845514972980583 57
    endloop
  endfacet
  facet normal 0.24922939273182101 0.4533465824031462 -0.8557812723014656
    outer loop
      vertex 2.0905055327892206 13.294109619545242 56.914261539016124
      vertex 1.628159335081845 13.460014710184627 56.86749987509912
      vertex 1.6611598619265564 13.530144399500816 56.914261539016124
    endloop
  endfacet
  facet normal 0.19771787692526394 0.3596474829938053 -0.9118998459920841
    outer loop
      vertex 2.134758778579816 13.36384157689644 56.95135835496476
      vertex 1.6611598619265564 13.530144399500816 56.914261539016124
      vertex 1.6963244259586956 13.604872901931026 56.95135835496476
    endloop
  endfacet
  facet normal 0.1977178769252647 0.3596474829938078 -0.911899845992083
    outer loop
      vertex 2.0905055327892206 13.294109619545242 56.914261539016124
      vertex 1.6611598619265564 13.530144399500816 56.914261539016124
      vertex 2.134758778579816 13.36384157689644 56.95135835496476
    endloop
  endfacet
  facet normal 0.14332318925123483 0.26070391342678173 -0.9547208665085392
    outer loop
      vertex 1.6963244259586956 13.604872901931026 56.95135835496476
      vertex 1.7331402486509722 13.68311050763589 56.97824936783374
      vertex 2.1810900696231306 13.436848009607527 56.97824936783374
    endloop
  endfacet
  facet normal 0.08683852674219783 0.15795869374789395 -0.9836199069471417
    outer loop
      vertex 1.7331402486509722 13.68311050763589 56.97824936783374
      vertex 1.7710704724065203 13.763716336148487 56.994542446102145
      vertex 2.228823791366771 13.512064319493408 56.994542446102145
    endloop
  endfacet
  facet normal 0.029087562969912068 0.05291008062213293 -0.9981755542233194
    outer loop
      vertex 1.7710704724065203 13.763716336148487 56.994542446102145
      vertex 1.809561989151558 13.845514972980583 57
      vertex 2.277263878660734 13.588393683383565 57
    endloop
  endfacet
  facet normal 0.14332318925123608 0.26070391342678567 -0.9547208665085378
    outer loop
      vertex 2.134758778579816 13.36384157689644 56.95135835496476
      vertex 1.6963244259586956 13.604872901931026 56.95135835496476
      vertex 2.1810900696231306 13.436848009607527 56.97824936783374
    endloop
  endfacet
  facet normal 0.08683852674219762 0.15795869374789337 -0.9836199069471417
    outer loop
      vertex 1.7331402486509722 13.68311050763589 56.97824936783374
      vertex 2.228823791366771 13.512064319493408 56.994542446102145
      vertex 2.1810900696231306 13.436848009607527 56.97824936783374
    endloop
  endfacet
  facet normal 0.029087562969911947 0.052910080622132566 -0.9981755542233194
    outer loop
      vertex 1.7710704724065203 13.763716336148487 56.994542446102145
      vertex 2.277263878660734 13.588393683383565 57
      vertex 2.228823791366771 13.512064319493408 56.994542446102145
    endloop
  endfacet
  facet normal 0.9493213652506127 0.3084532096246367 -0.06037849742228295
    outer loop
      vertex 3.2542177006088795 11.288435934396375 56.251479953678796
      vertex 3.39533761028093 10.871774527035384 56.341704075166916
      vertex 3.390041063950209 10.870414605076991 56.251479953678796
    endloop
  endfacet
  facet normal 0.935478122059714 0.3039552672521714 -0.18025503781390345
    outer loop
      vertex 3.2593020386733396 11.290448966242291 56.341704075166916
      vertex 3.4111500137008046 10.87583446218614 56.43061252579671
      vertex 3.39533761028093 10.871774527035384 56.341704075166916
    endloop
  endfacet
  facet normal 0.9079935013359065 0.2950249726355164 -0.29750305385520637
    outer loop
      vertex 3.2744809117688076 11.296458707242772 56.43061252579671
      vertex 3.437247693761542 10.882535207532575 56.5169088201536
      vertex 3.4111500137008046 10.87583446218614 56.43061252579671
    endloop
  endfacet
  facet normal 0.769107483144129 0.636261044242635 -0.06037849742230266
    outer loop
      vertex 2.831559480312316 12.057248383023655 56.251479953678796
      vertex 2.5513901959749408 12.39591487075041 56.251479953678796
      vertex 2.8359834638844177 12.060462595231986 56.341704075166916
    endloop
  endfacet
  facet normal 0.7578921641606631 0.6269829254824849 -0.18025503781390254
    outer loop
      vertex 2.8359834638844177 12.060462595231986 56.341704075166916
      vertex 2.5553764475057648 12.399658210101764 56.341704075166916
      vertex 2.8491909029582967 12.070058361405199 56.43061252579671
    endloop
  endfacet
  facet normal 0.9493213652506127 0.3084532096246365 -0.06037849742228371
    outer loop
      vertex 3.2542177006088795 11.288435934396375 56.251479953678796
      vertex 3.2593020386733396 11.290448966242291 56.341704075166916
      vertex 3.39533761028093 10.871774527035384 56.341704075166916
    endloop
  endfacet
  facet normal 0.9031762445715192 0.4250024803347797 -0.06037849742228347
    outer loop
      vertex 3.2542177006088795 11.288435934396375 56.251479953678796
      vertex 3.067073380153522 11.686137859356004 56.251479953678796
      vertex 3.2593020386733396 11.290448966242291 56.341704075166916
    endloop
  endfacet
  facet normal 0.8900059011498855 0.41880498714925846 -0.1802550378138972
    outer loop
      vertex 3.2593020386733396 11.290448966242291 56.341704075166916
      vertex 3.0718653269032097 11.688772254374705 56.341704075166916
      vertex 3.2744809117688076 11.296458707242772 56.43061252579671
    endloop
  endfacet
  facet normal 0.9031762445715193 0.425002480334778 -0.060378497422291136
    outer loop
      vertex 3.2593020386733396 11.290448966242291 56.341704075166916
      vertex 3.067073380153522 11.686137859356004 56.251479953678796
      vertex 3.0718653269032097 11.688772254374705 56.341704075166916
    endloop
  endfacet
  facet normal 0.8427874949841979 0.5348492080458622 -0.06037849742230064
    outer loop
      vertex 3.0718653269032097 11.688772254374705 56.341704075166916
      vertex 2.831559480312316 12.057248383023655 56.251479953678796
      vertex 2.8359834638844177 12.060462595231986 56.341704075166916
    endloop
  endfacet
  facet normal 0.8427874949841972 0.5348492080458641 -0.06037849742229128
    outer loop
      vertex 3.067073380153522 11.686137859356004 56.251479953678796
      vertex 2.831559480312316 12.057248383023655 56.251479953678796
      vertex 3.0718653269032097 11.688772254374705 56.341704075166916
    endloop
  endfacet
  facet normal 0.8304977555151685 0.5270499022170262 -0.18025503781390048
    outer loop
      vertex 3.0718653269032097 11.688772254374705 56.341704075166916
      vertex 2.8359834638844177 12.060462595231986 56.341704075166916
      vertex 3.086171289778136 11.696637024019292 56.43061252579671
    endloop
  endfacet
  facet normal 0.7356250707992095 0.6085619838262056 -0.2975030538552017
    outer loop
      vertex 2.8491909029582967 12.070058361405199 56.43061252579671
      vertex 2.5672770735746595 12.410833641838817 56.43061252579671
      vertex 2.870989203331694 12.085895753664706 56.5169088201536
    endloop
  endfacet
  facet normal 0.7026309074221084 0.5812668380834953 -0.41041280545275405
    outer loop
      vertex 2.870989203331694 12.085895753664706 56.5169088201536
      vertex 2.5869185362556655 12.429278203001964 56.5169088201536
      vertex 2.9010604966996674 12.107743827168663 56.599334563943536
    endloop
  endfacet
  facet normal 0.9354781220597146 0.3039552672521728 -0.1802550378138983
    outer loop
      vertex 3.2593020386733396 11.290448966242291 56.341704075166916
      vertex 3.2744809117688076 11.296458707242772 56.43061252579671
      vertex 3.4111500137008046 10.87583446218614 56.43061252579671
    endloop
  endfacet
  facet normal 0.907993501335906 0.2950249726355156 -0.2975030538552091
    outer loop
      vertex 3.2744809117688076 11.296458707242772 56.43061252579671
      vertex 3.299532977745707 11.306377521841275 56.5169088201536
      vertex 3.437247693761542 10.882535207532575 56.5169088201536
    endloop
  endfacet
  facet normal 0.8672682907393241 0.28179254957945393 -0.4104128054527564
    outer loop
      vertex 3.299532977745707 11.306377521841275 56.5169088201536
      vertex 3.334092921069754 11.320060771385727 56.599334563943536
      vertex 3.4732500875209977 10.891779051118778 56.599334563943536
    endloop
  endfacet
  facet normal 0.8638572675707298 0.40650037418439977 -0.29750305385520937
    outer loop
      vertex 3.2744809117688076 11.296458707242772 56.43061252579671
      vertex 3.086171289778136 11.696637024019292 56.43061252579671
      vertex 3.299532977745707 11.306377521841275 56.5169088201536
    endloop
  endfacet
  facet normal 0.8900059011498854 0.4188049871492577 -0.18025503781390048
    outer loop
      vertex 3.0718653269032097 11.688772254374705 56.341704075166916
      vertex 3.086171289778136 11.696637024019292 56.43061252579671
      vertex 3.2744809117688076 11.296458707242772 56.43061252579671
    endloop
  endfacet
  facet normal 0.8638572675707306 0.4065003741844012 -0.2975030538552048
    outer loop
      vertex 3.299532977745707 11.306377521841275 56.5169088201536
      vertex 3.086171289778136 11.696637024019292 56.43061252579671
      vertex 3.109782655625363 11.70961748223843 56.5169088201536
    endloop
  endfacet
  facet normal 0.8251116497932391 0.3882680704048104 -0.4104128054527591
    outer loop
      vertex 3.334092921069754 11.320060771385727 56.599334563943536
      vertex 3.109782655625363 11.70961748223843 56.5169088201536
      vertex 3.1423551175626714 11.727524344721838 56.599334563943536
    endloop
  endfacet
  facet normal 0.8251116497932401 0.38826807040481176 -0.41041280545275555
    outer loop
      vertex 3.299532977745707 11.306377521841275 56.5169088201536
      vertex 3.109782655625363 11.70961748223843 56.5169088201536
      vertex 3.334092921069754 11.320060771385727 56.599334563943536
    endloop
  endfacet
  facet normal 0.7743340461721434 0.36437394385516886 -0.5173378141776483
    outer loop
      vertex 3.334092921069754 11.320060771385727 56.599334563943536
      vertex 3.1423551175626714 11.727524344721838 56.599334563943536
      vertex 3.3776567799450694 11.337308923285775 56.67668780421545
    endloop
  endfacet
  facet normal 0.7122649085094226 0.335166424705446 -0.6167188726285523
    outer loop
      vertex 3.1834136957482198 11.750096489091764 56.67668780421545
      vertex 3.429589295211984 11.357870460647263 56.74784055654184
      vertex 3.3776567799450694 11.337308923285775 56.67668780421545
    endloop
  endfacet
  facet normal 0.7743340461721429 0.3643739438551682 -0.5173378141776498
    outer loop
      vertex 3.1423551175626714 11.727524344721838 56.599334563943536
      vertex 3.1834136957482198 11.750096489091764 56.67668780421545
      vertex 3.3776567799450694 11.337308923285775 56.67668780421545
    endloop
  endfacet
  facet normal 0.7122649085094227 0.3351664247054461 -0.616718872628552
    outer loop
      vertex 3.1834136957482198 11.750096489091764 56.67668780421545
      vertex 3.232359663656196 11.777004762655253 56.74784055654184
      vertex 3.429589295211984 11.357870460647263 56.74784055654184
    endloop
  endfacet
  facet normal 0.6398093445997439 0.30107142435446094 -0.7071067811865631
    outer loop
      vertex 3.232359663656196 11.777004762655253 56.74784055654184
      vertex 3.2884792788577806 11.80785678219159 56.81175525357175
      vertex 3.4891331738560663 11.381445549954908 56.81175525357175
    endloop
  endfacet
  facet normal 0.8304977555151684 0.5270499022170256 -0.18025503781390248
    outer loop
      vertex 2.8359834638844177 12.060462595231986 56.341704075166916
      vertex 2.8491909029582967 12.070058361405199 56.43061252579671
      vertex 3.086171289778136 11.696637024019292 56.43061252579671
    endloop
  endfacet
  facet normal 0.8060974886526475 0.5115650220008435 -0.29750305385520215
    outer loop
      vertex 2.8491909029582967 12.070058361405199 56.43061252579671
      vertex 2.870989203331694 12.085895753664706 56.5169088201536
      vertex 3.109782655625363 11.70961748223843 56.5169088201536
    endloop
  endfacet
  facet normal 0.8060974886526473 0.5115650220008429 -0.29750305385520426
    outer loop
      vertex 3.086171289778136 11.696637024019292 56.43061252579671
      vertex 2.8491909029582967 12.070058361405199 56.43061252579671
      vertex 3.109782655625363 11.70961748223843 56.5169088201536
    endloop
  endfacet
  facet normal 0.769942505232108 0.4886203718197805 -0.41041280545275954
    outer loop
      vertex 2.870989203331694 12.085895753664706 56.5169088201536
      vertex 3.1423551175626714 11.727524344721838 56.599334563943536
      vertex 3.109782655625363 11.70961748223843 56.5169088201536
    endloop
  endfacet
  facet normal 0.7225600263257599 0.45855053634033455 -0.51733781417765
    outer loop
      vertex 2.9010604966996674 12.107743827168663 56.599334563943536
      vertex 3.1834136957482198 11.750096489091764 56.67668780421545
      vertex 3.1423551175626714 11.727524344721838 56.599334563943536
    endloop
  endfacet
  facet normal 0.7699425052321093 0.48862037181978235 -0.41041280545275527
    outer loop
      vertex 2.870989203331694 12.085895753664706 56.5169088201536
      vertex 2.9010604966996674 12.107743827168663 56.599334563943536
      vertex 3.1423551175626714 11.727524344721838 56.599334563943536
    endloop
  endfacet
  facet normal 0.6593908032277805 0.5454955129426 -0.5173378141776535
    outer loop
      vertex 2.9010604966996674 12.107743827168663 56.599334563943536
      vertex 2.614014418794171 12.454722930355908 56.599334563943536
      vertex 2.9389662758902566 12.135283987807808 56.67668780421545
    endloop
  endfacet
  facet normal 0.7225600263257589 0.4585505363403332 -0.5173378141776525
    outer loop
      vertex 2.9010604966996674 12.107743827168663 56.599334563943536
      vertex 2.9389662758902566 12.135283987807808 56.67668780421545
      vertex 3.1834136957482198 11.750096489091764 56.67668780421545
    endloop
  endfacet
  facet normal 0.6646409951720909 0.42179400147515594 -0.6167188726285495
    outer loop
      vertex 2.9389662758902566 12.135283987807808 56.67668780421545
      vertex 2.9841537892864816 12.168114638024978 56.74784055654184
      vertex 3.232359663656196 11.777004762655253 56.74784055654184
    endloop
  endfacet
  facet normal 0.6646409951720892 0.42179400147515383 -0.6167188726285526
    outer loop
      vertex 2.9389662758902566 12.135283987807808 56.67668780421545
      vertex 3.232359663656196 11.777004762655253 56.74784055654184
      vertex 3.1834136957482198 11.750096489091764 56.67668780421545
    endloop
  endfacet
  facet normal 0.5970300016676323 0.37888676027109447 -0.7071067811865624
    outer loop
      vertex 2.9841537892864816 12.168114638024978 56.74784055654184
      vertex 3.2884792788577806 11.80785678219159 56.81175525357175
      vertex 3.232359663656196 11.777004762655253 56.74784055654184
    endloop
  endfacet
  facet normal 0.5970300016676285 0.37888676027109036 -0.7071067811865679
    outer loop
      vertex 2.9841537892864816 12.168114638024978 56.74784055654184
      vertex 3.035964101189607 12.205757033011821 56.81175525357175
      vertex 3.2884792788577806 11.80785678219159 56.81175525357175
    endloop
  endfacet
  facet normal 0.5207129663444144 0.33045449692362044 -0.7871834806090368
    outer loop
      vertex 3.035964101189607 12.205757033011821 56.81175525357175
      vertex 3.350954190992967 11.842202655783245 56.86749987509912
      vertex 3.2884792788577806 11.80785678219159 56.81175525357175
    endloop
  endfacet
  facet normal 0.5207129663444157 0.3304544969236218 -0.7871834806090352
    outer loop
      vertex 3.035964101189607 12.205757033011821 56.81175525357175
      vertex 3.093641700585423 12.247662261886138 56.86749987509912
      vertex 3.350954190992967 11.842202655783245 56.86749987509912
    endloop
  endfacet
  facet normal 0.43680276342834373 0.27720346289223746 -0.8557812723014652
    outer loop
      vertex 3.4188733751615743 11.879541543253074 56.914261539016124
      vertex 3.093641700585423 12.247662261886138 56.86749987509912
      vertex 3.156345518196096 12.293219252048583 56.914261539016124
    endloop
  endfacet
  facet normal 0.4368027634283435 0.2772034628922373 -0.8557812723014652
    outer loop
      vertex 3.350954190992967 11.842202655783245 56.86749987509912
      vertex 3.093641700585423 12.247662261886138 56.86749987509912
      vertex 3.4188733751615743 11.879541543253074 56.914261539016124
    endloop
  endfacet
  facet normal 0.3465229926274031 0.21991017816409802 -0.9118998459920823
    outer loop
      vertex 3.4188733751615743 11.879541543253074 56.914261539016124
      vertex 3.156345518196096 12.293219252048583 56.914261539016124
      vertex 3.49124641671774 11.919328959541916 56.95135835496476
    endloop
  endfacet
  facet normal 0.34652299262740427 0.2199101781640991 -0.9118998459920816
    outer loop
      vertex 3.49124641671774 11.919328959541916 56.95135835496476
      vertex 3.156345518196096 12.293219252048583 56.914261539016124
      vertex 3.223161191164162 12.34176367999718 56.95135835496476
    endloop
  endfacet
  facet normal 0.25119013629209425 0.15941010784370757 -0.9547208665085396
    outer loop
      vertex 3.567017953745679 11.960984714526823 56.97824936783374
      vertex 3.223161191164162 12.34176367999718 56.95135835496476
      vertex 3.293114396521954 12.39258765865991 56.97824936783374
    endloop
  endfacet
  facet normal 0.9962058827785741 0.06267596163114172 -0.060378497422288534
    outer loop
      vertex 3.5 10 56.251479953678796
      vertex 3.4724014546006727 10.438666317475064 56.251479953678796
      vertex 3.50546834442646 10 56.341704075166916
    endloop
  endfacet
  facet normal 0.9816789577473796 0.06176200497658548 -0.18025503781390054
    outer loop
      vertex 3.50546834442646 10 56.341704075166916
      vertex 3.4778266794980146 10.439351682764276 56.341704075166916
      vertex 3.521793636930461 10 56.43061252579671
    endloop
  endfacet
  facet normal 0.9962058827785742 0.06267596163114182 -0.06037849742228817
    outer loop
      vertex 3.50546834442646 10 56.341704075166916
      vertex 3.4724014546006727 10.438666317475064 56.251479953678796
      vertex 3.4778266794980146 10.439351682764276 56.341704075166916
    endloop
  endfacet
  facet normal 0.9804951209026074 0.1870394475376995 -0.06037849742228763
    outer loop
      vertex 3.4724014546006727 10.438666317475064 56.251479953678796
      vertex 3.390041063950209 10.870414605076991 56.251479953678796
      vertex 3.4778266794980146 10.439351682764276 56.341704075166916
    endloop
  endfacet
  facet normal 0.9661972941571192 0.1843119912164446 -0.18025503781390106
    outer loop
      vertex 3.4778266794980146 10.439351682764276 56.341704075166916
      vertex 3.39533761028093 10.871774527035384 56.341704075166916
      vertex 3.4940232421944932 10.441397784462685 56.43061252579671
    endloop
  endfacet
  facet normal 0.9804951209026075 0.1870394475377 -0.06037849742228537
    outer loop
      vertex 3.4778266794980146 10.439351682764276 56.341704075166916
      vertex 3.390041063950209 10.870414605076991 56.251479953678796
      vertex 3.39533761028093 10.871774527035384 56.341704075166916
    endloop
  endfacet
  facet normal 0.9528369429637267 0.05994741921354707 -0.29750305385520837
    outer loop
      vertex 3.521793636930461 10 56.43061252579671
      vertex 3.4940232421944932 10.441397784462685 56.43061252579671
      vertex 3.5487378179859395 10 56.5169088201536
    endloop
  endfacet
  facet normal 0.9101004199497298 0.05725866508854439 -0.41041280545275827
    outer loop
      vertex 3.5487378179859395 10 56.5169088201536
      vertex 3.520754960334512 10.44477478580011 56.5169088201536
      vertex 3.585907980760093 10 56.599334563943536
    endloop
  endfacet
  facet normal 0.8540925834452018 0.05373495069126514 -0.5173378141776497
    outer loop
      vertex 3.585907980760093 10 56.599334563943536
      vertex 3.557632025273002 10.449433442492706 56.599334563943536
      vertex 3.6327621005797583 10 56.67668780421545
    endloop
  endfacet
  facet normal 0.785630153825026 0.04942765971233514 -0.6167188726285484
    outer loop
      vertex 3.6327621005797583 10 56.67668780421545
      vertex 3.604116686363242 10.455305820835514 56.67668780421545
      vertex 3.6886169388716747 10 56.74784055654184
    endloop
  endfacet
  facet normal 0.9816789577473796 0.06176200497658542 -0.18025503781390087
    outer loop
      vertex 3.4778266794980146 10.439351682764276 56.341704075166916
      vertex 3.4940232421944932 10.441397784462685 56.43061252579671
      vertex 3.521793636930461 10 56.43061252579671
    endloop
  endfacet
  facet normal 0.9528369429637279 0.05994741921354804 -0.29750305385520426
    outer loop
      vertex 3.5487378179859395 10 56.5169088201536
      vertex 3.4940232421944932 10.441397784462685 56.43061252579671
      vertex 3.520754960334512 10.44477478580011 56.5169088201536
    endloop
  endfacet
  facet normal 0.9101004199497296 0.05725866508854433 -0.4104128054527585
    outer loop
      vertex 3.585907980760093 10 56.599334563943536
      vertex 3.520754960334512 10.44477478580011 56.5169088201536
      vertex 3.557632025273002 10.449433442492706 56.599334563943536
    endloop
  endfacet
  facet normal 0.8540925834452012 0.05373495069126489 -0.5173378141776507
    outer loop
      vertex 3.6327621005797583 10 56.67668780421545
      vertex 3.557632025273002 10.449433442492706 56.599334563943536
      vertex 3.604116686363242 10.455305820835514 56.67668780421545
    endloop
  endfacet
  facet normal 0.7856301538250262 0.04942765971233524 -0.6167188726285481
    outer loop
      vertex 3.604116686363242 10.455305820835514 56.67668780421545
      vertex 3.659531092572195 10.462306288328852 56.74784055654184
      vertex 3.6886169388716747 10 56.74784055654184
    endloop
  endfacet
  facet normal 0.705711467477037 0.044399602153402704 -0.7071067811865664
    outer loop
      vertex 3.6886169388716747 10 56.74784055654184
      vertex 3.659531092572195 10.462306288328852 56.74784055654184
      vertex 3.752658006319404 10 56.81175525357175
    endloop
  endfacet
  facet normal 0.7057114674770362 0.04439960215340241 -0.7071067811865672
    outer loop
      vertex 3.752658006319404 10 56.81175525357175
      vertex 3.659531092572195 10.462306288328852 56.74784055654184
      vertex 3.7230671770749595 10.470332762392985 56.81175525357175
    endloop
  endfacet
  facet normal 0.6155019188094556 0.03872409841587968 -0.7871834806090355
    outer loop
      vertex 3.752658006319404 10 56.81175525357175
      vertex 3.7230671770749595 10.470332762392985 56.81175525357175
      vertex 3.8239514399516334 10 56.86749987509912
    endloop
  endfacet
  facet normal 0.5163169661759301 0.03248391012437269 -0.8557812723014655
    outer loop
      vertex 3.8239514399516334 10 56.86749987509912
      vertex 3.793798440688682 10.479268198962014 56.86749987509912
      vertex 3.9014576209671743 10 56.914261539016124
    endloop
  endfacet
  facet normal 0.4096029495311003 0.025770033275862345 -0.9118998459920824
    outer loop
      vertex 3.9014576209671743 10 56.914261539016124
      vertex 3.870693462316942 10.488982299249914 56.914261539016124
      vertex 3.9840463347180988 10 56.95135835496476
    endloop
  endfacet
  facet normal 0.6155019188094567 0.038724098415880044 -0.7871834806090345
    outer loop
      vertex 3.7230671770749595 10.470332762392985 56.81175525357175
      vertex 3.793798440688682 10.479268198962014 56.86749987509912
      vertex 3.8239514399516334 10 56.86749987509912
    endloop
  endfacet
  facet normal 0.5163169661759278 0.03248391012437202 -0.8557812723014668
    outer loop
      vertex 3.9014576209671743 10 56.914261539016124
      vertex 3.793798440688682 10.479268198962014 56.86749987509912
      vertex 3.870693462316942 10.488982299249914 56.914261539016124
    endloop
  endfacet
  facet normal 0.409602949531101 0.02577003327586251 -0.9118998459920823
    outer loop
      vertex 3.870693462316942 10.488982299249914 56.914261539016124
      vertex 3.952630939391887 10.499333409800233 56.95135835496476
      vertex 3.9840463347180988 10 56.95135835496476
    endloop
  endfacet
  facet normal 0.9378101351759903 0.17889685102879374 -0.2975030538552038
    outer loop
      vertex 3.4940232421944932 10.441397784462685 56.43061252579671
      vertex 3.4111500137008046 10.87583446218614 56.43061252579671
      vertex 3.520754960334512 10.44477478580011 56.5169088201536
    endloop
  endfacet
  facet normal 0.895747592659484 0.17087299191251723 -0.41041280545275866
    outer loop
      vertex 3.520754960334512 10.44477478580011 56.5169088201536
      vertex 3.437247693761542 10.882535207532575 56.5169088201536
      vertex 3.557632025273002 10.449433442492706 56.599334563943536
    endloop
  endfacet
  facet normal 0.9661972941571189 0.18431199121644448 -0.1802550378139014
    outer loop
      vertex 3.39533761028093 10.871774527035384 56.341704075166916
      vertex 3.4111500137008046 10.87583446218614 56.43061252579671
      vertex 3.4940232421944932 10.441397784462685 56.43061252579671
    endloop
  endfacet
  facet normal 0.9378101351759894 0.17889685102879285 -0.2975030538552072
    outer loop
      vertex 3.520754960334512 10.44477478580011 56.5169088201536
      vertex 3.4111500137008046 10.87583446218614 56.43061252579671
      vertex 3.437247693761542 10.882535207532575 56.5169088201536
    endloop
  endfacet
  facet normal 0.8957475926594833 0.1708729919125167 -0.41041280545276043
    outer loop
      vertex 3.557632025273002 10.449433442492706 56.599334563943536
      vertex 3.437247693761542 10.882535207532575 56.5169088201536
      vertex 3.4732500875209977 10.891779051118778 56.599334563943536
    endloop
  endfacet
  facet normal 0.8406230331940922 0.16035741980168933 -0.5173378141776506
    outer loop
      vertex 3.557632025273002 10.449433442492706 56.599334563943536
      vertex 3.4732500875209977 10.891779051118778 56.599334563943536
      vertex 3.604116686363242 10.455305820835514 56.67668780421545
    endloop
  endfacet
  facet normal 0.7732402969864995 0.14750347541668915 -0.6167188726285487
    outer loop
      vertex 3.604116686363242 10.455305820835514 56.67668780421545
      vertex 3.5186321990078286 10.90343119688994 56.67668780421545
      vertex 3.659531092572195 10.462306288328852 56.74784055654184
    endloop
  endfacet
  facet normal 0.6945819760633275 0.13249859821121174 -0.7071067811865668
    outer loop
      vertex 3.659531092572195 10.462306288328852 56.74784055654184
      vertex 3.572732254844942 10.917321730322367 56.74784055654184
      vertex 3.7230671770749595 10.470332762392985 56.81175525357175
    endloop
  endfacet
  facet normal 0.8406230331940931 0.16035741980169 -0.5173378141776483
    outer loop
      vertex 3.604116686363242 10.455305820835514 56.67668780421545
      vertex 3.4732500875209977 10.891779051118778 56.599334563943536
      vertex 3.5186321990078286 10.90343119688994 56.67668780421545
    endloop
  endfacet
  facet normal 0.7732402969864991 0.14750347541668887 -0.6167188726285494
    outer loop
      vertex 3.659531092572195 10.462306288328852 56.74784055654184
      vertex 3.5186321990078286 10.90343119688994 56.67668780421545
      vertex 3.572732254844942 10.917321730322367 56.74784055654184
    endloop
  endfacet
  facet normal 0.6945819760633279 0.13249859821121202 -0.707106781186566
    outer loop
      vertex 3.7230671770749595 10.470332762392985 56.81175525357175
      vertex 3.572732254844942 10.917321730322367 56.74784055654184
      vertex 3.6347613543955153 10.93324809615986 56.81175525357175
    endloop
  endfacet
  facet normal 0.8672682907393228 0.28179254957945266 -0.4104128054527602
    outer loop
      vertex 3.299532977745707 11.306377521841275 56.5169088201536
      vertex 3.4732500875209977 10.891779051118778 56.599334563943536
      vertex 3.437247693761542 10.882535207532575 56.5169088201536
    endloop
  endfacet
  facet normal 0.8138963555456529 0.26445095660896384 -0.5173378141776493
    outer loop
      vertex 3.334092921069754 11.320060771385727 56.599334563943536
      vertex 3.5186321990078286 10.90343119688994 56.67668780421545
      vertex 3.4732500875209977 10.891779051118778 56.599334563943536
    endloop
  endfacet
  facet normal 0.7486559787531324 0.24325307319941783 -0.6167188726285485
    outer loop
      vertex 3.5186321990078286 10.90343119688994 56.67668780421545
      vertex 3.3776567799450694 11.337308923285775 56.67668780421545
      vertex 3.572732254844942 10.917321730322367 56.74784055654184
    endloop
  endfacet
  facet normal 0.67249851196394 0.218508012224405 -0.7071067811865659
    outer loop
      vertex 3.572732254844942 10.917321730322367 56.74784055654184
      vertex 3.429589295211984 11.357870460647263 56.74784055654184
      vertex 3.6347613543955153 10.93324809615986 56.81175525357175
    endloop
  endfacet
  facet normal 0.5865345025355932 0.19057661239398366 -0.7871834806090366
    outer loop
      vertex 3.6347613543955153 10.93324809615986 56.81175525357175
      vertex 3.4891331738560663 11.381445549954908 56.81175525357175
      vertex 3.703814973710734 10.950978052125455 56.86749987509912
    endloop
  endfacet
  facet normal 0.6057950858668077 0.11556159308296615 -0.7871834806090344
    outer loop
      vertex 3.7230671770749595 10.470332762392985 56.81175525357175
      vertex 3.6347613543955153 10.93324809615986 56.81175525357175
      vertex 3.793798440688682 10.479268198962014 56.86749987509912
    endloop
  endfacet
  facet normal 0.5081743391865273 0.09693943970550803 -0.8557812723014675
    outer loop
      vertex 3.793798440688682 10.479268198962014 56.86749987509912
      vertex 3.703814973710734 10.950978052125455 56.86749987509912
      vertex 3.870693462316942 10.488982299249914 56.914261539016124
    endloop
  endfacet
  facet normal 0.6057950858668061 0.11556159308296542 -0.7871834806090359
    outer loop
      vertex 3.793798440688682 10.479268198962014 56.86749987509912
      vertex 3.6347613543955153 10.93324809615986 56.81175525357175
      vertex 3.703814973710734 10.950978052125455 56.86749987509912
    endloop
  endfacet
  facet normal 0.5081743391865308 0.09693943970550951 -0.8557812723014652
    outer loop
      vertex 3.870693462316942 10.488982299249914 56.914261539016124
      vertex 3.703814973710734 10.950978052125455 56.86749987509912
      vertex 3.778886155525775 10.970253055536787 56.914261539016124
    endloop
  endfacet
  facet normal 0.4031432663320542 0.07690369100855649 -0.911899845992082
    outer loop
      vertex 3.870693462316942 10.488982299249914 56.914261539016124
      vertex 3.778886155525775 10.970253055536787 56.914261539016124
      vertex 3.952630939391887 10.499333409800233 56.95135835496476
    endloop
  endfacet
  facet normal 0.40314326633205416 0.07690369100855644 -0.9118998459920821
    outer loop
      vertex 3.778886155525775 10.970253055536787 56.914261539016124
      vertex 3.8588801929641927 10.990792033440595 56.95135835496476
      vertex 3.952630939391887 10.499333409800233 56.95135835496476
    endloop
  endfacet
  facet normal 0.4920174992995249 0.15986617641367573 -0.8557812723014647
    outer loop
      vertex 3.703814973710734 10.950978052125455 56.86749987509912
      vertex 3.555420132045548 11.407690413320127 56.86749987509912
      vertex 3.778886155525775 10.970253055536787 56.914261539016124
    endloop
  endfacet
  facet normal 0.2969159995365488 0.018680371313126644 -0.9547208665085393
    outer loop
      vertex 3.9840463347180988 10 56.95135835496476
      vertex 3.952630939391887 10.499333409800233 56.95135835496476
      vertex 4.070513251784332 10 56.97824936783374
    endloop
  endfacet
  facet normal 0.17989934567213878 0.011318307472112044 -0.9836199069471414
    outer loop
      vertex 4.070513251784332 10 56.97824936783374
      vertex 4.038416038990636 10.51017058811248 56.97824936783374
      vertex 4.159597489808508 10 56.994542446102145
    endloop
  endfacet
  facet normal 0.06025935424974686 0.0037911972215426215 -0.9981755542233194
    outer loop
      vertex 4.159597489808508 10 56.994542446102145
      vertex 4.12679782118982 10.521335803723662 56.994542446102145
      vertex 4.25 10 57
    endloop
  endfacet
  facet normal 0.29691599953655057 0.018680371313127095 -0.9547208665085387
    outer loop
      vertex 4.070513251784332 10 56.97824936783374
      vertex 3.952630939391887 10.499333409800233 56.95135835496476
      vertex 4.038416038990636 10.51017058811248 56.97824936783374
    endloop
  endfacet
  facet normal 0.179899345672138 0.011318307472111858 -0.9836199069471415
    outer loop
      vertex 4.159597489808508 10 56.994542446102145
      vertex 4.038416038990636 10.51017058811248 56.97824936783374
      vertex 4.12679782118982 10.521335803723662 56.994542446102145
    endloop
  endfacet
  facet normal 0.060259354249746606 0.0037911972215425626 -0.9981755542233195
    outer loop
      vertex 4.12679782118982 10.521335803723662 56.994542446102145
      vertex 4.216487480586531 10.532666242648292 57
      vertex 4.25 10 57
    endloop
  endfacet
  facet normal 0.2922334568548386 0.055746513324660005 -0.9547208665085386
    outer loop
      vertex 3.8588801929641927 10.990792033440595 56.95135835496476
      vertex 4.038416038990636 10.51017058811248 56.97824936783374
      vertex 3.952630939391887 10.499333409800233 56.95135835496476
    endloop
  endfacet
  facet normal 0.1770622255242284 0.03377642594627106 -0.9836199069471415
    outer loop
      vertex 4.038416038990636 10.51017058811248 56.97824936783374
      vertex 3.942630592829252 11.012295481289291 56.97824936783374
      vertex 4.12679782118982 10.521335803723662 56.994542446102145
    endloop
  endfacet
  facet normal 0.2922334568548358 0.05574651332465891 -0.9547208665085395
    outer loop
      vertex 3.8588801929641927 10.990792033440595 56.95135835496476
      vertex 3.942630592829252 11.012295481289291 56.97824936783374
      vertex 4.038416038990636 10.51017058811248 56.97824936783374
    endloop
  endfacet
  facet normal 0.05930902823603476 0.011313802219692685 -0.9981755542233194
    outer loop
      vertex 4.12679782118982 10.521335803723662 56.994542446102145
      vertex 4.028916085701444 11.03444983039169 56.994542446102145
      vertex 4.216487480586531 10.532666242648292 57
    endloop
  endfacet
  facet normal 0.17706222552422968 0.03377642594627155 -0.9836199069471413
    outer loop
      vertex 4.12679782118982 10.521335803723662 56.994542446102145
      vertex 3.942630592829252 11.012295481289291 56.97824936783374
      vertex 4.028916085701444 11.03444983039169 56.994542446102145
    endloop
  endfacet
  facet normal 0.05930902823603463 0.011313802219692637 -0.9981755542233195
    outer loop
      vertex 4.216487480586531 10.532666242648292 57
      vertex 4.028916085701444 11.03444983039169 56.994542446102145
      vertex 4.116478434796683 11.056932020450631 57
    endloop
  endfacet
  facet normal 0.8138963555456533 0.2644509566089641 -0.5173378141776486
    outer loop
      vertex 3.334092921069754 11.320060771385727 56.599334563943536
      vertex 3.3776567799450694 11.337308923285775 56.67668780421545
      vertex 3.5186321990078286 10.90343119688994 56.67668780421545
    endloop
  endfacet
  facet normal 0.7486559787531304 0.24325307319941644 -0.6167188726285516
    outer loop
      vertex 3.572732254844942 10.917321730322367 56.74784055654184
      vertex 3.3776567799450694 11.337308923285775 56.67668780421545
      vertex 3.429589295211984 11.357870460647263 56.74784055654184
    endloop
  endfacet
  facet normal 0.6724985119639392 0.21850801222440452 -0.7071067811865666
    outer loop
      vertex 3.6347613543955153 10.93324809615986 56.81175525357175
      vertex 3.429589295211984 11.357870460647263 56.74784055654184
      vertex 3.4891331738560663 11.381445549954908 56.81175525357175
    endloop
  endfacet
  facet normal 0.639809344599741 0.3010714243544585 -0.7071067811865669
    outer loop
      vertex 3.232359663656196 11.777004762655253 56.74784055654184
      vertex 3.4891331738560663 11.381445549954908 56.81175525357175
      vertex 3.429589295211984 11.357870460647263 56.74784055654184
    endloop
  endfacet
  facet normal 0.5865345025355932 0.1905766123939837 -0.7871834806090365
    outer loop
      vertex 3.703814973710734 10.950978052125455 56.86749987509912
      vertex 3.4891331738560663 11.381445549954908 56.81175525357175
      vertex 3.555420132045548 11.407690413320127 56.86749987509912
    endloop
  endfacet
  facet normal 0.4920174992995235 0.15986617641367493 -0.8557812723014656
    outer loop
      vertex 3.778886155525775 10.970253055536787 56.914261539016124
      vertex 3.555420132045548 11.407690413320127 56.86749987509912
      vertex 3.6274835566647963 11.436222341536771 56.914261539016124
    endloop
  endfacet
  facet normal 0.5580239197206666 0.26258612468259923 -0.7871834806090365
    outer loop
      vertex 3.2884792788577806 11.80785678219159 56.81175525357175
      vertex 3.555420132045548 11.407690413320127 56.86749987509912
      vertex 3.4891331738560663 11.381445549954908 56.81175525357175
    endloop
  endfacet
  facet normal 0.46810124953155485 0.22027172802037345 -0.8557812723014658
    outer loop
      vertex 3.350954190992967 11.842202655783245 56.86749987509912
      vertex 3.6274835566647963 11.436222341536771 56.914261539016124
      vertex 3.555420132045548 11.407690413320127 56.86749987509912
    endloop
  endfacet
  facet normal 0.3713526090521447 0.17474527355491729 -0.9118998459920815
    outer loop
      vertex 3.6274835566647963 11.436222341536771 56.914261539016124
      vertex 3.4188733751615743 11.879541543253074 56.914261539016124
      vertex 3.7042726007101616 11.466625274843132 56.95135835496476
    endloop
  endfacet
  facet normal 0.3903257729968367 0.12682453159400617 -0.9118998459920821
    outer loop
      vertex 3.778886155525775 10.970253055536787 56.914261539016124
      vertex 3.6274835566647963 11.436222341536771 56.914261539016124
      vertex 3.8588801929641927 10.990792033440595 56.95135835496476
    endloop
  endfacet
  facet normal 0.39032577299683685 0.12682453159400628 -0.9118998459920817
    outer loop
      vertex 3.8588801929641927 10.990792033440595 56.95135835496476
      vertex 3.6274835566647963 11.436222341536771 56.914261539016124
      vertex 3.7042726007101616 11.466625274843132 56.95135835496476
    endloop
  endfacet
  facet normal 0.28294221798671704 0.09193349951970867 -0.9547208665085397
    outer loop
      vertex 3.8588801929641927 10.990792033440595 56.95135835496476
      vertex 3.7042726007101616 11.466625274843132 56.95135835496476
      vertex 3.942630592829252 11.012295481289291 56.97824936783374
    endloop
  endfacet
  facet normal 0.17143272830795644 0.05570187000619961 -0.9836199069471413
    outer loop
      vertex 3.942630592829252 11.012295481289291 56.97824936783374
      vertex 3.7846675070055946 11.498455870010163 56.97824936783374
      vertex 4.028916085701444 11.03444983039169 56.994542446102145
    endloop
  endfacet
  facet normal 0.28294221798671826 0.09193349951970932 -0.9547208665085394
    outer loop
      vertex 3.942630592829252 11.012295481289291 56.97824936783374
      vertex 3.7042726007101616 11.466625274843132 56.95135835496476
      vertex 3.7846675070055946 11.498455870010163 56.97824936783374
    endloop
  endfacet
  facet normal 0.17143272830795594 0.05570187000619933 -0.9836199069471414
    outer loop
      vertex 4.028916085701444 11.03444983039169 56.994542446102145
      vertex 3.7846675070055946 11.498455870010163 56.97824936783374
      vertex 3.8674959367837456 11.531249965284069 56.994542446102145
    endloop
  endfacet
  facet normal 0.26918881131946076 0.1266706395089226 -0.9547208665085394
    outer loop
      vertex 3.7042726007101616 11.466625274843132 56.95135835496476
      vertex 3.49124641671774 11.919328959541916 56.95135835496476
      vertex 3.7846675070055946 11.498455870010163 56.97824936783374
    endloop
  endfacet
  facet normal 0.16309963455731818 0.07674886230144536 -0.9836199069471414
    outer loop
      vertex 3.7846675070055946 11.498455870010163 56.97824936783374
      vertex 3.567017953745679 11.960984714526823 56.97824936783374
      vertex 3.8674959367837456 11.531249965284069 56.994542446102145
    endloop
  endfacet
  facet normal 0.5580239197206669 0.26258612468259934 -0.7871834806090364
    outer loop
      vertex 3.2884792788577806 11.80785678219159 56.81175525357175
      vertex 3.350954190992967 11.842202655783245 56.86749987509912
      vertex 3.555420132045548 11.407690413320127 56.86749987509912
    endloop
  endfacet
  facet normal 0.46810124953155563 0.22027172802037404 -0.8557812723014653
    outer loop
      vertex 3.350954190992967 11.842202655783245 56.86749987509912
      vertex 3.4188733751615743 11.879541543253074 56.914261539016124
      vertex 3.6274835566647963 11.436222341536771 56.914261539016124
    endloop
  endfacet
  facet normal 0.37135260905214323 0.1747452735549162 -0.9118998459920825
    outer loop
      vertex 3.7042726007101616 11.466625274843132 56.95135835496476
      vertex 3.4188733751615743 11.879541543253074 56.914261539016124
      vertex 3.49124641671774 11.919328959541916 56.95135835496476
    endloop
  endfacet
  facet normal 0.2691888113194604 0.12667063950892232 -0.9547208665085396
    outer loop
      vertex 3.7846675070055946 11.498455870010163 56.97824936783374
      vertex 3.49124641671774 11.919328959541916 56.95135835496476
      vertex 3.567017953745679 11.960984714526823 56.97824936783374
    endloop
  endfacet
  facet normal 0.25119013629209413 0.15941010784370743 -0.9547208665085397
    outer loop
      vertex 3.49124641671774 11.919328959541916 56.95135835496476
      vertex 3.223161191164162 12.34176367999718 56.95135835496476
      vertex 3.567017953745679 11.960984714526823 56.97824936783374
    endloop
  endfacet
  facet normal 0.15219436213871296 0.09658547919064962 -0.9836199069471412
    outer loop
      vertex 3.567017953745679 11.960984714526823 56.97824936783374
      vertex 3.293114396521954 12.39258765865991 56.97824936783374
      vertex 3.645083066612882 12.003901373499522 56.994542446102145
    endloop
  endfacet
  facet normal 0.050979251473460434 0.03235241675941385 -0.9981755542233194
    outer loop
      vertex 3.645083066612882 12.003901373499522 56.994542446102145
      vertex 3.3651850590144554 12.444950059982233 56.994542446102145
      vertex 3.72430339018642 12.04745311493229 57
    endloop
  endfacet
  facet normal 0.16309963455731857 0.07674886230144565 -0.9836199069471412
    outer loop
      vertex 3.8674959367837456 11.531249965284069 56.994542446102145
      vertex 3.567017953745679 11.960984714526823 56.97824936783374
      vertex 3.645083066612882 12.003901373499522 56.994542446102145
    endloop
  endfacet
  facet normal 0.054632097854905116 0.0257079138582108 -0.9981755542233195
    outer loop
      vertex 3.645083066612882 12.003901373499522 56.994542446102145
      vertex 3.72430339018642 12.04745311493229 57
      vertex 3.9515500650250677 11.564529348909883 57
    endloop
  endfacet
  facet normal 0.05463209785490535 0.025707913858210966 -0.9981755542233194
    outer loop
      vertex 3.8674959367837456 11.531249965284069 56.994542446102145
      vertex 3.645083066612882 12.003901373499522 56.994542446102145
      vertex 3.9515500650250677 11.564529348909883 57
    endloop
  endfacet
  facet normal 0.057423363417544414 0.01865798179830029 -0.9981755542233195
    outer loop
      vertex 4.028916085701444 11.03444983039169 56.994542446102145
      vertex 3.8674959367837456 11.531249965284069 56.994542446102145
      vertex 4.116478434796683 11.056932020450631 57
    endloop
  endfacet
  facet normal 0.05742336341754482 0.01865798179830051 -0.9981755542233193
    outer loop
      vertex 4.116478434796683 11.056932020450631 57
      vertex 3.8674959367837456 11.531249965284069 56.994542446102145
      vertex 3.9515500650250677 11.564529348909883 57
    endloop
  endfacet
  facet normal 0.6832981868523375 0.7276386636877779 -0.06037849742228735
    outer loop
      vertex 2.2309839641204148 12.696796349715262 56.251479953678796
      vertex 2.5553764475057648 12.399658210101764 56.341704075166916
      vertex 2.5513901959749408 12.39591487075041 56.251479953678796
    endloop
  endfacet
  facet normal 0.6733341606345152 0.7170280534716361 -0.18025503781389707
    outer loop
      vertex 2.234469618042049 12.701009781511909 56.341704075166916
      vertex 2.5672770735746595 12.410833641838817 56.43061252579671
      vertex 2.5553764475057648 12.399658210101764 56.341704075166916
    endloop
  endfacet
  facet normal 0.6832981868523376 0.7276386636877774 -0.06037849742228919
    outer loop
      vertex 2.2309839641204148 12.696796349715262 56.251479953678796
      vertex 2.234469618042049 12.701009781511909 56.341704075166916
      vertex 2.5553764475057648 12.399658210101764 56.341704075166916
    endloop
  endfacet
  facet normal 0.7691074831441278 0.6362610442426379 -0.06037849742228765
    outer loop
      vertex 2.8359834638844177 12.060462595231986 56.341704075166916
      vertex 2.5513901959749408 12.39591487075041 56.251479953678796
      vertex 2.5553764475057648 12.399658210101764 56.341704075166916
    endloop
  endfacet
  facet normal 0.6535514061381533 0.6959615596293135 -0.29750305385520986
    outer loop
      vertex 2.2448757511237636 12.713588635578429 56.43061252579671
      vertex 2.5869185362556655 12.429278203001964 56.5169088201536
      vertex 2.5672770735746595 12.410833641838817 56.43061252579671
    endloop
  endfacet
  facet normal 0.6733341606345149 0.7170280534716377 -0.1802550378138913
    outer loop
      vertex 2.234469618042049 12.701009781511909 56.341704075166916
      vertex 2.2448757511237636 12.713588635578429 56.43061252579671
      vertex 2.5672770735746595 12.410833641838817 56.43061252579671
    endloop
  endfacet
  facet normal 0.6535514061381533 0.6959615596293137 -0.29750305385520953
    outer loop
      vertex 2.2448757511237636 12.713588635578429 56.43061252579671
      vertex 2.262050618512658 12.734349483897423 56.5169088201536
      vertex 2.5869185362556655 12.429278203001964 56.5169088201536
    endloop
  endfacet
  facet normal 0.6242384004707021 0.6647463790786506 -0.4104128054527568
    outer loop
      vertex 2.262050618512658 12.734349483897423 56.5169088201536
      vertex 2.285743771967767 12.76298958655104 56.599334563943536
      vertex 2.614014418794171 12.454722930355908 56.599334563943536
    endloop
  endfacet
  facet normal 0.6242384004707021 0.6647463790786505 -0.4104128054527569
    outer loop
      vertex 2.262050618512658 12.734349483897423 56.5169088201536
      vertex 2.614014418794171 12.454722930355908 56.599334563943536
      vertex 2.5869185362556655 12.429278203001964 56.5169088201536
    endloop
  endfacet
  facet normal 0.5858225932619272 0.623837699442536 -0.517337814177656
    outer loop
      vertex 2.285743771967767 12.76298958655104 56.599334563943536
      vertex 2.6481696022081507 12.486796782479297 56.67668780421545
      vertex 2.614014418794171 12.454722930355908 56.599334563943536
    endloop
  endfacet
  facet normal 0.5858225932619274 0.6238376994425363 -0.5173378141776551
    outer loop
      vertex 2.285743771967767 12.76298958655104 56.599334563943536
      vertex 2.3156097119593815 12.799091306350697 56.67668780421545
      vertex 2.6481696022081507 12.486796782479297 56.67668780421545
    endloop
  endfacet
  facet normal 0.5388641734857967 0.5738320613883884 -0.616718872628544
    outer loop
      vertex 2.3156097119593815 12.799091306350697 56.67668780421545
      vertex 2.3512129258301826 12.842128198927718 56.74784055654184
      vertex 2.688886027012654 12.525032050384143 56.74784055654184
    endloop
  endfacet
  facet normal 0.484047900643787 0.5154586597219135 -0.7071067811865696
    outer loop
      vertex 2.735569956048627 12.56887117776607 56.81175525357175
      vertex 2.3512129258301826 12.842128198927718 56.74784055654184
      vertex 2.392034238550479 12.891472689477691 56.81175525357175
    endloop
  endfacet
  facet normal 0.7578921641606631 0.6269829254824862 -0.1802550378138975
    outer loop
      vertex 2.8491909029582967 12.070058361405199 56.43061252579671
      vertex 2.5553764475057648 12.399658210101764 56.341704075166916
      vertex 2.5672770735746595 12.410833641838817 56.43061252579671
    endloop
  endfacet
  facet normal 0.7356250707992088 0.6085619838262029 -0.29750305385520925
    outer loop
      vertex 2.870989203331694 12.085895753664706 56.5169088201536
      vertex 2.5672770735746595 12.410833641838817 56.43061252579671
      vertex 2.5869185362556655 12.429278203001964 56.5169088201536
    endloop
  endfacet
  facet normal 0.7026309074221075 0.5812668380834936 -0.4104128054527579
    outer loop
      vertex 2.9010604966996674 12.107743827168663 56.599334563943536
      vertex 2.5869185362556655 12.429278203001964 56.5169088201536
      vertex 2.614014418794171 12.454722930355908 56.599334563943536
    endloop
  endfacet
  facet normal 0.6593908032277801 0.5454955129425992 -0.5173378141776547
    outer loop
      vertex 2.9389662758902566 12.135283987807808 56.67668780421545
      vertex 2.614014418794171 12.454722930355908 56.599334563943536
      vertex 2.6481696022081507 12.486796782479297 56.67668780421545
    endloop
  endfacet
  facet normal 0.6065352963036102 0.5017696348740812 -0.6167188726285446
    outer loop
      vertex 2.9841537892864816 12.168114638024978 56.74784055654184
      vertex 2.6481696022081507 12.486796782479297 56.67668780421545
      vertex 2.688886027012654 12.525032050384143 56.74784055654184
    endloop
  endfacet
  facet normal 0.5388641734857966 0.5738320613883884 -0.6167188726285439
    outer loop
      vertex 2.3156097119593815 12.799091306350697 56.67668780421545
      vertex 2.688886027012654 12.525032050384143 56.74784055654184
      vertex 2.6481696022081507 12.486796782479297 56.67668780421545
    endloop
  endfacet
  facet normal 0.4840479006437882 0.5154586597219161 -0.7071067811865668
    outer loop
      vertex 2.688886027012654 12.525032050384143 56.74784055654184
      vertex 2.3512129258301826 12.842128198927718 56.74784055654184
      vertex 2.735569956048627 12.56887117776607 56.81175525357175
    endloop
  endfacet
  facet normal 0.4221731194294874 0.4495687100849243 -0.7871834806090336
    outer loop
      vertex 2.735569956048627 12.56887117776607 56.81175525357175
      vertex 2.392034238550479 12.891472689477691 56.81175525357175
      vertex 2.787540632507673 12.617674891430731 56.86749987509912
    endloop
  endfacet
  facet normal 0.35414210348276853 0.3771230363142567 -0.8557812723014661
    outer loop
      vertex 2.787540632507673 12.617674891430731 56.86749987509912
      vertex 2.437478383459218 12.946405224214281 56.86749987509912
      vertex 2.844040206899247 12.670731523336505 56.914261539016124
    endloop
  endfacet
  facet normal 0.2809468982087687 0.29917805946707676 -0.9118998459920838
    outer loop
      vertex 2.4868826825923285 13.006124763083733 56.914261539016124
      vertex 2.9042447882027584 12.727267388317074 56.95135835496476
      vertex 2.844040206899247 12.670731523336505 56.914261539016124
    endloop
  endfacet
  facet normal 0.3624982581415073 0.49893604870826425 -0.7871834806090368
    outer loop
      vertex 2.010774712178396 13.16847394959419 56.81175525357175
      vertex 2.437478383459218 12.946405224214281 56.86749987509912
      vertex 2.392034238550479 12.891472689477691 56.81175525357175
    endloop
  endfacet
  facet normal 0.30408353762683266 0.4185350835024895 -0.8557812723014654
    outer loop
      vertex 2.048975644224601 13.228668986514807 56.86749987509912
      vertex 2.4868826825923285 13.006124763083733 56.914261539016124
      vertex 2.437478383459218 12.946405224214281 56.86749987509912
    endloop
  endfacet
  facet normal 0.2412345943971221 0.3320309343203957 -0.911899845992081
    outer loop
      vertex 2.0905055327892206 13.294109619545242 56.914261539016124
      vertex 2.539526710019655 13.069760460732638 56.95135835496476
      vertex 2.4868826825923285 13.006124763083733 56.914261539016124
    endloop
  endfacet
  facet normal 0.24123459439712036 0.3320309343203919 -0.9118998459920828
    outer loop
      vertex 2.0905055327892206 13.294109619545242 56.914261539016124
      vertex 2.134758778579816 13.36384157689644 56.95135835496476
      vertex 2.539526710019655 13.069760460732638 56.95135835496476
    endloop
  endfacet
  facet normal 0.1748679075680755 0.2406850264473246 -0.9547208665085379
    outer loop
      vertex 2.134758778579816 13.36384157689644 56.95135835496476
      vertex 2.1810900696231306 13.436848009607527 56.97824936783374
      vertex 2.5946427972772828 13.136384365394168 56.97824936783374
    endloop
  endfacet
  facet normal 0.17486790756807277 0.24068502644731873 -0.95472086650854
    outer loop
      vertex 2.134758778579816 13.36384157689644 56.95135835496476
      vertex 2.5946427972772828 13.136384365394168 56.97824936783374
      vertex 2.539526710019655 13.069760460732638 56.95135835496476
    endloop
  endfacet
  facet normal 0.10595125287844329 0.14582938891315944 -0.9836199069471411
    outer loop
      vertex 2.1810900696231306 13.436848009607527 56.97824936783374
      vertex 2.651427227702375 13.205024950514385 56.994542446102145
      vertex 2.5946427972772828 13.136384365394168 56.97824936783374
    endloop
  endfacet
  facet normal 0.03548959034037964 0.04884723050942686 -0.9981755542233195
    outer loop
      vertex 2.228823791366771 13.512064319493408 56.994542446102145
      vertex 2.7090519564319324 13.274681281797104 57
      vertex 2.651427227702375 13.205024950514385 56.994542446102145
    endloop
  endfacet
  facet normal 0.4221731194294856 0.44956871008492116 -0.7871834806090365
    outer loop
      vertex 2.787540632507673 12.617674891430731 56.86749987509912
      vertex 2.392034238550479 12.891472689477691 56.81175525357175
      vertex 2.437478383459218 12.946405224214281 56.86749987509912
    endloop
  endfacet
  facet normal 0.3541421034827691 0.3771230363142576 -0.8557812723014655
    outer loop
      vertex 2.437478383459218 12.946405224214281 56.86749987509912
      vertex 2.4868826825923285 13.006124763083733 56.914261539016124
      vertex 2.844040206899247 12.670731523336505 56.914261539016124
    endloop
  endfacet
  facet normal 0.28094689820877183 0.2991780594670817 -0.9118998459920811
    outer loop
      vertex 2.4868826825923285 13.006124763083733 56.914261539016124
      vertex 2.539526710019655 13.069760460732638 56.95135835496476
      vertex 2.9042447882027584 12.727267388317074 56.95135835496476
    endloop
  endfacet
  facet normal 0.20365485452153914 0.21687039282252007 -0.9547208665085395
    outer loop
      vertex 2.539526710019655 13.069760460732638 56.95135835496476
      vertex 2.9672764580538917 12.78645806615334 56.97824936783374
      vertex 2.9042447882027584 12.727267388317074 56.95135835496476
    endloop
  endfacet
  facet normal 0.20365485452153836 0.21687039282251888 -0.9547208665085399
    outer loop
      vertex 2.539526710019655 13.069760460732638 56.95135835496476
      vertex 2.5946427972772828 13.136384365394168 56.97824936783374
      vertex 2.9672764580538917 12.78645806615334 56.97824936783374
    endloop
  endfacet
  facet normal 0.1233930644645844 0.13140026750100692 -0.9836199069471412
    outer loop
      vertex 2.5946427972772828 13.136384365394168 56.97824936783374
      vertex 2.651427227702375 13.205024950514385 56.994542446102145
      vertex 3.0322160727712575 12.847440423476652 56.994542446102145
    endloop
  endfacet
  facet normal 0.606535296303608 0.5017696348740778 -0.6167188726285495
    outer loop
      vertex 2.9389662758902566 12.135283987807808 56.67668780421545
      vertex 2.6481696022081507 12.486796782479297 56.67668780421545
      vertex 2.9841537892864816 12.168114638024978 56.74784055654184
    endloop
  endfacet
  facet normal 0.5448351389607807 0.45072682564227057 -0.7071067811865681
    outer loop
      vertex 2.9841537892864816 12.168114638024978 56.74784055654184
      vertex 2.688886027012654 12.525032050384143 56.74784055654184
      vertex 3.035964101189607 12.205757033011821 56.81175525357175
    endloop
  endfacet
  facet normal 0.5448351389607817 0.4507268256422719 -0.7071067811865666
    outer loop
      vertex 3.035964101189607 12.205757033011821 56.81175525357175
      vertex 2.688886027012654 12.525032050384143 56.74784055654184
      vertex 2.735569956048627 12.56887117776607 56.81175525357175
    endloop
  endfacet
  facet normal 0.47519005843006246 0.39311140434421415 -0.7871834806090341
    outer loop
      vertex 2.735569956048627 12.56887117776607 56.81175525357175
      vertex 2.787540632507673 12.617674891430731 56.86749987509912
      vertex 3.093641700585423 12.247662261886138 56.86749987509912
    endloop
  endfacet
  facet normal 0.47519005843006146 0.3931114043442129 -0.7871834806090352
    outer loop
      vertex 3.035964101189607 12.205757033011821 56.81175525357175
      vertex 2.735569956048627 12.56887117776607 56.81175525357175
      vertex 3.093641700585423 12.247662261886138 56.86749987509912
    endloop
  endfacet
  facet normal 0.3986156368125417 0.3297635335609707 -0.8557812723014652
    outer loop
      vertex 2.787540632507673 12.617674891430731 56.86749987509912
      vertex 3.156345518196096 12.293219252048583 56.914261539016124
      vertex 3.093641700585423 12.247662261886138 56.86749987509912
    endloop
  endfacet
  facet normal 0.31622850160612703 0.26160696789566185 -0.9118998459920814
    outer loop
      vertex 2.844040206899247 12.670731523336505 56.914261539016124
      vertex 3.223161191164162 12.34176367999718 56.95135835496476
      vertex 3.156345518196096 12.293219252048583 56.914261539016124
    endloop
  endfacet
  facet normal 0.39861563681254086 0.32976353356096955 -0.855781272301466
    outer loop
      vertex 2.787540632507673 12.617674891430731 56.86749987509912
      vertex 2.844040206899247 12.670731523336505 56.914261539016124
      vertex 3.156345518196096 12.293219252048583 56.914261539016124
    endloop
  endfacet
  facet normal 0.3162285016061239 0.26160696789565807 -0.9118998459920835
    outer loop
      vertex 2.844040206899247 12.670731523336505 56.914261539016124
      vertex 2.9042447882027584 12.727267388317074 56.95135835496476
      vertex 3.223161191164162 12.34176367999718 56.95135835496476
    endloop
  endfacet
  facet normal 0.22923004276168793 0.18963558355081533 -0.9547208665085396
    outer loop
      vertex 2.9042447882027584 12.727267388317074 56.95135835496476
      vertex 2.9672764580538917 12.78645806615334 56.97824936783374
      vertex 3.293114396521954 12.39258765865991 56.97824936783374
    endloop
  endfacet
  facet normal 0.22923004276168762 0.18963558355081497 -0.9547208665085396
    outer loop
      vertex 2.9042447882027584 12.727267388317074 56.95135835496476
      vertex 3.293114396521954 12.39258765865991 56.97824936783374
      vertex 3.223161191164162 12.34176367999718 56.95135835496476
    endloop
  endfacet
  facet normal 0.13888889371267402 0.11489888537564814 -0.9836199069471414
    outer loop
      vertex 2.9672764580538917 12.78645806615334 56.97824936783374
      vertex 3.3651850590144554 12.444950059982233 56.994542446102145
      vertex 3.293114396521954 12.39258765865991 56.97824936783374
    endloop
  endfacet
  facet normal 0.13888889371267507 0.11489888537564938 -0.9836199069471412
    outer loop
      vertex 2.9672764580538917 12.78645806615334 56.97824936783374
      vertex 3.0322160727712575 12.847440423476652 56.994542446102145
      vertex 3.3651850590144554 12.444950059982233 56.994542446102145
    endloop
  endfacet
  facet normal 0.04652243184275039 0.03848670272192396 -0.9981755542233193
    outer loop
      vertex 3.0322160727712575 12.847440423476652 56.994542446102145
      vertex 3.0981166665409994 12.909325200196927 57
      vertex 3.4383222260935264 12.498087322243011 57
    endloop
  endfacet
  facet normal 0.0465224318427508 0.038486702721924435 -0.9981755542233194
    outer loop
      vertex 3.3651850590144554 12.444950059982233 56.994542446102145
      vertex 3.0322160727712575 12.847440423476652 56.994542446102145
      vertex 3.4383222260935264 12.498087322243011 57
    endloop
  endfacet
  facet normal 0.1233930644645846 0.13140026750100725 -0.9836199069471411
    outer loop
      vertex 2.5946427972772828 13.136384365394168 56.97824936783374
      vertex 3.0322160727712575 12.847440423476652 56.994542446102145
      vertex 2.9672764580538917 12.78645806615334 56.97824936783374
    endloop
  endfacet
  facet normal 0.0413319256707266 0.04401403039166754 -0.9981755542233194
    outer loop
      vertex 2.651427227702375 13.205024950514385 56.994542446102145
      vertex 3.0981166665409994 12.909325200196927 57
      vertex 3.0322160727712575 12.847440423476652 56.994542446102145
    endloop
  endfacet
  facet normal 0.04133192567072639 0.044014030391667236 -0.9981755542233195
    outer loop
      vertex 2.651427227702375 13.205024950514385 56.994542446102145
      vertex 2.7090519564319324 13.274681281797104 57
      vertex 3.0981166665409994 12.909325200196927 57
    endloop
  endfacet
  facet normal 0.10595125287844187 0.14582938891315653 -0.9836199069471417
    outer loop
      vertex 2.1810900696231306 13.436848009607527 56.97824936783374
      vertex 2.228823791366771 13.512064319493408 56.994542446102145
      vertex 2.651427227702375 13.205024950514385 56.994542446102145
    endloop
  endfacet
  facet normal 0.03548959034038004 0.04884723050942766 -0.9981755542233193
    outer loop
      vertex 2.228823791366771 13.512064319493408 56.994542446102145
      vertex 2.277263878660734 13.588393683383565 57
      vertex 2.7090519564319324 13.274681281797104 57
    endloop
  endfacet
  facet normal 0.1521943621387123 0.09658547919064904 -0.9836199069471415
    outer loop
      vertex 3.645083066612882 12.003901373499522 56.994542446102145
      vertex 3.293114396521954 12.39258765865991 56.97824936783374
      vertex 3.3651850590144554 12.444950059982233 56.994542446102145
    endloop
  endfacet
  facet normal 0.05097925147346077 0.03235241675941415 -0.9981755542233195
    outer loop
      vertex 3.72430339018642 12.04745311493229 57
      vertex 3.3651850590144554 12.444950059982233 56.994542446102145
      vertex 3.4383222260935264 12.498087322243011 57
    endloop
  endfacet
  facet normal 0 0 -1
    outer loop
      vertex -3.6405764746872635 7.354966364683871 57
      vertex -3.9433800601973856 7.83210846654228 57
      vertex -3.72430339018642 7.95254688506771 57
    endloop
  endfacet
  facet normal 0 0 -1
    outer loop
      vertex -3.6405764746872635 7.354966364683871 57
      vertex -3.4383222260935264 7.501912677756989 57
      vertex -3.2803588233963525 6.919538023320902 57
    endloop
  endfacet
  facet normal 0 0 -1
    outer loop
      vertex -3.6405764746872635 7.354966364683871 57
      vertex -3.72430339018642 7.95254688506771 57
      vertex -3.4383222260935264 7.501912677756989 57
    endloop
  endfacet
  facet normal 0 0 -1
    outer loop
      vertex -2.868407953869103 6.532690407508948 57
      vertex -2.709051956431931 6.725318718202895 57
      vertex -2.4112205774054853 6.2005243352409325 57
    endloop
  endfacet
  facet normal 0 0 -1
    outer loop
      vertex -2.4112205774054853 6.2005243352409325 57
      vertex -2.709051956431931 6.725318718202895 57
      vertex -2.277263878660736 6.411606316616437 57
    endloop
  endfacet
  facet normal 0 0 -1
    outer loop
      vertex -3.4383222260935264 7.501912677756989 57
      vertex -3.0981166665409994 7.0906747998030735 57
      vertex -3.2803588233963525 6.919538023320902 57
    endloop
  endfacet
  facet normal 0 0 -1
    outer loop
      vertex -2.868407953869103 6.532690407508948 57
      vertex -3.2803588233963525 6.919538023320902 57
      vertex -3.0981166665409994 7.0906747998030735 57
    endloop
  endfacet
  facet normal 0 0 -1
    outer loop
      vertex -2.868407953869103 6.532690407508948 57
      vertex -3.0981166665409994 7.0906747998030735 57
      vertex -2.709051956431931 6.725318718202895 57
    endloop
  endfacet
  facet normal -0.8443279255020152 -0.5358267949789965 0
    outer loop
      vertex -3.6405764746872635 7.354966364683871 57
      vertex -3.9433800601973856 7.83210846654228 59
      vertex -3.9433800601973856 7.83210846654228 57
    endloop
  endfacet
  facet normal -0.770513242775789 -0.63742398974869 0
    outer loop
      vertex -3.6405764746872635 7.354966364683871 57
      vertex -3.2803588233963525 6.919538023320902 57
      vertex -3.6405764746872635 7.354966364683871 59
    endloop
  endfacet
  facet normal -0.770513242775789 -0.63742398974869 0
    outer loop
      vertex -3.2803588233963525 6.919538023320902 57
      vertex -3.2803588233963525 6.919538023320902 59
      vertex -3.6405764746872635 7.354966364683871 59
    endloop
  endfacet
  facet normal -0.8443279255020152 -0.5358267949789965 0
    outer loop
      vertex -3.6405764746872635 7.354966364683871 57
      vertex -3.6405764746872635 7.354966364683871 59
      vertex -3.9433800601973856 7.83210846654228 59
    endloop
  endfacet
  facet normal -0.5877852522924731 -0.8090169943749475 0
    outer loop
      vertex -2.868407953869103 6.532690407508948 57
      vertex -2.4112205774054853 6.2005243352409325 57
      vertex -2.4112205774054853 6.2005243352409325 59
    endloop
  endfacet
  facet normal -0.5877852522924731 -0.8090169943749475 0
    outer loop
      vertex -2.868407953869103 6.532690407508948 57
      vertex -2.4112205774054853 6.2005243352409325 59
      vertex -2.868407953869103 6.532690407508948 59
    endloop
  endfacet
  facet normal -0.6845471059286888 -0.7289686274214114 0
    outer loop
      vertex -2.868407953869103 6.532690407508948 57
      vertex -2.868407953869103 6.532690407508948 59
      vertex -3.2803588233963525 6.919538023320902 57
    endloop
  endfacet
  facet normal -0.6845471059286888 -0.7289686274214114 0
    outer loop
      vertex -3.2803588233963525 6.919538023320902 57
      vertex -2.868407953869103 6.532690407508948 59
      vertex -3.2803588233963525 6.919538023320902 59
    endloop
  endfacet
  facet normal 0 0 -1
    outer loop
      vertex -3.9433800601973856 7.83210846654228 57
      vertex -4.183994186497132 8.34343951291895 57
      vertex -3.9515500650250686 8.43547065109012 57
    endloop
  endfacet
  facet normal 0 0 -1
    outer loop
      vertex -4.183994186497132 8.34343951291895 57
      vertex -4.116478434796682 8.943067979549367 57
      vertex -3.9515500650250686 8.43547065109012 57
    endloop
  endfacet
  facet normal 0 0 -1
    outer loop
      vertex -3.9433800601973856 7.83210846654228 57
      vertex -3.9515500650250686 8.43547065109012 57
      vertex -3.72430339018642 7.95254688506771 57
    endloop
  endfacet
  facet normal 0 0 -1
    outer loop
      vertex -4.183994186497132 8.34343951291895 57
      vertex -4.35862422507884 8.880895507758153 57
      vertex -4.216487480586531 9.467333757351708 57
    endloop
  endfacet
  facet normal 0 0 -1
    outer loop
      vertex -4.183994186497132 8.34343951291895 57
      vertex -4.216487480586531 9.467333757351708 57
      vertex -4.116478434796682 8.943067979549367 57
    endloop
  endfacet
  facet normal 0 0 -1
    outer loop
      vertex -4.35862422507884 8.880895507758153 57
      vertex -4.25 10 57
      vertex -4.216487480586531 9.467333757351708 57
    endloop
  endfacet
  facet normal 0 0 -1
    outer loop
      vertex -4.35862422507884 8.880895507758153 57
      vertex -4.464516155915151 9.436000448960632 57
      vertex -4.35862422507884 11.119104492241847 57
    endloop
  endfacet
  facet normal -0.9048270524660196 -0.4257792915650727 0
    outer loop
      vertex -3.9433800601973856 7.83210846654228 57
      vertex -4.183994186497132 8.34343951291895 59
      vertex -4.183994186497132 8.34343951291895 57
    endloop
  endfacet
  facet normal -0.9510565162951536 -0.30901699437494734 0
    outer loop
      vertex -4.183994186497132 8.34343951291895 57
      vertex -4.35862422507884 8.880895507758153 59
      vertex -4.35862422507884 8.880895507758153 57
    endloop
  endfacet
  facet normal -0.9048270524660196 -0.4257792915650727 0
    outer loop
      vertex -3.9433800601973856 7.83210846654228 57
      vertex -3.9433800601973856 7.83210846654228 59
      vertex -4.183994186497132 8.34343951291895 59
    endloop
  endfacet
  facet normal -0.9510565162951536 -0.30901699437494734 0
    outer loop
      vertex -4.183994186497132 8.34343951291895 57
      vertex -4.183994186497132 8.34343951291895 59
      vertex -4.35862422507884 8.880895507758153 59
    endloop
  endfacet
  facet normal -0.9822872507286886 -0.1873813145857251 0
    outer loop
      vertex -4.35862422507884 8.880895507758153 57
      vertex -4.464516155915151 9.436000448960632 59
      vertex -4.464516155915151 9.436000448960632 57
    endloop
  endfacet
  facet normal -0.9980267284282717 -0.06279051952931268 0
    outer loop
      vertex -4.464516155915151 9.436000448960632 57
      vertex -4.5 10 59
      vertex -4.5 10 57
    endloop
  endfacet
  facet normal -0.9822872507286886 -0.1873813145857251 0
    outer loop
      vertex -4.35862422507884 8.880895507758153 57
      vertex -4.35862422507884 8.880895507758153 59
      vertex -4.464516155915151 9.436000448960632 59
    endloop
  endfacet
  facet normal 0 0 1
    outer loop
      vertex -3.9433800601973856 7.83210846654228 59
      vertex -4.183994186497132 11.65656048708105 59
      vertex -4.183994186497132 8.34343951291895 59
    endloop
  endfacet
  facet normal -0.9980267284282717 -0.06279051952931268 0
    outer loop
      vertex -4.464516155915151 9.436000448960632 57
      vertex -4.464516155915151 9.436000448960632 59
      vertex -4.5 10 59
    endloop
  endfacet
  facet normal 0 0 1
    outer loop
      vertex -4.35862422507884 8.880895507758153 59
      vertex -4.464516155915151 10.563999551039368 59
      vertex -4.464516155915151 9.436000448960632 59
    endloop
  endfacet
  facet normal 0 0 1
    outer loop
      vertex -4.183994186497132 8.34343951291895 59
      vertex -4.35862422507884 11.119104492241847 59
      vertex -4.35862422507884 8.880895507758153 59
    endloop
  endfacet
  facet normal 0 0 1
    outer loop
      vertex -3.6405764746872635 7.354966364683871 59
      vertex -3.9433800601973856 12.16789153345772 59
      vertex -3.9433800601973856 7.83210846654228 59
    endloop
  endfacet
  facet normal 0 0 1
    outer loop
      vertex -3.6405764746872635 7.354966364683871 59
      vertex -3.2803588233963525 6.919538023320902 59
      vertex -3.6405764746872635 12.645033635316128 59
    endloop
  endfacet
  facet normal 0 0 1
    outer loop
      vertex -2.868407953869103 6.532690407508948 59
      vertex -3.2803588233963525 13.080461976679098 59
      vertex -3.2803588233963525 6.919538023320902 59
    endloop
  endfacet
  facet normal 0 0 1
    outer loop
      vertex -2.868407953869103 6.532690407508948 59
      vertex -2.4112205774054853 6.2005243352409325 59
      vertex -2.868407953869103 13.467309592491052 59
    endloop
  endfacet
  facet normal 0 0 -1
    outer loop
      vertex -1.916006812042826 5.928278263902912 57
      vertex -1.809561989151558 6.154485027019417 57
      vertex -1.3905764746872633 5.7202456766718095 57
    endloop
  endfacet
  facet normal 0 0 -1
    outer loop
      vertex -2.4112205774054853 6.2005243352409325 57
      vertex -2.277263878660736 6.411606316616437 57
      vertex -1.916006812042826 5.928278263902912 57
    endloop
  endfacet
  facet normal 0 0 -1
    outer loop
      vertex -2.277263878660736 6.411606316616437 57
      vertex -1.809561989151558 6.154485027019417 57
      vertex -1.916006812042826 5.928278263902912 57
    endloop
  endfacet
  facet normal 0 0 -1
    outer loop
      vertex -1.809561989151558 6.154485027019417 57
      vertex -1.3133222260935264 5.958009805745598 57
      vertex -1.3905764746872633 5.7202456766718095 57
    endloop
  endfacet
  facet normal 0 0 -1
    outer loop
      vertex -1.3905764746872633 5.7202456766718095 57
      vertex -1.3133222260935264 5.958009805745598 57
      vertex -0.8432159156357617 5.579707371720901 57
    endloop
  endfacet
  facet normal 0 0 -1
    outer loop
      vertex -1.3133222260935264 5.958009805745598 57
      vertex -0.7963705869893305 5.825279184403073 57
      vertex -0.8432159156357617 5.579707371720901 57
    endloop
  endfacet
  facet normal 0 0 -1
    outer loop
      vertex -0.8432159156357617 5.579707371720901 57
      vertex -0.7963705869893305 5.825279184403073 57
      vertex -0.28255733788191195 5.508879722072778 57
    endloop
  endfacet
  facet normal 0 0 -1
    outer loop
      vertex -0.7963705869893305 5.825279184403073 57
      vertex -0.2668597079995836 5.758386404179846 57
      vertex -0.28255733788191195 5.508879722072778 57
    endloop
  endfacet
  facet normal 0 0 -1
    outer loop
      vertex -0.28255733788191195 5.508879722072778 57
      vertex -0.2668597079995836 5.758386404179846 57
      vertex 0.2668597079995835 5.758386404179846 57
    endloop
  endfacet
  facet normal -0.48175367410171527 -0.8763066800438637 0
    outer loop
      vertex -2.4112205774054853 6.2005243352409325 57
      vertex -1.916006812042826 5.928278263902912 57
      vertex -1.916006812042826 5.928278263902912 59
    endloop
  endfacet
  facet normal -0.3681245526846769 -0.9297764858882518 0
    outer loop
      vertex -1.916006812042826 5.928278263902912 57
      vertex -1.3905764746872633 5.7202456766718095 57
      vertex -1.3905764746872633 5.7202456766718095 59
    endloop
  endfacet
  facet normal -0.3681245526846769 -0.9297764858882518 0
    outer loop
      vertex -1.916006812042826 5.928278263902912 57
      vertex -1.3905764746872633 5.7202456766718095 59
      vertex -1.916006812042826 5.928278263902912 59
    endloop
  endfacet
  facet normal -0.48175367410171527 -0.8763066800438637 0
    outer loop
      vertex -2.4112205774054853 6.2005243352409325 57
      vertex -1.916006812042826 5.928278263902912 59
      vertex -2.4112205774054853 6.2005243352409325 59
    endloop
  endfacet
  facet normal -0.24868988716485585 -0.968583161128631 0
    outer loop
      vertex -1.3905764746872633 5.7202456766718095 57
      vertex -0.8432159156357617 5.579707371720901 59
      vertex -1.3905764746872633 5.7202456766718095 59
    endloop
  endfacet
  facet normal -0.24868988716485585 -0.968583161128631 0
    outer loop
      vertex -1.3905764746872633 5.7202456766718095 57
      vertex -0.8432159156357617 5.579707371720901 57
      vertex -0.8432159156357617 5.579707371720901 59
    endloop
  endfacet
  facet normal -0.12533323356430498 -0.9921147013144777 0
    outer loop
      vertex -0.8432159156357617 5.579707371720901 57
      vertex -0.28255733788191195 5.508879722072778 57
      vertex -0.28255733788191195 5.508879722072778 59
    endloop
  endfacet
  facet normal -0.12533323356430498 -0.9921147013144777 0
    outer loop
      vertex -0.8432159156357617 5.579707371720901 57
      vertex -0.28255733788191195 5.508879722072778 59
      vertex -0.8432159156357617 5.579707371720901 59
    endloop
  endfacet
  facet normal 0 -1 0
    outer loop
      vertex -0.28255733788191195 5.508879722072778 57
      vertex 0.28255733788191195 5.508879722072778 59
      vertex -0.28255733788191195 5.508879722072778 59
    endloop
  endfacet
  facet normal 0 0 1
    outer loop
      vertex -0.8432159156357617 5.579707371720901 59
      vertex -0.28255733788191195 5.508879722072778 59
      vertex -0.5358267949789968 9.155672074497986 59
    endloop
  endfacet
  facet normal 0 0 1
    outer loop
      vertex -2.4112205774054853 6.2005243352409325 59
      vertex -1.916006812042826 5.928278263902912 59
      vertex -2.4112205774054853 13.799475664759068 59
    endloop
  endfacet
  facet normal 0 0 1
    outer loop
      vertex -1.916006812042826 5.928278263902912 59
      vertex -1.3905764746872633 5.7202456766718095 59
      vertex -1.9160068120428273 14.071721736097087 59
    endloop
  endfacet
  facet normal 0 0 1
    outer loop
      vertex -1.3905764746872633 5.7202456766718095 59
      vertex -0.8432159156357617 5.579707371720901 59
      vertex -1.3905764746872633 14.279754323328191 59
    endloop
  endfacet
  facet normal 0 0 1
    outer loop
      vertex -0.8432159156357617 5.579707371720901 59
      vertex -0.8763066800438635 9.518246325898284 59
      vertex -0.9297764858882515 9.631875447315322 59
    endloop
  endfacet
  facet normal 0 0 1
    outer loop
      vertex -0.8432159156357617 5.579707371720901 59
      vertex -0.5358267949789968 9.155672074497986 59
      vertex -0.6374239897486896 9.22948675722421 59
    endloop
  endfacet
  facet normal 0 0 1
    outer loop
      vertex -0.8432159156357617 5.579707371720901 59
      vertex -0.7289686274214117 9.315452894071312 59
      vertex -0.8090169943749475 9.412214747707527 59
    endloop
  endfacet
  facet normal 0 0 1
    outer loop
      vertex -0.8432159156357617 5.579707371720901 59
      vertex -0.8090169943749475 9.412214747707527 59
      vertex -0.8763066800438635 9.518246325898284 59
    endloop
  endfacet
  facet normal 0 0 1
    outer loop
      vertex -0.8432159156357617 5.579707371720901 59
      vertex -0.6374239897486896 9.22948675722421 59
      vertex -0.7289686274214117 9.315452894071312 59
    endloop
  endfacet
  facet normal 0 0 1
    outer loop
      vertex -0.8432159156357617 5.579707371720901 59
      vertex -0.9685831611286311 9.751310112835146 59
      vertex -0.9921147013144779 9.874666766435697 59
    endloop
  endfacet
  facet normal 0 0 1
    outer loop
      vertex -0.8432159156357617 5.579707371720901 59
      vertex -0.9297764858882515 9.631875447315322 59
      vertex -0.9685831611286311 9.751310112835146 59
    endloop
  endfacet
  facet normal 0 0 1
    outer loop
      vertex -0.28255733788191195 5.508879722072778 59
      vertex -0.3090169943749474 9.048943483704846 59
      vertex -0.42577929156507244 9.09517294753398 59
    endloop
  endfacet
  facet normal 0 0 1
    outer loop
      vertex -0.28255733788191195 5.508879722072778 59
      vertex -0.42577929156507244 9.09517294753398 59
      vertex -0.5358267949789968 9.155672074497986 59
    endloop
  endfacet
  facet normal 0 0 1
    outer loop
      vertex -0.28255733788191195 5.508879722072778 59
      vertex -0.18738131458572482 9.017712749271311 59
      vertex -0.3090169943749474 9.048943483704846 59
    endloop
  endfacet
  facet normal 0 0 1
    outer loop
      vertex -0.28255733788191195 5.508879722072778 59
      vertex -0.06279051952931376 9.001973271571728 59
      vertex -0.18738131458572482 9.017712749271311 59
    endloop
  endfacet
  facet normal 0 0 1
    outer loop
      vertex -0.28255733788191195 5.508879722072778 59
      vertex 0.06279051952931397 9.001973271571728 59
      vertex -0.06279051952931376 9.001973271571728 59
    endloop
  endfacet
  facet normal 0 0 1
    outer loop
      vertex -0.8432159156357617 5.579707371720901 59
      vertex -0.9921147013144779 9.874666766435697 59
      vertex -1.3905764746872633 14.279754323328191 59
    endloop
  endfacet
  facet normal 0 0 -1
    outer loop
      vertex -4.464516155915151 9.436000448960632 57
      vertex -4.5 10 57
      vertex -4.464516155915151 10.563999551039368 57
    endloop
  endfacet
  facet normal 0 0 -1
    outer loop
      vertex -4.35862422507884 8.880895507758153 57
      vertex -4.183994186497132 11.65656048708105 57
      vertex -4.25 10 57
    endloop
  endfacet
  facet normal 0 0 -1
    outer loop
      vertex -4.464516155915151 9.436000448960632 57
      vertex -4.464516155915151 10.563999551039368 57
      vertex -4.35862422507884 11.119104492241847 57
    endloop
  endfacet
  facet normal 0 0 -1
    outer loop
      vertex -4.35862422507884 8.880895507758153 57
      vertex -4.35862422507884 11.119104492241847 57
      vertex -4.183994186497132 11.65656048708105 57
    endloop
  endfacet
  facet normal 0 0 -1
    outer loop
      vertex -4.25 10 57
      vertex -4.183994186497132 11.65656048708105 57
      vertex -4.216487480586531 10.532666242648292 57
    endloop
  endfacet
  facet normal 0 0 -1
    outer loop
      vertex -4.216487480586531 10.532666242648292 57
      vertex -4.183994186497132 11.65656048708105 57
      vertex -4.116478434796682 11.056932020450633 57
    endloop
  endfacet
  facet normal 0 0 -1
    outer loop
      vertex -4.116478434796682 11.056932020450633 57
      vertex -4.183994186497132 11.65656048708105 57
      vertex -3.9515500650250686 11.56452934890988 57
    endloop
  endfacet
  facet normal 0 0 -1
    outer loop
      vertex -4.183994186497132 11.65656048708105 57
      vertex -3.9433800601973856 12.16789153345772 57
      vertex -3.9515500650250686 11.56452934890988 57
    endloop
  endfacet
  facet normal 0 0 -1
    outer loop
      vertex -3.9515500650250686 11.56452934890988 57
      vertex -3.9433800601973856 12.16789153345772 57
      vertex -3.72430339018642 12.04745311493229 57
    endloop
  endfacet
  facet normal 0 0 -1
    outer loop
      vertex -3.9433800601973856 12.16789153345772 57
      vertex -3.4383222260935264 12.498087322243011 57
      vertex -3.72430339018642 12.04745311493229 57
    endloop
  endfacet
  facet normal -0.9980267284282717 0.06279051952931268 0
    outer loop
      vertex -4.5 10 57
      vertex -4.464516155915151 10.563999551039368 59
      vertex -4.464516155915151 10.563999551039368 57
    endloop
  endfacet
  facet normal -0.9822872507286886 0.1873813145857251 0
    outer loop
      vertex -4.464516155915151 10.563999551039368 57
      vertex -4.35862422507884 11.119104492241847 59
      vertex -4.35862422507884 11.119104492241847 57
    endloop
  endfacet
  facet normal -0.9980267284282717 0.06279051952931268 0
    outer loop
      vertex -4.5 10 57
      vertex -4.5 10 59
      vertex -4.464516155915151 10.563999551039368 59
    endloop
  endfacet
  facet normal 0 0 1
    outer loop
      vertex -4.464516155915151 9.436000448960632 59
      vertex -4.464516155915151 10.563999551039368 59
      vertex -4.5 10 59
    endloop
  endfacet
  facet normal 0 0 1
    outer loop
      vertex -4.35862422507884 8.880895507758153 59
      vertex -4.35862422507884 11.119104492241847 59
      vertex -4.464516155915151 10.563999551039368 59
    endloop
  endfacet
  facet normal 0 0 1
    outer loop
      vertex -4.183994186497132 8.34343951291895 59
      vertex -4.183994186497132 11.65656048708105 59
      vertex -4.35862422507884 11.119104492241847 59
    endloop
  endfacet
  facet normal 0 0 1
    outer loop
      vertex -3.9433800601973856 7.83210846654228 59
      vertex -3.9433800601973856 12.16789153345772 59
      vertex -4.183994186497132 11.65656048708105 59
    endloop
  endfacet
  facet normal -0.9822872507286886 0.1873813145857251 0
    outer loop
      vertex -4.464516155915151 10.563999551039368 57
      vertex -4.464516155915151 10.563999551039368 59
      vertex -4.35862422507884 11.119104492241847 59
    endloop
  endfacet
  facet normal 0 0 1
    outer loop
      vertex -3.6405764746872635 7.354966364683871 59
      vertex -3.6405764746872635 12.645033635316128 59
      vertex -3.9433800601973856 12.16789153345772 59
    endloop
  endfacet
  facet normal 0 0 1
    outer loop
      vertex -3.2803588233963525 6.919538023320902 59
      vertex -3.2803588233963525 13.080461976679098 59
      vertex -3.6405764746872635 12.645033635316128 59
    endloop
  endfacet
  facet normal -0.9510565162951536 0.30901699437494734 0
    outer loop
      vertex -4.35862422507884 11.119104492241847 57
      vertex -4.183994186497132 11.65656048708105 59
      vertex -4.183994186497132 11.65656048708105 57
    endloop
  endfacet
  facet normal -0.9048270524660196 0.4257792915650727 0
    outer loop
      vertex -4.183994186497132 11.65656048708105 57
      vertex -3.9433800601973856 12.16789153345772 59
      vertex -3.9433800601973856 12.16789153345772 57
    endloop
  endfacet
  facet normal -0.9510565162951536 0.30901699437494734 0
    outer loop
      vertex -4.35862422507884 11.119104492241847 57
      vertex -4.35862422507884 11.119104492241847 59
      vertex -4.183994186497132 11.65656048708105 59
    endloop
  endfacet
  facet normal -0.9048270524660196 0.4257792915650727 0
    outer loop
      vertex -4.183994186497132 11.65656048708105 57
      vertex -4.183994186497132 11.65656048708105 59
      vertex -3.9433800601973856 12.16789153345772 59
    endloop
  endfacet
  facet normal 0 0 1
    outer loop
      vertex -2.868407953869103 6.532690407508948 59
      vertex -2.868407953869103 13.467309592491052 59
      vertex -3.2803588233963525 13.080461976679098 59
    endloop
  endfacet
  facet normal 0 0 1
    outer loop
      vertex -2.4112205774054853 6.2005243352409325 59
      vertex -2.4112205774054853 13.799475664759068 59
      vertex -2.868407953869103 13.467309592491052 59
    endloop
  endfacet
  facet normal 0 0 -1
    outer loop
      vertex -3.9433800601973856 12.16789153345772 57
      vertex -3.6405764746872635 12.645033635316128 57
      vertex -3.4383222260935264 12.498087322243011 57
    endloop
  endfacet
  facet normal 0 0 -1
    outer loop
      vertex -3.4383222260935264 12.498087322243011 57
      vertex -3.6405764746872635 12.645033635316128 57
      vertex -3.0981166665409994 12.909325200196927 57
    endloop
  endfacet
  facet normal 0 0 -1
    outer loop
      vertex -3.6405764746872635 12.645033635316128 57
      vertex -3.2803588233963525 13.080461976679098 57
      vertex -3.0981166665409994 12.909325200196927 57
    endloop
  endfacet
  facet normal 0 0 -1
    outer loop
      vertex -3.2803588233963525 13.080461976679098 57
      vertex -2.709051956431931 13.274681281797104 57
      vertex -3.0981166665409994 12.909325200196927 57
    endloop
  endfacet
  facet normal 0 0 -1
    outer loop
      vertex -3.2803588233963525 13.080461976679098 57
      vertex -2.868407953869103 13.467309592491052 57
      vertex -2.709051956431931 13.274681281797104 57
    endloop
  endfacet
  facet normal 0 0 -1
    outer loop
      vertex -2.709051956431931 13.274681281797104 57
      vertex -2.868407953869103 13.467309592491052 57
      vertex -2.277263878660736 13.588393683383563 57
    endloop
  endfacet
  facet normal 0 0 -1
    outer loop
      vertex -2.868407953869103 13.467309592491052 57
      vertex -2.4112205774054853 13.799475664759068 57
      vertex -2.277263878660736 13.588393683383563 57
    endloop
  endfacet
  facet normal -0.8443279255020146 0.5358267949789972 0
    outer loop
      vertex -3.9433800601973856 12.16789153345772 57
      vertex -3.6405764746872635 12.645033635316128 59
      vertex -3.6405764746872635 12.645033635316128 57
    endloop
  endfacet
  facet normal -0.7705132427757897 0.6374239897486893 0
    outer loop
      vertex -3.6405764746872635 12.645033635316128 57
      vertex -3.2803588233963525 13.080461976679098 59
      vertex -3.2803588233963525 13.080461976679098 57
    endloop
  endfacet
  facet normal -0.8443279255020146 0.5358267949789972 0
    outer loop
      vertex -3.9433800601973856 12.16789153345772 57
      vertex -3.9433800601973856 12.16789153345772 59
      vertex -3.6405764746872635 12.645033635316128 59
    endloop
  endfacet
  facet normal -0.7705132427757897 0.6374239897486893 0
    outer loop
      vertex -3.6405764746872635 12.645033635316128 57
      vertex -3.6405764746872635 12.645033635316128 59
      vertex -3.2803588233963525 13.080461976679098 59
    endloop
  endfacet
  facet normal -0.6845471059286888 0.7289686274214114 0
    outer loop
      vertex -3.2803588233963525 13.080461976679098 57
      vertex -3.2803588233963525 13.080461976679098 59
      vertex -2.868407953869103 13.467309592491052 57
    endloop
  endfacet
  facet normal -0.6845471059286888 0.7289686274214114 0
    outer loop
      vertex -2.868407953869103 13.467309592491052 57
      vertex -3.2803588233963525 13.080461976679098 59
      vertex -2.868407953869103 13.467309592491052 59
    endloop
  endfacet
  facet normal -0.5877852522924741 0.8090169943749467 0
    outer loop
      vertex -2.868407953869103 13.467309592491052 57
      vertex -2.868407953869103 13.467309592491052 59
      vertex -2.4112205774054853 13.799475664759068 57
    endloop
  endfacet
  facet normal -0.5877852522924741 0.8090169943749467 0
    outer loop
      vertex -2.4112205774054853 13.799475664759068 57
      vertex -2.868407953869103 13.467309592491052 59
      vertex -2.4112205774054853 13.799475664759068 59
    endloop
  endfacet
  facet normal 0 0 1
    outer loop
      vertex -1.916006812042826 5.928278263902912 59
      vertex -1.9160068120428273 14.071721736097087 59
      vertex -2.4112205774054853 13.799475664759068 59
    endloop
  endfacet
  facet normal 0 0 1
    outer loop
      vertex -1.3905764746872633 5.7202456766718095 59
      vertex -1.3905764746872633 14.279754323328191 59
      vertex -1.9160068120428273 14.071721736097087 59
    endloop
  endfacet
  facet normal 0 0 1
    outer loop
      vertex -1.3905764746872633 14.279754323328191 59
      vertex -0.9921147013144779 9.874666766435697 59
      vertex -1 10 59
    endloop
  endfacet
  facet normal 0 0 1
    outer loop
      vertex -1.3905764746872633 14.279754323328191 59
      vertex -1 10 59
      vertex -0.9921147013144779 10.125333233564303 59
    endloop
  endfacet
  facet normal 0 0 1
    outer loop
      vertex -1.3905764746872633 14.279754323328191 59
      vertex -0.9921147013144779 10.125333233564303 59
      vertex -0.9685831611286311 10.248689887164854 59
    endloop
  endfacet
  facet normal 0 0 1
    outer loop
      vertex -1.3905764746872633 14.279754323328191 59
      vertex -0.9685831611286311 10.248689887164854 59
      vertex -0.9297764858882515 10.368124552684678 59
    endloop
  endfacet
  facet normal 0 0 1
    outer loop
      vertex -1.3905764746872633 14.279754323328191 59
      vertex -0.9297764858882515 10.368124552684678 59
      vertex -0.8763066800438635 10.481753674101716 59
    endloop
  endfacet
  facet normal 0 0 1
    outer loop
      vertex -1.3905764746872633 14.279754323328191 59
      vertex -0.8763066800438635 10.481753674101716 59
      vertex -0.8090169943749475 10.587785252292473 59
    endloop
  endfacet
  facet normal 0 0 1
    outer loop
      vertex -0.8432159156357606 14.4202926282791 59
      vertex -0.8090169943749475 10.587785252292473 59
      vertex -0.7289686274214117 10.684547105928688 59
    endloop
  endfacet
  facet normal 0 0 1
    outer loop
      vertex -0.8432159156357606 14.4202926282791 59
      vertex -0.7289686274214117 10.684547105928688 59
      vertex -0.6374239897486896 10.77051324277579 59
    endloop
  endfacet
  facet normal 0 0 1
    outer loop
      vertex -0.8432159156357606 14.4202926282791 59
      vertex -0.6374239897486896 10.77051324277579 59
      vertex -0.5358267949789968 10.844327925502014 59
    endloop
  endfacet
  facet normal 0 0 1
    outer loop
      vertex -0.8432159156357606 14.4202926282791 59
      vertex -0.5358267949789968 10.844327925502014 59
      vertex -0.4257792915650727 10.90482705246602 59
    endloop
  endfacet
  facet normal 0 0 1
    outer loop
      vertex -0.8432159156357606 14.4202926282791 59
      vertex -0.4257792915650727 10.90482705246602 59
      vertex -0.3090169943749474 10.951056516295154 59
    endloop
  endfacet
  facet normal 0 0 1
    outer loop
      vertex -0.8432159156357606 14.4202926282791 59
      vertex -0.3090169943749474 10.951056516295154 59
      vertex -0.18738131458572457 10.982287250728689 59
    endloop
  endfacet
  facet normal 0 0 1
    outer loop
      vertex -0.28255733788190973 14.491120277927223 59
      vertex -0.18738131458572457 10.982287250728689 59
      vertex -0.0627905195293124 10.998026728428272 59
    endloop
  endfacet
  facet normal 0 0 -1
    outer loop
      vertex -2.277263878660736 13.588393683383563 57
      vertex -2.4112205774054853 13.799475664759068 57
      vertex -1.809561989151558 13.845514972980583 57
    endloop
  endfacet
  facet normal 0 0 -1
    outer loop
      vertex -2.4112205774054853 13.799475664759068 57
      vertex -1.9160068120428273 14.071721736097087 57
      vertex -1.809561989151558 13.845514972980583 57
    endloop
  endfacet
  facet normal 0 0 -1
    outer loop
      vertex -1.809561989151558 13.845514972980583 57
      vertex -1.9160068120428273 14.071721736097087 57
      vertex -1.3133222260935264 14.041990194254403 57
    endloop
  endfacet
  facet normal 0 0 -1
    outer loop
      vertex -1.9160068120428273 14.071721736097087 57
      vertex -1.3905764746872633 14.279754323328191 57
      vertex -1.3133222260935264 14.041990194254403 57
    endloop
  endfacet
  facet normal 0 0 -1
    outer loop
      vertex -1.3133222260935264 14.041990194254403 57
      vertex -1.3905764746872633 14.279754323328191 57
      vertex -0.7963705869893305 14.174720815596928 57
    endloop
  endfacet
  facet normal 0 0 -1
    outer loop
      vertex -1.3905764746872633 14.279754323328191 57
      vertex -0.8432159156357606 14.4202926282791 57
      vertex -0.7963705869893305 14.174720815596928 57
    endloop
  endfacet
  facet normal 0 0 -1
    outer loop
      vertex -0.7963705869893305 14.174720815596928 57
      vertex -0.8432159156357606 14.4202926282791 57
      vertex -0.2668597079995835 14.241613595820155 57
    endloop
  endfacet
  facet normal 0 0 -1
    outer loop
      vertex -0.8432159156357606 14.4202926282791 57
      vertex -0.28255733788190973 14.491120277927223 57
      vertex -0.2668597079995835 14.241613595820155 57
    endloop
  endfacet
  facet normal 0 0 -1
    outer loop
      vertex -0.28255733788190973 14.491120277927223 57
      vertex 0.2668597079995835 14.241613595820155 57
      vertex -0.2668597079995835 14.241613595820155 57
    endloop
  endfacet
  facet normal -0.4817536741017138 0.8763066800438645 0
    outer loop
      vertex -2.4112205774054853 13.799475664759068 57
      vertex -2.4112205774054853 13.799475664759068 59
      vertex -1.9160068120428273 14.071721736097087 57
    endloop
  endfacet
  facet normal -0.3681245526846788 0.929776485888251 0
    outer loop
      vertex -1.9160068120428273 14.071721736097087 57
      vertex -1.9160068120428273 14.071721736097087 59
      vertex -1.3905764746872633 14.279754323328191 57
    endloop
  endfacet
  facet normal -0.24868988716485535 0.9685831611286311 0
    outer loop
      vertex -1.3905764746872633 14.279754323328191 57
      vertex -1.3905764746872633 14.279754323328191 59
      vertex -0.8432159156357606 14.4202926282791 57
    endloop
  endfacet
  facet normal -0.4817536741017138 0.8763066800438645 0
    outer loop
      vertex -2.4112205774054853 13.799475664759068 59
      vertex -1.9160068120428273 14.071721736097087 59
      vertex -1.9160068120428273 14.071721736097087 57
    endloop
  endfacet
  facet normal -0.3681245526846788 0.929776485888251 0
    outer loop
      vertex -1.3905764746872633 14.279754323328191 57
      vertex -1.9160068120428273 14.071721736097087 59
      vertex -1.3905764746872633 14.279754323328191 59
    endloop
  endfacet
  facet normal 0 0 1
    outer loop
      vertex -1.3905764746872633 14.279754323328191 59
      vertex -0.8090169943749475 10.587785252292473 59
      vertex -0.8432159156357606 14.4202926282791 59
    endloop
  endfacet
  facet normal 0 0 1
    outer loop
      vertex -0.8432159156357606 14.4202926282791 59
      vertex -0.18738131458572457 10.982287250728689 59
      vertex -0.28255733788190973 14.491120277927223 59
    endloop
  endfacet
  facet normal 0 0 1
    outer loop
      vertex -0.28255733788190973 14.491120277927223 59
      vertex -0.0627905195293124 10.998026728428272 59
      vertex 0.28255733788190973 14.491120277927223 59
    endloop
  endfacet
  facet normal -0.12533323356430473 0.9921147013144777 0
    outer loop
      vertex -0.8432159156357606 14.4202926282791 57
      vertex -0.8432159156357606 14.4202926282791 59
      vertex -0.28255733788190973 14.491120277927223 57
    endloop
  endfacet
  facet normal 0 1 0
    outer loop
      vertex -0.28255733788190973 14.491120277927223 57
      vertex -0.28255733788190973 14.491120277927223 59
      vertex 0.28255733788190973 14.491120277927223 57
    endloop
  endfacet
  facet normal -0.24868988716485535 0.9685831611286311 0
    outer loop
      vertex -0.8432159156357606 14.4202926282791 57
      vertex -1.3905764746872633 14.279754323328191 59
      vertex -0.8432159156357606 14.4202926282791 59
    endloop
  endfacet
  facet normal -0.12533323356430473 0.9921147013144777 0
    outer loop
      vertex -0.28255733788190973 14.491120277927223 57
      vertex -0.8432159156357606 14.4202926282791 59
      vertex -0.28255733788190973 14.491120277927223 59
    endloop
  endfacet
  facet normal 0 0 -1
    outer loop
      vertex -0.28255733788191195 5.508879722072778 57
      vertex 0.2668597079995835 5.758386404179846 57
      vertex 0.28255733788191195 5.508879722072778 57
    endloop
  endfacet
  facet normal 0 0 -1
    outer loop
      vertex 0.2668597079995835 5.758386404179846 57
      vertex 0.8432159156357617 5.579707371720901 57
      vertex 0.28255733788191195 5.508879722072778 57
    endloop
  endfacet
  facet normal 0 0 -1
    outer loop
      vertex 0.2668597079995835 5.758386404179846 57
      vertex 0.7963705869893305 5.825279184403073 57
      vertex 0.8432159156357617 5.579707371720901 57
    endloop
  endfacet
  facet normal 0 0 -1
    outer loop
      vertex 0.8432159156357617 5.579707371720901 57
      vertex 0.7963705869893305 5.825279184403073 57
      vertex 1.3905764746872633 5.7202456766718095 57
    endloop
  endfacet
  facet normal 0 0 -1
    outer loop
      vertex 0.7963705869893305 5.825279184403073 57
      vertex 1.3133222260935264 5.958009805745598 57
      vertex 1.3905764746872633 5.7202456766718095 57
    endloop
  endfacet
  facet normal 0 0 -1
    outer loop
      vertex 1.3905764746872633 5.7202456766718095 57
      vertex 1.3133222260935264 5.958009805745598 57
      vertex 1.916006812042826 5.928278263902912 57
    endloop
  endfacet
  facet normal 0 0 -1
    outer loop
      vertex 1.3133222260935264 5.958009805745598 57
      vertex 1.809561989151558 6.154485027019417 57
      vertex 1.916006812042826 5.928278263902912 57
    endloop
  endfacet
  facet normal 0 0 -1
    outer loop
      vertex 1.916006812042826 5.928278263902912 57
      vertex 1.809561989151558 6.154485027019417 57
      vertex 2.411220577405483 6.200524335240932 57
    endloop
  endfacet
  facet normal 0 0 -1
    outer loop
      vertex 1.809561989151558 6.154485027019417 57
      vertex 2.277263878660734 6.411606316616435 57
      vertex 2.411220577405483 6.200524335240932 57
    endloop
  endfacet
  facet normal 0 -1 0
    outer loop
      vertex -0.28255733788191195 5.508879722072778 57
      vertex 0.28255733788191195 5.508879722072778 57
      vertex 0.28255733788191195 5.508879722072778 59
    endloop
  endfacet
  facet normal 0.12533323356430498 -0.9921147013144777 0
    outer loop
      vertex 0.28255733788191195 5.508879722072778 57
      vertex 0.8432159156357617 5.579707371720901 57
      vertex 0.8432159156357617 5.579707371720901 59
    endloop
  endfacet
  facet normal 0.12533323356430498 -0.9921147013144777 0
    outer loop
      vertex 0.28255733788191195 5.508879722072778 57
      vertex 0.8432159156357617 5.579707371720901 59
      vertex 0.28255733788191195 5.508879722072778 59
    endloop
  endfacet
  facet normal 0.24868988716485585 -0.968583161128631 0
    outer loop
      vertex 0.8432159156357617 5.579707371720901 57
      vertex 1.3905764746872633 5.7202456766718095 59
      vertex 0.8432159156357617 5.579707371720901 59
    endloop
  endfacet
  facet normal 0 0 1
    outer loop
      vertex -0.28255733788191195 5.508879722072778 59
      vertex 0.28255733788191195 5.508879722072778 59
      vertex 0.06279051952931397 9.001973271571728 59
    endloop
  endfacet
  facet normal 0 0 1
    outer loop
      vertex 0.28255733788191195 5.508879722072778 59
      vertex 0.8432159156357617 5.579707371720901 59
      vertex 0.18738131458572482 9.017712749271311 59
    endloop
  endfacet
  facet normal 0 0 1
    outer loop
      vertex 0.8432159156357617 5.579707371720901 59
      vertex 1.3905764746872633 5.7202456766718095 59
      vertex 0.8090169943749475 9.412214747707527 59
    endloop
  endfacet
  facet normal 0.24868988716485585 -0.968583161128631 0
    outer loop
      vertex 0.8432159156357617 5.579707371720901 57
      vertex 1.3905764746872633 5.7202456766718095 57
      vertex 1.3905764746872633 5.7202456766718095 59
    endloop
  endfacet
  facet normal 0.3681245526846769 -0.9297764858882518 0
    outer loop
      vertex 1.3905764746872633 5.7202456766718095 57
      vertex 1.916006812042826 5.928278263902912 57
      vertex 1.916006812042826 5.928278263902912 59
    endloop
  endfacet
  facet normal 0.4817536741017157 -0.8763066800438635 0
    outer loop
      vertex 1.916006812042826 5.928278263902912 57
      vertex 2.411220577405483 6.200524335240932 57
      vertex 2.411220577405483 6.200524335240932 59
    endloop
  endfacet
  facet normal 0.3681245526846769 -0.9297764858882518 0
    outer loop
      vertex 1.3905764746872633 5.7202456766718095 57
      vertex 1.916006812042826 5.928278263902912 59
      vertex 1.3905764746872633 5.7202456766718095 59
    endloop
  endfacet
  facet normal 0.4817536741017157 -0.8763066800438635 0
    outer loop
      vertex 1.916006812042826 5.928278263902912 57
      vertex 2.411220577405483 6.200524335240932 59
      vertex 1.916006812042826 5.928278263902912 59
    endloop
  endfacet
  facet normal 0 0 1
    outer loop
      vertex 0.28255733788191195 5.508879722072778 59
      vertex 0.18738131458572482 9.017712749271311 59
      vertex 0.06279051952931397 9.001973271571728 59
    endloop
  endfacet
  facet normal 0 0 1
    outer loop
      vertex 0.8432159156357617 5.579707371720901 59
      vertex 0.3090169943749474 9.048943483704846 59
      vertex 0.18738131458572482 9.017712749271311 59
    endloop
  endfacet
  facet normal 0 0 1
    outer loop
      vertex 0.8432159156357617 5.579707371720901 59
      vertex 0.42577929156507244 9.09517294753398 59
      vertex 0.3090169943749474 9.048943483704846 59
    endloop
  endfacet
  facet normal 0 0 1
    outer loop
      vertex 0.8432159156357617 5.579707371720901 59
      vertex 0.5358267949789962 9.155672074497986 59
      vertex 0.42577929156507244 9.09517294753398 59
    endloop
  endfacet
  facet normal 0 0 1
    outer loop
      vertex 0.8432159156357617 5.579707371720901 59
      vertex 0.63742398974869 9.229486757224212 59
      vertex 0.5358267949789962 9.155672074497986 59
    endloop
  endfacet
  facet normal 0 0 1
    outer loop
      vertex 0.8432159156357617 5.579707371720901 59
      vertex 0.7289686274214117 9.315452894071312 59
      vertex 0.63742398974869 9.229486757224212 59
    endloop
  endfacet
  facet normal 0 0 1
    outer loop
      vertex 0.8432159156357617 5.579707371720901 59
      vertex 0.8090169943749475 9.412214747707527 59
      vertex 0.7289686274214117 9.315452894071312 59
    endloop
  endfacet
  facet normal 0 0 1
    outer loop
      vertex 1.3905764746872633 5.7202456766718095 59
      vertex 0.8763066800438635 9.518246325898284 59
      vertex 0.8090169943749475 9.412214747707527 59
    endloop
  endfacet
  facet normal 0 0 1
    outer loop
      vertex 1.3905764746872633 5.7202456766718095 59
      vertex 0.9297764858882512 9.631875447315322 59
      vertex 0.8763066800438635 9.518246325898284 59
    endloop
  endfacet
  facet normal 0 0 1
    outer loop
      vertex 1.3905764746872633 5.7202456766718095 59
      vertex 0.9685831611286312 9.751310112835146 59
      vertex 0.9297764858882512 9.631875447315322 59
    endloop
  endfacet
  facet normal 0 0 1
    outer loop
      vertex 1.3905764746872633 5.7202456766718095 59
      vertex 0.9921147013144779 9.874666766435697 59
      vertex 0.9685831611286312 9.751310112835146 59
    endloop
  endfacet
  facet normal 0 0 1
    outer loop
      vertex 1.3905764746872633 5.7202456766718095 59
      vertex 1 10 59
      vertex 0.9921147013144779 9.874666766435697 59
    endloop
  endfacet
  facet normal 0 0 1
    outer loop
      vertex 1.3905764746872633 5.7202456766718095 59
      vertex 0.9921147013144779 10.125333233564305 59
      vertex 1 10 59
    endloop
  endfacet
  facet normal 0 0 1
    outer loop
      vertex 1.3905764746872633 5.7202456766718095 59
      vertex 1.916006812042826 5.928278263902912 59
      vertex 1.3905764746872633 14.279754323328191 59
    endloop
  endfacet
  facet normal 0 0 1
    outer loop
      vertex 1.916006812042826 5.928278263902912 59
      vertex 2.411220577405483 6.200524335240932 59
      vertex 1.9160068120428273 14.071721736097087 59
    endloop
  endfacet
  facet normal 0 0 -1
    outer loop
      vertex 2.411220577405483 6.200524335240932 57
      vertex 2.277263878660734 6.411606316616435 57
      vertex 2.868407953869105 6.53269040750895 57
    endloop
  endfacet
  facet normal 0 0 -1
    outer loop
      vertex 2.277263878660734 6.411606316616435 57
      vertex 2.7090519564319324 6.725318718202897 57
      vertex 2.868407953869105 6.53269040750895 57
    endloop
  endfacet
  facet normal 0 0 -1
    outer loop
      vertex 2.868407953869105 6.53269040750895 57
      vertex 2.7090519564319324 6.725318718202897 57
      vertex 3.2803588233963525 6.919538023320902 57
    endloop
  endfacet
  facet normal 0 0 -1
    outer loop
      vertex 2.7090519564319324 6.725318718202897 57
      vertex 3.0981166665409994 7.0906747998030735 57
      vertex 3.2803588233963525 6.919538023320902 57
    endloop
  endfacet
  facet normal 0 0 -1
    outer loop
      vertex 3.0981166665409994 7.0906747998030735 57
      vertex 3.6405764746872635 7.354966364683871 57
      vertex 3.2803588233963525 6.919538023320902 57
    endloop
  endfacet
  facet normal 0 0 -1
    outer loop
      vertex 3.0981166665409994 7.0906747998030735 57
      vertex 3.4383222260935264 7.501912677756989 57
      vertex 3.6405764746872635 7.354966364683871 57
    endloop
  endfacet
  facet normal 0 0 -1
    outer loop
      vertex 3.6405764746872635 7.354966364683871 57
      vertex 3.4383222260935264 7.501912677756989 57
      vertex 3.9433800601973856 7.83210846654228 57
    endloop
  endfacet
  facet normal 0.5877852522924729 -0.8090169943749477 0
    outer loop
      vertex 2.411220577405483 6.200524335240932 57
      vertex 2.868407953869105 6.53269040750895 57
      vertex 2.868407953869105 6.53269040750895 59
    endloop
  endfacet
  facet normal 0.5877852522924729 -0.8090169943749477 0
    outer loop
      vertex 2.411220577405483 6.200524335240932 57
      vertex 2.868407953869105 6.53269040750895 59
      vertex 2.411220577405483 6.200524335240932 59
    endloop
  endfacet
  facet normal 0.6845471059286888 -0.7289686274214116 0
    outer loop
      vertex 2.868407953869105 6.53269040750895 57
      vertex 3.2803588233963525 6.919538023320902 57
      vertex 3.2803588233963525 6.919538023320902 59
    endloop
  endfacet
  facet normal 0.6845471059286888 -0.7289686274214116 0
    outer loop
      vertex 2.868407953869105 6.53269040750895 57
      vertex 3.2803588233963525 6.919538023320902 59
      vertex 2.868407953869105 6.53269040750895 59
    endloop
  endfacet
  facet normal 0.770513242775789 -0.63742398974869 0
    outer loop
      vertex 3.2803588233963525 6.919538023320902 57
      vertex 3.6405764746872635 7.354966364683871 57
      vertex 3.2803588233963525 6.919538023320902 59
    endloop
  endfacet
  facet normal 0.8443279255020152 -0.5358267949789965 0
    outer loop
      vertex 3.6405764746872635 7.354966364683871 57
      vertex 3.9433800601973856 7.83210846654228 57
      vertex 3.6405764746872635 7.354966364683871 59
    endloop
  endfacet
  facet normal 0.770513242775789 -0.63742398974869 0
    outer loop
      vertex 3.6405764746872635 7.354966364683871 57
      vertex 3.6405764746872635 7.354966364683871 59
      vertex 3.2803588233963525 6.919538023320902 59
    endloop
  endfacet
  facet normal 0.8443279255020152 -0.5358267949789965 0
    outer loop
      vertex 3.6405764746872635 7.354966364683871 59
      vertex 3.9433800601973856 7.83210846654228 57
      vertex 3.9433800601973856 7.83210846654228 59
    endloop
  endfacet
  facet normal 0 0 -1
    outer loop
      vertex 3.4383222260935264 7.501912677756989 57
      vertex 3.72430339018642 7.95254688506771 57
      vertex 3.9433800601973856 7.83210846654228 57
    endloop
  endfacet
  facet normal 0 0 -1
    outer loop
      vertex 3.72430339018642 7.95254688506771 57
      vertex 3.9515500650250677 8.435470651090117 57
      vertex 3.9433800601973856 7.83210846654228 57
    endloop
  endfacet
  facet normal 0 0 -1
    outer loop
      vertex 3.9433800601973856 7.83210846654228 57
      vertex 3.9515500650250677 8.435470651090117 57
      vertex 4.183994186497131 8.343439512918948 57
    endloop
  endfacet
  facet normal 0 0 -1
    outer loop
      vertex 3.9515500650250677 8.435470651090117 57
      vertex 4.116478434796683 8.943067979549369 57
      vertex 4.183994186497131 8.343439512918948 57
    endloop
  endfacet
  facet normal 0 0 -1
    outer loop
      vertex 4.183994186497131 8.343439512918948 57
      vertex 4.116478434796683 8.943067979549369 57
      vertex 4.216487480586531 9.467333757351708 57
    endloop
  endfacet
  facet normal 0 0 -1
    outer loop
      vertex 4.183994186497131 8.343439512918948 57
      vertex 4.216487480586531 9.467333757351708 57
      vertex 4.25 10 57
    endloop
  endfacet
  facet normal 0 0 -1
    outer loop
      vertex 4.183994186497131 8.343439512918948 57
      vertex 4.35862422507884 11.119104492241846 57
      vertex 4.358624225078841 8.880895507758154 57
    endloop
  endfacet
  facet normal 0 0 -1
    outer loop
      vertex 4.358624225078841 8.880895507758154 57
      vertex 4.464516155915151 10.56399955103937 57
      vertex 4.464516155915151 9.436000448960632 57
    endloop
  endfacet
  facet normal 0 0 -1
    outer loop
      vertex 4.183994186497131 8.343439512918948 57
      vertex 4.25 10 57
      vertex 4.35862422507884 11.119104492241846 57
    endloop
  endfacet
  facet normal 0 0 1
    outer loop
      vertex 2.411220577405483 6.200524335240932 59
      vertex 2.868407953869105 6.53269040750895 59
      vertex 2.411220577405485 13.799475664759068 59
    endloop
  endfacet
  facet normal 0 0 1
    outer loop
      vertex 2.868407953869105 6.53269040750895 59
      vertex 3.2803588233963525 6.919538023320902 59
      vertex 2.868407953869104 13.467309592491052 59
    endloop
  endfacet
  facet normal 0.9048270524660196 -0.42577929156507266 0
    outer loop
      vertex 3.9433800601973856 7.83210846654228 57
      vertex 4.183994186497131 8.343439512918948 57
      vertex 3.9433800601973856 7.83210846654228 59
    endloop
  endfacet
  facet normal 0.9510565162951534 -0.30901699437494834 0
    outer loop
      vertex 4.183994186497131 8.343439512918948 57
      vertex 4.358624225078841 8.880895507758154 57
      vertex 4.183994186497131 8.343439512918948 59
    endloop
  endfacet
  facet normal 0.9048270524660196 -0.42577929156507266 0
    outer loop
      vertex 4.183994186497131 8.343439512918948 57
      vertex 4.183994186497131 8.343439512918948 59
      vertex 3.9433800601973856 7.83210846654228 59
    endloop
  endfacet
  facet normal 0.9510565162951534 -0.30901699437494834 0
    outer loop
      vertex 4.358624225078841 8.880895507758154 57
      vertex 4.358624225078841 8.880895507758154 59
      vertex 4.183994186497131 8.343439512918948 59
    endloop
  endfacet
  facet normal 0.9822872507286887 -0.18738131458572416 0
    outer loop
      vertex 4.358624225078841 8.880895507758154 57
      vertex 4.464516155915151 9.436000448960632 57
      vertex 4.358624225078841 8.880895507758154 59
    endloop
  endfacet
  facet normal 0.9980267284282717 -0.06279051952931268 0
    outer loop
      vertex 4.464516155915151 9.436000448960632 57
      vertex 4.5 10 57
      vertex 4.464516155915151 9.436000448960632 59
    endloop
  endfacet
  facet normal 0 0 1
    outer loop
      vertex 3.2803588233963525 6.919538023320902 59
      vertex 3.6405764746872635 7.354966364683871 59
      vertex 3.280358823396352 13.0804619766791 59
    endloop
  endfacet
  facet normal 0 0 1
    outer loop
      vertex 3.6405764746872635 7.354966364683871 59
      vertex 3.9433800601973856 7.83210846654228 59
      vertex 3.6405764746872635 12.645033635316128 59
    endloop
  endfacet
  facet normal 0.9822872507286887 -0.18738131458572416 0
    outer loop
      vertex 4.464516155915151 9.436000448960632 57
      vertex 4.464516155915151 9.436000448960632 59
      vertex 4.358624225078841 8.880895507758154 59
    endloop
  endfacet
  facet normal 0.9980267284282717 -0.06279051952931268 0
    outer loop
      vertex 4.464516155915151 9.436000448960632 59
      vertex 4.5 10 57
      vertex 4.5 10 59
    endloop
  endfacet
  facet normal 0 0 1
    outer loop
      vertex 3.9433800601973856 7.83210846654228 59
      vertex 4.183994186497131 8.343439512918948 59
      vertex 3.943380060197386 12.16789153345772 59
    endloop
  endfacet
  facet normal 0 0 1
    outer loop
      vertex 4.183994186497131 8.343439512918948 59
      vertex 4.358624225078841 8.880895507758154 59
      vertex 4.183994186497131 11.656560487081052 59
    endloop
  endfacet
  facet normal 0 0 1
    outer loop
      vertex 4.358624225078841 8.880895507758154 59
      vertex 4.464516155915151 9.436000448960632 59
      vertex 4.35862422507884 11.119104492241846 59
    endloop
  endfacet
  facet normal 0 0 1
    outer loop
      vertex 1.3905764746872633 5.7202456766718095 59
      vertex 0.8432159156357606 14.4202926282791 59
      vertex 0.9921147013144779 10.125333233564305 59
    endloop
  endfacet
  facet normal 0 0 1
    outer loop
      vertex 0.28255733788190973 14.491120277927223 59
      vertex -0.0627905195293124 10.998026728428272 59
      vertex 0.06279051952931328 10.998026728428272 59
    endloop
  endfacet
  facet normal 0 0 1
    outer loop
      vertex 0.28255733788190973 14.491120277927223 59
      vertex 0.06279051952931328 10.998026728428272 59
      vertex 0.18738131458572457 10.982287250728689 59
    endloop
  endfacet
  facet normal 0 0 1
    outer loop
      vertex 0.28255733788190973 14.491120277927223 59
      vertex 0.18738131458572457 10.982287250728689 59
      vertex 0.3090169943749474 10.951056516295154 59
    endloop
  endfacet
  facet normal 0 0 1
    outer loop
      vertex 0.28255733788190973 14.491120277927223 59
      vertex 0.4257792915650727 10.90482705246602 59
      vertex 0.5358267949789967 10.844327925502014 59
    endloop
  endfacet
  facet normal 0 0 1
    outer loop
      vertex 0.28255733788190973 14.491120277927223 59
      vertex 0.3090169943749474 10.951056516295154 59
      vertex 0.4257792915650727 10.90482705246602 59
    endloop
  endfacet
  facet normal 0 0 1
    outer loop
      vertex 0.8432159156357606 14.4202926282791 59
      vertex 0.9297764858882513 10.368124552684678 59
      vertex 0.9685831611286311 10.248689887164854 59
    endloop
  endfacet
  facet normal 0 0 1
    outer loop
      vertex 0.8432159156357606 14.4202926282791 59
      vertex 0.9685831611286311 10.248689887164854 59
      vertex 0.9921147013144779 10.125333233564305 59
    endloop
  endfacet
  facet normal 0 0 1
    outer loop
      vertex 0.8432159156357606 14.4202926282791 59
      vertex 0.6374239897486897 10.77051324277579 59
      vertex 0.7289686274214116 10.684547105928688 59
    endloop
  endfacet
  facet normal 0 0 1
    outer loop
      vertex 0.8432159156357606 14.4202926282791 59
      vertex 0.8090169943749475 10.587785252292473 59
      vertex 0.8763066800438636 10.481753674101716 59
    endloop
  endfacet
  facet normal 0 0 1
    outer loop
      vertex 0.8432159156357606 14.4202926282791 59
      vertex 0.7289686274214116 10.684547105928688 59
      vertex 0.8090169943749475 10.587785252292473 59
    endloop
  endfacet
  facet normal 0 0 1
    outer loop
      vertex 0.8432159156357606 14.4202926282791 59
      vertex 0.5358267949789967 10.844327925502014 59
      vertex 0.6374239897486897 10.77051324277579 59
    endloop
  endfacet
  facet normal 0 0 1
    outer loop
      vertex 0.8432159156357606 14.4202926282791 59
      vertex 0.8763066800438636 10.481753674101716 59
      vertex 0.9297764858882513 10.368124552684678 59
    endloop
  endfacet
  facet normal 0 0 1
    outer loop
      vertex 1.3905764746872633 5.7202456766718095 59
      vertex 1.3905764746872633 14.279754323328191 59
      vertex 0.8432159156357606 14.4202926282791 59
    endloop
  endfacet
  facet normal 0 0 1
    outer loop
      vertex 1.916006812042826 5.928278263902912 59
      vertex 1.9160068120428273 14.071721736097087 59
      vertex 1.3905764746872633 14.279754323328191 59
    endloop
  endfacet
  facet normal 0 0 1
    outer loop
      vertex 2.411220577405483 6.200524335240932 59
      vertex 2.411220577405485 13.799475664759068 59
      vertex 1.9160068120428273 14.071721736097087 59
    endloop
  endfacet
  facet normal 0 0 -1
    outer loop
      vertex -0.28255733788190973 14.491120277927223 57
      vertex 0.28255733788190973 14.491120277927223 57
      vertex 0.2668597079995835 14.241613595820155 57
    endloop
  endfacet
  facet normal 0 0 -1
    outer loop
      vertex 0.2668597079995835 14.241613595820155 57
      vertex 0.28255733788190973 14.491120277927223 57
      vertex 0.7963705869893305 14.174720815596928 57
    endloop
  endfacet
  facet normal 0 0 -1
    outer loop
      vertex 0.28255733788190973 14.491120277927223 57
      vertex 0.8432159156357606 14.4202926282791 57
      vertex 0.7963705869893305 14.174720815596928 57
    endloop
  endfacet
  facet normal 0 0 -1
    outer loop
      vertex 0.7963705869893305 14.174720815596928 57
      vertex 0.8432159156357606 14.4202926282791 57
      vertex 1.3133222260935264 14.041990194254403 57
    endloop
  endfacet
  facet normal 0 0 -1
    outer loop
      vertex 0.8432159156357606 14.4202926282791 57
      vertex 1.3905764746872633 14.279754323328191 57
      vertex 1.3133222260935264 14.041990194254403 57
    endloop
  endfacet
  facet normal 0 0 -1
    outer loop
      vertex 1.3133222260935264 14.041990194254403 57
      vertex 1.3905764746872633 14.279754323328191 57
      vertex 1.809561989151558 13.845514972980583 57
    endloop
  endfacet
  facet normal 0 0 -1
    outer loop
      vertex 1.809561989151558 13.845514972980583 57
      vertex 1.9160068120428273 14.071721736097087 57
      vertex 2.277263878660734 13.588393683383565 57
    endloop
  endfacet
  facet normal 0 0 -1
    outer loop
      vertex 1.9160068120428273 14.071721736097087 57
      vertex 2.411220577405485 13.799475664759068 57
      vertex 2.277263878660734 13.588393683383565 57
    endloop
  endfacet
  facet normal 0 0 -1
    outer loop
      vertex 1.3905764746872633 14.279754323328191 57
      vertex 1.9160068120428273 14.071721736097087 57
      vertex 1.809561989151558 13.845514972980583 57
    endloop
  endfacet
  facet normal 0 0 1
    outer loop
      vertex 0.28255733788190973 14.491120277927223 59
      vertex 0.5358267949789967 10.844327925502014 59
      vertex 0.8432159156357606 14.4202926282791 59
    endloop
  endfacet
  facet normal 0.12533323356430473 0.9921147013144777 0
    outer loop
      vertex 0.28255733788190973 14.491120277927223 57
      vertex 0.28255733788190973 14.491120277927223 59
      vertex 0.8432159156357606 14.4202926282791 57
    endloop
  endfacet
  facet normal 0.24868988716485535 0.9685831611286311 0
    outer loop
      vertex 0.8432159156357606 14.4202926282791 57
      vertex 0.8432159156357606 14.4202926282791 59
      vertex 1.3905764746872633 14.279754323328191 57
    endloop
  endfacet
  facet normal 0 1 0
    outer loop
      vertex -0.28255733788190973 14.491120277927223 59
      vertex 0.28255733788190973 14.491120277927223 59
      vertex 0.28255733788190973 14.491120277927223 57
    endloop
  endfacet
  facet normal 0.12533323356430473 0.9921147013144777 0
    outer loop
      vertex 0.8432159156357606 14.4202926282791 57
      vertex 0.28255733788190973 14.491120277927223 59
      vertex 0.8432159156357606 14.4202926282791 59
    endloop
  endfacet
  facet normal 0.3681245526846788 0.929776485888251 0
    outer loop
      vertex 1.3905764746872633 14.279754323328191 57
      vertex 1.3905764746872633 14.279754323328191 59
      vertex 1.9160068120428273 14.071721736097087 57
    endloop
  endfacet
  facet normal 0.4817536741017141 0.8763066800438643 0
    outer loop
      vertex 1.9160068120428273 14.071721736097087 57
      vertex 1.9160068120428273 14.071721736097087 59
      vertex 2.411220577405485 13.799475664759068 57
    endloop
  endfacet
  facet normal 0.24868988716485535 0.9685831611286311 0
    outer loop
      vertex 1.3905764746872633 14.279754323328191 57
      vertex 0.8432159156357606 14.4202926282791 59
      vertex 1.3905764746872633 14.279754323328191 59
    endloop
  endfacet
  facet normal 0.4817536741017141 0.8763066800438643 0
    outer loop
      vertex 1.9160068120428273 14.071721736097087 59
      vertex 2.411220577405485 13.799475664759068 59
      vertex 2.411220577405485 13.799475664759068 57
    endloop
  endfacet
  facet normal 0.3681245526846788 0.929776485888251 0
    outer loop
      vertex 1.9160068120428273 14.071721736097087 57
      vertex 1.3905764746872633 14.279754323328191 59
      vertex 1.9160068120428273 14.071721736097087 59
    endloop
  endfacet
  facet normal 0 0 -1
    outer loop
      vertex 4.464516155915151 9.436000448960632 57
      vertex 4.464516155915151 10.56399955103937 57
      vertex 4.5 10 57
    endloop
  endfacet
  facet normal 0 0 -1
    outer loop
      vertex 4.358624225078841 8.880895507758154 57
      vertex 4.35862422507884 11.119104492241846 57
      vertex 4.464516155915151 10.56399955103937 57
    endloop
  endfacet
  facet normal 0 0 -1
    outer loop
      vertex 4.216487480586531 10.532666242648292 57
      vertex 4.35862422507884 11.119104492241846 57
      vertex 4.25 10 57
    endloop
  endfacet
  facet normal 0 0 -1
    outer loop
      vertex 4.216487480586531 10.532666242648292 57
      vertex 4.116478434796683 11.056932020450631 57
      vertex 4.183994186497131 11.656560487081052 57
    endloop
  endfacet
  facet normal 0 0 -1
    outer loop
      vertex 4.216487480586531 10.532666242648292 57
      vertex 4.183994186497131 11.656560487081052 57
      vertex 4.35862422507884 11.119104492241846 57
    endloop
  endfacet
  facet normal 0 0 -1
    outer loop
      vertex 3.72430339018642 12.04745311493229 57
      vertex 3.943380060197386 12.16789153345772 57
      vertex 3.9515500650250677 11.564529348909883 57
    endloop
  endfacet
  facet normal 0 0 -1
    outer loop
      vertex 4.116478434796683 11.056932020450631 57
      vertex 3.9515500650250677 11.564529348909883 57
      vertex 4.183994186497131 11.656560487081052 57
    endloop
  endfacet
  facet normal 0 0 -1
    outer loop
      vertex 3.9515500650250677 11.564529348909883 57
      vertex 3.943380060197386 12.16789153345772 57
      vertex 4.183994186497131 11.656560487081052 57
    endloop
  endfacet
  facet normal 0 0 1
    outer loop
      vertex 2.868407953869105 6.53269040750895 59
      vertex 2.868407953869104 13.467309592491052 59
      vertex 2.411220577405485 13.799475664759068 59
    endloop
  endfacet
  facet normal 0 0 1
    outer loop
      vertex 3.2803588233963525 6.919538023320902 59
      vertex 3.280358823396352 13.0804619766791 59
      vertex 2.868407953869104 13.467309592491052 59
    endloop
  endfacet
  facet normal 0.9980267284282718 0.06279051952931249 0
    outer loop
      vertex 4.5 10 57
      vertex 4.464516155915151 10.56399955103937 57
      vertex 4.5 10 59
    endloop
  endfacet
  facet normal 0.9822872507286883 0.18738131458572624 0
    outer loop
      vertex 4.464516155915151 10.56399955103937 57
      vertex 4.35862422507884 11.119104492241846 57
      vertex 4.464516155915151 10.56399955103937 59
    endloop
  endfacet
  facet normal 0 0 1
    outer loop
      vertex 3.6405764746872635 7.354966364683871 59
      vertex 3.6405764746872635 12.645033635316128 59
      vertex 3.280358823396352 13.0804619766791 59
    endloop
  endfacet
  facet normal 0 0 1
    outer loop
      vertex 3.9433800601973856 7.83210846654228 59
      vertex 3.943380060197386 12.16789153345772 59
      vertex 3.6405764746872635 12.645033635316128 59
    endloop
  endfacet
  facet normal 0.9980267284282718 0.06279051952931249 0
    outer loop
      vertex 4.464516155915151 10.56399955103937 57
      vertex 4.464516155915151 10.56399955103937 59
      vertex 4.5 10 59
    endloop
  endfacet
  facet normal 0 0 1
    outer loop
      vertex 4.464516155915151 9.436000448960632 59
      vertex 4.5 10 59
      vertex 4.464516155915151 10.56399955103937 59
    endloop
  endfacet
  facet normal 0 0 1
    outer loop
      vertex 4.358624225078841 8.880895507758154 59
      vertex 4.35862422507884 11.119104492241846 59
      vertex 4.183994186497131 11.656560487081052 59
    endloop
  endfacet
  facet normal 0 0 1
    outer loop
      vertex 4.464516155915151 9.436000448960632 59
      vertex 4.464516155915151 10.56399955103937 59
      vertex 4.35862422507884 11.119104492241846 59
    endloop
  endfacet
  facet normal 0.9822872507286883 0.18738131458572624 0
    outer loop
      vertex 4.35862422507884 11.119104492241846 57
      vertex 4.35862422507884 11.119104492241846 59
      vertex 4.464516155915151 10.56399955103937 59
    endloop
  endfacet
  facet normal 0 0 1
    outer loop
      vertex 4.183994186497131 8.343439512918948 59
      vertex 4.183994186497131 11.656560487081052 59
      vertex 3.943380060197386 12.16789153345772 59
    endloop
  endfacet
  facet normal 0.9510565162951538 0.3090169943749469 0
    outer loop
      vertex 4.35862422507884 11.119104492241846 57
      vertex 4.183994186497131 11.656560487081052 57
      vertex 4.35862422507884 11.119104492241846 59
    endloop
  endfacet
  facet normal 0.9048270524660198 0.42577929156507194 0
    outer loop
      vertex 4.183994186497131 11.656560487081052 57
      vertex 3.943380060197386 12.16789153345772 57
      vertex 4.183994186497131 11.656560487081052 59
    endloop
  endfacet
  facet normal 0.9510565162951538 0.3090169943749469 0
    outer loop
      vertex 4.183994186497131 11.656560487081052 57
      vertex 4.183994186497131 11.656560487081052 59
      vertex 4.35862422507884 11.119104492241846 59
    endloop
  endfacet
  facet normal 0.9048270524660198 0.42577929156507194 0
    outer loop
      vertex 3.943380060197386 12.16789153345772 57
      vertex 3.943380060197386 12.16789153345772 59
      vertex 4.183994186497131 11.656560487081052 59
    endloop
  endfacet
  facet normal 0 0 -1
    outer loop
      vertex 2.7090519564319324 13.274681281797104 57
      vertex 2.868407953869104 13.467309592491052 57
      vertex 3.0981166665409994 12.909325200196927 57
    endloop
  endfacet
  facet normal 0 0 -1
    outer loop
      vertex 3.0981166665409994 12.909325200196927 57
      vertex 2.868407953869104 13.467309592491052 57
      vertex 3.280358823396352 13.0804619766791 57
    endloop
  endfacet
  facet normal 0 0 -1
    outer loop
      vertex 3.0981166665409994 12.909325200196927 57
      vertex 3.280358823396352 13.0804619766791 57
      vertex 3.4383222260935264 12.498087322243011 57
    endloop
  endfacet
  facet normal 0 0 -1
    outer loop
      vertex 2.7090519564319324 13.274681281797104 57
      vertex 2.277263878660734 13.588393683383565 57
      vertex 2.411220577405485 13.799475664759068 57
    endloop
  endfacet
  facet normal 0 0 -1
    outer loop
      vertex 2.7090519564319324 13.274681281797104 57
      vertex 2.411220577405485 13.799475664759068 57
      vertex 2.868407953869104 13.467309592491052 57
    endloop
  endfacet
  facet normal 0 0 -1
    outer loop
      vertex 3.72430339018642 12.04745311493229 57
      vertex 3.4383222260935264 12.498087322243011 57
      vertex 3.6405764746872635 12.645033635316128 57
    endloop
  endfacet
  facet normal 0 0 -1
    outer loop
      vertex 3.280358823396352 13.0804619766791 57
      vertex 3.6405764746872635 12.645033635316128 57
      vertex 3.4383222260935264 12.498087322243011 57
    endloop
  endfacet
  facet normal 0 0 -1
    outer loop
      vertex 3.72430339018642 12.04745311493229 57
      vertex 3.6405764746872635 12.645033635316128 57
      vertex 3.943380060197386 12.16789153345772 57
    endloop
  endfacet
  facet normal 0.6845471059286884 0.7289686274214119 0
    outer loop
      vertex 3.280358823396352 13.0804619766791 57
      vertex 2.868407953869104 13.467309592491052 57
      vertex 2.868407953869104 13.467309592491052 59
    endloop
  endfacet
  facet normal 0.6845471059286884 0.7289686274214119 0
    outer loop
      vertex 3.280358823396352 13.0804619766791 57
      vertex 2.868407953869104 13.467309592491052 59
      vertex 3.280358823396352 13.0804619766791 59
    endloop
  endfacet
  facet normal 0.587785252292473 0.8090169943749475 0
    outer loop
      vertex 2.411220577405485 13.799475664759068 57
      vertex 2.411220577405485 13.799475664759068 59
      vertex 2.868407953869104 13.467309592491052 57
    endloop
  endfacet
  facet normal 0.587785252292473 0.8090169943749475 0
    outer loop
      vertex 2.868407953869104 13.467309592491052 57
      vertex 2.411220577405485 13.799475664759068 59
      vertex 2.868407953869104 13.467309592491052 59
    endloop
  endfacet
  facet normal 0.7705132427757905 0.6374239897486882 0
    outer loop
      vertex 3.280358823396352 13.0804619766791 57
      vertex 3.6405764746872635 12.645033635316128 59
      vertex 3.6405764746872635 12.645033635316128 57
    endloop
  endfacet
  facet normal 0.8443279255020143 0.5358267949789978 0
    outer loop
      vertex 3.943380060197386 12.16789153345772 57
      vertex 3.6405764746872635 12.645033635316128 57
      vertex 3.943380060197386 12.16789153345772 59
    endloop
  endfacet
  facet normal 0.8443279255020143 0.5358267949789978 0
    outer loop
      vertex 3.943380060197386 12.16789153345772 59
      vertex 3.6405764746872635 12.645033635316128 57
      vertex 3.6405764746872635 12.645033635316128 59
    endloop
  endfacet
  facet normal 0.7705132427757905 0.6374239897486882 0
    outer loop
      vertex 3.280358823396352 13.0804619766791 57
      vertex 3.280358823396352 13.0804619766791 59
      vertex 3.6405764746872635 12.645033635316128 59
    endloop
  endfacet
  facet normal 0.9048270524660191 0.42577929156507366 0
    outer loop
      vertex -2.3011968025734224 9.088891732105422 57
      vertex -2.168859033108562 8.807659656598254 52
      vertex -2.3011968025734224 9.088891732105422 52
    endloop
  endfacet
  facet normal 0.9510565162951538 0.30901699437494695 0
    outer loop
      vertex -2.397243323793362 9.384492529266984 57
      vertex -2.3011968025734224 9.088891732105422 52
      vertex -2.397243323793362 9.384492529266984 52
    endloop
  endfacet
  facet normal 0.9822872507286886 0.18738131458572516 0
    outer loop
      vertex -2.455483885753333 9.689800246928348 57
      vertex -2.397243323793362 9.384492529266984 52
      vertex -2.455483885753333 9.689800246928348 52
    endloop
  endfacet
  facet normal 0.9980267284282717 0.06279051952931274 0
    outer loop
      vertex -2.475 10 57
      vertex -2.455483885753333 9.689800246928348 52
      vertex -2.475 10 52
    endloop
  endfacet
  facet normal 0.9510565162951538 0.30901699437494695 0
    outer loop
      vertex -2.3011968025734224 9.088891732105422 57
      vertex -2.3011968025734224 9.088891732105422 52
      vertex -2.397243323793362 9.384492529266984 57
    endloop
  endfacet
  facet normal 0.9822872507286886 0.18738131458572516 0
    outer loop
      vertex -2.397243323793362 9.384492529266984 57
      vertex -2.397243323793362 9.384492529266984 52
      vertex -2.455483885753333 9.689800246928348 57
    endloop
  endfacet
  facet normal 0.9980267284282717 0.06279051952931274 0
    outer loop
      vertex -2.455483885753333 9.689800246928348 57
      vertex -2.455483885753333 9.689800246928348 52
      vertex -2.475 10 57
    endloop
  endfacet
  facet normal 0.36812455268467587 0.9297764858882521 0
    outer loop
      vertex -0.7648170610779949 7.646135122169495 57
      vertex -0.7648170610779949 7.646135122169495 52
      vertex -1.0538037466235544 7.760553045146601 52
    endloop
  endfacet
  facet normal 0.24868988716485474 0.9685831611286312 0
    outer loop
      vertex -0.46376875359966896 7.568839054446496 57
      vertex -0.46376875359966896 7.568839054446496 52
      vertex -0.7648170610779949 7.646135122169495 52
    endloop
  endfacet
  facet normal 0.12533323356430723 0.9921147013144775 0
    outer loop
      vertex -0.15540653583505157 7.529883847140027 57
      vertex -0.15540653583505157 7.529883847140027 52
      vertex -0.46376875359966896 7.568839054446496 52
    endloop
  endfacet
  facet normal 0.36812455268467587 0.9297764858882521 0
    outer loop
      vertex -1.0538037466235544 7.760553045146601 57
      vertex -0.7648170610779949 7.646135122169495 57
      vertex -1.0538037466235544 7.760553045146601 52
    endloop
  endfacet
  facet normal 0.24868988716485474 0.9685831611286312 0
    outer loop
      vertex -0.7648170610779949 7.646135122169495 57
      vertex -0.46376875359966896 7.568839054446496 57
      vertex -0.7648170610779949 7.646135122169495 52
    endloop
  endfacet
  facet normal 0.12533323356430723 0.9921147013144775 0
    outer loop
      vertex -0.46376875359966896 7.568839054446496 57
      vertex -0.15540653583505157 7.529883847140027 57
      vertex -0.46376875359966896 7.568839054446496 52
    endloop
  endfacet
  facet normal 0 1 0
    outer loop
      vertex -0.15540653583505157 7.529883847140027 57
      vertex 0.15540653583505157 7.529883847140027 57
      vertex -0.15540653583505157 7.529883847140027 52
    endloop
  endfacet
  facet normal 0.8443279255020154 0.5358267949789961 0
    outer loop
      vertex -2.168859033108562 8.807659656598254 57
      vertex -2.0023170610779952 8.54523150057613 52
      vertex -2.168859033108562 8.807659656598254 52
    endloop
  endfacet
  facet normal 0.7705132427757897 0.637423989748689 0
    outer loop
      vertex -2.0023170610779952 8.54523150057613 57
      vertex -1.8041973528679938 8.305745912826495 52
      vertex -2.0023170610779952 8.54523150057613 52
    endloop
  endfacet
  facet normal 0.5877852522924738 0.8090169943749469 0
    outer loop
      vertex -1.326171317573017 7.910288384382513 57
      vertex -1.326171317573017 7.910288384382513 52
      vertex -1.577624374628007 8.092979724129922 52
    endloop
  endfacet
  facet normal 0.6845471059286872 0.728968627421413 0
    outer loop
      vertex -1.577624374628007 8.092979724129922 57
      vertex -1.577624374628007 8.092979724129922 52
      vertex -1.8041973528679938 8.305745912826495 52
    endloop
  endfacet
  facet normal 0.48175367410171654 0.8763066800438628 0
    outer loop
      vertex -1.0538037466235544 7.760553045146601 57
      vertex -1.0538037466235544 7.760553045146601 52
      vertex -1.326171317573017 7.910288384382513 52
    endloop
  endfacet
  facet normal 0.6845471059286867 0.7289686274214132 3.1254964320744836e-17
    outer loop
      vertex -1.577624374628007 8.092979724129922 57
      vertex -1.8041973528679938 8.305745912826495 52
      vertex -1.804197352867994 8.305745912826495 57
    endloop
  endfacet
  facet normal 0.8443279255020154 0.5358267949789961 0
    outer loop
      vertex -2.0023170610779952 8.54523150057613 57
      vertex -2.0023170610779952 8.54523150057613 52
      vertex -2.168859033108562 8.807659656598254 57
    endloop
  endfacet
  facet normal 0.77051324277579 0.6374239897486885 3.5719959223708335e-17
    outer loop
      vertex -2.0023170610779952 8.54523150057613 57
      vertex -1.804197352867994 8.305745912826495 57
      vertex -1.8041973528679938 8.305745912826495 52
    endloop
  endfacet
  facet normal 0.5877852522924738 0.8090169943749469 0
    outer loop
      vertex -1.577624374628007 8.092979724129922 57
      vertex -1.326171317573017 7.910288384382513 57
      vertex -1.577624374628007 8.092979724129922 52
    endloop
  endfacet
  facet normal 0.48175367410171654 0.8763066800438628 0
    outer loop
      vertex -1.326171317573017 7.910288384382513 57
      vertex -1.0538037466235544 7.760553045146601 57
      vertex -1.326171317573017 7.910288384382513 52
    endloop
  endfacet
  facet normal 0.9048270524660191 0.42577929156507366 0
    outer loop
      vertex -2.168859033108562 8.807659656598254 57
      vertex -2.168859033108562 8.807659656598254 52
      vertex -2.3011968025734224 9.088891732105422 57
    endloop
  endfacet
  facet normal 0 0 -1
    outer loop
      vertex -2.3011968025734224 9.088891732105422 57
      vertex -2.397243323793362 9.384492529266984 57
      vertex -2.397243323793362 10.615507470733016 57
    endloop
  endfacet
  facet normal 0 0 -1
    outer loop
      vertex -2.168859033108562 8.807659656598254 57
      vertex -2.3011968025734224 9.088891732105422 57
      vertex -2.3011968025734224 10.911108267894578 57
    endloop
  endfacet
  facet normal 0 0 -1
    outer loop
      vertex -2.397243323793362 9.384492529266984 57
      vertex -2.455483885753333 9.689800246928348 57
      vertex -2.455483885753333 10.310199753071652 57
    endloop
  endfacet
  facet normal 0 0 -1
    outer loop
      vertex -2.0023170610779952 8.54523150057613 57
      vertex -2.0023170610779952 11.45476849942387 57
      vertex -1.804197352867994 8.305745912826495 57
    endloop
  endfacet
  facet normal 0 0 -1
    outer loop
      vertex -1.577624374628007 8.092979724129922 57
      vertex -1.804197352867994 8.305745912826495 57
      vertex -1.804197352867994 11.694254087173505 57
    endloop
  endfacet
  facet normal 0 0 -1
    outer loop
      vertex -2.0023170610779952 8.54523150057613 57
      vertex -2.168859033108562 8.807659656598254 57
      vertex -2.168859033108562 11.192340343401746 57
    endloop
  endfacet
  facet normal 0 0 -1
    outer loop
      vertex -1.577624374628007 8.092979724129922 57
      vertex -1.577624374628007 11.907020275870078 57
      vertex -1.326171317573017 7.910288384382513 57
    endloop
  endfacet
  facet normal 0 0 -1
    outer loop
      vertex -1.326171317573017 7.910288384382513 57
      vertex -1.326171317573017 12.089711615617487 57
      vertex -1.0538037466235544 7.760553045146601 57
    endloop
  endfacet
  facet normal 0 0 -1
    outer loop
      vertex -1.0538037466235544 7.760553045146601 57
      vertex -0.8763066800438635 9.518246325898284 57
      vertex -0.7648170610779949 7.646135122169495 57
    endloop
  endfacet
  facet normal 0 0 -1
    outer loop
      vertex -0.7648170610779949 7.646135122169495 57
      vertex -0.5358267949789968 9.155672074497986 57
      vertex -0.46376875359966896 7.568839054446496 57
    endloop
  endfacet
  facet normal 0 0 -1
    outer loop
      vertex -0.7648170610779949 7.646135122169495 57
      vertex -0.7289686274214117 9.315452894071312 57
      vertex -0.6374239897486896 9.22948675722421 57
    endloop
  endfacet
  facet normal 0 0 -1
    outer loop
      vertex -0.7648170610779949 7.646135122169495 57
      vertex -0.8763066800438635 9.518246325898284 57
      vertex -0.8090169943749475 9.412214747707527 57
    endloop
  endfacet
  facet normal 0 0 -1
    outer loop
      vertex -0.7648170610779949 7.646135122169495 57
      vertex -0.8090169943749475 9.412214747707527 57
      vertex -0.7289686274214117 9.315452894071312 57
    endloop
  endfacet
  facet normal 0 0 -1
    outer loop
      vertex -0.7648170610779949 7.646135122169495 57
      vertex -0.6374239897486896 9.22948675722421 57
      vertex -0.5358267949789968 9.155672074497986 57
    endloop
  endfacet
  facet normal 0 0 -1
    outer loop
      vertex -0.46376875359966896 7.568839054446496 57
      vertex -0.18738131458572482 9.017712749271311 57
      vertex -0.15540653583505157 7.529883847140027 57
    endloop
  endfacet
  facet normal 0 0 -1
    outer loop
      vertex -0.46376875359966896 7.568839054446496 57
      vertex -0.42577929156507244 9.09517294753398 57
      vertex -0.3090169943749474 9.048943483704846 57
    endloop
  endfacet
  facet normal 0 0 -1
    outer loop
      vertex -0.46376875359966896 7.568839054446496 57
      vertex -0.3090169943749474 9.048943483704846 57
      vertex -0.18738131458572482 9.017712749271311 57
    endloop
  endfacet
  facet normal 0 0 -1
    outer loop
      vertex -0.46376875359966896 7.568839054446496 57
      vertex -0.5358267949789968 9.155672074497986 57
      vertex -0.42577929156507244 9.09517294753398 57
    endloop
  endfacet
  facet normal 0 0 -1
    outer loop
      vertex -0.15540653583505157 7.529883847140027 57
      vertex -0.18738131458572482 9.017712749271311 57
      vertex -0.06279051952931376 9.001973271571728 57
    endloop
  endfacet
  facet normal 0 0 -1
    outer loop
      vertex -0.15540653583505157 7.529883847140027 57
      vertex -0.06279051952931376 9.001973271571728 57
      vertex 0.06279051952931411 9.001973271571728 57
    endloop
  endfacet
  facet normal 0 0 -1
    outer loop
      vertex -1.0538037466235544 7.760553045146601 57
      vertex -0.9921147013144779 9.874666766435697 57
      vertex -0.9685831611286311 9.751310112835146 57
    endloop
  endfacet
  facet normal 0 0 -1
    outer loop
      vertex -1.0538037466235544 7.760553045146601 57
      vertex -0.9297764858882515 9.631875447315322 57
      vertex -0.8763066800438635 9.518246325898284 57
    endloop
  endfacet
  facet normal 0 0 -1
    outer loop
      vertex -1.0538037466235544 7.760553045146601 57
      vertex -0.9685831611286311 9.751310112835146 57
      vertex -0.9297764858882515 9.631875447315322 57
    endloop
  endfacet
  facet normal 0 0 -1
    outer loop
      vertex -1.0538037466235544 7.760553045146601 57
      vertex -1 10 57
      vertex -0.9921147013144779 9.874666766435697 57
    endloop
  endfacet
  facet normal 0.9980267284282717 -0.06279051952931274 0
    outer loop
      vertex -2.455483885753333 10.310199753071652 57
      vertex -2.475 10 52
      vertex -2.455483885753333 10.310199753071652 52
    endloop
  endfacet
  facet normal 0.9822872507286886 -0.18738131458572516 0
    outer loop
      vertex -2.397243323793362 10.615507470733016 57
      vertex -2.455483885753333 10.310199753071652 52
      vertex -2.397243323793362 10.615507470733016 52
    endloop
  endfacet
  facet normal 0.9510565162951538 -0.30901699437494695 0
    outer loop
      vertex -2.3011968025734224 10.911108267894578 57
      vertex -2.397243323793362 10.615507470733016 52
      vertex -2.3011968025734224 10.911108267894578 52
    endloop
  endfacet
  facet normal 0.9980267284282717 -0.06279051952931274 0
    outer loop
      vertex -2.475 10 57
      vertex -2.475 10 52
      vertex -2.455483885753333 10.310199753071652 57
    endloop
  endfacet
  facet normal 0.9822872507286886 -0.18738131458572516 0
    outer loop
      vertex -2.455483885753333 10.310199753071652 57
      vertex -2.455483885753333 10.310199753071652 52
      vertex -2.397243323793362 10.615507470733016 57
    endloop
  endfacet
  facet normal 0.9510565162951538 -0.30901699437494695 0
    outer loop
      vertex -2.397243323793362 10.615507470733016 57
      vertex -2.397243323793362 10.615507470733016 52
      vertex -2.3011968025734224 10.911108267894578 57
    endloop
  endfacet
  facet normal 0.9048270524660191 -0.42577929156507366 0
    outer loop
      vertex -2.3011968025734224 10.911108267894578 57
      vertex -2.3011968025734224 10.911108267894578 52
      vertex -2.168859033108562 11.192340343401746 57
    endloop
  endfacet
  facet normal 0.9048270524660191 -0.42577929156507366 0
    outer loop
      vertex -2.168859033108562 11.192340343401746 57
      vertex -2.3011968025734224 10.911108267894578 52
      vertex -2.168859033108562 11.192340343401746 52
    endloop
  endfacet
  facet normal 0.8443279255020154 -0.5358267949789961 0
    outer loop
      vertex -2.0023170610779952 11.45476849942387 57
      vertex -2.168859033108562 11.192340343401746 52
      vertex -2.0023170610779952 11.45476849942387 52
    endloop
  endfacet
  facet normal 0.77051324277579 -0.6374239897486885 0
    outer loop
      vertex -1.804197352867994 11.694254087173505 57
      vertex -2.0023170610779952 11.45476849942387 52
      vertex -1.804197352867994 11.694254087173505 52
    endloop
  endfacet
  facet normal 0.6845471059286867 -0.7289686274214132 0
    outer loop
      vertex -1.804197352867994 11.694254087173505 57
      vertex -1.804197352867994 11.694254087173505 52
      vertex -1.577624374628007 11.907020275870078 52
    endloop
  endfacet
  facet normal 0.5877852522924742 -0.8090169943749467 0
    outer loop
      vertex -1.577624374628007 11.907020275870078 57
      vertex -1.577624374628007 11.907020275870078 52
      vertex -1.3261713175730172 12.089711615617487 52
    endloop
  endfacet
  facet normal 0.48175367410171716 -0.8763066800438625 -2.1394160847419616e-17
    outer loop
      vertex -1.326171317573017 12.089711615617487 57
      vertex -1.3261713175730172 12.089711615617487 52
      vertex -1.053803746623555 12.239446954853399 52
    endloop
  endfacet
  facet normal 0.8443279255020154 -0.5358267949789961 0
    outer loop
      vertex -2.168859033108562 11.192340343401746 57
      vertex -2.168859033108562 11.192340343401746 52
      vertex -2.0023170610779952 11.45476849942387 57
    endloop
  endfacet
  facet normal 0.77051324277579 -0.6374239897486885 0
    outer loop
      vertex -2.0023170610779952 11.45476849942387 57
      vertex -2.0023170610779952 11.45476849942387 52
      vertex -1.804197352867994 11.694254087173505 57
    endloop
  endfacet
  facet normal 0.6845471059286867 -0.7289686274214132 0
    outer loop
      vertex -1.804197352867994 11.694254087173505 57
      vertex -1.577624374628007 11.907020275870078 52
      vertex -1.577624374628007 11.907020275870078 57
    endloop
  endfacet
  facet normal 0.5877852522924738 -0.8090169943749469 -2.678996941778131e-17
    outer loop
      vertex -1.577624374628007 11.907020275870078 57
      vertex -1.3261713175730172 12.089711615617487 52
      vertex -1.326171317573017 12.089711615617487 57
    endloop
  endfacet
  facet normal 0.48175367410171743 -0.8763066800438624 0
    outer loop
      vertex -1.326171317573017 12.089711615617487 57
      vertex -1.053803746623555 12.239446954853399 52
      vertex -1.053803746623555 12.239446954853399 57
    endloop
  endfacet
  facet normal 0.36812455268467514 -0.9297764858882526 0
    outer loop
      vertex -1.053803746623555 12.239446954853399 57
      vertex -1.053803746623555 12.239446954853399 52
      vertex -0.7648170610779949 12.353864877830505 52
    endloop
  endfacet
  facet normal 0.24868988716485477 -0.9685831611286312 0
    outer loop
      vertex -0.7648170610779949 12.353864877830505 57
      vertex -0.7648170610779949 12.353864877830505 52
      vertex -0.463768753599669 12.431160945553504 52
    endloop
  endfacet
  facet normal 0.1253332335643072 -0.9921147013144775 -1.669774099845796e-17
    outer loop
      vertex -0.46376875359966835 12.431160945553504 57
      vertex -0.463768753599669 12.431160945553504 52
      vertex -0.15540653583505157 12.470116152859973 52
    endloop
  endfacet
  facet normal 0 -1 0
    outer loop
      vertex -0.15540653583505037 12.470116152859973 57
      vertex -0.15540653583505157 12.470116152859973 52
      vertex 0.15540653583505037 12.470116152859973 52
    endloop
  endfacet
  facet normal 0.36812455268467514 -0.9297764858882526 0
    outer loop
      vertex -1.053803746623555 12.239446954853399 57
      vertex -0.7648170610779949 12.353864877830505 52
      vertex -0.7648170610779949 12.353864877830505 57
    endloop
  endfacet
  facet normal 0.24868988716485424 -0.9685831611286312 -3.34874617722266e-17
    outer loop
      vertex -0.7648170610779949 12.353864877830505 57
      vertex -0.463768753599669 12.431160945553504 52
      vertex -0.46376875359966835 12.431160945553504 57
    endloop
  endfacet
  facet normal 0.12533323356430698 -0.9921147013144775 -3.0138715595003926e-17
    outer loop
      vertex -0.46376875359966835 12.431160945553504 57
      vertex -0.15540653583505157 12.470116152859973 52
      vertex -0.15540653583505037 12.470116152859973 57
    endloop
  endfacet
  facet normal 0 0 -1
    outer loop
      vertex -2.455483885753333 9.689800246928348 57
      vertex -2.475 10 57
      vertex -2.455483885753333 10.310199753071652 57
    endloop
  endfacet
  facet normal 0 0 -1
    outer loop
      vertex -2.397243323793362 9.384492529266984 57
      vertex -2.455483885753333 10.310199753071652 57
      vertex -2.397243323793362 10.615507470733016 57
    endloop
  endfacet
  facet normal 0 0 -1
    outer loop
      vertex -2.3011968025734224 9.088891732105422 57
      vertex -2.397243323793362 10.615507470733016 57
      vertex -2.3011968025734224 10.911108267894578 57
    endloop
  endfacet
  facet normal 0 0 -1
    outer loop
      vertex -2.168859033108562 8.807659656598254 57
      vertex -2.3011968025734224 10.911108267894578 57
      vertex -2.168859033108562 11.192340343401746 57
    endloop
  endfacet
  facet normal 0 0 -1
    outer loop
      vertex -2.0023170610779952 8.54523150057613 57
      vertex -2.168859033108562 11.192340343401746 57
      vertex -2.0023170610779952 11.45476849942387 57
    endloop
  endfacet
  facet normal 0 0 -1
    outer loop
      vertex -1.804197352867994 8.305745912826495 57
      vertex -2.0023170610779952 11.45476849942387 57
      vertex -1.804197352867994 11.694254087173505 57
    endloop
  endfacet
  facet normal 0 0 -1
    outer loop
      vertex -1.577624374628007 8.092979724129922 57
      vertex -1.804197352867994 11.694254087173505 57
      vertex -1.577624374628007 11.907020275870078 57
    endloop
  endfacet
  facet normal 0 0 -1
    outer loop
      vertex -1.326171317573017 7.910288384382513 57
      vertex -1.577624374628007 11.907020275870078 57
      vertex -1.326171317573017 12.089711615617487 57
    endloop
  endfacet
  facet normal 0 0 -1
    outer loop
      vertex -1.0538037466235544 7.760553045146601 57
      vertex -1.326171317573017 12.089711615617487 57
      vertex -1.053803746623555 12.239446954853399 57
    endloop
  endfacet
  facet normal 0 0 -1
    outer loop
      vertex -1.0538037466235544 7.760553045146601 57
      vertex -1.053803746623555 12.239446954853399 57
      vertex -1 10 57
    endloop
  endfacet
  facet normal 0 0 -1
    outer loop
      vertex -1 10 57
      vertex -1.053803746623555 12.239446954853399 57
      vertex -0.9921147013144779 10.125333233564303 57
    endloop
  endfacet
  facet normal 0 0 -1
    outer loop
      vertex -0.9921147013144779 10.125333233564303 57
      vertex -1.053803746623555 12.239446954853399 57
      vertex -0.9685831611286311 10.248689887164854 57
    endloop
  endfacet
  facet normal 0 0 -1
    outer loop
      vertex -0.9685831611286311 10.248689887164854 57
      vertex -1.053803746623555 12.239446954853399 57
      vertex -0.9297764858882515 10.368124552684678 57
    endloop
  endfacet
  facet normal 0 0 -1
    outer loop
      vertex -0.9297764858882515 10.368124552684678 57
      vertex -1.053803746623555 12.239446954853399 57
      vertex -0.8763066800438635 10.481753674101716 57
    endloop
  endfacet
  facet normal 0 0 -1
    outer loop
      vertex -0.8763066800438635 10.481753674101716 57
      vertex -1.053803746623555 12.239446954853399 57
      vertex -0.8090169943749475 10.587785252292473 57
    endloop
  endfacet
  facet normal 0 0 -1
    outer loop
      vertex -0.8090169943749475 10.587785252292473 57
      vertex -0.7648170610779949 12.353864877830505 57
      vertex -0.7289686274214117 10.684547105928688 57
    endloop
  endfacet
  facet normal 0 0 -1
    outer loop
      vertex -0.7289686274214117 10.684547105928688 57
      vertex -0.7648170610779949 12.353864877830505 57
      vertex -0.6374239897486896 10.77051324277579 57
    endloop
  endfacet
  facet normal 0 0 -1
    outer loop
      vertex -0.6374239897486896 10.77051324277579 57
      vertex -0.7648170610779949 12.353864877830505 57
      vertex -0.5358267949789968 10.844327925502014 57
    endloop
  endfacet
  facet normal 0 0 -1
    outer loop
      vertex -0.8090169943749475 10.587785252292473 57
      vertex -1.053803746623555 12.239446954853399 57
      vertex -0.7648170610779949 12.353864877830505 57
    endloop
  endfacet
  facet normal 0 0 -1
    outer loop
      vertex -0.5358267949789968 10.844327925502014 57
      vertex -0.7648170610779949 12.353864877830505 57
      vertex -0.46376875359966835 12.431160945553504 57
    endloop
  endfacet
  facet normal 0 0 -1
    outer loop
      vertex -0.5358267949789968 10.844327925502014 57
      vertex -0.46376875359966835 12.431160945553504 57
      vertex -0.4257792915650727 10.90482705246602 57
    endloop
  endfacet
  facet normal 0 0 -1
    outer loop
      vertex -0.4257792915650727 10.90482705246602 57
      vertex -0.46376875359966835 12.431160945553504 57
      vertex -0.3090169943749474 10.951056516295154 57
    endloop
  endfacet
  facet normal 0 0 -1
    outer loop
      vertex -0.3090169943749474 10.951056516295154 57
      vertex -0.46376875359966835 12.431160945553504 57
      vertex -0.18738131458572457 10.982287250728689 57
    endloop
  endfacet
  facet normal 0 0 -1
    outer loop
      vertex -0.18738131458572457 10.982287250728689 57
      vertex -0.15540653583505037 12.470116152859973 57
      vertex -0.06279051952931328 10.998026728428272 57
    endloop
  endfacet
  facet normal 0 0 -1
    outer loop
      vertex -0.18738131458572457 10.982287250728689 57
      vertex -0.46376875359966835 12.431160945553504 57
      vertex -0.15540653583505037 12.470116152859973 57
    endloop
  endfacet
  facet normal 0 0 -1
    outer loop
      vertex -0.06279051952931328 10.998026728428272 57
      vertex -0.15540653583505037 12.470116152859973 57
      vertex 0.15540653583505037 12.470116152859973 57
    endloop
  endfacet
  facet normal 0 1 0
    outer loop
      vertex 0.15540653583505157 7.529883847140027 57
      vertex 0.1554065358350516 7.529883847140027 52
      vertex -0.15540653583505157 7.529883847140027 52
    endloop
  endfacet
  facet normal -0.1253332335643072 0.9921147013144773 -1.3914784165381634e-18
    outer loop
      vertex 0.46376875359966896 7.568839054446496 57
      vertex 0.463768753599669 7.568839054446496 52
      vertex 0.1554065358350516 7.529883847140027 52
    endloop
  endfacet
  facet normal -0.24868988716485477 0.9685831611286312 0
    outer loop
      vertex 0.7648170610779949 7.646135122169495 57
      vertex 0.7648170610779949 7.646135122169495 52
      vertex 0.463768753599669 7.568839054446496 52
    endloop
  endfacet
  facet normal -0.3681245526846757 0.9297764858882523 -1.6348014172814537e-17
    outer loop
      vertex 1.0538037466235544 7.760553045146601 57
      vertex 1.0538037466235546 7.760553045146601 52
      vertex 0.7648170610779949 7.646135122169495 52
    endloop
  endfacet
  facet normal -0.12533323356430723 0.9921147013144775 -6.957392082690819e-19
    outer loop
      vertex 0.15540653583505157 7.529883847140027 57
      vertex 0.46376875359966896 7.568839054446496 57
      vertex 0.1554065358350516 7.529883847140027 52
    endloop
  endfacet
  facet normal -0.24868988716485474 0.9685831611286312 -2.761012387218539e-18
    outer loop
      vertex 0.46376875359966896 7.568839054446496 57
      vertex 0.7648170610779949 7.646135122169495 57
      vertex 0.463768753599669 7.568839054446496 52
    endloop
  endfacet
  facet normal -0.36812455268467587 0.9297764858882521 0
    outer loop
      vertex 0.7648170610779949 7.646135122169495 57
      vertex 1.0538037466235544 7.760553045146601 57
      vertex 0.7648170610779949 7.646135122169495 52
    endloop
  endfacet
  facet normal -0.48175367410171654 0.8763066800438629 0
    outer loop
      vertex 1.3261713175730157 7.910288384382512 57
      vertex 1.3261713175730157 7.910288384382512 52
      vertex 1.0538037466235546 7.760553045146601 52
    endloop
  endfacet
  facet normal -0.5877852522924727 0.8090169943749477 0
    outer loop
      vertex 1.5776243746280076 8.092979724129922 57
      vertex 1.5776243746280076 8.092979724129922 52
      vertex 1.3261713175730157 7.910288384382512 52
    endloop
  endfacet
  facet normal -0.6845471059286878 0.7289686274214122 0
    outer loop
      vertex 1.804197352867994 8.305745912826495 57
      vertex 1.804197352867994 8.305745912826495 52
      vertex 1.5776243746280076 8.092979724129922 52
    endloop
  endfacet
  facet normal -0.77051324277579 0.6374239897486885 0
    outer loop
      vertex 1.804197352867994 8.305745912826495 57
      vertex 2.0023170610779952 8.54523150057613 52
      vertex 1.804197352867994 8.305745912826495 52
    endloop
  endfacet
  facet normal -0.8443279255020154 0.5358267949789961 0
    outer loop
      vertex 2.0023170610779952 8.54523150057613 57
      vertex 2.168859033108562 8.807659656598254 52
      vertex 2.0023170610779952 8.54523150057613 52
    endloop
  endfacet
  facet normal -0.9048270524660186 0.42577929156507466 0
    outer loop
      vertex 2.168859033108562 8.807659656598254 57
      vertex 2.301196802573422 9.08889173210542 52
      vertex 2.168859033108562 8.807659656598254 52
    endloop
  endfacet
  facet normal -0.48175367410171616 0.876306680043863 -2.139416084741957e-17
    outer loop
      vertex 1.0538037466235544 7.760553045146601 57
      vertex 1.3261713175730157 7.910288384382512 57
      vertex 1.0538037466235546 7.760553045146601 52
    endloop
  endfacet
  facet normal -0.5877852522924727 0.8090169943749477 0
    outer loop
      vertex 1.3261713175730157 7.910288384382512 57
      vertex 1.5776243746280076 8.092979724129922 57
      vertex 1.3261713175730157 7.910288384382512 52
    endloop
  endfacet
  facet normal -0.6845471059286878 0.7289686274214122 0
    outer loop
      vertex 1.5776243746280076 8.092979724129922 57
      vertex 1.804197352867994 8.305745912826495 57
      vertex 1.5776243746280076 8.092979724129922 52
    endloop
  endfacet
  facet normal -0.77051324277579 0.6374239897486885 0
    outer loop
      vertex 1.804197352867994 8.305745912826495 57
      vertex 2.0023170610779952 8.54523150057613 57
      vertex 2.0023170610779952 8.54523150057613 52
    endloop
  endfacet
  facet normal -0.8443279255020154 0.5358267949789961 0
    outer loop
      vertex 2.0023170610779952 8.54523150057613 57
      vertex 2.168859033108562 8.807659656598254 57
      vertex 2.168859033108562 8.807659656598254 52
    endloop
  endfacet
  facet normal -0.951056516295154 0.3090169943749462 0
    outer loop
      vertex 2.301196802573422 9.08889173210542 57
      vertex 2.3972433237933624 9.384492529266986 52
      vertex 2.301196802573422 9.08889173210542 52
    endloop
  endfacet
  facet normal -0.9822872507286887 0.18738131458572485 0
    outer loop
      vertex 2.3972433237933624 9.384492529266986 57
      vertex 2.455483885753333 9.689800246928348 52
      vertex 2.3972433237933624 9.384492529266986 52
    endloop
  endfacet
  facet normal -0.9980267284282717 0.06279051952931274 0
    outer loop
      vertex 2.455483885753333 9.689800246928348 57
      vertex 2.475 10 52
      vertex 2.455483885753333 9.689800246928348 52
    endloop
  endfacet
  facet normal -0.9048270524660186 0.42577929156507466 0
    outer loop
      vertex 2.168859033108562 8.807659656598254 57
      vertex 2.301196802573422 9.08889173210542 57
      vertex 2.301196802573422 9.08889173210542 52
    endloop
  endfacet
  facet normal -0.951056516295154 0.3090169943749462 0
    outer loop
      vertex 2.301196802573422 9.08889173210542 57
      vertex 2.3972433237933624 9.384492529266986 57
      vertex 2.3972433237933624 9.384492529266986 52
    endloop
  endfacet
  facet normal -0.9822872507286887 0.18738131458572485 0
    outer loop
      vertex 2.3972433237933624 9.384492529266986 57
      vertex 2.455483885753333 9.689800246928348 57
      vertex 2.455483885753333 9.689800246928348 52
    endloop
  endfacet
  facet normal -0.9980267284282717 0.06279051952931274 0
    outer loop
      vertex 2.455483885753333 9.689800246928348 57
      vertex 2.475 10 57
      vertex 2.475 10 52
    endloop
  endfacet
  facet normal 0 0 -1
    outer loop
      vertex -0.15540653583505157 7.529883847140027 57
      vertex 0.06279051952931411 9.001973271571728 57
      vertex 0.15540653583505157 7.529883847140027 57
    endloop
  endfacet
  facet normal 0 0 -1
    outer loop
      vertex 0.15540653583505157 7.529883847140027 57
      vertex 0.18738131458572482 9.017712749271311 57
      vertex 0.46376875359966896 7.568839054446496 57
    endloop
  endfacet
  facet normal 0 0 -1
    outer loop
      vertex 0.15540653583505157 7.529883847140027 57
      vertex 0.06279051952931411 9.001973271571728 57
      vertex 0.18738131458572482 9.017712749271311 57
    endloop
  endfacet
  facet normal 0 0 -1
    outer loop
      vertex 0.46376875359966896 7.568839054446496 57
      vertex 0.18738131458572482 9.017712749271311 57
      vertex 0.3090169943749474 9.048943483704846 57
    endloop
  endfacet
  facet normal 0 0 -1
    outer loop
      vertex 0.46376875359966896 7.568839054446496 57
      vertex 0.3090169943749474 9.048943483704846 57
      vertex 0.42577929156507244 9.09517294753398 57
    endloop
  endfacet
  facet normal 0 0 -1
    outer loop
      vertex 0.46376875359966896 7.568839054446496 57
      vertex 0.42577929156507244 9.09517294753398 57
      vertex 0.5358267949789962 9.155672074497986 57
    endloop
  endfacet
  facet normal 0 0 -1
    outer loop
      vertex 0.46376875359966896 7.568839054446496 57
      vertex 0.5358267949789962 9.155672074497986 57
      vertex 0.7648170610779949 7.646135122169495 57
    endloop
  endfacet
  facet normal 0 0 -1
    outer loop
      vertex 0.7648170610779949 7.646135122169495 57
      vertex 0.8090169943749475 9.412214747707527 57
      vertex 1.0538037466235544 7.760553045146601 57
    endloop
  endfacet
  facet normal 0 0 -1
    outer loop
      vertex 0.7648170610779949 7.646135122169495 57
      vertex 0.5358267949789962 9.155672074497986 57
      vertex 0.63742398974869 9.229486757224212 57
    endloop
  endfacet
  facet normal 0 0 -1
    outer loop
      vertex 0.7648170610779949 7.646135122169495 57
      vertex 0.63742398974869 9.229486757224212 57
      vertex 0.7289686274214117 9.315452894071312 57
    endloop
  endfacet
  facet normal 0 0 -1
    outer loop
      vertex 0.7648170610779949 7.646135122169495 57
      vertex 0.7289686274214117 9.315452894071312 57
      vertex 0.8090169943749475 9.412214747707527 57
    endloop
  endfacet
  facet normal 0 0 -1
    outer loop
      vertex 1.0538037466235544 7.760553045146601 57
      vertex 0.8090169943749475 9.412214747707527 57
      vertex 0.8763066800438635 9.518246325898284 57
    endloop
  endfacet
  facet normal 0 0 -1
    outer loop
      vertex 1.0538037466235544 7.760553045146601 57
      vertex 0.8763066800438635 9.518246325898284 57
      vertex 0.9297764858882512 9.631875447315322 57
    endloop
  endfacet
  facet normal 0 0 -1
    outer loop
      vertex 1.0538037466235544 7.760553045146601 57
      vertex 0.9297764858882512 9.631875447315322 57
      vertex 0.9685831611286312 9.751310112835146 57
    endloop
  endfacet
  facet normal 0 0 -1
    outer loop
      vertex 1.0538037466235544 7.760553045146601 57
      vertex 0.9685831611286312 9.751310112835146 57
      vertex 0.9921147013144779 9.874666766435697 57
    endloop
  endfacet
  facet normal 0 0 -1
    outer loop
      vertex 1.0538037466235544 7.760553045146601 57
      vertex 0.9921147013144779 9.874666766435697 57
      vertex 1 10 57
    endloop
  endfacet
  facet normal 0 0 -1
    outer loop
      vertex 1.0538037466235544 7.760553045146601 57
      vertex 1.053803746623555 12.239446954853399 57
      vertex 1.3261713175730157 7.910288384382512 57
    endloop
  endfacet
  facet normal 0 0 -1
    outer loop
      vertex 1.3261713175730157 7.910288384382512 57
      vertex 1.3261713175730168 12.089711615617487 57
      vertex 1.5776243746280076 8.092979724129922 57
    endloop
  endfacet
  facet normal 0 0 -1
    outer loop
      vertex 1.5776243746280076 8.092979724129922 57
      vertex 1.5776243746280072 11.907020275870078 57
      vertex 1.804197352867994 8.305745912826495 57
    endloop
  endfacet
  facet normal 0 0 -1
    outer loop
      vertex 1.804197352867994 8.305745912826495 57
      vertex 1.8041973528679938 11.694254087173505 57
      vertex 2.0023170610779952 8.54523150057613 57
    endloop
  endfacet
  facet normal 0 0 -1
    outer loop
      vertex 2.0023170610779952 8.54523150057613 57
      vertex 2.0023170610779952 11.45476849942387 57
      vertex 2.168859033108562 8.807659656598254 57
    endloop
  endfacet
  facet normal 0 0 -1
    outer loop
      vertex 2.168859033108562 8.807659656598254 57
      vertex 2.1688590331085624 11.192340343401746 57
      vertex 2.301196802573422 9.08889173210542 57
    endloop
  endfacet
  facet normal 0 0 -1
    outer loop
      vertex 2.301196802573422 9.08889173210542 57
      vertex 2.301196802573422 10.911108267894578 57
      vertex 2.3972433237933624 9.384492529266986 57
    endloop
  endfacet
  facet normal 0 0 -1
    outer loop
      vertex 2.3972433237933624 9.384492529266986 57
      vertex 2.397243323793362 10.615507470733016 57
      vertex 2.455483885753333 9.689800246928348 57
    endloop
  endfacet
  facet normal -0.481753674101714 -0.8763066800438643 6.418248254225843e-17
    outer loop
      vertex 1.053803746623555 12.239446954853399 57
      vertex 1.0538037466235544 12.239446954853399 52
      vertex 1.3261713175730157 12.089711615617489 52
    endloop
  endfacet
  facet normal -0.6845471059286874 -0.7289686274214126 0
    outer loop
      vertex 1.5776243746280072 11.907020275870078 57
      vertex 1.5776243746280072 11.907020275870078 52
      vertex 1.8041973528679938 11.694254087173505 52
    endloop
  endfacet
  facet normal -0.5877852522924752 -0.8090169943749458 -1.569060301037513e-16
    outer loop
      vertex 1.3261713175730168 12.089711615617487 57
      vertex 1.3261713175730157 12.089711615617489 52
      vertex 1.5776243746280072 11.907020275870078 52
    endloop
  endfacet
  facet normal -0.7705132427757897 -0.637423989748689 0
    outer loop
      vertex 2.0023170610779952 11.45476849942387 57
      vertex 1.8041973528679938 11.694254087173505 52
      vertex 2.0023170610779952 11.45476849942387 52
    endloop
  endfacet
  facet normal -0.8443279255020147 -0.535826794978997 0
    outer loop
      vertex 2.1688590331085624 11.192340343401746 57
      vertex 2.0023170610779952 11.45476849942387 52
      vertex 2.1688590331085624 11.192340343401746 52
    endloop
  endfacet
  facet normal -0.9048270524660201 -0.4257792915650713 0
    outer loop
      vertex 2.301196802573422 10.911108267894578 57
      vertex 2.1688590331085624 11.192340343401746 57
      vertex 2.1688590331085624 11.192340343401746 52
    endloop
  endfacet
  facet normal -0.4817536741017178 -0.8763066800438623 -2.0538976553632293e-16
    outer loop
      vertex 1.053803746623555 12.239446954853399 57
      vertex 1.3261713175730157 12.089711615617489 52
      vertex 1.3261713175730168 12.089711615617487 57
    endloop
  endfacet
  facet normal -0.5877852522924731 -0.8090169943749473 0
    outer loop
      vertex 1.3261713175730168 12.089711615617487 57
      vertex 1.5776243746280072 11.907020275870078 52
      vertex 1.5776243746280072 11.907020275870078 57
    endloop
  endfacet
  facet normal -0.7705132427757897 -0.637423989748689 0
    outer loop
      vertex 1.8041973528679938 11.694254087173505 57
      vertex 1.8041973528679938 11.694254087173505 52
      vertex 2.0023170610779952 11.45476849942387 57
    endloop
  endfacet
  facet normal -0.8443279255020147 -0.535826794978997 0
    outer loop
      vertex 2.1688590331085624 11.192340343401746 57
      vertex 2.0023170610779952 11.45476849942387 57
      vertex 2.0023170610779952 11.45476849942387 52
    endloop
  endfacet
  facet normal -0.6845471059286874 -0.7289686274214126 0
    outer loop
      vertex 1.8041973528679938 11.694254087173505 57
      vertex 1.5776243746280072 11.907020275870078 57
      vertex 1.8041973528679938 11.694254087173505 52
    endloop
  endfacet
  facet normal -0.12533323356430698 -0.9921147013144775 0
    outer loop
      vertex 0.15540653583505037 12.470116152859973 57
      vertex 0.15540653583505037 12.470116152859973 52
      vertex 0.46376875359966835 12.431160945553504 52
    endloop
  endfacet
  facet normal -0.24868988716485424 -0.9685831611286312 0
    outer loop
      vertex 0.46376875359966835 12.431160945553504 57
      vertex 0.46376875359966835 12.431160945553504 52
      vertex 0.7648170610779949 12.353864877830505 52
    endloop
  endfacet
  facet normal -0.36812455268467587 -0.9297764858882521 0
    outer loop
      vertex 0.7648170610779949 12.353864877830505 57
      vertex 0.7648170610779949 12.353864877830505 52
      vertex 1.0538037466235544 12.239446954853399 52
    endloop
  endfacet
  facet normal 0 -1 0
    outer loop
      vertex -0.15540653583505037 12.470116152859973 57
      vertex 0.15540653583505037 12.470116152859973 52
      vertex 0.15540653583505037 12.470116152859973 57
    endloop
  endfacet
  facet normal -0.12533323356430698 -0.9921147013144775 0
    outer loop
      vertex 0.15540653583505037 12.470116152859973 57
      vertex 0.46376875359966835 12.431160945553504 52
      vertex 0.46376875359966835 12.431160945553504 57
    endloop
  endfacet
  facet normal -0.24868988716485424 -0.9685831611286312 0
    outer loop
      vertex 0.46376875359966835 12.431160945553504 57
      vertex 0.7648170610779949 12.353864877830505 52
      vertex 0.7648170610779949 12.353864877830505 57
    endloop
  endfacet
  facet normal -0.36812455268467514 -0.9297764858882526 4.911494393259904e-17
    outer loop
      vertex 0.7648170610779949 12.353864877830505 57
      vertex 1.0538037466235544 12.239446954853399 52
      vertex 1.053803746623555 12.239446954853399 57
    endloop
  endfacet
  facet normal -0.9980267284282717 -0.06279051952931237 0
    outer loop
      vertex 2.475 10 57
      vertex 2.455483885753333 10.310199753071654 52
      vertex 2.475 10 52
    endloop
  endfacet
  facet normal -0.9822872507286885 -0.18738131458572624 0
    outer loop
      vertex 2.455483885753333 10.310199753071654 57
      vertex 2.397243323793362 10.615507470733016 52
      vertex 2.455483885753333 10.310199753071654 52
    endloop
  endfacet
  facet normal -0.9510565162951529 -0.30901699437494956 0
    outer loop
      vertex 2.397243323793362 10.615507470733016 57
      vertex 2.3011968025734215 10.911108267894578 52
      vertex 2.397243323793362 10.615507470733016 52
    endloop
  endfacet
  facet normal -0.9048270524660207 -0.4257792915650701 8.036478615611926e-17
    outer loop
      vertex 2.301196802573422 10.911108267894578 57
      vertex 2.1688590331085624 11.192340343401746 52
      vertex 2.3011968025734215 10.911108267894578 52
    endloop
  endfacet
  facet normal -0.9980267284282717 -0.06279051952931237 0
    outer loop
      vertex 2.475 10 57
      vertex 2.455483885753333 10.310199753071654 57
      vertex 2.455483885753333 10.310199753071654 52
    endloop
  endfacet
  facet normal -0.9822872507286885 -0.18738131458572624 0
    outer loop
      vertex 2.455483885753333 10.310199753071654 57
      vertex 2.397243323793362 10.615507470733016 57
      vertex 2.397243323793362 10.615507470733016 52
    endloop
  endfacet
  facet normal -0.9510565162951533 -0.30901699437494823 8.260240570482571e-17
    outer loop
      vertex 2.397243323793362 10.615507470733016 57
      vertex 2.301196802573422 10.911108267894578 57
      vertex 2.3011968025734215 10.911108267894578 52
    endloop
  endfacet
  facet normal 0 0 -1
    outer loop
      vertex 1.0538037466235544 7.760553045146601 57
      vertex 1 10 57
      vertex 1.053803746623555 12.239446954853399 57
    endloop
  endfacet
  facet normal 0 0 -1
    outer loop
      vertex 1 10 57
      vertex 0.9921147013144779 10.125333233564305 57
      vertex 1.053803746623555 12.239446954853399 57
    endloop
  endfacet
  facet normal 0 0 -1
    outer loop
      vertex 0.9685831611286311 10.248689887164854 57
      vertex 0.9297764858882513 10.368124552684678 57
      vertex 1.053803746623555 12.239446954853399 57
    endloop
  endfacet
  facet normal 0 0 -1
    outer loop
      vertex 0.8763066800438636 10.481753674101716 57
      vertex 1.053803746623555 12.239446954853399 57
      vertex 0.9297764858882513 10.368124552684678 57
    endloop
  endfacet
  facet normal 0 0 -1
    outer loop
      vertex 0.9921147013144779 10.125333233564305 57
      vertex 0.9685831611286311 10.248689887164854 57
      vertex 1.053803746623555 12.239446954853399 57
    endloop
  endfacet
  facet normal 0 0 -1
    outer loop
      vertex -0.06279051952931328 10.998026728428272 57
      vertex 0.15540653583505037 12.470116152859973 57
      vertex 0.06279051952931328 10.998026728428272 57
    endloop
  endfacet
  facet normal 0 0 -1
    outer loop
      vertex 0.06279051952931328 10.998026728428272 57
      vertex 0.15540653583505037 12.470116152859973 57
      vertex 0.18738131458572457 10.982287250728689 57
    endloop
  endfacet
  facet normal 0 0 -1
    outer loop
      vertex 0.4257792915650727 10.90482705246602 57
      vertex 0.46376875359966835 12.431160945553504 57
      vertex 0.5358267949789967 10.844327925502014 57
    endloop
  endfacet
  facet normal 0 0 -1
    outer loop
      vertex 0.18738131458572457 10.982287250728689 57
      vertex 0.46376875359966835 12.431160945553504 57
      vertex 0.3090169943749474 10.951056516295154 57
    endloop
  endfacet
  facet normal 0 0 -1
    outer loop
      vertex 0.3090169943749474 10.951056516295154 57
      vertex 0.46376875359966835 12.431160945553504 57
      vertex 0.4257792915650727 10.90482705246602 57
    endloop
  endfacet
  facet normal 0 0 -1
    outer loop
      vertex 0.18738131458572457 10.982287250728689 57
      vertex 0.15540653583505037 12.470116152859973 57
      vertex 0.46376875359966835 12.431160945553504 57
    endloop
  endfacet
  facet normal 0 0 -1
    outer loop
      vertex 0.5358267949789967 10.844327925502014 57
      vertex 0.7648170610779949 12.353864877830505 57
      vertex 0.6374239897486897 10.77051324277579 57
    endloop
  endfacet
  facet normal 0 0 -1
    outer loop
      vertex 0.8090169943749475 10.587785252292473 57
      vertex 0.7289686274214116 10.684547105928688 57
      vertex 0.7648170610779949 12.353864877830505 57
    endloop
  endfacet
  facet normal 0 0 -1
    outer loop
      vertex 0.8090169943749475 10.587785252292473 57
      vertex 0.7648170610779949 12.353864877830505 57
      vertex 0.8763066800438636 10.481753674101716 57
    endloop
  endfacet
  facet normal 0 0 -1
    outer loop
      vertex 0.6374239897486897 10.77051324277579 57
      vertex 0.7648170610779949 12.353864877830505 57
      vertex 0.7289686274214116 10.684547105928688 57
    endloop
  endfacet
  facet normal 0 0 -1
    outer loop
      vertex 0.5358267949789967 10.844327925502014 57
      vertex 0.46376875359966835 12.431160945553504 57
      vertex 0.7648170610779949 12.353864877830505 57
    endloop
  endfacet
  facet normal 0 0 -1
    outer loop
      vertex 0.8763066800438636 10.481753674101716 57
      vertex 0.7648170610779949 12.353864877830505 57
      vertex 1.053803746623555 12.239446954853399 57
    endloop
  endfacet
  facet normal 0 0 -1
    outer loop
      vertex 1.3261713175730157 7.910288384382512 57
      vertex 1.053803746623555 12.239446954853399 57
      vertex 1.3261713175730168 12.089711615617487 57
    endloop
  endfacet
  facet normal 0 0 -1
    outer loop
      vertex 1.5776243746280076 8.092979724129922 57
      vertex 1.3261713175730168 12.089711615617487 57
      vertex 1.5776243746280072 11.907020275870078 57
    endloop
  endfacet
  facet normal 0 0 -1
    outer loop
      vertex 2.168859033108562 8.807659656598254 57
      vertex 2.0023170610779952 11.45476849942387 57
      vertex 2.1688590331085624 11.192340343401746 57
    endloop
  endfacet
  facet normal 0 0 -1
    outer loop
      vertex 1.804197352867994 8.305745912826495 57
      vertex 1.5776243746280072 11.907020275870078 57
      vertex 1.8041973528679938 11.694254087173505 57
    endloop
  endfacet
  facet normal 0 0 -1
    outer loop
      vertex 2.0023170610779952 8.54523150057613 57
      vertex 1.8041973528679938 11.694254087173505 57
      vertex 2.0023170610779952 11.45476849942387 57
    endloop
  endfacet
  facet normal 0 0 -1
    outer loop
      vertex 2.455483885753333 9.689800246928348 57
      vertex 2.455483885753333 10.310199753071654 57
      vertex 2.475 10 57
    endloop
  endfacet
  facet normal 0 0 -1
    outer loop
      vertex 2.455483885753333 9.689800246928348 57
      vertex 2.397243323793362 10.615507470733016 57
      vertex 2.455483885753333 10.310199753071654 57
    endloop
  endfacet
  facet normal 0 0 -1
    outer loop
      vertex 2.301196802573422 9.08889173210542 57
      vertex 2.1688590331085624 11.192340343401746 57
      vertex 2.301196802573422 10.911108267894578 57
    endloop
  endfacet
  facet normal 0 0 -1
    outer loop
      vertex 2.3972433237933624 9.384492529266986 57
      vertex 2.301196802573422 10.911108267894578 57
      vertex 2.397243323793362 10.615507470733016 57
    endloop
  endfacet
  facet normal 0.7705132427757877 0.6374239897486916 0
    outer loop
      vertex -0.7289686274214117 9.315452894071312 57
      vertex -0.8090169943749475 9.412214747707527 57
      vertex -0.8090169943749475 9.412214747707527 59
    endloop
  endfacet
  facet normal 0.6845471059286923 0.728968627421408 0
    outer loop
      vertex -0.7289686274214117 9.315452894071312 57
      vertex -0.7289686274214117 9.315452894071312 59
      vertex -0.6374239897486896 9.22948675722421 57
    endloop
  endfacet
  facet normal 0.5877852522924669 0.8090169943749519 0
    outer loop
      vertex -0.6374239897486896 9.22948675722421 57
      vertex -0.6374239897486896 9.22948675722421 59
      vertex -0.5358267949789968 9.155672074497986 57
    endloop
  endfacet
  facet normal 0.8443279255020143 0.535826794978998 0
    outer loop
      vertex -0.8763066800438635 9.518246325898284 57
      vertex -0.8763066800438635 9.518246325898284 59
      vertex -0.8090169943749475 9.412214747707527 57
    endloop
  endfacet
  facet normal 0.9510565162951545 0.30901699437494434 0
    outer loop
      vertex -0.9297764858882515 9.631875447315322 57
      vertex -0.9685831611286311 9.751310112835146 57
      vertex -0.9685831611286311 9.751310112835146 59
    endloop
  endfacet
  facet normal 0.9048270524660197 0.4257792915650725 0
    outer loop
      vertex -0.9297764858882515 9.631875447315322 57
      vertex -0.9297764858882515 9.631875447315322 59
      vertex -0.8763066800438635 9.518246325898284 57
    endloop
  endfacet
  facet normal 0.9980267284282714 0.06279051952931346 0
    outer loop
      vertex -0.9921147013144779 9.874666766435697 57
      vertex -1 10 57
      vertex -1 10 59
    endloop
  endfacet
  facet normal 0.9822872507286887 0.18738131458572493 0
    outer loop
      vertex -0.9685831611286311 9.751310112835146 57
      vertex -0.9921147013144779 9.874666766435697 57
      vertex -0.9921147013144779 9.874666766435697 59
    endloop
  endfacet
  facet normal 0.48175367410172115 0.8763066800438603 0
    outer loop
      vertex -0.5358267949789968 9.155672074497986 57
      vertex -0.5358267949789968 9.155672074497986 59
      vertex -0.42577929156507244 9.09517294753398 57
    endloop
  endfacet
  facet normal 0.3681245526846756 0.9297764858882525 0
    outer loop
      vertex -0.42577929156507244 9.09517294753398 57
      vertex -0.42577929156507244 9.09517294753398 59
      vertex -0.3090169943749474 9.048943483704846 57
    endloop
  endfacet
  facet normal 0.12533323356430495 0.9921147013144777 0
    outer loop
      vertex -0.18738131458572482 9.017712749271311 57
      vertex -0.18738131458572482 9.017712749271311 59
      vertex -0.06279051952931376 9.001973271571728 57
    endloop
  endfacet
  facet normal 0.24868988716485582 0.9685831611286309 0
    outer loop
      vertex -0.3090169943749474 9.048943483704846 57
      vertex -0.3090169943749474 9.048943483704846 59
      vertex -0.18738131458572482 9.017712749271311 57
    endloop
  endfacet
  facet normal 0 1 0
    outer loop
      vertex -0.06279051952931376 9.001973271571728 57
      vertex -0.06279051952931376 9.001973271571728 59
      vertex 0.06279051952931411 9.001973271571728 57
    endloop
  endfacet
  facet normal 0.7705132427757877 0.6374239897486916 0
    outer loop
      vertex -0.7289686274214117 9.315452894071312 57
      vertex -0.8090169943749475 9.412214747707527 59
      vertex -0.7289686274214117 9.315452894071312 59
    endloop
  endfacet
  facet normal 0.6845471059286923 0.728968627421408 0
    outer loop
      vertex -0.6374239897486896 9.22948675722421 57
      vertex -0.7289686274214117 9.315452894071312 59
      vertex -0.6374239897486896 9.22948675722421 59
    endloop
  endfacet
  facet normal 0.5877852522924669 0.8090169943749519 0
    outer loop
      vertex -0.5358267949789968 9.155672074497986 57
      vertex -0.6374239897486896 9.22948675722421 59
      vertex -0.5358267949789968 9.155672074497986 59
    endloop
  endfacet
  facet normal 0.9048270524660197 0.4257792915650725 0
    outer loop
      vertex -0.8763066800438635 9.518246325898284 57
      vertex -0.9297764858882515 9.631875447315322 59
      vertex -0.8763066800438635 9.518246325898284 59
    endloop
  endfacet
  facet normal 0.9510565162951545 0.30901699437494434 0
    outer loop
      vertex -0.9297764858882515 9.631875447315322 57
      vertex -0.9685831611286311 9.751310112835146 59
      vertex -0.9297764858882515 9.631875447315322 59
    endloop
  endfacet
  facet normal 0.9980267284282714 0.06279051952931346 0
    outer loop
      vertex -0.9921147013144779 9.874666766435697 57
      vertex -1 10 59
      vertex -0.9921147013144779 9.874666766435697 59
    endloop
  endfacet
  facet normal 0.9822872507286887 0.18738131458572493 0
    outer loop
      vertex -0.9685831611286311 9.751310112835146 57
      vertex -0.9921147013144779 9.874666766435697 59
      vertex -0.9685831611286311 9.751310112835146 59
    endloop
  endfacet
  facet normal 0.8443279255020143 0.535826794978998 0
    outer loop
      vertex -0.8090169943749475 9.412214747707527 57
      vertex -0.8763066800438635 9.518246325898284 59
      vertex -0.8090169943749475 9.412214747707527 59
    endloop
  endfacet
  facet normal 0.48175367410172115 0.8763066800438603 0
    outer loop
      vertex -0.42577929156507244 9.09517294753398 57
      vertex -0.5358267949789968 9.155672074497986 59
      vertex -0.42577929156507244 9.09517294753398 59
    endloop
  endfacet
  facet normal 0.3681245526846756 0.9297764858882525 0
    outer loop
      vertex -0.3090169943749474 9.048943483704846 57
      vertex -0.42577929156507244 9.09517294753398 59
      vertex -0.3090169943749474 9.048943483704846 59
    endloop
  endfacet
  facet normal 0.24868988716485582 0.9685831611286309 0
    outer loop
      vertex -0.18738131458572482 9.017712749271311 57
      vertex -0.3090169943749474 9.048943483704846 59
      vertex -0.18738131458572482 9.017712749271311 59
    endloop
  endfacet
  facet normal 0.12533323356430495 0.9921147013144777 0
    outer loop
      vertex -0.06279051952931376 9.001973271571728 57
      vertex -0.18738131458572482 9.017712749271311 59
      vertex -0.06279051952931376 9.001973271571728 59
    endloop
  endfacet
  facet normal 0.9980267284282714 -0.06279051952931346 0
    outer loop
      vertex -1 10 57
      vertex -0.9921147013144779 10.125333233564303 57
      vertex -0.9921147013144779 10.125333233564303 59
    endloop
  endfacet
  facet normal 0.9822872507286887 -0.18738131458572493 0
    outer loop
      vertex -0.9921147013144779 10.125333233564303 57
      vertex -0.9685831611286311 10.248689887164854 57
      vertex -0.9685831611286311 10.248689887164854 59
    endloop
  endfacet
  facet normal 0.9510565162951545 -0.30901699437494434 0
    outer loop
      vertex -0.9685831611286311 10.248689887164854 57
      vertex -0.9297764858882515 10.368124552684678 57
      vertex -0.9297764858882515 10.368124552684678 59
    endloop
  endfacet
  facet normal 0.9048270524660197 -0.4257792915650725 0
    outer loop
      vertex -0.9297764858882515 10.368124552684678 57
      vertex -0.8763066800438635 10.481753674101716 57
      vertex -0.8763066800438635 10.481753674101716 59
    endloop
  endfacet
  facet normal 0.8443279255020143 -0.535826794978998 0
    outer loop
      vertex -0.8763066800438635 10.481753674101716 57
      vertex -0.8090169943749475 10.587785252292473 57
      vertex -0.8090169943749475 10.587785252292473 59
    endloop
  endfacet
  facet normal 0.7705132427757877 -0.6374239897486916 0
    outer loop
      vertex -0.8090169943749475 10.587785252292473 57
      vertex -0.7289686274214117 10.684547105928688 57
      vertex -0.7289686274214117 10.684547105928688 59
    endloop
  endfacet
  facet normal 0.6845471059286923 -0.728968627421408 0
    outer loop
      vertex -0.7289686274214117 10.684547105928688 57
      vertex -0.6374239897486896 10.77051324277579 57
      vertex -0.6374239897486896 10.77051324277579 59
    endloop
  endfacet
  facet normal 0.5877852522924669 -0.8090169943749519 0
    outer loop
      vertex -0.6374239897486896 10.77051324277579 57
      vertex -0.5358267949789968 10.844327925502014 57
      vertex -0.5358267949789968 10.844327925502014 59
    endloop
  endfacet
  facet normal 0.4817536741017221 -0.8763066800438598 0
    outer loop
      vertex -0.5358267949789968 10.844327925502014 57
      vertex -0.4257792915650727 10.90482705246602 57
      vertex -0.4257792915650727 10.90482705246602 59
    endloop
  endfacet
  facet normal 0.36812455268467476 -0.9297764858882526 0
    outer loop
      vertex -0.4257792915650727 10.90482705246602 57
      vertex -0.3090169943749474 10.951056516295154 57
      vertex -0.3090169943749474 10.951056516295154 59
    endloop
  endfacet
  facet normal 0.24868988716485532 -0.968583161128631 0
    outer loop
      vertex -0.3090169943749474 10.951056516295154 57
      vertex -0.18738131458572457 10.982287250728689 57
      vertex -0.18738131458572457 10.982287250728689 59
    endloop
  endfacet
  facet normal 0.12533323356430473 -0.9921147013144778 -5.3527614676543445e-17
    outer loop
      vertex -0.18738131458572457 10.982287250728689 57
      vertex -0.06279051952931328 10.998026728428272 57
      vertex -0.0627905195293124 10.998026728428272 59
    endloop
  endfacet
  facet normal 0.9980267284282714 -0.06279051952931346 0
    outer loop
      vertex -1 10 57
      vertex -0.9921147013144779 10.125333233564303 59
      vertex -1 10 59
    endloop
  endfacet
  facet normal 0.9822872507286887 -0.18738131458572493 0
    outer loop
      vertex -0.9921147013144779 10.125333233564303 57
      vertex -0.9685831611286311 10.248689887164854 59
      vertex -0.9921147013144779 10.125333233564303 59
    endloop
  endfacet
  facet normal 0.9510565162951545 -0.30901699437494434 0
    outer loop
      vertex -0.9685831611286311 10.248689887164854 57
      vertex -0.9297764858882515 10.368124552684678 59
      vertex -0.9685831611286311 10.248689887164854 59
    endloop
  endfacet
  facet normal 0.9048270524660197 -0.4257792915650725 0
    outer loop
      vertex -0.9297764858882515 10.368124552684678 57
      vertex -0.8763066800438635 10.481753674101716 59
      vertex -0.9297764858882515 10.368124552684678 59
    endloop
  endfacet
  facet normal 0.8443279255020143 -0.535826794978998 0
    outer loop
      vertex -0.8763066800438635 10.481753674101716 57
      vertex -0.8090169943749475 10.587785252292473 59
      vertex -0.8763066800438635 10.481753674101716 59
    endloop
  endfacet
  facet normal 0.7705132427757877 -0.6374239897486916 0
    outer loop
      vertex -0.8090169943749475 10.587785252292473 57
      vertex -0.7289686274214117 10.684547105928688 59
      vertex -0.8090169943749475 10.587785252292473 59
    endloop
  endfacet
  facet normal 0.6845471059286923 -0.728968627421408 0
    outer loop
      vertex -0.7289686274214117 10.684547105928688 57
      vertex -0.6374239897486896 10.77051324277579 59
      vertex -0.7289686274214117 10.684547105928688 59
    endloop
  endfacet
  facet normal 0.5877852522924669 -0.8090169943749519 0
    outer loop
      vertex -0.6374239897486896 10.77051324277579 57
      vertex -0.5358267949789968 10.844327925502014 59
      vertex -0.6374239897486896 10.77051324277579 59
    endloop
  endfacet
  facet normal 0.4817536741017221 -0.8763066800438598 0
    outer loop
      vertex -0.5358267949789968 10.844327925502014 57
      vertex -0.4257792915650727 10.90482705246602 59
      vertex -0.5358267949789968 10.844327925502014 59
    endloop
  endfacet
  facet normal 0.36812455268467476 -0.9297764858882526 0
    outer loop
      vertex -0.4257792915650727 10.90482705246602 57
      vertex -0.3090169943749474 10.951056516295154 59
      vertex -0.4257792915650727 10.90482705246602 59
    endloop
  endfacet
  facet normal 0.24868988716485532 -0.968583161128631 0
    outer loop
      vertex -0.3090169943749474 10.951056516295154 57
      vertex -0.18738131458572457 10.982287250728689 59
      vertex -0.3090169943749474 10.951056516295154 59
    endloop
  endfacet
  facet normal 0.12533323356430387 -0.9921147013144779 0
    outer loop
      vertex -0.18738131458572457 10.982287250728689 57
      vertex -0.0627905195293124 10.998026728428272 59
      vertex -0.18738131458572457 10.982287250728689 59
    endloop
  endfacet
  facet normal 0 -1 0
    outer loop
      vertex -0.06279051952931328 10.998026728428272 57
      vertex 0.06279051952931328 10.998026728428272 59
      vertex -0.0627905195293124 10.998026728428272 59
    endloop
  endfacet
  facet normal -0.1253332335643053 0.9921147013144778 -8.69674010336339e-18
    outer loop
      vertex 0.06279051952931411 9.001973271571728 57
      vertex 0.06279051952931397 9.001973271571728 59
      vertex 0.18738131458572482 9.017712749271311 57
    endloop
  endfacet
  facet normal -0.24868988716485582 0.9685831611286309 0
    outer loop
      vertex 0.18738131458572482 9.017712749271311 57
      vertex 0.18738131458572482 9.017712749271311 59
      vertex 0.3090169943749474 9.048943483704846 57
    endloop
  endfacet
  facet normal -0.3681245526846756 0.9297764858882525 0
    outer loop
      vertex 0.3090169943749474 9.048943483704846 57
      vertex 0.3090169943749474 9.048943483704846 59
      vertex 0.42577929156507244 9.09517294753398 57
    endloop
  endfacet
  facet normal -0.48175367410172304 0.8763066800438594 0
    outer loop
      vertex 0.42577929156507244 9.09517294753398 57
      vertex 0.42577929156507244 9.09517294753398 59
      vertex 0.5358267949789962 9.155672074497986 57
    endloop
  endfacet
  facet normal -0.5877852522924728 0.8090169943749477 0
    outer loop
      vertex 0.5358267949789962 9.155672074497986 57
      vertex 0.5358267949789962 9.155672074497986 59
      vertex 0.63742398974869 9.229486757224212 57
    endloop
  endfacet
  facet normal -0.6845471059286862 0.7289686274214139 0
    outer loop
      vertex 0.63742398974869 9.229486757224212 57
      vertex 0.63742398974869 9.229486757224212 59
      vertex 0.7289686274214117 9.315452894071312 57
    endloop
  endfacet
  facet normal -0.7705132427757877 0.6374239897486916 0
    outer loop
      vertex 0.7289686274214117 9.315452894071312 57
      vertex 0.7289686274214117 9.315452894071312 59
      vertex 0.8090169943749475 9.412214747707527 57
    endloop
  endfacet
  facet normal -0.8443279255020143 0.535826794978998 0
    outer loop
      vertex 0.8090169943749475 9.412214747707527 57
      vertex 0.8090169943749475 9.412214747707527 59
      vertex 0.8763066800438635 9.518246325898284 57
    endloop
  endfacet
  facet normal -0.9048270524660204 0.425779291565071 0
    outer loop
      vertex 0.8763066800438635 9.518246325898284 57
      vertex 0.8763066800438635 9.518246325898284 59
      vertex 0.9297764858882512 9.631875447315322 57
    endloop
  endfacet
  facet normal -0.9510565162951536 0.30901699437494673 0
    outer loop
      vertex 0.9297764858882512 9.631875447315322 57
      vertex 0.9297764858882512 9.631875447315322 59
      vertex 0.9685831611286312 9.751310112835146 57
    endloop
  endfacet
  facet normal -0.9822872507286887 0.18738131458572405 0
    outer loop
      vertex 0.9685831611286312 9.751310112835146 57
      vertex 0.9685831611286312 9.751310112835146 59
      vertex 0.9921147013144779 9.874666766435697 57
    endloop
  endfacet
  facet normal -0.9980267284282714 0.06279051952931346 0
    outer loop
      vertex 0.9921147013144779 9.874666766435697 57
      vertex 0.9921147013144779 9.874666766435697 59
      vertex 1 10 57
    endloop
  endfacet
  facet normal 0 1 0
    outer loop
      vertex 0.06279051952931411 9.001973271571728 57
      vertex -0.06279051952931376 9.001973271571728 59
      vertex 0.06279051952931397 9.001973271571728 59
    endloop
  endfacet
  facet normal -0.12533323356430517 0.9921147013144778 0
    outer loop
      vertex 0.18738131458572482 9.017712749271311 57
      vertex 0.06279051952931397 9.001973271571728 59
      vertex 0.18738131458572482 9.017712749271311 59
    endloop
  endfacet
  facet normal -0.24868988716485582 0.9685831611286309 0
    outer loop
      vertex 0.3090169943749474 9.048943483704846 57
      vertex 0.18738131458572482 9.017712749271311 59
      vertex 0.3090169943749474 9.048943483704846 59
    endloop
  endfacet
  facet normal -0.3681245526846756 0.9297764858882525 0
    outer loop
      vertex 0.42577929156507244 9.09517294753398 57
      vertex 0.3090169943749474 9.048943483704846 59
      vertex 0.42577929156507244 9.09517294753398 59
    endloop
  endfacet
  facet normal -0.48175367410172304 0.8763066800438594 0
    outer loop
      vertex 0.5358267949789962 9.155672074497986 57
      vertex 0.42577929156507244 9.09517294753398 59
      vertex 0.5358267949789962 9.155672074497986 59
    endloop
  endfacet
  facet normal -0.5877852522924728 0.8090169943749477 0
    outer loop
      vertex 0.63742398974869 9.229486757224212 57
      vertex 0.5358267949789962 9.155672074497986 59
      vertex 0.63742398974869 9.229486757224212 59
    endloop
  endfacet
  facet normal -0.6845471059286862 0.7289686274214139 0
    outer loop
      vertex 0.7289686274214117 9.315452894071312 57
      vertex 0.63742398974869 9.229486757224212 59
      vertex 0.7289686274214117 9.315452894071312 59
    endloop
  endfacet
  facet normal -0.7705132427757877 0.6374239897486916 0
    outer loop
      vertex 0.8090169943749475 9.412214747707527 57
      vertex 0.7289686274214117 9.315452894071312 59
      vertex 0.8090169943749475 9.412214747707527 59
    endloop
  endfacet
  facet normal -0.8443279255020143 0.535826794978998 0
    outer loop
      vertex 0.8763066800438635 9.518246325898284 57
      vertex 0.8090169943749475 9.412214747707527 59
      vertex 0.8763066800438635 9.518246325898284 59
    endloop
  endfacet
  facet normal -0.9048270524660204 0.425779291565071 0
    outer loop
      vertex 0.9297764858882512 9.631875447315322 57
      vertex 0.8763066800438635 9.518246325898284 59
      vertex 0.9297764858882512 9.631875447315322 59
    endloop
  endfacet
  facet normal -0.9510565162951536 0.30901699437494673 0
    outer loop
      vertex 0.9685831611286312 9.751310112835146 57
      vertex 0.9297764858882512 9.631875447315322 59
      vertex 0.9685831611286312 9.751310112835146 59
    endloop
  endfacet
  facet normal -0.9822872507286887 0.18738131458572405 0
    outer loop
      vertex 0.9921147013144779 9.874666766435697 57
      vertex 0.9685831611286312 9.751310112835146 59
      vertex 0.9921147013144779 9.874666766435697 59
    endloop
  endfacet
  facet normal -0.9980267284282714 0.06279051952931346 0
    outer loop
      vertex 1 10 57
      vertex 0.9921147013144779 9.874666766435697 59
      vertex 1 10 59
    endloop
  endfacet
  facet normal 0 -1 0
    outer loop
      vertex -0.06279051952931328 10.998026728428272 57
      vertex 0.06279051952931328 10.998026728428272 57
      vertex 0.06279051952931328 10.998026728428272 59
    endloop
  endfacet
  facet normal -0.24868988716485532 -0.968583161128631 0
    outer loop
      vertex 0.18738131458572457 10.982287250728689 57
      vertex 0.3090169943749474 10.951056516295154 57
      vertex 0.3090169943749474 10.951056516295154 59
    endloop
  endfacet
  facet normal -0.12533323356430473 -0.9921147013144778 0
    outer loop
      vertex 0.06279051952931328 10.998026728428272 57
      vertex 0.18738131458572457 10.982287250728689 57
      vertex 0.18738131458572457 10.982287250728689 59
    endloop
  endfacet
  facet normal -0.36812455268467476 -0.9297764858882526 0
    outer loop
      vertex 0.3090169943749474 10.951056516295154 57
      vertex 0.4257792915650727 10.90482705246602 57
      vertex 0.4257792915650727 10.90482705246602 59
    endloop
  endfacet
  facet normal -0.48175367410172254 -0.8763066800438597 0
    outer loop
      vertex 0.4257792915650727 10.90482705246602 57
      vertex 0.5358267949789967 10.844327925502014 57
      vertex 0.5358267949789967 10.844327925502014 59
    endloop
  endfacet
  facet normal -0.9822872507286883 -0.18738131458572754 0
    outer loop
      vertex 0.9921147013144779 10.125333233564305 57
      vertex 0.9921147013144779 10.125333233564305 59
      vertex 0.9685831611286311 10.248689887164854 57
    endloop
  endfacet
  facet normal -0.9980267284282714 -0.06279051952931257 0
    outer loop
      vertex 1 10 57
      vertex 1 10 59
      vertex 0.9921147013144779 10.125333233564305 57
    endloop
  endfacet
  facet normal -0.9048270524660204 -0.425779291565071 0
    outer loop
      vertex 0.8763066800438636 10.481753674101716 57
      vertex 0.9297764858882513 10.368124552684678 57
      vertex 0.9297764858882513 10.368124552684678 59
    endloop
  endfacet
  facet normal -0.9510565162951543 -0.3090169943749452 0
    outer loop
      vertex 0.9685831611286311 10.248689887164854 57
      vertex 0.9685831611286311 10.248689887164854 59
      vertex 0.9297764858882513 10.368124552684678 57
    endloop
  endfacet
  facet normal -0.844327925502014 -0.5358267949789987 0
    outer loop
      vertex 0.8090169943749475 10.587785252292473 57
      vertex 0.8763066800438636 10.481753674101716 57
      vertex 0.8763066800438636 10.481753674101716 59
    endloop
  endfacet
  facet normal -0.5877852522924661 -0.8090169943749526 0
    outer loop
      vertex 0.5358267949789967 10.844327925502014 57
      vertex 0.6374239897486897 10.77051324277579 57
      vertex 0.6374239897486897 10.77051324277579 59
    endloop
  endfacet
  facet normal -0.6845471059286932 -0.7289686274214071 0
    outer loop
      vertex 0.6374239897486897 10.77051324277579 57
      vertex 0.7289686274214116 10.684547105928688 57
      vertex 0.7289686274214116 10.684547105928688 59
    endloop
  endfacet
  facet normal -0.7705132427757873 -0.6374239897486921 0
    outer loop
      vertex 0.8090169943749475 10.587785252292473 57
      vertex 0.8090169943749475 10.587785252292473 59
      vertex 0.7289686274214116 10.684547105928688 57
    endloop
  endfacet
  facet normal -0.12533323356430473 -0.9921147013144778 0
    outer loop
      vertex 0.06279051952931328 10.998026728428272 57
      vertex 0.18738131458572457 10.982287250728689 59
      vertex 0.06279051952931328 10.998026728428272 59
    endloop
  endfacet
  facet normal -0.24868988716485532 -0.968583161128631 0
    outer loop
      vertex 0.18738131458572457 10.982287250728689 57
      vertex 0.3090169943749474 10.951056516295154 59
      vertex 0.18738131458572457 10.982287250728689 59
    endloop
  endfacet
  facet normal -0.36812455268467476 -0.9297764858882526 0
    outer loop
      vertex 0.3090169943749474 10.951056516295154 57
      vertex 0.4257792915650727 10.90482705246602 59
      vertex 0.3090169943749474 10.951056516295154 59
    endloop
  endfacet
  facet normal -0.48175367410172254 -0.8763066800438597 0
    outer loop
      vertex 0.4257792915650727 10.90482705246602 57
      vertex 0.5358267949789967 10.844327925502014 59
      vertex 0.4257792915650727 10.90482705246602 59
    endloop
  endfacet
  facet normal -0.844327925502014 -0.5358267949789987 0
    outer loop
      vertex 0.8090169943749475 10.587785252292473 57
      vertex 0.8763066800438636 10.481753674101716 59
      vertex 0.8090169943749475 10.587785252292473 59
    endloop
  endfacet
  facet normal -0.9822872507286883 -0.18738131458572754 0
    outer loop
      vertex 0.9685831611286311 10.248689887164854 57
      vertex 0.9921147013144779 10.125333233564305 59
      vertex 0.9685831611286311 10.248689887164854 59
    endloop
  endfacet
  facet normal -0.9980267284282714 -0.06279051952931257 0
    outer loop
      vertex 0.9921147013144779 10.125333233564305 57
      vertex 1 10 59
      vertex 0.9921147013144779 10.125333233564305 59
    endloop
  endfacet
  facet normal -0.9510565162951543 -0.3090169943749452 0
    outer loop
      vertex 0.9297764858882513 10.368124552684678 57
      vertex 0.9685831611286311 10.248689887164854 59
      vertex 0.9297764858882513 10.368124552684678 59
    endloop
  endfacet
  facet normal -0.9048270524660204 -0.425779291565071 0
    outer loop
      vertex 0.8763066800438636 10.481753674101716 57
      vertex 0.9297764858882513 10.368124552684678 59
      vertex 0.8763066800438636 10.481753674101716 59
    endloop
  endfacet
  facet normal -0.5877852522924661 -0.8090169943749526 0
    outer loop
      vertex 0.5358267949789967 10.844327925502014 57
      vertex 0.6374239897486897 10.77051324277579 59
      vertex 0.5358267949789967 10.844327925502014 59
    endloop
  endfacet
  facet normal -0.6845471059286932 -0.7289686274214071 0
    outer loop
      vertex 0.6374239897486897 10.77051324277579 57
      vertex 0.7289686274214116 10.684547105928688 59
      vertex 0.6374239897486897 10.77051324277579 59
    endloop
  endfacet
  facet normal -0.7705132427757873 -0.6374239897486921 0
    outer loop
      vertex 0.7289686274214116 10.684547105928688 57
      vertex 0.8090169943749475 10.587785252292473 59
      vertex 0.7289686274214116 10.684547105928688 59
    endloop
  endfacet
endsolid OpenSCAD_Model
