solid OpenSCAD_Model
  facet normal -0.9048270524660198 -0.4257792915650722 1.0251400672873173e-16
    outer loop
      vertex -3.067073380153522 8.313862140643996 52
      vertex -3.2542177006088795 8.711564065603628 56.003946543143456
      vertex -3.25421770060888 8.711564065603628 52
    endloop
  endfacet
  facet normal -0.8443279255020154 -0.5358267949789961 9.462831390344511e-17
    outer loop
      vertex -2.831559480312316 7.942751616976344 52
      vertex -3.0670733801535217 8.313862140643996 56.003946543143456
      vertex -3.067073380153522 8.313862140643996 52
    endloop
  endfacet
  facet normal 0 0 -1
    outer loop
      vertex -3.067073380153522 8.313862140643996 52
      vertex -3.25421770060888 8.711564065603628 52
      vertex -2.3011968025734224 9.088891732105422 52
    endloop
  endfacet
  facet normal 0 0 -1
    outer loop
      vertex -3.25421770060888 8.711564065603628 52
      vertex -3.3900410639502088 9.129585394923009 52
      vertex -2.3011968025734224 9.088891732105422 52
    endloop
  endfacet
  facet normal 0 0 -1
    outer loop
      vertex -3.4724014546006727 9.561333682524936 52
      vertex -2.455483885753333 9.689800246928348 52
      vertex -3.3900410639502088 9.129585394923009 52
    endloop
  endfacet
  facet normal 0 0 -1
    outer loop
      vertex -3.4724014546006727 9.561333682524936 52
      vertex -3.5 10 52
      vertex -2.455483885753333 9.689800246928348 52
    endloop
  endfacet
  facet normal 0 0 -1
    outer loop
      vertex -3.5 10 52
      vertex -2.475 10 52
      vertex -2.455483885753333 9.689800246928348 52
    endloop
  endfacet
  facet normal -0.9822872507286885 -0.18738131458572566 1.0894829996391993e-16
    outer loop
      vertex -3.4724014546006727 9.561333682524936 52
      vertex -3.3900410639502088 9.129585394923009 52
      vertex -3.4724014546006723 9.561333682524936 56.003946543143456
    endloop
  endfacet
  facet normal -0.9980267284282716 -0.06279051952931271 1.1138541115718015e-16
    outer loop
      vertex -3.4724014546006727 9.561333682524936 52
      vertex -3.4999999999999996 10 56.003946543143456
      vertex -3.5 10 52
    endloop
  endfacet
  facet normal -0.9510565162951535 -0.3090169943749477 1.0645685314137584e-16
    outer loop
      vertex -3.25421770060888 8.711564065603628 52
      vertex -3.3900410639502083 9.129585394923009 56.003946543143456
      vertex -3.3900410639502088 9.129585394923009 52
    endloop
  endfacet
  facet normal -0.9048270524660198 -0.4257792915650722 1.003569669202247e-16
    outer loop
      vertex -3.067073380153522 8.313862140643996 52
      vertex -3.0670733801535217 8.313862140643996 56.003946543143456
      vertex -3.2542177006088795 8.711564065603628 56.003946543143456
    endloop
  endfacet
  facet normal -0.8443279255020154 -0.5358267949789961 9.36468350039853e-17
    outer loop
      vertex -2.831559480312316 7.942751616976344 52
      vertex -2.8315594803123156 7.942751616976344 56.003946543143456
      vertex -3.0670733801535217 8.313862140643996 56.003946543143456
    endloop
  endfacet
  facet normal -0.9980267284282716 -0.06279051952931271 1.106940106370632e-16
    outer loop
      vertex -3.4724014546006727 9.561333682524936 52
      vertex -3.4724014546006723 9.561333682524936 56.003946543143456
      vertex -3.4999999999999996 10 56.003946543143456
    endloop
  endfacet
  facet normal -0.9510565162951535 -0.3090169943749477 1.0548440951778599e-16
    outer loop
      vertex -3.25421770060888 8.711564065603628 52
      vertex -3.2542177006088795 8.711564065603628 56.003946543143456
      vertex -3.3900410639502083 9.129585394923009 56.003946543143456
    endloop
  endfacet
  facet normal -0.9822872507286885 -0.18738131458572566 1.0894829996391993e-16
    outer loop
      vertex -3.3900410639502088 9.129585394923009 52
      vertex -3.3900410639502083 9.129585394923009 56.003946543143456
      vertex -3.4724014546006723 9.561333682524936 56.003946543143456
    endloop
  endfacet
  facet normal 0 0 -1
    outer loop
      vertex -1.8753937824264888 7.044852260742948 52
      vertex -1.0538037466235544 7.760553045146601 52
      vertex -1.4902275204777535 6.833105316368932 52
    endloop
  endfacet
  facet normal -0.5877852522924722 -0.8090169943749482 2.444564775839003e-16
    outer loop
      vertex -1.8753937824264888 7.044852260742948 52
      vertex -2.2309839641204134 7.303203650284738 56.003946543143456
      vertex -2.230983964120414 7.303203650284737 52
    endloop
  endfacet
  facet normal -0.4817536741017149 -0.8763066800438639 5.343268352085236e-17
    outer loop
      vertex -1.8753937824264888 7.044852260742948 52
      vertex -1.4902275204777535 6.833105316368932 52
      vertex -1.8753937824264884 7.044852260742948 56.003946543143456
    endloop
  endfacet
  facet normal 0 0 -1
    outer loop
      vertex -1.4902275204777535 6.833105316368932 52
      vertex -1.0538037466235544 7.760553045146601 52
      vertex -1.0815594803123159 6.671302192966962 52
    endloop
  endfacet
  facet normal 0 0 -1
    outer loop
      vertex -1.0815594803123159 6.671302192966962 52
      vertex -0.46376875359966896 7.568839054446496 52
      vertex -0.6558346010500369 6.56199462244959 52
    endloop
  endfacet
  facet normal 0 0 -1
    outer loop
      vertex -0.6558346010500369 6.56199462244959 52
      vertex -0.46376875359966896 7.568839054446496 52
      vertex -0.21976681835259818 6.50690645050105 52
    endloop
  endfacet
  facet normal 0 0 -1
    outer loop
      vertex -0.21976681835259818 6.50690645050105 52
      vertex -0.15540653583505157 7.529883847140027 52
      vertex 0.21976681835259818 6.50690645050105 52
    endloop
  endfacet
  facet normal 0 0 -1
    outer loop
      vertex -0.21976681835259818 6.50690645050105 52
      vertex -0.46376875359966896 7.568839054446496 52
      vertex -0.15540653583505157 7.529883847140027 52
    endloop
  endfacet
  facet normal -0.36812455268467903 -0.929776485888251 2.041487566911924e-17
    outer loop
      vertex -1.4902275204777535 6.833105316368932 52
      vertex -1.0815594803123159 6.671302192966962 52
      vertex -1.4902275204777533 6.833105316368932 56.003946543143456
    endloop
  endfacet
  facet normal -0.24868988716485393 -0.9685831611286314 2.1485668006046526e-16
    outer loop
      vertex -1.0815594803123159 6.671302192966962 52
      vertex -0.6558346010500369 6.56199462244959 52
      vertex -1.0815594803123159 6.671302192966963 56.003946543143456
    endloop
  endfacet
  facet normal -0.12533323356430495 -0.9921147013144778 2.235518486811291e-16
    outer loop
      vertex -0.6558346010500369 6.56199462244959 52
      vertex -0.21976681835259818 6.50690645050105 52
      vertex -0.6558346010500368 6.561994622449591 56.003946543143456
    endloop
  endfacet
  facet normal 0 -1 2.21825743708063e-16
    outer loop
      vertex -0.21976681835259818 6.50690645050105 52
      vertex 0.21976681835259818 6.50690645050105 52
      vertex -0.21976681835259815 6.5069064505010505 56.003946543143456
    endloop
  endfacet
  facet normal -0.5877852522924735 -0.8090169943749472 6.519295036520469e-17
    outer loop
      vertex -1.8753937824264888 7.044852260742948 52
      vertex -1.8753937824264884 7.044852260742948 56.003946543143456
      vertex -2.2309839641204134 7.303203650284738 56.003946543143456
    endloop
  endfacet
  facet normal -0.48175367410171505 -0.8763066800438637 2.6716341760426192e-17
    outer loop
      vertex -1.4902275204777535 6.833105316368932 52
      vertex -1.4902275204777533 6.833105316368932 56.003946543143456
      vertex -1.8753937824264884 7.044852260742948 56.003946543143456
    endloop
  endfacet
  facet normal -0.3681245526846775 -0.9297764858882517 2.0624836046443079e-16
    outer loop
      vertex -1.0815594803123159 6.671302192966962 52
      vertex -1.0815594803123159 6.671302192966963 56.003946543143456
      vertex -1.4902275204777533 6.833105316368932 56.003946543143456
    endloop
  endfacet
  facet normal -0.24868988716485382 -0.9685831611286313 2.217524074570925e-16
    outer loop
      vertex -0.6558346010500369 6.56199462244959 52
      vertex -0.6558346010500368 6.561994622449591 56.003946543143456
      vertex -1.0815594803123159 6.671302192966963 56.003946543143456
    endloop
  endfacet
  facet normal -0.12533323356430498 -0.9921147013144778 2.2094539826737235e-16
    outer loop
      vertex -0.21976681835259818 6.50690645050105 52
      vertex -0.21976681835259815 6.5069064505010505 56.003946543143456
      vertex -0.6558346010500368 6.561994622449591 56.003946543143456
    endloop
  endfacet
  facet normal 0 0 -1
    outer loop
      vertex -2.5513901959749408 7.60408512924959 52
      vertex -1.577624374628007 8.092979724129922 52
      vertex -2.230983964120414 7.303203650284737 52
    endloop
  endfacet
  facet normal 0 0 -1
    outer loop
      vertex -2.831559480312316 7.942751616976344 52
      vertex -3.067073380153522 8.313862140643996 52
      vertex -2.0023170610779952 8.54523150057613 52
    endloop
  endfacet
  facet normal 0 0 -1
    outer loop
      vertex -2.831559480312316 7.942751616976344 52
      vertex -2.0023170610779952 8.54523150057613 52
      vertex -2.5513901959749408 7.60408512924959 52
    endloop
  endfacet
  facet normal 0 0 -1
    outer loop
      vertex -3.067073380153522 8.313862140643996 52
      vertex -2.168859033108562 8.807659656598254 52
      vertex -2.0023170610779952 8.54523150057613 52
    endloop
  endfacet
  facet normal 0 0 -1
    outer loop
      vertex -2.5513901959749408 7.60408512924959 52
      vertex -2.0023170610779952 8.54523150057613 52
      vertex -1.8041973528679938 8.305745912826495 52
    endloop
  endfacet
  facet normal 0 0 -1
    outer loop
      vertex -1.8753937824264888 7.044852260742948 52
      vertex -2.230983964120414 7.303203650284737 52
      vertex -1.577624374628007 8.092979724129922 52
    endloop
  endfacet
  facet normal 0 0 -1
    outer loop
      vertex -1.8753937824264888 7.044852260742948 52
      vertex -1.326171317573017 7.910288384382513 52
      vertex -1.0538037466235544 7.760553045146601 52
    endloop
  endfacet
  facet normal 0 0 -1
    outer loop
      vertex -1.8753937824264888 7.044852260742948 52
      vertex -1.577624374628007 8.092979724129922 52
      vertex -1.326171317573017 7.910288384382513 52
    endloop
  endfacet
  facet normal 0 0 -1
    outer loop
      vertex -2.5513901959749408 7.60408512924959 52
      vertex -1.8041973528679938 8.305745912826495 52
      vertex -1.577624374628007 8.092979724129922 52
    endloop
  endfacet
  facet normal -0.6845471059286894 -0.7289686274214109 7.592508543791686e-17
    outer loop
      vertex -2.5513901959749408 7.60408512924959 52
      vertex -2.230983964120414 7.303203650284737 52
      vertex -2.5513901959749403 7.60408512924959 56.003946543143456
    endloop
  endfacet
  facet normal -0.7705132427757893 -0.6374239897486896 8.545983655782538e-17
    outer loop
      vertex -2.831559480312316 7.942751616976344 52
      vertex -2.5513901959749408 7.60408512924959 52
      vertex -2.8315594803123156 7.942751616976344 56.003946543143456
    endloop
  endfacet
  facet normal 0 0 -1
    outer loop
      vertex -3.067073380153522 8.313862140643996 52
      vertex -2.3011968025734224 9.088891732105422 52
      vertex -2.168859033108562 8.807659656598254 52
    endloop
  endfacet
  facet normal 0 0 -1
    outer loop
      vertex -3.3900410639502088 9.129585394923009 52
      vertex -2.397243323793362 9.384492529266984 52
      vertex -2.3011968025734224 9.088891732105422 52
    endloop
  endfacet
  facet normal 0 0 -1
    outer loop
      vertex -3.3900410639502088 9.129585394923009 52
      vertex -2.455483885753333 9.689800246928348 52
      vertex -2.397243323793362 9.384492529266984 52
    endloop
  endfacet
  facet normal 0 0 -1
    outer loop
      vertex -1.0815594803123159 6.671302192966962 52
      vertex -1.0538037466235544 7.760553045146601 52
      vertex -0.7648170610779949 7.646135122169495 52
    endloop
  endfacet
  facet normal 0 0 -1
    outer loop
      vertex -1.0815594803123159 6.671302192966962 52
      vertex -0.7648170610779949 7.646135122169495 52
      vertex -0.46376875359966896 7.568839054446496 52
    endloop
  endfacet
  facet normal -0.7705132427757893 -0.6374239897486896 8.545983655782538e-17
    outer loop
      vertex -2.5513901959749408 7.60408512924959 52
      vertex -2.5513901959749403 7.60408512924959 56.003946543143456
      vertex -2.8315594803123156 7.942751616976344 56.003946543143456
    endloop
  endfacet
  facet normal -0.6845471059286884 -0.7289686274214119 2.3762909335551733e-16
    outer loop
      vertex -2.230983964120414 7.303203650284737 52
      vertex -2.2309839641204134 7.303203650284738 56.003946543143456
      vertex -2.5513901959749403 7.60408512924959 56.003946543143456
    endloop
  endfacet
  facet normal -0.05097925147349334 -0.032352416759434705 -0.998175554223317
    outer loop
      vertex -4.449593469062211 6.767181112391398 58
      vertex -4.819686740241249 7.350354792440566 58
      vertex -4.25456102351802 6.908880478420142 57.98544652293904
    endloop
  endfacet
  facet normal -0.05097925147349349 -0.03235241675943491 -0.9981755542233172
    outer loop
      vertex -4.25456102351802 6.908880478420142 57.98544652293904
      vertex -4.819686740241249 7.350354792440566 58
      vertex -4.608432544045148 7.466492769594616 57.98544652293904
    endloop
  endfacet
  facet normal -0.04652243184278052 -0.03848670272194886 -0.9981755542233169
    outer loop
      vertex -4.449593469062211 6.767181112391398 58
      vertex -4.25456102351802 6.908880478420142 57.98544652293904
      vertex -3.833592534098452 6.4000169886462785 57.98544652293904
    endloop
  endfacet
  facet normal -0.15219436213868867 -0.09658547919063426 -0.9836199069471465
    outer loop
      vertex -4.25456102351802 6.908880478420142 57.98544652293904
      vertex -4.608432544045148 7.466492769594616 57.98544652293904
      vertex -4.062372590204684 7.048513548613004 57.941998314223305
    endloop
  endfacet
  facet normal -0.03548959034040281 -0.048847230509458835 -0.9981755542233172
    outer loop
      vertex -3.505831943617793 5.762177164733158 58
      vertex -3.3521660003389733 5.947927381487073 57.98544652293904
      vertex -2.817873806267247 5.55974138011267 57.98544652293904
    endloop
  endfacet
  facet normal -0.03548959034040285 -0.04884723050945903 -0.998175554223317
    outer loop
      vertex -3.505831943617793 5.762177164733158 58
      vertex -2.817873806267247 5.55974138011267 57.98544652293904
      vertex -2.9470473723844823 5.356196409738918 58
    endloop
  endfacet
  facet normal -0.10595125287842637 -0.1458293889131355 -0.9836199069471466
    outer loop
      vertex -2.817873806267247 5.55974138011267 57.98544652293904
      vertex -3.3521660003389733 5.947927381487073 57.98544652293904
      vertex -2.6905838816175396 5.760318206475017 57.941998314223305
    endloop
  endfacet
  facet normal -0.046522431842780605 -0.038486702721949 -0.998175554223317
    outer loop
      vertex -4.449593469062211 6.767181112391398 58
      vertex -3.833592534098452 6.4000169886462785 57.98544652293904
      vertex -4.009327450817764 6.234990917392214 58
    endloop
  endfacet
  facet normal -0.04133192567075338 -0.04401403039169598 -0.998175554223317
    outer loop
      vertex -3.505831943617793 5.762177164733158 58
      vertex -4.009327450817764 6.234990917392214 58
      vertex -3.3521660003389733 5.947927381487073 57.98544652293904
    endloop
  endfacet
  facet normal -0.041331925670753486 -0.04401403039169619 -0.9981755542233172
    outer loop
      vertex -4.009327450817764 6.234990917392214 58
      vertex -3.833592534098452 6.4000169886462785 57.98544652293904
      vertex -3.3521660003389733 5.947927381487073 57.98544652293904
    endloop
  endfacet
  facet normal -0.12339306446456444 -0.13140026750098574 -0.9836199069471465
    outer loop
      vertex -3.833592534098452 6.4000169886462785 57.98544652293904
      vertex -3.2007408525387273 6.130968941807654 57.941998314223305
      vertex -3.3521660003389733 5.947927381487073 57.98544652293904
    endloop
  endfacet
  facet normal -0.12339306446456422 -0.13140026750098519 -0.9836199069471467
    outer loop
      vertex -3.833592534098452 6.4000169886462785 57.98544652293904
      vertex -3.660420228185476 6.5626366081751115 57.941998314223305
      vertex -3.2007408525387273 6.130968941807654 57.941998314223305
    endloop
  endfacet
  facet normal -0.13888889371265245 -0.11489888537563041 -0.9836199069471466
    outer loop
      vertex -4.25456102351802 6.908880478420142 57.98544652293904
      vertex -4.062372590204684 7.048513548613004 57.941998314223305
      vertex -3.660420228185476 6.5626366081751115 57.941998314223305
    endloop
  endfacet
  facet normal -0.1388888937126522 -0.11489888537563 -0.9836199069471465
    outer loop
      vertex -4.25456102351802 6.908880478420142 57.98544652293904
      vertex -3.660420228185476 6.5626366081751115 57.941998314223305
      vertex -3.833592534098452 6.4000169886462785 57.98544652293904
    endloop
  endfacet
  facet normal -0.22923004276166706 -0.1896355835507979 -0.9547208665085478
    outer loop
      vertex -3.8758307092505713 7.18404415838028 57.8702889465727
      vertex -3.49233577524912 6.720478415738487 57.8702889465727
      vertex -4.062372590204684 7.048513548613004 57.941998314223305
    endloop
  endfacet
  facet normal -0.2292300427616675 -0.18963558355079863 -0.9547208665085477
    outer loop
      vertex -3.660420228185476 6.5626366081751115 57.941998314223305
      vertex -4.062372590204684 7.048513548613004 57.941998314223305
      vertex -3.49233577524912 6.720478415738487 57.8702889465727
    endloop
  endfacet
  facet normal -0.3162285016061248 -0.2616069678956589 -0.9118998459920832
    outer loop
      vertex -3.8758307092505713 7.18404415838028 57.8702889465727
      vertex -3.697655581335728 7.313495966243208 57.771364104043
      vertex -3.3317902251064226 6.8712407223533365 57.771364104043
    endloop
  endfacet
  facet normal -0.31622850160612465 -0.26160696789565857 -0.9118998459920832
    outer loop
      vertex -3.8758307092505713 7.18404415838028 57.8702889465727
      vertex -3.3317902251064226 6.8712407223533365 57.771364104043
      vertex -3.49233577524912 6.720478415738487 57.8702889465727
    endloop
  endfacet
  facet normal -0.3986156368125663 -0.3297635335609892 -0.8557812723014465
    outer loop
      vertex -3.1811246933955593 7.0127250741020655 57.64666633359765
      vertex -3.697655581335728 7.313495966243208 57.771364104043
      vertex -3.5304454010406 7.4349812733430625 57.64666633359765
    endloop
  endfacet
  facet normal -0.20365485452152143 -0.21687039282250084 -0.9547208665085476
    outer loop
      vertex -3.660420228185476 6.5626366081751115 57.941998314223305
      vertex -3.49233577524912 6.720478415738487 57.8702889465727
      vertex -3.0537646198517203 6.308632687571732 57.8702889465727
    endloop
  endfacet
  facet normal -0.2809468982087688 -0.29917805946707793 -0.9118998459920834
    outer loop
      vertex -3.49233577524912 6.720478415738487 57.8702889465727
      vertex -2.9133805467121814 6.47832788130215 57.771364104043
      vertex -3.0537646198517203 6.308632687571732 57.8702889465727
    endloop
  endfacet
  facet normal -0.20365485452152102 -0.21687039282249979 -0.9547208665085481
    outer loop
      vertex -3.660420228185476 6.5626366081751115 57.941998314223305
      vertex -3.0537646198517203 6.308632687571732 57.8702889465727
      vertex -3.2007408525387273 6.130968941807654 57.941998314223305
    endloop
  endfacet
  facet normal -0.174867907568057 -0.24068502644729828 -0.954720866508548
    outer loop
      vertex -3.2007408525387273 6.130968941807654 57.941998314223305
      vertex -3.0537646198517203 6.308632687571732 57.8702889465727
      vertex -2.5670337721687 5.955002027037919 57.8702889465727
    endloop
  endfacet
  facet normal -0.10595125287842638 -0.14582938891313552 -0.9836199069471465
    outer loop
      vertex -3.3521660003389733 5.947927381487073 57.98544652293904
      vertex -3.2007408525387273 6.130968941807654 57.941998314223305
      vertex -2.6905838816175396 5.760318206475017 57.941998314223305
    endloop
  endfacet
  facet normal -0.17486790756805687 -0.2406850264472979 -0.954720866508548
    outer loop
      vertex -3.2007408525387273 6.130968941807654 57.941998314223305
      vertex -2.5670337721687 5.955002027037919 57.8702889465727
      vertex -2.6905838816175396 5.760318206475017 57.941998314223305
    endloop
  endfacet
  facet normal -0.24123459439711928 -0.3320309343203913 -0.9118998459920833
    outer loop
      vertex -3.0537646198517203 6.308632687571732 57.8702889465727
      vertex -2.9133805467121814 6.47832788130215 57.771364104043
      vertex -2.4490251167271113 6.14095391330778 57.771364104043
    endloop
  endfacet
  facet normal -0.4751900584300462 -0.3931114043441986 -0.7871834806090517
    outer loop
      vertex -3.1811246933955593 7.0127250741020655 57.64666633359765
      vertex -3.5304454010406 7.4349812733430625 57.64666633359765
      vertex -3.0425362228381028 7.142868310541164 57.49801400952466
    endloop
  endfacet
  facet normal -0.4221731194294713 -0.44956871008490734 -0.787183480609052
    outer loop
      vertex -3.1811246933955593 7.0127250741020655 57.64666633359765
      vertex -2.6604513626005835 6.784066744251593 57.49801400952466
      vertex -2.7816357490238888 6.637579984954019 57.64666633359765
    endloop
  endfacet
  facet normal -0.48404790064379954 -0.5154586597219275 -0.7071067811865507
    outer loop
      vertex -3.0425362228381028 7.142868310541164 57.49801400952466
      vertex -2.551594528679793 6.9156520523848535 57.3275748174449
      vertex -2.6604513626005835 6.784066744251593 57.49801400952466
    endloop
  endfacet
  facet normal -0.4840479006437993 -0.5154586597219267 -0.7071067811865513
    outer loop
      vertex -3.0425362228381028 7.142868310541164 57.49801400952466
      vertex -2.918045745408841 7.259772650226303 57.3275748174449
      vertex -2.551594528679793 6.9156520523848535 57.3275748174449
    endloop
  endfacet
  facet normal -0.42217311942947144 -0.44956871008490784 -0.7871834806090519
    outer loop
      vertex -3.1811246933955593 7.0127250741020655 57.64666633359765
      vertex -3.0425362228381028 7.142868310541164 57.49801400952466
      vertex -2.6604513626005835 6.784066744251593 57.49801400952466
    endloop
  endfacet
  facet normal -0.28094689820876884 -0.29917805946707815 -0.9118998459920832
    outer loop
      vertex -3.49233577524912 6.720478415738487 57.8702889465727
      vertex -3.3317902251064226 6.8712407223533365 57.771364104043
      vertex -2.9133805467121814 6.47832788130215 57.771364104043
    endloop
  endfacet
  facet normal -0.3541421034827899 -0.3771230363142806 -0.8557812723014467
    outer loop
      vertex -3.1811246933955593 7.0127250741020655 57.64666633359765
      vertex -2.7816357490238888 6.637579984954019 57.64666633359765
      vertex -3.3317902251064226 6.8712407223533365 57.771364104043
    endloop
  endfacet
  facet normal -0.3986156368125663 -0.3297635335609892 -0.8557812723014464
    outer loop
      vertex -3.1811246933955593 7.0127250741020655 57.64666633359765
      vertex -3.3317902251064226 6.8712407223533365 57.771364104043
      vertex -3.697655581335728 7.313495966243208 57.771364104043
    endloop
  endfacet
  facet normal -0.3541421034827902 -0.37712303631428173 -0.8557812723014459
    outer loop
      vertex -2.9133805467121814 6.47832788130215 57.771364104043
      vertex -3.3317902251064226 6.8712407223533365 57.771364104043
      vertex -2.7816357490238888 6.637579984954019 57.64666633359765
    endloop
  endfacet
  facet normal -0.7578921641606635 -0.6269829254824849 -0.18025503781390043
    outer loop
      vertex -2.843356769837919 7.9341803844208005 56.244544200445105
      vertex -2.562020200057137 7.594102890979313 56.244544200445105
      vertex -2.8785766073682635 7.908591674625567 56.48163340212456
    endloop
  endfacet
  facet normal -0.9031762445715198 -0.4250024803347773 -0.060378497422291046
    outer loop
      vertex -3.0670733801535217 8.313862140643996 56.003946543143456
      vertex -3.2677759354474403 8.706195980681183 56.244544200445105
      vertex -3.2542177006088795 8.711564065603628 56.003946543143456
    endloop
  endfacet
  facet normal -0.9031762445715189 -0.42500248033477994 -0.060378497422285855
    outer loop
      vertex -3.0670733801535217 8.313862140643996 56.003946543143456
      vertex -3.0798519048193542 8.306837087260796 56.244544200445105
      vertex -3.2677759354474403 8.706195980681183 56.244544200445105
    endloop
  endfacet
  facet normal -0.8900059011498842 -0.41880498714925996 -0.1802550378139002
    outer loop
      vertex -3.0798519048193542 8.306837087260796 56.244544200445105
      vertex -3.3082529303686887 8.6901700046799 56.48163340212456
      vertex -3.2677759354474403 8.706195980681183 56.244544200445105
    endloop
  endfacet
  facet normal -0.8427874949841981 -0.5348492080458634 -0.06037849742228545
    outer loop
      vertex -2.8315594803123156 7.942751616976344 56.003946543143456
      vertex -3.0798519048193542 8.306837087260796 56.244544200445105
      vertex -3.0670733801535217 8.313862140643996 56.003946543143456
    endloop
  endfacet
  facet normal -0.8304977555151681 -0.5270499022170253 -0.18025503781390448
    outer loop
      vertex -2.843356769837919 7.9341803844208005 56.244544200445105
      vertex -3.1180011391524913 8.28586436820856 56.48163340212456
      vertex -3.0798519048193542 8.306837087260796 56.244544200445105
    endloop
  endfacet
  facet normal -0.8427874949841988 -0.5348492080458621 -0.06037849742228804
    outer loop
      vertex -2.843356769837919 7.9341803844208005 56.244544200445105
      vertex -3.0798519048193542 8.306837087260796 56.244544200445105
      vertex -2.8315594803123156 7.942751616976344 56.003946543143456
    endloop
  endfacet
  facet normal -0.7743340461721374 -0.3643739438551655 -0.5173378141776598
    outer loop
      vertex -3.467218288504545 8.627231166965354 56.93155883718276
      vertex -3.2678246799112523 8.203498179668438 56.93155883718276
      vertex -3.583388578838719 8.58123609523189 57.13783414457452
    endloop
  endfacet
  facet normal -0.7122649085094275 -0.3351664247054488 -0.6167188726285451
    outer loop
      vertex -3.583388578838719 8.58123609523189 57.13783414457452
      vertex -3.3773142217393803 8.14330579468197 57.13783414457452
      vertex -3.7218752862171582 8.526405328934592 57.3275748174449
    endloop
  endfacet
  facet normal -0.7356250707992101 -0.6085619838262025 -0.29750305385520653
    outer loop
      vertex -2.8785766073682635 7.908591674625567 56.48163340212456
      vertex -2.593755202907524 7.564301739680504 56.48163340212456
      vertex -2.936705408363989 7.866358628600212 56.71175685374293
    endloop
  endfacet
  facet normal -0.7026309074221098 -0.5812668380834952 -0.4104128054527517
    outer loop
      vertex -2.936705408363989 7.866358628600212 56.71175685374293
      vertex -2.6461324367235393 7.515116243245448 56.71175685374293
      vertex -3.016895524011918 7.808097099256322 56.93155883718276
    endloop
  endfacet
  facet normal -0.7225600263257554 -0.4585505363403328 -0.5173378141776577
    outer loop
      vertex -3.117977601853489 7.734656670885274 57.13783414457452
      vertex -3.3773142217393803 8.14330579468197 57.13783414457452
      vertex -3.016895524011918 7.808097099256322 56.93155883718276
    endloop
  endfacet
  facet normal -0.7026309074221099 -0.581266838083497 -0.41041280545274916
    outer loop
      vertex -3.016895524011918 7.808097099256322 56.93155883718276
      vertex -2.6461324367235393 7.515116243245448 56.71175685374293
      vertex -2.7183881234928866 7.447263636968261 56.93155883718276
    endloop
  endfacet
  facet normal -0.6065352963036099 -0.5017696348740791 -0.6167188726285466
    outer loop
      vertex -3.117977601853489 7.734656670885274 57.13783414457452
      vertex -2.8094686125968322 7.3617333646392265 57.13783414457452
      vertex -3.2384776375767563 7.647108270306155 57.3275748174449
    endloop
  endfacet
  facet normal -0.6593908032277777 -0.5454955129425969 -0.5173378141776602
    outer loop
      vertex -3.117977601853489 7.734656670885274 57.13783414457452
      vertex -2.7183881234928866 7.447263636968261 56.93155883718276
      vertex -2.8094686125968322 7.3617333646392265 57.13783414457452
    endloop
  endfacet
  facet normal -0.6593908032277779 -0.5454955129425993 -0.5173378141776573
    outer loop
      vertex -3.117977601853489 7.734656670885274 57.13783414457452
      vertex -3.016895524011918 7.808097099256322 56.93155883718276
      vertex -2.7183881234928866 7.447263636968261 56.93155883718276
    endloop
  endfacet
  facet normal -0.7699425052321105 -0.48862037181978335 -0.4104128054527517
    outer loop
      vertex -2.936705408363989 7.866358628600212 56.71175685374293
      vertex -3.2678246799112523 8.203498179668438 56.93155883718276
      vertex -3.1809647814117623 8.251249812957525 56.71175685374293
    endloop
  endfacet
  facet normal -0.8638572675707304 -0.40650037418440055 -0.29750305385520615
    outer loop
      vertex -3.1180011391524913 8.28586436820856 56.48163340212456
      vertex -3.3750584396404197 8.663719832417225 56.71175685374293
      vertex -3.3082529303686887 8.6901700046799 56.48163340212456
    endloop
  endfacet
  facet normal -0.8900059011498845 -0.41880498714925773 -0.18025503781390415
    outer loop
      vertex -3.0798519048193542 8.306837087260796 56.244544200445105
      vertex -3.1180011391524913 8.28586436820856 56.48163340212456
      vertex -3.3082529303686887 8.6901700046799 56.48163340212456
    endloop
  endfacet
  facet normal -0.8251116497932428 -0.3882680704048125 -0.41041280545274994
    outer loop
      vertex -3.467218288504545 8.627231166965354 56.93155883718276
      vertex -3.3750584396404197 8.663719832417225 56.71175685374293
      vertex -3.1809647814117623 8.251249812957525 56.71175685374293
    endloop
  endfacet
  facet normal -0.8638572675707304 -0.40650037418440066 -0.297503053855206
    outer loop
      vertex -3.1809647814117623 8.251249812957525 56.71175685374293
      vertex -3.3750584396404197 8.663719832417225 56.71175685374293
      vertex -3.1180011391524913 8.28586436820856 56.48163340212456
    endloop
  endfacet
  facet normal -0.8304977555151677 -0.5270499022170273 -0.18025503781390095
    outer loop
      vertex -2.843356769837919 7.9341803844208005 56.244544200445105
      vertex -2.8785766073682635 7.908591674625567 56.48163340212456
      vertex -3.1180011391524913 8.28586436820856 56.48163340212456
    endloop
  endfacet
  facet normal -0.8060974886526459 -0.511565022000844 -0.2975030538552061
    outer loop
      vertex -2.8785766073682635 7.908591674625567 56.48163340212456
      vertex -3.1809647814117623 8.251249812957525 56.71175685374293
      vertex -3.1180011391524913 8.28586436820856 56.48163340212456
    endloop
  endfacet
  facet normal -0.8060974886526459 -0.5115650220008436 -0.29750305385520637
    outer loop
      vertex -2.8785766073682635 7.908591674625567 56.48163340212456
      vertex -2.936705408363989 7.866358628600212 56.71175685374293
      vertex -3.1809647814117623 8.251249812957525 56.71175685374293
    endloop
  endfacet
  facet normal -0.7225600263257552 -0.4585505363403318 -0.517337814177659
    outer loop
      vertex -3.016895524011918 7.808097099256322 56.93155883718276
      vertex -3.3773142217393803 8.14330579468197 57.13783414457452
      vertex -3.2678246799112523 8.203498179668438 56.93155883718276
    endloop
  endfacet
  facet normal -0.6646409951720932 -0.42179400147515794 -0.6167188726285454
    outer loop
      vertex -3.117977601853489 7.734656670885274 57.13783414457452
      vertex -3.5078368028273172 8.071550398512668 57.3275748174449
      vertex -3.3773142217393803 8.14330579468197 57.13783414457452
    endloop
  endfacet
  facet normal -0.8251116497932425 -0.3882680704048114 -0.41041280545275133
    outer loop
      vertex -3.467218288504545 8.627231166965354 56.93155883718276
      vertex -3.1809647814117623 8.251249812957525 56.71175685374293
      vertex -3.2678246799112523 8.203498179668438 56.93155883718276
    endloop
  endfacet
  facet normal -0.7743340461721375 -0.3643739438551662 -0.517337814177659
    outer loop
      vertex -3.583388578838719 8.58123609523189 57.13783414457452
      vertex -3.2678246799112523 8.203498179668438 56.93155883718276
      vertex -3.3773142217393803 8.14330579468197 57.13783414457452
    endloop
  endfacet
  facet normal -0.7699425052321104 -0.48862037181978346 -0.4104128054527515
    outer loop
      vertex -2.936705408363989 7.866358628600212 56.71175685374293
      vertex -3.016895524011918 7.808097099256322 56.93155883718276
      vertex -3.2678246799112523 8.203498179668438 56.93155883718276
    endloop
  endfacet
  facet normal -0.9804951209026073 -0.18703944753770047 -0.06037849742228687
    outer loop
      vertex -3.4724014546006723 9.561333682524936 56.003946543143456
      vertex -3.3900410639502083 9.129585394923009 56.003946543143456
      vertex -3.4868687209935834 9.559506041753705 56.244544200445105
    endloop
  endfacet
  facet normal -0.9661972941571187 -0.1843119912164446 -0.18025503781390267
    outer loop
      vertex -3.4868687209935834 9.559506041753705 56.244544200445105
      vertex -3.404165187498796 9.125958936367288 56.244544200445105
      vertex -3.53005955485086 9.554049770557945 56.48163340212456
    endloop
  endfacet
  facet normal -0.9962058827785744 -0.06267596163114175 -0.06037849742228727
    outer loop
      vertex -3.4724014546006723 9.561333682524936 56.003946543143456
      vertex -3.514582251803892 10 56.244544200445105
      vertex -3.4999999999999996 10 56.003946543143456
    endloop
  endfacet
  facet normal -0.9962058827785744 -0.06267596163114185 -0.06037849742228709
    outer loop
      vertex -3.4724014546006723 9.561333682524936 56.003946543143456
      vertex -3.4868687209935834 9.559506041753705 56.244544200445105
      vertex -3.514582251803892 10 56.244544200445105
    endloop
  endfacet
  facet normal -0.9816789577473792 -0.06176200497658551 -0.18025503781390298
    outer loop
      vertex -3.4868687209935834 9.559506041753705 56.244544200445105
      vertex -3.5581163651478955 10 56.48163340212456
      vertex -3.514582251803892 10 56.244544200445105
    endloop
  endfacet
  facet normal -0.9493213652506125 -0.3084532096246358 -0.060378497422290255
    outer loop
      vertex -3.2542177006088795 8.711564065603628 56.003946543143456
      vertex -3.2677759354474403 8.706195980681183 56.244544200445105
      vertex -3.404165187498796 9.125958936367288 56.244544200445105
    endloop
  endfacet
  facet normal -0.9493213652506123 -0.3084532096246371 -0.06037849742228799
    outer loop
      vertex -3.2542177006088795 8.711564065603628 56.003946543143456
      vertex -3.404165187498796 9.125958936367288 56.244544200445105
      vertex -3.3900410639502083 9.129585394923009 56.003946543143456
    endloop
  endfacet
  facet normal -0.9354781220597143 -0.303955267252171 -0.1802550378139034
    outer loop
      vertex -3.2677759354474403 8.706195980681183 56.244544200445105
      vertex -3.4463315966184633 9.115132442631946 56.48163340212456
      vertex -3.404165187498796 9.125958936367288 56.244544200445105
    endloop
  endfacet
  facet normal -0.9804951209026075 -0.18703944753770008 -0.06037849742228761
    outer loop
      vertex -3.4868687209935834 9.559506041753705 56.244544200445105
      vertex -3.3900410639502083 9.129585394923009 56.003946543143456
      vertex -3.404165187498796 9.125958936367288 56.244544200445105
    endloop
  endfacet
  facet normal -0.867268290739327 -0.2817925495794544 -0.41041280545275
    outer loop
      vertex -3.515925410113762 9.097263788374782 56.71175685374293
      vertex -3.3750584396404197 8.663719832417225 56.71175685374293
      vertex -3.6119317934723103 9.072613538811574 56.93155883718276
    endloop
  endfacet
  facet normal -0.9661972941571186 -0.1843119912164441 -0.18025503781390353
    outer loop
      vertex -3.404165187498796 9.125958936367288 56.244544200445105
      vertex -3.4463315966184633 9.115132442631946 56.48163340212456
      vertex -3.53005955485086 9.554049770557945 56.48163340212456
    endloop
  endfacet
  facet normal -0.9378101351759897 -0.1788968510287936 -0.2975030538552057
    outer loop
      vertex -3.4463315966184633 9.115132442631946 56.48163340212456
      vertex -3.515925410113762 9.097263788374782 56.71175685374293
      vertex -3.601344136557577 9.545044433658147 56.71175685374293
    endloop
  endfacet
  facet normal -0.867268290739327 -0.2817925495794542 -0.4104128054527501
    outer loop
      vertex -3.467218288504545 8.627231166965354 56.93155883718276
      vertex -3.6119317934723103 9.072613538811574 56.93155883718276
      vertex -3.3750584396404197 8.663719832417225 56.71175685374293
    endloop
  endfacet
  facet normal -0.8138963555456475 -0.26445095660896156 -0.5173378141776589
    outer loop
      vertex -3.467218288504545 8.627231166965354 56.93155883718276
      vertex -3.7329507574371923 9.041541150088477 57.13783414457452
      vertex -3.6119317934723103 9.072613538811574 56.93155883718276
    endloop
  endfacet
  facet normal -0.7486559787531352 -0.24325307319941758 -0.6167188726285454
    outer loop
      vertex -3.583388578838719 8.58123609523189 57.13783414457452
      vertex -3.8772175730028273 9.004499727602003 57.3275748174449
      vertex -3.7329507574371923 9.041541150088477 57.13783414457452
    endloop
  endfacet
  facet normal -0.8138963555456473 -0.264450956608961 -0.5173378141776596
    outer loop
      vertex -3.467218288504545 8.627231166965354 56.93155883718276
      vertex -3.583388578838719 8.58123609523189 57.13783414457452
      vertex -3.7329507574371923 9.041541150088477 57.13783414457452
    endloop
  endfacet
  facet normal -0.8957475926594876 -0.17087299191251837 -0.4104128054527504
    outer loop
      vertex -3.515925410113762 9.097263788374782 56.71175685374293
      vertex -3.6119317934723103 9.072613538811574 56.93155883718276
      vertex -3.69968297639355 9.532621349144556 56.93155883718276
    endloop
  endfacet
  facet normal -0.840623033194087 -0.16035741980168908 -0.5173378141776588
    outer loop
      vertex -3.6119317934723103 9.072613538811574 56.93155883718276
      vertex -3.7329507574371923 9.041541150088477 57.13783414457452
      vertex -3.8236420726341893 9.516961673563735 57.13783414457452
    endloop
  endfacet
  facet normal -0.9378101351759897 -0.17889685102879335 -0.2975030538552062
    outer loop
      vertex -3.4463315966184633 9.115132442631946 56.48163340212456
      vertex -3.601344136557577 9.545044433658147 56.71175685374293
      vertex -3.53005955485086 9.554049770557945 56.48163340212456
    endloop
  endfacet
  facet normal -0.8957475926594877 -0.17087299191251865 -0.41041280545275005
    outer loop
      vertex -3.515925410113762 9.097263788374782 56.71175685374293
      vertex -3.69968297639355 9.532621349144556 56.93155883718276
      vertex -3.601344136557577 9.545044433658147 56.71175685374293
    endloop
  endfacet
  facet normal -0.9816789577473792 -0.0617620049765859 -0.1802550378139022
    outer loop
      vertex -3.4868687209935834 9.559506041753705 56.244544200445105
      vertex -3.53005955485086 9.554049770557945 56.48163340212456
      vertex -3.5581163651478955 10 56.48163340212456
    endloop
  endfacet
  facet normal -0.9528369429637273 -0.0599474192135476 -0.2975030538552062
    outer loop
      vertex -3.53005955485086 9.554049770557945 56.48163340212456
      vertex -3.62996751462917 10 56.71175685374293
      vertex -3.5581163651478955 10 56.48163340212456
    endloop
  endfacet
  facet normal -0.9101004199497335 -0.05725866508854384 -0.4104128054527498
    outer loop
      vertex -3.601344136557577 9.545044433658147 56.71175685374293
      vertex -3.72908794869358 10 56.93155883718276
      vertex -3.62996751462917 10 56.71175685374293
    endloop
  endfacet
  facet normal -0.9528369429637272 -0.05994741921354717 -0.297503053855207
    outer loop
      vertex -3.53005955485086 9.554049770557945 56.48163340212456
      vertex -3.601344136557577 9.545044433658147 56.71175685374293
      vertex -3.62996751462917 10 56.71175685374293
    endloop
  endfacet
  facet normal -0.7732402969865022 -0.14750347541668984 -0.6167188726285454
    outer loop
      vertex -3.7329507574371923 9.041541150088477 57.13783414457452
      vertex -3.9714138225247315 9.498293760248169 57.3275748174449
      vertex -3.8236420726341893 9.516961673563735 57.13783414457452
    endloop
  endfacet
  facet normal -0.8540925834451962 -0.053734950691264716 -0.5173378141776588
    outer loop
      vertex -3.8236420726341893 9.516961673563735 57.13783414457452
      vertex -3.854032268212687 10 57.13783414457452
      vertex -3.69968297639355 9.532621349144556 56.93155883718276
    endloop
  endfacet
  facet normal -0.7856301538250284 -0.04942765971233543 -0.6167188726285452
    outer loop
      vertex -3.8236420726341893 9.516961673563735 57.13783414457452
      vertex -4.002978503657798 10 57.3275748174449
      vertex -3.854032268212687 10 57.13783414457452
    endloop
  endfacet
  facet normal -0.840623033194087 -0.16035741980168916 -0.5173378141776587
    outer loop
      vertex -3.6119317934723103 9.072613538811574 56.93155883718276
      vertex -3.8236420726341893 9.516961673563735 57.13783414457452
      vertex -3.69968297639355 9.532621349144556 56.93155883718276
    endloop
  endfacet
  facet normal -0.9101004199497337 -0.05725866508854396 -0.4104128054527496
    outer loop
      vertex -3.601344136557577 9.545044433658147 56.71175685374293
      vertex -3.69968297639355 9.532621349144556 56.93155883718276
      vertex -3.72908794869358 10 56.93155883718276
    endloop
  endfacet
  facet normal -0.8540925834451959 -0.05373495069126419 -0.5173378141776596
    outer loop
      vertex -3.69968297639355 9.532621349144556 56.93155883718276
      vertex -3.854032268212687 10 57.13783414457452
      vertex -3.72908794869358 10 56.93155883718276
    endloop
  endfacet
  facet normal -0.9354781220597143 -0.3039552672521725 -0.18025503781390087
    outer loop
      vertex -3.2677759354474403 8.706195980681183 56.244544200445105
      vertex -3.3082529303686887 8.6901700046799 56.48163340212456
      vertex -3.4463315966184633 9.115132442631946 56.48163340212456
    endloop
  endfacet
  facet normal -0.9079935013359067 -0.29502497263551636 -0.29750305385520603
    outer loop
      vertex -3.4463315966184633 9.115132442631946 56.48163340212456
      vertex -3.3082529303686887 8.6901700046799 56.48163340212456
      vertex -3.515925410113762 9.097263788374782 56.71175685374293
    endloop
  endfacet
  facet normal -0.9079935013359067 -0.29502497263551614 -0.29750305385520626
    outer loop
      vertex -3.515925410113762 9.097263788374782 56.71175685374293
      vertex -3.3082529303686887 8.6901700046799 56.48163340212456
      vertex -3.3750584396404197 8.663719832417225 56.71175685374293
    endloop
  endfacet
  facet normal -0.05463209785494059 -0.025707913858227564 -0.998175554223317
    outer loop
      vertex -4.819686740241249 7.350354792440566 58
      vertex -5.113770672385383 7.975314960234272 58
      vertex -4.608432544045148 7.466492769594616 57.98544652293904
    endloop
  endfacet
  facet normal -0.05463209785494047 -0.025707913858227446 -0.9981755542233172
    outer loop
      vertex -5.113770672385383 7.975314960234272 58
      vertex -4.8896263304085235 8.064059983236445 57.98544652293904
      vertex -4.608432544045148 7.466492769594616 57.98544652293904
    endloop
  endfacet
  facet normal -0.05742336341758182 -0.018657981798312476 -0.998175554223317
    outer loop
      vertex -5.113770672385383 7.975314960234272 58
      vertex -5.327207386207471 8.632205620593298 58
      vertex -4.8896263304085235 8.064059983236445 57.98544652293904
    endloop
  endfacet
  facet normal -0.05742336341758178 -0.018657981798312438 -0.9981755542233172
    outer loop
      vertex -4.8896263304085235 8.064059983236445 57.98544652293904
      vertex -5.327207386207471 8.632205620593298 58
      vertex -5.093707788620168 8.692158127417143 57.98544652293904
    endloop
  endfacet
  facet normal -0.1714327283079291 -0.05570187000619063 -0.9836199069471466
    outer loop
      vertex -4.8896263304085235 8.064059983236445 57.98544652293904
      vertex -5.093707788620168 8.692158127417143 57.98544652293904
      vertex -4.668750517666788 8.151510903966859 57.941998314223305
    endloop
  endfacet
  facet normal -0.1714327283079289 -0.05570187000619048 -0.9836199069471465
    outer loop
      vertex -4.668750517666788 8.151510903966859 57.941998314223305
      vertex -5.093707788620168 8.692158127417143 57.98544652293904
      vertex -4.8636131409609895 8.751236391690208 57.941998314223305
    endloop
  endfacet
  facet normal -0.16309963455729265 -0.0767488623014335 -0.9836199069471466
    outer loop
      vertex -4.8896263304085235 8.064059983236445 57.98544652293904
      vertex -4.668750517666788 8.151510903966859 57.941998314223305
      vertex -4.400258909732607 7.580937193521812 57.941998314223305
    endloop
  endfacet
  facet normal -0.1630996345572923 -0.07674886230143313 -0.9836199069471466
    outer loop
      vertex -4.8896263304085235 8.064059983236445 57.98544652293904
      vertex -4.400258909732607 7.580937193521812 57.941998314223305
      vertex -4.608432544045148 7.466492769594616 57.98544652293904
    endloop
  endfacet
  facet normal -0.2511901362920717 -0.15941010784369308 -0.9547208665085479
    outer loop
      vertex -3.8758307092505713 7.18404415838028 57.8702889465727
      vertex -4.400258909732607 7.580937193521812 57.941998314223305
      vertex -4.198201477658102 7.692019206814896 57.8702889465727
    endloop
  endfacet
  facet normal -0.15219436213868848 -0.09658547919063398 -0.9836199069471466
    outer loop
      vertex -4.062372590204684 7.048513548613004 57.941998314223305
      vertex -4.608432544045148 7.466492769594616 57.98544652293904
      vertex -4.400258909732607 7.580937193521812 57.941998314223305
    endloop
  endfacet
  facet normal -0.3713526090521421 -0.17474527355491604 -0.9118998459920828
    outer loop
      vertex -4.198201477658102 7.692019206814896 57.8702889465727
      vertex -4.454364100878965 8.23639249107894 57.8702889465727
      vertex -4.005206700174993 7.798118983585144 57.771364104043
    endloop
  endfacet
  facet normal -0.269188811319436 -0.1266706395089111 -0.954720866508548
    outer loop
      vertex -4.400258909732607 7.580937193521812 57.941998314223305
      vertex -4.668750517666788 8.151510903966859 57.941998314223305
      vertex -4.198201477658102 7.692019206814896 57.8702889465727
    endloop
  endfacet
  facet normal -0.28294221798669245 -0.0919334995197009 -0.9547208665085478
    outer loop
      vertex -4.454364100878965 8.23639249107894 57.8702889465727
      vertex -4.8636131409609895 8.751236391690208 57.941998314223305
      vertex -4.640278741320831 8.808578919286727 57.8702889465727
    endloop
  endfacet
  facet normal -0.2829422179866919 -0.09193349951970045 -0.9547208665085478
    outer loop
      vertex -4.668750517666788 8.151510903966859 57.941998314223305
      vertex -4.8636131409609895 8.751236391690208 57.941998314223305
      vertex -4.454364100878965 8.23639249107894 57.8702889465727
    endloop
  endfacet
  facet normal -0.2691888113194361 -0.12667063950891122 -0.9547208665085479
    outer loop
      vertex -4.198201477658102 7.692019206814896 57.8702889465727
      vertex -4.668750517666788 8.151510903966859 57.941998314223305
      vertex -4.454364100878965 8.23639249107894 57.8702889465727
    endloop
  endfacet
  facet normal -0.37135260905214096 -0.1747452735549147 -0.9118998459920835
    outer loop
      vertex -4.454364100878965 8.23639249107894 57.8702889465727
      vertex -4.24959331675799 8.317466979895906 57.771364104043
      vertex -4.005206700174993 7.798118983585144 57.771364104043
    endloop
  endfacet
  facet normal -0.3903257729968333 -0.12682453159400547 -0.9118998459920834
    outer loop
      vertex -4.454364100878965 8.23639249107894 57.8702889465727
      vertex -4.640278741320831 8.808578919286727 57.8702889465727
      vertex -4.24959331675799 8.317466979895906 57.771364104043
    endloop
  endfacet
  facet normal -0.4920174992995541 -0.1598661764136854 -0.8557812723014461
    outer loop
      vertex -4.24959331675799 8.317466979895906 57.771364104043
      vertex -4.426961308151714 8.863349527030215 57.771364104043
      vertex -4.057424184439996 8.393552121806955 57.64666633359765
    endloop
  endfacet
  facet normal -0.059309028236073244 -0.011313802219700044 -0.998175554223317
    outer loop
      vertex -5.327207386207471 8.632205620593298 58
      vertex -5.456630857229628 9.310667215396327 58
      vertex -5.093707788620168 8.692158127417143 57.98544652293904
    endloop
  endfacet
  facet normal -0.05930902823607333 -0.011313802219700088 -0.9981755542233172
    outer loop
      vertex -5.456630857229628 9.310667215396327 58
      vertex -5.217458432171732 9.34088171919534 57.98544652293904
      vertex -5.093707788620168 8.692158127417143 57.98544652293904
    endloop
  endfacet
  facet normal -0.17706222552420128 -0.03377642594626626 -0.9836199069471465
    outer loop
      vertex -5.093707788620168 8.692158127417143 57.98544652293904
      vertex -5.217458432171732 9.34088171919534 57.98544652293904
      vertex -4.8636131409609895 8.751236391690208 57.941998314223305
    endloop
  endfacet
  facet normal -0.17706222552420106 -0.03377642594626613 -0.9836199069471466
    outer loop
      vertex -4.8636131409609895 8.751236391690208 57.941998314223305
      vertex -5.217458432171732 9.34088171919534 57.98544652293904
      vertex -4.981773679640576 9.370655627491825 57.941998314223305
    endloop
  endfacet
  facet normal -0.29223345685480995 -0.05574651332465444 -0.9547208665085477
    outer loop
      vertex -4.8636131409609895 8.751236391690208 57.941998314223305
      vertex -4.981773679640576 9.370655627491825 57.941998314223305
      vertex -4.640278741320831 8.808578919286727 57.8702889465727
    endloop
  endfacet
  facet normal -0.06025935424978581 -0.0037911972215450653 -0.998175554223317
    outer loop
      vertex -5.456630857229628 9.310667215396327 58
      vertex -5.5 10 58
      vertex -5.217458432171732 9.34088171919534 57.98544652293904
    endloop
  endfacet
  facet normal -0.06025935424978581 -0.0037911972215450584 -0.9981755542233172
    outer loop
      vertex -5.217458432171732 9.34088171919534 57.98544652293904
      vertex -5.5 10 58
      vertex -5.258926639489355 10 57.98544652293904
    endloop
  endfacet
  facet normal -0.17989934567211022 -0.011318307472110068 -0.9836199069471465
    outer loop
      vertex -5.217458432171732 9.34088171919534 57.98544652293904
      vertex -5.258926639489355 10 57.98544652293904
      vertex -4.981773679640576 9.370655627491825 57.941998314223305
    endloop
  endfacet
  facet normal -0.29691599953652126 -0.018680371313125152 -0.9547208665085476
    outer loop
      vertex -4.981773679640576 9.370655627491825 57.941998314223305
      vertex -5.021368671424885 10 57.941998314223305
      vertex -4.7530134140439095 9.399554769657819 57.8702889465727
    endloop
  endfacet
  facet normal -0.2969159995365209 -0.018680371313124996 -0.954720866508548
    outer loop
      vertex -4.7530134140439095 9.399554769657819 57.8702889465727
      vertex -5.021368671424885 10 57.941998314223305
      vertex -4.790790225914929 10 57.8702889465727
    endloop
  endfacet
  facet normal -0.17989934567211055 -0.011318307472110208 -0.9836199069471466
    outer loop
      vertex -4.981773679640576 9.370655627491825 57.941998314223305
      vertex -5.258926639489355 10 57.98544652293904
      vertex -5.021368671424885 10 57.941998314223305
    endloop
  endfacet
  facet normal -0.6057950858667862 -0.11556159308296167 -0.7871834806090516
    outer loop
      vertex -4.226771489978275 8.914749536127104 57.64666633359765
      vertex -4.329460084168698 9.453061998559734 57.64666633359765
      vertex -4.04262850513769 8.962029418702022 57.49801400952466
    endloop
  endfacet
  facet normal -0.605795085866786 -0.11556159308296149 -0.7871834806090519
    outer loop
      vertex -4.329460084168698 9.453061998559734 57.64666633359765
      vertex -4.140843381198769 9.47688982941048 57.49801400952466
      vertex -4.04262850513769 8.962029418702022 57.49801400952466
    endloop
  endfacet
  facet normal -0.29223345685480956 -0.055746513324654225 -0.9547208665085478
    outer loop
      vertex -4.981773679640576 9.370655627491825 57.941998314223305
      vertex -4.7530134140439095 9.399554769657819 57.8702889465727
      vertex -4.640278741320831 8.808578919286727 57.8702889465727
    endloop
  endfacet
  facet normal -0.40314326633205083 -0.07690369100855547 -0.9118998459920836
    outer loop
      vertex -4.640278741320831 8.808578919286727 57.8702889465727
      vertex -4.7530134140439095 9.399554769657819 57.8702889465727
      vertex -4.426961308151714 8.863349527030215 57.771364104043
    endloop
  endfacet
  facet normal -0.4031432663320516 -0.076903691008556 -0.9118998459920831
    outer loop
      vertex -4.426961308151714 8.863349527030215 57.771364104043
      vertex -4.7530134140439095 9.399554769657819 57.8702889465727
      vertex -4.534513475177388 9.42715773112534 57.771364104043
    endloop
  endfacet
  facet normal -0.3903257729968334 -0.12682453159400553 -0.9118998459920835
    outer loop
      vertex -4.24959331675799 8.317466979895906 57.771364104043
      vertex -4.640278741320831 8.808578919286727 57.8702889465727
      vertex -4.426961308151714 8.863349527030215 57.771364104043
    endloop
  endfacet
  facet normal -0.49201749929955435 -0.15986617641368567 -0.8557812723014459
    outer loop
      vertex -4.226771489978275 8.914749536127104 57.64666633359765
      vertex -4.057424184439996 8.393552121806955 57.64666633359765
      vertex -4.426961308151714 8.863349527030215 57.771364104043
    endloop
  endfacet
  facet normal -0.5081743391865624 -0.09693943970551556 -0.8557812723014459
    outer loop
      vertex -4.226771489978275 8.914749536127104 57.64666633359765
      vertex -4.426961308151714 8.863349527030215 57.771364104043
      vertex -4.534513475177388 9.42715773112534 57.771364104043
    endloop
  endfacet
  facet normal -0.508174339186561 -0.0969394397055145 -0.8557812723014466
    outer loop
      vertex -4.226771489978275 8.914749536127104 57.64666633359765
      vertex -4.534513475177388 9.42715773112534 57.771364104043
      vertex -4.329460084168698 9.453061998559734 57.64666633359765
    endloop
  endfacet
  facet normal -0.6155019188094347 -0.038724098415878754 -0.7871834806090517
    outer loop
      vertex -4.329460084168698 9.453061998559734 57.64666633359765
      vertex -4.363870506537689 10 57.64666633359765
      vertex -4.140843381198769 9.47688982941048 57.49801400952466
    endloop
  endfacet
  facet normal -0.615501918809435 -0.038724098415878865 -0.7871834806090516
    outer loop
      vertex -4.140843381198769 9.47688982941048 57.49801400952466
      vertex -4.363870506537689 10 57.64666633359765
      vertex -4.173754683518409 10 57.49801400952466
    endloop
  endfacet
  facet normal -0.4096029495310989 -0.025770033275862518 -0.9118998459920832
    outer loop
      vertex -4.7530134140439095 9.399554769657819 57.8702889465727
      vertex -4.790790225914929 10 57.8702889465727
      vertex -4.534513475177388 9.42715773112534 57.771364104043
    endloop
  endfacet
  facet normal -0.5163169661759613 -0.03248391012437427 -0.8557812723014466
    outer loop
      vertex -4.329460084168698 9.453061998559734 57.64666633359765
      vertex -4.534513475177388 9.42715773112534 57.771364104043
      vertex -4.570553655912462 10 57.771364104043
    endloop
  endfacet
  facet normal -0.4096029495310986 -0.025770033275862348 -0.9118998459920833
    outer loop
      vertex -4.534513475177388 9.42715773112534 57.771364104043
      vertex -4.790790225914929 10 57.8702889465727
      vertex -4.570553655912462 10 57.771364104043
    endloop
  endfacet
  facet normal -0.5163169661759621 -0.032483910124374786 -0.8557812723014461
    outer loop
      vertex -4.329460084168698 9.453061998559734 57.64666633359765
      vertex -4.570553655912462 10 57.771364104043
      vertex -4.363870506537689 10 57.64666633359765
    endloop
  endfacet
  facet normal -0.5970300016676423 -0.3788867602711006 -0.7071067811865507
    outer loop
      vertex -3.5078368028273172 8.071550398512668 57.3275748174449
      vertex -3.2384776375767563 7.647108270306155 57.3275748174449
      vertex -3.657489110031543 7.989278346415764 57.49801400952466
    endloop
  endfacet
  facet normal -0.520712966344398 -0.33045449692361156 -0.7871834806090511
    outer loop
      vertex -3.8240888757253746 7.897689350171355 57.64666633359765
      vertex -3.657489110031543 7.989278346415764 57.49801400952466
      vertex -3.376638469318423 7.546728550341241 57.49801400952466
    endloop
  endfacet
  facet normal -0.5207129663443981 -0.33045449692361145 -0.7871834806090513
    outer loop
      vertex -3.8240888757253746 7.897689350171355 57.64666633359765
      vertex -3.376638469318423 7.546728550341241 57.49801400952466
      vertex -3.5304454010406 7.4349812733430625 57.64666633359765
    endloop
  endfacet
  facet normal -0.3465229926274015 -0.21991017816409716 -0.9118998459920832
    outer loop
      vertex -3.8758307092505713 7.18404415838028 57.8702889465727
      vertex -4.198201477658102 7.692019206814896 57.8702889465727
      vertex -3.697655581335728 7.313495966243208 57.771364104043
    endloop
  endfacet
  facet normal -0.25119013629207165 -0.15941010784369303 -0.954720866508548
    outer loop
      vertex -3.8758307092505713 7.18404415838028 57.8702889465727
      vertex -4.062372590204684 7.048513548613004 57.941998314223305
      vertex -4.400258909732607 7.580937193521812 57.941998314223305
    endloop
  endfacet
  facet normal -0.3465229926274018 -0.2199101781640977 -0.911899845992083
    outer loop
      vertex -4.198201477658102 7.692019206814896 57.8702889465727
      vertex -4.005206700174993 7.798118983585144 57.771364104043
      vertex -3.697655581335728 7.313495966243208 57.771364104043
    endloop
  endfacet
  facet normal -0.43680276342836927 -0.2772034628922543 -0.8557812723014465
    outer loop
      vertex -3.8240888757253746 7.897689350171355 57.64666633359765
      vertex -3.5304454010406 7.4349812733430625 57.64666633359765
      vertex -4.005206700174993 7.798118983585144 57.771364104043
    endloop
  endfacet
  facet normal -0.43680276342836943 -0.27720346289225445 -0.8557812723014465
    outer loop
      vertex -3.5304454010406 7.4349812733430625 57.64666633359765
      vertex -3.697655581335728 7.313495966243208 57.771364104043
      vertex -4.005206700174993 7.798118983585144 57.771364104043
    endloop
  endfacet
  facet normal -0.5580239197206499 -0.26258612468259085 -0.7871834806090512
    outer loop
      vertex -3.8240888757253746 7.897689350171355 57.64666633359765
      vertex -4.057424184439996 8.393552121806955 57.64666633359765
      vertex -3.657489110031543 7.989278346415764 57.49801400952466
    endloop
  endfacet
  facet normal -0.55802391972065 -0.26258612468259096 -0.7871834806090512
    outer loop
      vertex -4.057424184439996 8.393552121806955 57.64666633359765
      vertex -3.880658962601377 8.463538424114207 57.49801400952466
      vertex -3.657489110031543 7.989278346415764 57.49801400952466
    endloop
  endfacet
  facet normal -0.5865345025355753 -0.19057661239397827 -0.7871834806090513
    outer loop
      vertex -4.226771489978275 8.914749536127104 57.64666633359765
      vertex -3.880658962601377 8.463538424114207 57.49801400952466
      vertex -4.057424184439996 8.393552121806955 57.64666633359765
    endloop
  endfacet
  facet normal -0.6398093445997554 -0.30107142435446577 -0.7071067811865508
    outer loop
      vertex -3.880658962601377 8.463538424114207 57.49801400952466
      vertex -3.5078368028273172 8.071550398512668 57.3275748174449
      vertex -3.657489110031543 7.989278346415764 57.49801400952466
    endloop
  endfacet
  facet normal -0.7122649085094274 -0.3351664247054486 -0.6167188726285453
    outer loop
      vertex -3.3773142217393803 8.14330579468197 57.13783414457452
      vertex -3.5078368028273172 8.071550398512668 57.3275748174449
      vertex -3.7218752862171582 8.526405328934592 57.3275748174449
    endloop
  endfacet
  facet normal -0.6398093445997551 -0.30107142435446527 -0.7071067811865513
    outer loop
      vertex -3.880658962601377 8.463538424114207 57.49801400952466
      vertex -3.7218752862171582 8.526405328934592 57.3275748174449
      vertex -3.5078368028273172 8.071550398512668 57.3275748174449
    endloop
  endfacet
  facet normal -0.4681012495315841 -0.22027172802038633 -0.8557812723014464
    outer loop
      vertex -4.24959331675799 8.317466979895906 57.771364104043
      vertex -3.8240888757253746 7.897689350171355 57.64666633359765
      vertex -4.005206700174993 7.798118983585144 57.771364104043
    endloop
  endfacet
  facet normal -0.46810124953158466 -0.220271728020387 -0.8557812723014461
    outer loop
      vertex -4.24959331675799 8.317466979895906 57.771364104043
      vertex -4.057424184439996 8.393552121806955 57.64666633359765
      vertex -3.8240888757253746 7.897689350171355 57.64666633359765
    endloop
  endfacet
  facet normal -0.5448351389607942 -0.45072682564228067 -0.7071067811865515
    outer loop
      vertex -3.0425362228381028 7.142868310541164 57.49801400952466
      vertex -3.376638469318423 7.546728550341241 57.49801400952466
      vertex -2.918045745408841 7.259772650226303 57.3275748174449
    endloop
  endfacet
  facet normal -0.5448351389607943 -0.45072682564228167 -0.7071067811865505
    outer loop
      vertex -3.376638469318423 7.546728550341241 57.49801400952466
      vertex -3.2384776375767563 7.647108270306155 57.3275748174449
      vertex -2.918045745408841 7.259772650226303 57.3275748174449
    endloop
  endfacet
  facet normal -0.47519005843004636 -0.39311140434419917 -0.7871834806090513
    outer loop
      vertex -3.0425362228381028 7.142868310541164 57.49801400952466
      vertex -3.5304454010406 7.4349812733430625 57.64666633359765
      vertex -3.376638469318423 7.546728550341241 57.49801400952466
    endloop
  endfacet
  facet normal -0.5970300016676426 -0.37888676027110085 -0.7071067811865506
    outer loop
      vertex -3.657489110031543 7.989278346415764 57.49801400952466
      vertex -3.2384776375767563 7.647108270306155 57.3275748174449
      vertex -3.376638469318423 7.546728550341241 57.49801400952466
    endloop
  endfacet
  facet normal -0.6646409951720929 -0.42179400147515683 -0.6167188726285465
    outer loop
      vertex -3.117977601853489 7.734656670885274 57.13783414457452
      vertex -3.2384776375767563 7.647108270306155 57.3275748174449
      vertex -3.5078368028273172 8.071550398512668 57.3275748174449
    endloop
  endfacet
  facet normal -0.6065352963036102 -0.5017696348740811 -0.6167188726285445
    outer loop
      vertex -2.8094686125968322 7.3617333646392265 57.13783414457452
      vertex -2.918045745408841 7.259772650226303 57.3275748174449
      vertex -3.2384776375767563 7.647108270306155 57.3275748174449
    endloop
  endfacet
  facet normal -0.6724985119639537 -0.21850801222440952 -0.7071067811865513
    outer loop
      vertex -3.880658962601377 8.463538424114207 57.49801400952466
      vertex -4.04262850513769 8.962029418702022 57.49801400952466
      vertex -3.7218752862171582 8.526405328934592 57.3275748174449
    endloop
  endfacet
  facet normal -0.6724985119639535 -0.21850801222440927 -0.7071067811865516
    outer loop
      vertex -3.7218752862171582 8.526405328934592 57.3275748174449
      vertex -4.04262850513769 8.962029418702022 57.49801400952466
      vertex -3.8772175730028273 9.004499727602003 57.3275748174449
    endloop
  endfacet
  facet normal -0.586534502535575 -0.190576612393978 -0.7871834806090514
    outer loop
      vertex -4.226771489978275 8.914749536127104 57.64666633359765
      vertex -4.04262850513769 8.962029418702022 57.49801400952466
      vertex -3.880658962601377 8.463538424114207 57.49801400952466
    endloop
  endfacet
  facet normal -0.6945819760633425 -0.1324985982112142 -0.7071067811865515
    outer loop
      vertex -4.140843381198769 9.47688982941048 57.49801400952466
      vertex -3.8772175730028273 9.004499727602003 57.3275748174449
      vertex -4.04262850513769 8.962029418702022 57.49801400952466
    endloop
  endfacet
  facet normal -0.7732402969865022 -0.14750347541668976 -0.6167188726285454
    outer loop
      vertex -3.7329507574371923 9.041541150088477 57.13783414457452
      vertex -3.8772175730028273 9.004499727602003 57.3275748174449
      vertex -3.9714138225247315 9.498293760248169 57.3275748174449
    endloop
  endfacet
  facet normal -0.7486559787531353 -0.24325307319941789 -0.616718872628545
    outer loop
      vertex -3.583388578838719 8.58123609523189 57.13783414457452
      vertex -3.7218752862171582 8.526405328934592 57.3275748174449
      vertex -3.8772175730028273 9.004499727602003 57.3275748174449
    endloop
  endfacet
  facet normal -0.6945819760633434 -0.13249859821121512 -0.7071067811865503
    outer loop
      vertex -4.140843381198769 9.47688982941048 57.49801400952466
      vertex -3.9714138225247315 9.498293760248169 57.3275748174449
      vertex -3.8772175730028273 9.004499727602003 57.3275748174449
    endloop
  endfacet
  facet normal -0.7057114674770527 -0.044399602153404015 -0.7071067811865506
    outer loop
      vertex -4.140843381198769 9.47688982941048 57.49801400952466
      vertex -4.173754683518409 10 57.49801400952466
      vertex -3.9714138225247315 9.498293760248169 57.3275748174449
    endloop
  endfacet
  facet normal -0.7057114674770523 -0.04439960215340365 -0.707106781186551
    outer loop
      vertex -3.9714138225247315 9.498293760248169 57.3275748174449
      vertex -4.173754683518409 10 57.49801400952466
      vertex -4.002978503657798 10 57.3275748174449
    endloop
  endfacet
  facet normal -0.7856301538250282 -0.04942765971233538 -0.6167188726285453
    outer loop
      vertex -3.8236420726341893 9.516961673563735 57.13783414457452
      vertex -3.9714138225247315 9.498293760248169 57.3275748174449
      vertex -4.002978503657798 10 57.3275748174449
    endloop
  endfacet
  facet normal -0.5867128699713321 -0.8075409867362954 -0.06037849742228849
    outer loop
      vertex -1.8753937824264884 7.044852260742948 56.003946543143456
      vertex -2.2402790412447704 7.291967832160347 56.244544200445105
      vertex -2.2309839641204134 7.303203650284738 56.003946543143456
    endloop
  endfacet
  facet normal -0.5781572751648257 -0.7957652207257443 -0.1802550378139031
    outer loop
      vertex -1.8832073436741448 7.03254005832822 56.244544200445105
      vertex -2.268028729462677 7.25842422131629 56.48163340212456
      vertex -2.2402790412447704 7.291967832160347 56.244544200445105
    endloop
  endfacet
  facet normal -0.48087474064559893 -0.874707906022379 -0.06037849742228684
    outer loop
      vertex -1.8753937824264884 7.044852260742948 56.003946543143456
      vertex -1.4902275204777533 6.833105316368932 56.003946543143456
      vertex -1.8832073436741448 7.03254005832822 56.244544200445105
    endloop
  endfacet
  facet normal -0.5867128699713314 -0.8075409867362959 -0.060378497422286945
    outer loop
      vertex -1.8753937824264884 7.044852260742948 56.003946543143456
      vertex -1.8832073436741448 7.03254005832822 56.244544200445105
      vertex -2.2402790412447704 7.291967832160347 56.244544200445105
    endloop
  endfacet
  facet normal -0.47386250409137354 -0.8619526950819061 -0.18025503781390337
    outer loop
      vertex -1.8832073436741448 7.03254005832822 56.244544200445105
      vertex -1.4964363413202382 6.819910900450899 56.244544200445105
      vertex -1.9065340880995145 6.995782990719907 56.48163340212456
    endloop
  endfacet
  facet normal -0.48087474064559865 -0.8747079060223791 -0.060378497422286445
    outer loop
      vertex -1.8832073436741448 7.03254005832822 56.244544200445105
      vertex -1.4902275204777533 6.833105316368932 56.003946543143456
      vertex -1.4964363413202382 6.819910900450899 56.244544200445105
    endloop
  endfacet
  facet normal -0.5611708453896134 -0.7723854058897888 -0.29750305385520504
    outer loop
      vertex -2.3138283758330607 7.203061959132306 56.71175685374293
      vertex -2.268028729462677 7.25842422131629 56.48163340212456
      vertex -1.9065340880995145 6.995782990719907 56.48163340212456
    endloop
  endfacet
  facet normal -0.5360012810419286 -0.7377424725755006 -0.41041280545275155
    outer loop
      vertex -2.3138283758330607 7.203061959132306 56.71175685374293
      vertex -1.9450338592416228 6.935117058733448 56.71175685374293
      vertex -2.3770101183800185 7.126688352055993 56.93155883718276
    endloop
  endfacet
  facet normal -0.5388641734857967 -0.5738320613883875 -0.6167188726285445
    outer loop
      vertex -2.8094686125968322 7.3617333646392265 57.13783414457452
      vertex -2.4566526250243226 7.030417099256912 57.13783414457452
      vertex -2.918045745408841 7.259772650226303 57.3275748174449
    endloop
  endfacet
  facet normal -0.5858225932619266 -0.6238376994425344 -0.5173378141776585
    outer loop
      vertex -2.8094686125968322 7.3617333646392265 57.13783414457452
      vertex -2.3770101183800185 7.126688352055993 56.93155883718276
      vertex -2.4566526250243226 7.030417099256912 57.13783414457452
    endloop
  endfacet
  facet normal -0.4626948407502566 -0.6368448135039425 -0.6167188726285449
    outer loop
      vertex -2.4566526250243226 7.030417099256912 57.13783414457452
      vertex -2.065093758022037 6.745932930162157 57.13783414457452
      vertex -2.551594528679793 6.9156520523848535 57.3275748174449
    endloop
  endfacet
  facet normal -0.503015611046879 -0.6923415927596849 -0.5173378141776587
    outer loop
      vertex -2.4566526250243226 7.030417099256912 57.13783414457452
      vertex -1.9981452437432825 6.851426908264985 56.93155883718276
      vertex -2.065093758022037 6.745932930162157 57.13783414457452
    endloop
  endfacet
  facet normal -0.503015611046879 -0.6923415927596852 -0.5173378141776583
    outer loop
      vertex -2.4566526250243226 7.030417099256912 57.13783414457452
      vertex -2.3770101183800185 7.126688352055993 56.93155883718276
      vertex -1.9981452437432825 6.851426908264985 56.93155883718276
    endloop
  endfacet
  facet normal -0.5360012810419287 -0.7377424725755002 -0.41041280545275227
    outer loop
      vertex -2.3770101183800185 7.126688352055993 56.93155883718276
      vertex -1.9450338592416228 6.935117058733448 56.71175685374293
      vertex -1.9981452437432825 6.851426908264985 56.93155883718276
    endloop
  endfacet
  facet normal -0.31503409806189375 -0.7956853040494162 -0.5173378141776582
    outer loop
      vertex -1.640967128828527 6.512767342644187 57.13783414457452
      vertex -1.5877684249786017 6.625820342997033 56.93155883718276
      vertex -1.1523515496651282 6.453426606557244 56.93155883718276
    endloop
  endfacet
  facet normal -0.2897815666799741 -0.731904690349963 -0.6167188726285457
    outer loop
      vertex -1.640967128828527 6.512767342644187 57.13783414457452
      vertex -1.1909614677471456 6.334597497304533 57.13783414457452
      vertex -1.7043853514376308 6.377996759450477 57.3275748174449
    endloop
  endfacet
  facet normal -0.45994028518206465 -0.8366282728987043 -0.29750305385520337
    outer loop
      vertex -1.9065340880995145 6.995782990719907 56.48163340212456
      vertex -1.5149722652587616 6.780520056992122 56.48163340212456
      vertex -1.9450338592416228 6.935117058733448 56.71175685374293
    endloop
  endfacet
  facet normal -0.43931110121947925 -0.7991039265738403 -0.41041280545275255
    outer loop
      vertex -1.9450338592416228 6.935117058733448 56.71175685374293
      vertex -1.5455649967830347 6.715507193190685 56.71175685374293
      vertex -1.9981452437432825 6.851426908264985 56.93155883718276
    endloop
  endfacet
  facet normal -0.5781572751648257 -0.7957652207257441 -0.18025503781390328
    outer loop
      vertex -1.8832073436741448 7.03254005832822 56.244544200445105
      vertex -1.9065340880995145 6.995782990719907 56.48163340212456
      vertex -2.268028729462677 7.25842422131629 56.48163340212456
    endloop
  endfacet
  facet normal -0.561170845389613 -0.7723854058897894 -0.29750305385520365
    outer loop
      vertex -2.3138283758330607 7.203061959132306 56.71175685374293
      vertex -1.9065340880995145 6.995782990719907 56.48163340212456
      vertex -1.9450338592416228 6.935117058733448 56.71175685374293
    endloop
  endfacet
  facet normal -0.47386250409137354 -0.8619526950819061 -0.18025503781390345
    outer loop
      vertex -1.4964363413202382 6.819910900450899 56.244544200445105
      vertex -1.5149722652587616 6.780520056992122 56.48163340212456
      vertex -1.9065340880995145 6.995782990719907 56.48163340212456
    endloop
  endfacet
  facet normal -0.3514561919221861 -0.8876770122665012 -0.2975030538552055
    outer loop
      vertex -1.5149722652587616 6.780520056992122 56.48163340212456
      vertex -1.0995184247943155 6.616030245189668 56.48163340212456
      vertex -1.5455649967830347 6.715507193190685 56.71175685374293
    endloop
  endfacet
  facet normal -0.45994028518206537 -0.8366282728987033 -0.2975030538552054
    outer loop
      vertex -1.9450338592416228 6.935117058733448 56.71175685374293
      vertex -1.5149722652587616 6.780520056992122 56.48163340212456
      vertex -1.5455649967830347 6.715507193190685 56.71175685374293
    endloop
  endfacet
  facet normal -0.3356927228990664 -0.8478630342885655 -0.41041280545275105
    outer loop
      vertex -1.5455649967830347 6.715507193190685 56.71175685374293
      vertex -1.1217216510494041 6.5476957412722046 56.71175685374293
      vertex -1.5877684249786017 6.625820342997033 56.93155883718276
    endloop
  endfacet
  facet normal -0.41227577215866207 -0.7499268455741941 -0.5173378141776587
    outer loop
      vertex -2.065093758022037 6.745932930162157 57.13783414457452
      vertex -1.9981452437432825 6.851426908264985 56.93155883718276
      vertex -1.5877684249786017 6.625820342997033 56.93155883718276
    endloop
  endfacet
  facet normal -0.3792285339755851 -0.6898141424778884 -0.6167188726285455
    outer loop
      vertex -2.065093758022037 6.745932930162157 57.13783414457452
      vertex -1.640967128828527 6.512767342644187 57.13783414457452
      vertex -2.144903141984778 6.6201734641774515 57.3275748174449
    endloop
  endfacet
  facet normal -0.412275772158662 -0.7499268455741945 -0.5173378141776583
    outer loop
      vertex -2.065093758022037 6.745932930162157 57.13783414457452
      vertex -1.5877684249786017 6.625820342997033 56.93155883718276
      vertex -1.640967128828527 6.512767342644187 57.13783414457452
    endloop
  endfacet
  facet normal -0.43931110121947886 -0.7991039265738413 -0.41041280545275105
    outer loop
      vertex -1.5455649967830347 6.715507193190685 56.71175685374293
      vertex -1.5877684249786017 6.625820342997033 56.93155883718276
      vertex -1.9981452437432825 6.851426908264985 56.93155883718276
    endloop
  endfacet
  facet normal -0.36745292939923874 -0.928080159105314 -0.06037849742228623
    outer loop
      vertex -1.4902275204777533 6.833105316368932 56.003946543143456
      vertex -1.0815594803123159 6.671302192966963 56.003946543143456
      vertex -1.4964363413202382 6.819910900450899 56.244544200445105
    endloop
  endfacet
  facet normal -0.3674529293992391 -0.9280801591053138 -0.06037849742228698
    outer loop
      vertex -1.4964363413202382 6.819910900450899 56.244544200445105
      vertex -1.0815594803123159 6.671302192966963 56.003946543143456
      vertex -1.0860656439359733 6.657433647366615 56.244544200445105
    endloop
  endfacet
  facet normal -0.3620946382566618 -0.9145466605310444 -0.18025503781390345
    outer loop
      vertex -1.4964363413202382 6.819910900450899 56.244544200445105
      vertex -1.0860656439359733 6.657433647366615 56.244544200445105
      vertex -1.5149722652587616 6.780520056992122 56.48163340212456
    endloop
  endfacet
  facet normal -0.24823616595051232 -0.9668160336709444 -0.060378497422287
    outer loop
      vertex -1.0815594803123159 6.671302192966963 56.003946543143456
      vertex -0.6558346010500368 6.561994622449591 56.003946543143456
      vertex -1.0860656439359733 6.657433647366615 56.244544200445105
    endloop
  endfacet
  facet normal -0.2446163236717902 -0.9527176788199148 -0.18025503781390365
    outer loop
      vertex -1.0860656439359733 6.657433647366615 56.244544200445105
      vertex -0.6585670425626702 6.547670662415712 56.244544200445105
      vertex -1.0995184247943155 6.616030245189668 56.48163340212456
    endloop
  endfacet
  facet normal -0.24823616595051315 -0.966816033670944 -0.060378497422288666
    outer loop
      vertex -1.0860656439359733 6.657433647366615 56.244544200445105
      vertex -0.6558346010500368 6.561994622449591 56.003946543143456
      vertex -0.6585670425626702 6.547670662415712 56.244544200445105
    endloop
  endfacet
  facet normal -0.12510456987565063 -0.9903046418376799 -0.06037849742228869
    outer loop
      vertex -0.6558346010500368 6.561994622449591 56.003946543143456
      vertex -0.21976681835259815 6.5069064505010505 56.003946543143456
      vertex -0.6585670425626702 6.547670662415712 56.244544200445105
    endloop
  endfacet
  facet normal -0.12510456987565086 -0.9903046418376796 -0.060378497422289144
    outer loop
      vertex -0.6585670425626702 6.547670662415712 56.244544200445105
      vertex -0.21976681835259815 6.5069064505010505 56.003946543143456
      vertex -0.2206824455192718 6.492352973440094 56.244544200445105
    endloop
  endfacet
  facet normal -0.1232802635359066 -0.9758637701878402 -0.1802550378139032
    outer loop
      vertex -0.6585670425626702 6.547670662415712 56.244544200445105
      vertex -0.2206824455192718 6.492352973440094 56.244544200445105
      vertex -0.6667245219503936 6.504907657906119 56.48163340212456
    endloop
  endfacet
  facet normal 0 -0.9981755542233174 -0.060378497422289186
    outer loop
      vertex -0.21976681835259815 6.5069064505010505 56.003946543143456
      vertex 0.21976681835259815 6.5069064505010505 56.003946543143456
      vertex -0.2206824455192718 6.492352973440094 56.244544200445105
    endloop
  endfacet
  facet normal 0 -0.9836199069471436 -0.18025503781390534
    outer loop
      vertex -0.2206824455192718 6.492352973440094 56.244544200445105
      vertex 0.2206824455192718 6.492352973440094 56.244544200445105
      vertex -0.22341597511338984 6.448904764724352 56.48163340212456
    endloop
  endfacet
  facet normal -0.2374294245659421 -0.9247265548783119 -0.2975030538552066
    outer loop
      vertex -1.1217216510494041 6.5476957412722046 56.71175685374293
      vertex -1.0995184247943155 6.616030245189668 56.48163340212456
      vertex -0.6667245219503936 6.504907657906119 56.48163340212456
    endloop
  endfacet
  facet normal -0.24461632367179 -0.9527176788199149 -0.18025503781390323
    outer loop
      vertex -0.6585670425626702 6.547670662415712 56.244544200445105
      vertex -0.6667245219503936 6.504907657906119 56.48163340212456
      vertex -1.0995184247943155 6.616030245189668 56.48163340212456
    endloop
  endfacet
  facet normal -0.22678026980542246 -0.8832508354637341 -0.41041280545274833
    outer loop
      vertex -1.1217216510494041 6.5476957412722046 56.71175685374293
      vertex -0.6801880847946902 6.4343291898204615 56.71175685374293
      vertex -1.1523515496651282 6.453426606557244 56.93155883718276
    endloop
  endfacet
  facet normal -0.23742942456594246 -0.9247265548783116 -0.29750305385520737
    outer loop
      vertex -1.1217216510494041 6.5476957412722046 56.71175685374293
      vertex -0.6667245219503936 6.504907657906119 56.48163340212456
      vertex -0.6801880847946902 6.4343291898204615 56.71175685374293
    endloop
  endfacet
  facet normal -0.3356927228990654 -0.847863034288567 -0.4104128054527485
    outer loop
      vertex -1.5877684249786017 6.625820342997033 56.93155883718276
      vertex -1.1217216510494041 6.5476957412722046 56.71175685374293
      vertex -1.1523515496651282 6.453426606557244 56.93155883718276
    endloop
  endfacet
  facet normal -0.3150340980618946 -0.7956853040494144 -0.5173378141776606
    outer loop
      vertex -1.640967128828527 6.512767342644187 57.13783414457452
      vertex -1.1523515496651282 6.453426606557244 56.93155883718276
      vertex -1.1909614677471456 6.334597497304533 57.13783414457452
    endloop
  endfacet
  facet normal -0.19576457097070193 -0.7624526640365508 -0.6167188726285453
    outer loop
      vertex -1.1909614677471456 6.334597497304533 57.13783414457452
      vertex -0.722173632873496 6.214233239037708 57.13783414457452
      vertex -1.236988385747857 6.192941209506828 57.3275748174449
    endloop
  endfacet
  facet normal -0.2128241480464438 -0.8288953299604153 -0.5173378141776607
    outer loop
      vertex -1.1523515496651282 6.453426606557244 56.93155883718276
      vertex -0.698761402031987 6.336964451152298 56.93155883718276
      vertex -1.1909614677471456 6.334597497304533 57.13783414457452
    endloop
  endfacet
  facet normal -0.22678026980542365 -0.8832508354637326 -0.41041280545275094
    outer loop
      vertex -1.1523515496651282 6.453426606557244 56.93155883718276
      vertex -0.6801880847946902 6.4343291898204615 56.71175685374293
      vertex -0.698761402031987 6.336964451152298 56.93155883718276
    endloop
  endfacet
  facet normal -0.21282414804644267 -0.8288953299604171 -0.517337814177658
    outer loop
      vertex -1.1909614677471456 6.334597497304533 57.13783414457452
      vertex -0.698761402031987 6.336964451152298 56.93155883718276
      vertex -0.722173632873496 6.214233239037708 57.13783414457452
    endloop
  endfacet
  facet normal -0.3620946382566619 -0.9145466605310445 -0.18025503781390362
    outer loop
      vertex -1.5149722652587616 6.780520056992122 56.48163340212456
      vertex -1.0860656439359733 6.657433647366615 56.244544200445105
      vertex -1.0995184247943155 6.616030245189668 56.48163340212456
    endloop
  endfacet
  facet normal -0.3514561919221866 -0.8876770122665006 -0.29750305385520653
    outer loop
      vertex -1.5455649967830347 6.715507193190685 56.71175685374293
      vertex -1.0995184247943155 6.616030245189668 56.48163340212456
      vertex -1.1217216510494041 6.5476957412722046 56.71175685374293
    endloop
  endfacet
  facet normal -0.11965825335083238 -0.9471926073148236 -0.29750305385520753
    outer loop
      vertex -0.6667245219503936 6.504907657906119 56.48163340212456
      vertex -0.22341597511338984 6.448904764724352 56.48163340212456
      vertex -0.6801880847946902 6.4343291898204615 56.71175685374293
    endloop
  endfacet
  facet normal -0.12328026353590771 -0.9758637701878398 -0.18025503781390534
    outer loop
      vertex -0.2206824455192718 6.492352973440094 56.244544200445105
      vertex -0.22341597511338984 6.448904764724352 56.48163340212456
      vertex -0.6667245219503936 6.504907657906119 56.48163340212456
    endloop
  endfacet
  facet normal -0.11429135638498114 -0.9047092433351632 -0.41041280545275105
    outer loop
      vertex -0.698761402031987 6.336964451152298 56.93155883718276
      vertex -0.6801880847946902 6.4343291898204615 56.71175685374293
      vertex -0.22792754611809746 6.377195397073745 56.71175685374293
    endloop
  endfacet
  facet normal -0.11965825335083155 -0.9471926073148242 -0.29750305385520587
    outer loop
      vertex -0.6801880847946902 6.4343291898204615 56.71175685374293
      vertex -0.22341597511338984 6.448904764724352 56.48163340212456
      vertex -0.22792754611809746 6.377195397073745 56.71175685374293
    endloop
  endfacet
  facet normal 0 -0.9547208665085447 -0.29750305385520587
    outer loop
      vertex -0.22341597511338984 6.448904764724352 56.48163340212456
      vertex 0.22341597511338984 6.448904764724352 56.48163340212456
      vertex -0.22792754611809746 6.377195397073745 56.71175685374293
    endloop
  endfacet
  facet normal 0 -0.9118998459920943 -0.41041280545274733
    outer loop
      vertex -0.22792754611809746 6.377195397073745 56.71175685374293
      vertex 0.22792754611809746 6.377195397073745 56.71175685374293
      vertex -0.23415136966897282 6.2782705545440525 56.93155883718276
    endloop
  endfacet
  facet normal -0.09866025103313673 -0.7809763037441373 -0.616718872628545
    outer loop
      vertex -0.722173632873496 6.214233239037708 57.13783414457452
      vertex -0.24199668840381414 6.153572784098701 57.13783414457452
      vertex -0.7500833742737958 6.067925250915942 57.3275748174449
    endloop
  endfacet
  facet normal -0.1072578340813154 -0.8490331813598717 -0.517337814177661
    outer loop
      vertex -0.722173632873496 6.214233239037708 57.13783414457452
      vertex -0.23415136966897282 6.2782705545440525 56.93155883718276
      vertex -0.24199668840381414 6.153572784098701 57.13783414457452
    endloop
  endfacet
  facet normal -0.10725783408131383 -0.8490331813598738 -0.5173378141776579
    outer loop
      vertex -0.722173632873496 6.214233239037708 57.13783414457452
      vertex -0.698761402031987 6.336964451152298 56.93155883718276
      vertex -0.23415136966897282 6.2782705545440525 56.93155883718276
    endloop
  endfacet
  facet normal -0.11429135638497931 -0.9047092433351651 -0.41041280545274744
    outer loop
      vertex -0.698761402031987 6.336964451152298 56.93155883718276
      vertex -0.22792754611809746 6.377195397073745 56.71175685374293
      vertex -0.23415136966897282 6.2782705545440525 56.93155883718276
    endloop
  endfacet
  facet normal 0 -0.7871834806090491 -0.6167188726285444
    outer loop
      vertex -0.24199668840381414 6.153572784098701 57.13783414457452
      vertex 0.24199668840381414 6.153572784098701 57.13783414457452
      vertex -0.2513490999093481 6.00492046002571 57.3275748174449
    endloop
  endfacet
  facet normal 0 -0.855781272301445 -0.5173378141776611
    outer loop
      vertex -0.24199668840381414 6.153572784098701 57.13783414457452
      vertex -0.23415136966897282 6.2782705545440525 56.93155883718276
      vertex 0.23415136966897282 6.2782705545440525 56.93155883718276
    endloop
  endfacet
  facet normal -0.02222680735535454 -0.056138507156512314 -0.9981755542233169
    outer loop
      vertex -2.341786103607898 5.0234512114368925 58
      vertex -2.2391420589544646 5.241580909655818 57.98544652293904
      vertex -1.625097703773343 4.998463550795476 57.98544652293904
    endloop
  endfacet
  facet normal -0.029087562969930557 -0.0529100806221666 -0.9981755542233172
    outer loop
      vertex -2.9470473723844823 5.356196409738918 58
      vertex -2.817873806267247 5.55974138011267 57.98544652293904
      vertex -2.2391420589544646 5.241580909655818 57.98544652293904
    endloop
  endfacet
  facet normal -0.029087562969930533 -0.05291008062216646 -0.998175554223317
    outer loop
      vertex -2.9470473723844823 5.356196409738918 58
      vertex -2.2391420589544646 5.241580909655818 57.98544652293904
      vertex -2.341786103607898 5.0234512114368925 58
    endloop
  endfacet
  facet normal -0.1433231892512209 -0.2607039134267564 -0.9547208665085481
    outer loop
      vertex -2.6905838816175396 5.760318206475017 57.941998314223305
      vertex -2.5670337721687 5.955002027037919 57.8702889465727
      vertex -2.039819268426932 5.665163400902379 57.8702889465727
    endloop
  endfacet
  facet normal -0.0868385267421848 -0.15795869374787072 -0.9836199069471466
    outer loop
      vertex -2.817873806267247 5.55974138011267 57.98544652293904
      vertex -2.6905838816175396 5.760318206475017 57.941998314223305
      vertex -2.1379947956063368 5.456529785689408 57.941998314223305
    endloop
  endfacet
  facet normal -0.08683852674218483 -0.1579586937478709 -0.9836199069471465
    outer loop
      vertex -2.817873806267247 5.55974138011267 57.98544652293904
      vertex -2.1379947956063368 5.456529785689408 57.941998314223305
      vertex -2.2391420589544646 5.241580909655818 57.98544652293904
    endloop
  endfacet
  facet normal -0.19771787692526524 -0.3596474829938055 -0.9118998459920836
    outer loop
      vertex -2.039819268426932 5.665163400902379 57.8702889465727
      vertex -2.5670337721687 5.955002027037919 57.8702889465727
      vertex -1.94604709767456 5.864439407382937 57.771364104043
    endloop
  endfacet
  facet normal -0.14332318925122103 -0.26070391342675786 -0.9547208665085478
    outer loop
      vertex -2.6905838816175396 5.760318206475017 57.941998314223305
      vertex -2.039819268426932 5.665163400902379 57.8702889465727
      vertex -2.1379947956063368 5.456529785689408 57.941998314223305
    endloop
  endfacet
  facet normal -0.022226807355354546 -0.056138507156512314 -0.998175554223317
    outer loop
      vertex -2.341786103607898 5.0234512114368925 58
      vertex -1.625097703773343 4.998463550795476 57.98544652293904
      vertex -1.6995934690622108 4.769189160376656 58
    endloop
  endfacet
  facet normal -0.06635630516439778 -0.16759689562225208 -0.9836199069471465
    outer loop
      vertex -2.2391420589544646 5.241580909655818 57.98544652293904
      vertex -1.5516882544922408 5.224394604321025 57.941998314223305
      vertex -1.625097703773343 4.998463550795476 57.98544652293904
    endloop
  endfacet
  facet normal -0.015015521711133548 -0.058481595897481316 -0.9981755542233172
    outer loop
      vertex -1.6995934690622108 4.769189160376656 58
      vertex -1.625097703773343 4.998463550795476 57.98544652293904
      vertex -0.9854245870174034 4.83422340951214 57.98544652293904
    endloop
  endfacet
  facet normal -0.10951817862276951 -0.27661134395450765 -0.9547208665085478
    outer loop
      vertex -2.1379947956063368 5.456529785689408 57.941998314223305
      vertex -2.039819268426932 5.665163400902379 57.8702889465727
      vertex -1.4804355962931066 5.443687737440476 57.8702889465727
    endloop
  endfacet
  facet normal -0.06635630516439779 -0.1675968956222523 -0.9836199069471465
    outer loop
      vertex -2.2391420589544646 5.241580909655818 57.98544652293904
      vertex -2.1379947956063368 5.456529785689408 57.941998314223305
      vertex -1.5516882544922408 5.224394604321025 57.941998314223305
    endloop
  endfacet
  facet normal -0.1095181786227695 -0.2766113439545073 -0.9547208665085478
    outer loop
      vertex -2.1379947956063368 5.456529785689408 57.941998314223305
      vertex -1.4804355962931066 5.443687737440476 57.8702889465727
      vertex -1.5516882544922408 5.224394604321025 57.941998314223305
    endloop
  endfacet
  facet normal -0.1510830304233653 -0.3815921760174158 -0.9118998459920838
    outer loop
      vertex -2.039819268426932 5.665163400902379 57.8702889465727
      vertex -1.94604709767456 5.864439407382937 57.771364104043
      vertex -1.4123787533794967 5.6531451624678155 57.771364104043
    endloop
  endfacet
  facet normal -0.15108303042336518 -0.38159217601741735 -0.9118998459920831
    outer loop
      vertex -2.039819268426932 5.665163400902379 57.8702889465727
      vertex -1.4123787533794967 5.6531451624678155 57.771364104043
      vertex -1.4804355962931066 5.443687737440476 57.8702889465727
    endloop
  endfacet
  facet normal -0.19044475143102 -0.4810085348832126 -0.8557812723014463
    outer loop
      vertex -1.94604709767456 5.864439407382937 57.771364104043
      vertex -1.3485101477717558 5.849712518489099 57.64666633359765
      vertex -1.4123787533794967 5.6531451624678155 57.771364104043
    endloop
  endfacet
  facet normal -0.36249825814149667 -0.49893604870824854 -0.7871834806090517
    outer loop
      vertex -2.7816357490238888 6.637579984954019 57.64666633359765
      vertex -2.236409595098246 6.475982366510583 57.49801400952466
      vertex -2.338278747221461 6.315462268055606 57.64666633359765
    endloop
  endfacet
  facet normal -0.29710658277666785 -0.5404348677935114 -0.7871834806090516
    outer loop
      vertex -2.338278747221461 6.315462268055606 57.64666633359765
      vertex -2.236409595098246 6.475982366510583 57.49801400952466
      vertex -1.7770983123148711 6.223473851995793 57.49801400952466
    endloop
  endfacet
  facet normal -0.2412345943971195 -0.33203093432039243 -0.9118998459920828
    outer loop
      vertex -3.0537646198517203 6.308632687571732 57.8702889465727
      vertex -2.4490251167271113 6.14095391330778 57.771364104043
      vertex -2.5670337721687 5.955002027037919 57.8702889465727
    endloop
  endfacet
  facet normal -0.30408353762685203 -0.4185350835025151 -0.855781272301446
    outer loop
      vertex -2.9133805467121814 6.47832788130215 57.771364104043
      vertex -2.7816357490238888 6.637579984954019 57.64666633359765
      vertex -2.338278747221461 6.315462268055606 57.64666633359765
    endloop
  endfacet
  facet normal -0.3040835376268519 -0.4185350835025144 -0.8557812723014463
    outer loop
      vertex -2.9133805467121814 6.47832788130215 57.771364104043
      vertex -2.338278747221461 6.315462268055606 57.64666633359765
      vertex -2.4490251167271113 6.14095391330778 57.771364104043
    endloop
  endfacet
  facet normal -0.1977178769252654 -0.3596474829938077 -0.9118998459920827
    outer loop
      vertex -1.94604709767456 5.864439407382937 57.771364104043
      vertex -2.5670337721687 5.955002027037919 57.8702889465727
      vertex -2.4490251167271113 6.14095391330778 57.771364104043
    endloop
  endfacet
  facet normal -0.2492293927318376 -0.4533465824031747 -0.8557812723014455
    outer loop
      vertex -1.94604709767456 5.864439407382937 57.771364104043
      vertex -2.4490251167271113 6.14095391330778 57.771364104043
      vertex -1.8580456927553308 6.051451912226107 57.64666633359765
    endloop
  endfacet
  facet normal -0.24922939273183753 -0.4533465824031732 -0.8557812723014463
    outer loop
      vertex -2.338278747221461 6.315462268055606 57.64666633359765
      vertex -1.8580456927553308 6.051451912226107 57.64666633359765
      vertex -2.4490251167271113 6.14095391330778 57.771364104043
    endloop
  endfacet
  facet normal -0.41562693777745147 -0.5720614028176817 -0.7071067811865507
    outer loop
      vertex -2.6604513626005835 6.784066744251593 57.49801400952466
      vertex -2.551594528679793 6.9156520523848535 57.3275748174449
      vertex -2.144903141984778 6.6201734641774515 57.3275748174449
    endloop
  endfacet
  facet normal -0.3624982581414965 -0.49893604870824787 -0.7871834806090521
    outer loop
      vertex -2.7816357490238888 6.637579984954019 57.64666633359765
      vertex -2.6604513626005835 6.784066744251593 57.49801400952466
      vertex -2.236409595098246 6.475982366510583 57.49801400952466
    endloop
  endfacet
  facet normal -0.5388641734857968 -0.5738320613883872 -0.6167188726285449
    outer loop
      vertex -2.918045745408841 7.259772650226303 57.3275748174449
      vertex -2.4566526250243226 7.030417099256912 57.13783414457452
      vertex -2.551594528679793 6.9156520523848535 57.3275748174449
    endloop
  endfacet
  facet normal -0.4156269377774516 -0.5720614028176814 -0.7071067811865511
    outer loop
      vertex -2.236409595098246 6.475982366510583 57.49801400952466
      vertex -2.6604513626005835 6.784066744251593 57.49801400952466
      vertex -2.144903141984778 6.6201734641774515 57.3275748174449
    endloop
  endfacet
  facet normal -0.46269484075025663 -0.636844813503942 -0.6167188726285454
    outer loop
      vertex -2.065093758022037 6.745932930162157 57.13783414457452
      vertex -2.144903141984778 6.6201734641774515 57.3275748174449
      vertex -2.551594528679793 6.9156520523848535 57.3275748174449
    endloop
  endfacet
  facet normal -0.29710658277666785 -0.5404348677935119 -0.7871834806090512
    outer loop
      vertex -2.338278747221461 6.315462268055606 57.64666633359765
      vertex -1.7770983123148711 6.223473851995793 57.49801400952466
      vertex -1.8580456927553308 6.051451912226107 57.64666633359765
    endloop
  endfacet
  facet normal -0.34065128981885523 -0.6196423958580821 -0.7071067811865519
    outer loop
      vertex -2.236409595098246 6.475982366510583 57.49801400952466
      vertex -1.7043853514376308 6.377996759450477 57.3275748174449
      vertex -1.7770983123148711 6.223473851995793 57.49801400952466
    endloop
  endfacet
  facet normal -0.34065128981885506 -0.6196423958580831 -0.707106781186551
    outer loop
      vertex -2.236409595098246 6.475982366510583 57.49801400952466
      vertex -2.144903141984778 6.6201734641774515 57.3275748174449
      vertex -1.7043853514376308 6.377996759450477 57.3275748174449
    endloop
  endfacet
  facet normal -0.3792285339755851 -0.689814142477888 -0.6167188726285457
    outer loop
      vertex -1.640967128828527 6.512767342644187 57.13783414457452
      vertex -1.7043853514376308 6.377996759450477 57.3275748174449
      vertex -2.144903141984778 6.6201734641774515 57.3275748174449
    endloop
  endfacet
  facet normal -0.2603033675245986 -0.6574512581593769 -0.7071067811865519
    outer loop
      vertex -1.7770983123148711 6.223473851995793 57.49801400952466
      vertex -1.236988385747857 6.192941209506828 57.3275748174449
      vertex -1.2897611275592185 6.030523410822401 57.49801400952466
    endloop
  endfacet
  facet normal -0.22702935911858077 -0.57341070617353 -0.7871834806090511
    outer loop
      vertex -1.8580456927553308 6.051451912226107 57.64666633359765
      vertex -1.7770983123148711 6.223473851995793 57.49801400952466
      vertex -1.2897611275592185 6.030523410822401 57.49801400952466
    endloop
  endfacet
  facet normal -0.2270293591185807 -0.5734107061735304 -0.7871834806090506
    outer loop
      vertex -1.8580456927553308 6.051451912226107 57.64666633359765
      vertex -1.2897611275592185 6.030523410822401 57.49801400952466
      vertex -1.3485101477717558 5.849712518489099 57.64666633359765
    endloop
  endfacet
  facet normal -0.26030336752459865 -0.6574512581593766 -0.707106781186552
    outer loop
      vertex -1.7770983123148711 6.223473851995793 57.49801400952466
      vertex -1.7043853514376308 6.377996759450477 57.3275748174449
      vertex -1.236988385747857 6.192941209506828 57.3275748174449
    endloop
  endfacet
  facet normal -0.2897815666799739 -0.7319046903499636 -0.6167188726285451
    outer loop
      vertex -1.1909614677471456 6.334597497304533 57.13783414457452
      vertex -1.236988385747857 6.192941209506828 57.3275748174449
      vertex -1.7043853514376308 6.377996759450477 57.3275748174449
    endloop
  endfacet
  facet normal -0.19044475143101985 -0.48100853488321405 -0.8557812723014455
    outer loop
      vertex -1.94604709767456 5.864439407382937 57.771364104043
      vertex -1.8580456927553308 6.051451912226107 57.64666633359765
      vertex -1.3485101477717558 5.849712518489099 57.64666633359765
    endloop
  endfacet
  facet normal -0.015015521711133548 -0.058481595897481316 -0.998175554223317
    outer loop
      vertex -1.6995934690622108 4.769189160376656 58
      vertex -0.9854245870174034 4.83422340951214 57.98544652293904
      vertex -1.0305972302214865 4.597420120992212 58
    endloop
  endfacet
  facet normal -0.04482760501483292 -0.17459199433513803 -0.9836199069471465
    outer loop
      vertex -1.625097703773343 4.998463550795476 57.98544652293904
      vertex -1.5516882544922408 5.224394604321025 57.941998314223305
      vertex -0.9409106626711695 5.067573572850882 57.941998314223305
    endloop
  endfacet
  facet normal -0.044827605014832954 -0.17459199433513786 -0.9836199069471466
    outer loop
      vertex -1.625097703773343 4.998463550795476 57.98544652293904
      vertex -0.9409106626711695 5.067573572850882 57.941998314223305
      vertex -0.9854245870174034 4.83422340951214 57.98544652293904
    endloop
  endfacet
  facet normal -0.07398600089444865 -0.28815644834848736 -0.9547208665085477
    outer loop
      vertex -1.5516882544922408 5.224394604321025 57.941998314223305
      vertex -0.897704570436381 5.294067840168151 57.8702889465727
      vertex -0.9409106626711695 5.067573572850882 57.941998314223305
    endloop
  endfacet
  facet normal -0.007567432319690018 -0.05990239493593503 -0.9981755542233172
    outer loop
      vertex -1.0305972302214865 4.597420120992212 58
      vertex -0.9854245870174034 4.83422340951214 57.98544652293904
      vertex -0.3302107358600847 4.751450650946155 57.98544652293904
    endloop
  endfacet
  facet normal -0.03728701973492729 -0.295157153415693 -0.9547208665085477
    outer loop
      vertex -0.9409106626711695 5.067573572850882 57.941998314223305
      vertex -0.897704570436381 5.294067840168151 57.8702889465727
      vertex -0.3008162072411568 5.218663304243983 57.8702889465727
    endloop
  endfacet
  facet normal -0.022591946755470875 -0.1788336730011567 -0.9836199069471466
    outer loop
      vertex -0.9854245870174034 4.83422340951214 57.98544652293904
      vertex -0.9409106626711695 5.067573572850882 57.941998314223305
      vertex -0.31529434762698855 4.988539852625605 57.941998314223305
    endloop
  endfacet
  facet normal -0.15337174684642838 -0.5973435151782385 -0.7871834806090512
    outer loop
      vertex -1.3485101477717558 5.849712518489099 57.64666633359765
      vertex -0.7820836393560053 5.900173986710715 57.49801400952466
      vertex -0.8177077921969049 5.713425637597084 57.64666633359765
    endloop
  endfacet
  facet normal -0.07398600089444872 -0.2881564483484869 -0.9547208665085477
    outer loop
      vertex -1.4804355962931066 5.443687737440476 57.8702889465727
      vertex -0.897704570436381 5.294067840168151 57.8702889465727
      vertex -1.5516882544922408 5.224394604321025 57.941998314223305
    endloop
  endfacet
  facet normal -0.10206551427906135 -0.39751893247311615 -0.9118998459920831
    outer loop
      vertex -1.4804355962931066 5.443687737440476 57.8702889465727
      vertex -1.4123787533794967 5.6531451624678155 57.771364104043
      vertex -0.8564363524294678 5.510403415025791 57.771364104043
    endloop
  endfacet
  facet normal -0.10206551427906159 -0.39751893247311476 -0.9118998459920837
    outer loop
      vertex -1.4804355962931066 5.443687737440476 57.8702889465727
      vertex -0.8564363524294678 5.510403415025791 57.771364104043
      vertex -0.897704570436381 5.294067840168151 57.8702889465727
    endloop
  endfacet
  facet normal -0.12865668263395447 -0.5010846954275731 -0.8557812723014464
    outer loop
      vertex -1.4123787533794967 5.6531451624678155 57.771364104043
      vertex -1.3485101477717558 5.849712518489099 57.64666633359765
      vertex -0.8177077921969049 5.713425637597084 57.64666633359765
    endloop
  endfacet
  facet normal -0.12865668263395444 -0.5010846954275731 -0.8557812723014464
    outer loop
      vertex -1.4123787533794967 5.6531451624678155 57.771364104043
      vertex -0.8177077921969049 5.713425637597084 57.64666633359765
      vertex -0.8564363524294678 5.510403415025791 57.771364104043
    endloop
  endfacet
  facet normal -0.0075674323196900165 -0.05990239493593505 -0.998175554223317
    outer loop
      vertex -1.0305972302214865 4.597420120992212 58
      vertex -0.3302107358600847 4.751450650946155 57.98544652293904
      vertex -0.3453478574112257 4.510852993644506 58
    endloop
  endfacet
  facet normal -0.022591946755470844 -0.17883367300115682 -0.9836199069471465
    outer loop
      vertex -0.9854245870174034 4.83422340951214 57.98544652293904
      vertex -0.31529434762698855 4.988539852625605 57.941998314223305
      vertex -0.3302107358600847 4.751450650946155 57.98544652293904
    endloop
  endfacet
  facet normal -0.03728701973492739 -0.2951571534156927 -0.9547208665085478
    outer loop
      vertex -0.9409106626711695 5.067573572850882 57.941998314223305
      vertex -0.3008162072411568 5.218663304243983 57.8702889465727
      vertex -0.31529434762698855 4.988539852625605 57.941998314223305
    endloop
  endfacet
  facet normal 0 -0.06037849742229284 -0.9981755542233169
    outer loop
      vertex -0.3453478574112257 4.510852993644506 58
      vertex -0.3302107358600847 4.751450650946155 57.98544652293904
      vertex 0.3302107358600847 4.751450650946155 57.98544652293904
    endloop
  endfacet
  facet normal 0 -0.29750305385519604 -0.9547208665085479
    outer loop
      vertex -0.31529434762698855 4.988539852625605 57.941998314223305
      vertex -0.3008162072411568 5.218663304243983 57.8702889465727
      vertex 0.3008162072411568 5.218663304243983 57.8702889465727
    endloop
  endfacet
  facet normal 0 -0.18025503781388946 -0.9836199069471465
    outer loop
      vertex -0.3302107358600847 4.751450650946155 57.98544652293904
      vertex -0.31529434762698855 4.988539852625605 57.941998314223305
      vertex 0.31529434762698855 4.988539852625605 57.941998314223305
    endloop
  endfacet
  facet normal -0.07729537050666802 -0.611855860112867 -0.7871834806090513
    outer loop
      vertex -0.8177077921969049 5.713425637597084 57.64666633359765
      vertex -0.7820836393560053 5.900173986710715 57.49801400952466
      vertex -0.26207222496602744 5.834481267945947 57.49801400952466
    endloop
  endfacet
  facet normal -0.07729537050666832 -0.6118558601128663 -0.7871834806090519
    outer loop
      vertex -0.8177077921969049 5.713425637597084 57.64666633359765
      vertex -0.26207222496602744 5.834481267945947 57.49801400952466
      vertex -0.27400969626415106 5.644740595075566 57.64666633359765
    endloop
  endfacet
  facet normal 0 -0.6167188726285407 -0.7871834806090519
    outer loop
      vertex -0.27400969626415106 5.644740595075566 57.64666633359765
      vertex -0.26207222496602744 5.834481267945947 57.49801400952466
      vertex 0.26207222496602744 5.834481267945947 57.49801400952466
    endloop
  endfacet
  facet normal -0.05143836400359391 -0.4071765778974128 -0.9118998459920835
    outer loop
      vertex -0.897704570436381 5.294067840168151 57.8702889465727
      vertex -0.8564363524294678 5.510403415025791 57.771364104043
      vertex -0.2869874385913479 5.438465287683809 57.771364104043
    endloop
  endfacet
  facet normal -0.05143836400359383 -0.40717657789741313 -0.9118998459920836
    outer loop
      vertex -0.897704570436381 5.294067840168151 57.8702889465727
      vertex -0.2869874385913479 5.438465287683809 57.771364104043
      vertex -0.3008162072411568 5.218663304243983 57.8702889465727
    endloop
  endfacet
  facet normal -0.06483962109597573 -0.5132584509915533 -0.855781272301446
    outer loop
      vertex -0.8564363524294678 5.510403415025791 57.771364104043
      vertex -0.27400969626415106 5.644740595075566 57.64666633359765
      vertex -0.2869874385913479 5.438465287683809 57.771364104043
    endloop
  endfacet
  facet normal -0.06483962109597596 -0.5132584509915525 -0.8557812723014463
    outer loop
      vertex -0.8177077921969049 5.713425637597084 57.64666633359765
      vertex -0.27400969626415106 5.644740595075566 57.64666633359765
      vertex -0.8564363524294678 5.510403415025791 57.771364104043
    endloop
  endfacet
  facet normal 0 -0.4104128054527713 -0.9118998459920835
    outer loop
      vertex -0.3008162072411568 5.218663304243983 57.8702889465727
      vertex -0.2869874385913479 5.438465287683809 57.771364104043
      vertex 0.2869874385913479 5.438465287683809 57.771364104043
    endloop
  endfacet
  facet normal 0 -0.5173378141776594 -0.8557812723014461
    outer loop
      vertex -0.27400969626415106 5.644740595075566 57.64666633359765
      vertex 0.27400969626415106 5.644740595075566 57.64666633359765
      vertex -0.2869874385913479 5.438465287683809 57.771364104043
    endloop
  endfacet
  facet normal -0.175850305626785 -0.6848917213771534 -0.7071067811865517
    outer loop
      vertex -1.236988385747857 6.192941209506828 57.3275748174449
      vertex -0.7500833742737958 6.067925250915942 57.3275748174449
      vertex -1.2897611275592185 6.030523410822401 57.49801400952466
    endloop
  endfacet
  facet normal -0.15337174684642813 -0.5973435151782395 -0.7871834806090506
    outer loop
      vertex -1.3485101477717558 5.849712518489099 57.64666633359765
      vertex -1.2897611275592185 6.030523410822401 57.49801400952466
      vertex -0.7820836393560053 5.900173986710715 57.49801400952466
    endloop
  endfacet
  facet normal -0.17585030562678466 -0.6848917213771543 -0.707106781186551
    outer loop
      vertex -1.2897611275592185 6.030523410822401 57.49801400952466
      vertex -0.7500833742737958 6.067925250915942 57.3275748174449
      vertex -0.7820836393560053 5.900173986710715 57.49801400952466
    endloop
  endfacet
  facet normal -0.19576457097070185 -0.762452664036551 -0.616718872628545
    outer loop
      vertex -0.722173632873496 6.214233239037708 57.13783414457452
      vertex -0.7500833742737958 6.067925250915942 57.3275748174449
      vertex -1.236988385747857 6.192941209506828 57.3275748174449
    endloop
  endfacet
  facet normal -0.088623979361357 -0.70153103301433 -0.7071067811865509
    outer loop
      vertex -0.7500833742737958 6.067925250915942 57.3275748174449
      vertex -0.2513490999093481 6.00492046002571 57.3275748174449
      vertex -0.7820836393560053 5.900173986710715 57.49801400952466
    endloop
  endfacet
  facet normal -0.08862397936135716 -0.7015310330143297 -0.7071067811865511
    outer loop
      vertex -0.26207222496602744 5.834481267945947 57.49801400952466
      vertex -0.7820836393560053 5.900173986710715 57.49801400952466
      vertex -0.2513490999093481 6.00492046002571 57.3275748174449
    endloop
  endfacet
  facet normal -0.09866025103313646 -0.7809763037441377 -0.6167188726285444
    outer loop
      vertex -0.24199668840381414 6.153572784098701 57.13783414457452
      vertex -0.2513490999093481 6.00492046002571 57.3275748174449
      vertex -0.7500833742737958 6.067925250915942 57.3275748174449
    endloop
  endfacet
  facet normal 0 -0.7071067811865438 -0.7071067811865512
    outer loop
      vertex -0.26207222496602744 5.834481267945947 57.49801400952466
      vertex -0.2513490999093481 6.00492046002571 57.3275748174449
      vertex 0.2513490999093481 6.00492046002571 57.3275748174449
    endloop
  endfacet
  facet normal -0.6832981868523366 -0.7276386636877787 -0.06037849742228525
    outer loop
      vertex -2.562020200057137 7.594102890979313 56.244544200445105
      vertex -2.5513901959749403 7.60408512924959 56.003946543143456
      vertex -2.2309839641204134 7.303203650284738 56.003946543143456
    endloop
  endfacet
  facet normal -0.6733341606345145 -0.7170280534716353 -0.18025503781390323
    outer loop
      vertex -2.562020200057137 7.594102890979313 56.244544200445105
      vertex -2.2402790412447704 7.291967832160347 56.244544200445105
      vertex -2.593755202907524 7.564301739680504 56.48163340212456
    endloop
  endfacet
  facet normal -0.7691074831441288 -0.6362610442426366 -0.06037849742228823
    outer loop
      vertex -2.843356769837919 7.9341803844208005 56.244544200445105
      vertex -2.8315594803123156 7.942751616976344 56.003946543143456
      vertex -2.5513901959749403 7.60408512924959 56.003946543143456
    endloop
  endfacet
  facet normal -0.769107483144128 -0.6362610442426377 -0.060378497422285494
    outer loop
      vertex -2.843356769837919 7.9341803844208005 56.244544200445105
      vertex -2.5513901959749403 7.60408512924959 56.003946543143456
      vertex -2.562020200057137 7.594102890979313 56.244544200445105
    endloop
  endfacet
  facet normal -0.6832981868523377 -0.7276386636877775 -0.060378497422288256
    outer loop
      vertex -2.562020200057137 7.594102890979313 56.244544200445105
      vertex -2.2309839641204134 7.303203650284738 56.003946543143456
      vertex -2.2402790412447704 7.291967832160347 56.244544200445105
    endloop
  endfacet
  facet normal -0.653551406138155 -0.6959615596293136 -0.2975030538552063
    outer loop
      vertex -2.593755202907524 7.564301739680504 56.48163340212456
      vertex -2.268028729462677 7.25842422131629 56.48163340212456
      vertex -2.6461324367235393 7.515116243245448 56.71175685374293
    endloop
  endfacet
  facet normal -0.6535514061381547 -0.6959615596293144 -0.2975030538552051
    outer loop
      vertex -2.3138283758330607 7.203061959132306 56.71175685374293
      vertex -2.6461324367235393 7.515116243245448 56.71175685374293
      vertex -2.268028729462677 7.25842422131629 56.48163340212456
    endloop
  endfacet
  facet normal -0.624238400470705 -0.6647463790786525 -0.41041280545274905
    outer loop
      vertex -2.3138283758330607 7.203061959132306 56.71175685374293
      vertex -2.7183881234928866 7.447263636968261 56.93155883718276
      vertex -2.6461324367235393 7.515116243245448 56.71175685374293
    endloop
  endfacet
  facet normal -0.7578921641606642 -0.6269829254824834 -0.18025503781390334
    outer loop
      vertex -2.8785766073682635 7.908591674625567 56.48163340212456
      vertex -2.562020200057137 7.594102890979313 56.244544200445105
      vertex -2.593755202907524 7.564301739680504 56.48163340212456
    endloop
  endfacet
  facet normal -0.7356250707992101 -0.6085619838262027 -0.29750305385520615
    outer loop
      vertex -2.936705408363989 7.866358628600212 56.71175685374293
      vertex -2.593755202907524 7.564301739680504 56.48163340212456
      vertex -2.6461324367235393 7.515116243245448 56.71175685374293
    endloop
  endfacet
  facet normal -0.6733341606345143 -0.7170280534716353 -0.18025503781390323
    outer loop
      vertex -2.2402790412447704 7.291967832160347 56.244544200445105
      vertex -2.268028729462677 7.25842422131629 56.48163340212456
      vertex -2.593755202907524 7.564301739680504 56.48163340212456
    endloop
  endfacet
  facet normal -0.5858225932619266 -0.6238376994425328 -0.5173378141776603
    outer loop
      vertex -2.8094686125968322 7.3617333646392265 57.13783414457452
      vertex -2.7183881234928866 7.447263636968261 56.93155883718276
      vertex -2.3770101183800185 7.126688352055993 56.93155883718276
    endloop
  endfacet
  facet normal -0.6242384004707051 -0.664746379078651 -0.4104128054527512
    outer loop
      vertex -2.3138283758330607 7.203061959132306 56.71175685374293
      vertex -2.3770101183800185 7.126688352055993 56.93155883718276
      vertex -2.7183881234928866 7.447263636968261 56.93155883718276
    endloop
  endfacet
  facet normal 0 0 -1
    outer loop
      vertex -3.5 10 52
      vertex -3.4724014546006727 10.438666317475064 52
      vertex -2.455483885753333 10.310199753071652 52
    endloop
  endfacet
  facet normal 0 0 -1
    outer loop
      vertex -3.4724014546006727 10.438666317475064 52
      vertex -3.3900410639502088 10.870414605076991 52
      vertex -2.455483885753333 10.310199753071652 52
    endloop
  endfacet
  facet normal 0 0 -1
    outer loop
      vertex -3.5 10 52
      vertex -2.455483885753333 10.310199753071652 52
      vertex -2.475 10 52
    endloop
  endfacet
  facet normal 0 0 -1
    outer loop
      vertex -3.3900410639502088 10.870414605076991 52
      vertex -3.25421770060888 11.288435934396372 52
      vertex -2.3011968025734224 10.911108267894578 52
    endloop
  endfacet
  facet normal 0 0 -1
    outer loop
      vertex -3.25421770060888 11.288435934396372 52
      vertex -3.067073380153522 11.686137859356004 52
      vertex -2.3011968025734224 10.911108267894578 52
    endloop
  endfacet
  facet normal -0.9980267284282716 0.06279051952931271 1.1039969955401926e-16
    outer loop
      vertex -3.5 10 52
      vertex -3.4724014546006723 10.438666317475064 56.003946543143456
      vertex -3.4724014546006727 10.438666317475064 52
    endloop
  endfacet
  facet normal -0.9822872507286885 0.18738131458572566 1.1039969955401911e-16
    outer loop
      vertex -3.4724014546006727 10.438666317475064 52
      vertex -3.3900410639502083 10.870414605076991 56.003946543143456
      vertex -3.3900410639502088 10.870414605076991 52
    endloop
  endfacet
  facet normal -0.9510565162951535 0.3090169943749477 1.0251400672873229e-16
    outer loop
      vertex -3.3900410639502088 10.870414605076991 52
      vertex -3.2542177006088795 11.288435934396372 56.003946543143456
      vertex -3.25421770060888 11.288435934396372 52
    endloop
  endfacet
  facet normal -0.9048270524660198 0.4257792915650722 1.0251400672873173e-16
    outer loop
      vertex -3.25421770060888 11.288435934396372 52
      vertex -3.0670733801535217 11.686137859356004 56.003946543143456
      vertex -3.067073380153522 11.686137859356004 52
    endloop
  endfacet
  facet normal -0.8443279255020147 0.535826794978997 8.674262107815815e-17
    outer loop
      vertex -3.067073380153522 11.686137859356004 52
      vertex -2.8315594803123156 12.057248383023655 56.003946543143456
      vertex -2.831559480312316 12.057248383023655 52
    endloop
  endfacet
  facet normal -0.9980267284282716 0.06279051952931271 1.106940106370632e-16
    outer loop
      vertex -3.5 10 52
      vertex -3.4999999999999996 10 56.003946543143456
      vertex -3.4724014546006723 10.438666317475064 56.003946543143456
    endloop
  endfacet
  facet normal -0.9822872507286885 0.18738131458572566 1.0894829996391993e-16
    outer loop
      vertex -3.4724014546006727 10.438666317475064 52
      vertex -3.4724014546006723 10.438666317475064 56.003946543143456
      vertex -3.3900410639502083 10.870414605076991 56.003946543143456
    endloop
  endfacet
  facet normal -0.9510565162951535 0.3090169943749477 1.0548440951778599e-16
    outer loop
      vertex -3.3900410639502088 10.870414605076991 52
      vertex -3.3900410639502083 10.870414605076991 56.003946543143456
      vertex -3.2542177006088795 11.288435934396372 56.003946543143456
    endloop
  endfacet
  facet normal -0.9048270524660198 0.4257792915650722 1.003569669202247e-16
    outer loop
      vertex -3.25421770060888 11.288435934396372 52
      vertex -3.2542177006088795 11.288435934396372 56.003946543143456
      vertex -3.0670733801535217 11.686137859356004 56.003946543143456
    endloop
  endfacet
  facet normal -0.8443279255020147 0.535826794978997 9.364683500398522e-17
    outer loop
      vertex -3.067073380153522 11.686137859356004 52
      vertex -3.0670733801535217 11.686137859356004 56.003946543143456
      vertex -2.8315594803123156 12.057248383023655 56.003946543143456
    endloop
  endfacet
  facet normal 0 0 -1
    outer loop
      vertex -3.3900410639502088 10.870414605076991 52
      vertex -2.397243323793362 10.615507470733016 52
      vertex -2.455483885753333 10.310199753071652 52
    endloop
  endfacet
  facet normal 0 0 -1
    outer loop
      vertex -3.3900410639502088 10.870414605076991 52
      vertex -2.3011968025734224 10.911108267894578 52
      vertex -2.397243323793362 10.615507470733016 52
    endloop
  endfacet
  facet normal 0 0 -1
    outer loop
      vertex -3.067073380153522 11.686137859356004 52
      vertex -2.168859033108562 11.192340343401746 52
      vertex -2.3011968025734224 10.911108267894578 52
    endloop
  endfacet
  facet normal 0 0 -1
    outer loop
      vertex -3.067073380153522 11.686137859356004 52
      vertex -2.0023170610779952 11.45476849942387 52
      vertex -2.168859033108562 11.192340343401746 52
    endloop
  endfacet
  facet normal 0 0 -1
    outer loop
      vertex -3.067073380153522 11.686137859356004 52
      vertex -2.831559480312316 12.057248383023655 52
      vertex -2.0023170610779952 11.45476849942387 52
    endloop
  endfacet
  facet normal 0 0 -1
    outer loop
      vertex -2.831559480312316 12.057248383023655 52
      vertex -2.5513901959749408 12.39591487075041 52
      vertex -2.0023170610779952 11.45476849942387 52
    endloop
  endfacet
  facet normal 0 0 -1
    outer loop
      vertex -2.5513901959749408 12.39591487075041 52
      vertex -1.804197352867994 11.694254087173505 52
      vertex -2.0023170610779952 11.45476849942387 52
    endloop
  endfacet
  facet normal 0 0 -1
    outer loop
      vertex -2.5513901959749408 12.39591487075041 52
      vertex -2.230983964120414 12.696796349715264 52
      vertex -1.577624374628007 11.907020275870078 52
    endloop
  endfacet
  facet normal 0 0 -1
    outer loop
      vertex -2.5513901959749408 12.39591487075041 52
      vertex -1.577624374628007 11.907020275870078 52
      vertex -1.804197352867994 11.694254087173505 52
    endloop
  endfacet
  facet normal 0 0 -1
    outer loop
      vertex -2.230983964120414 12.696796349715264 52
      vertex -1.8753937824264888 12.955147739257052 52
      vertex -1.577624374628007 11.907020275870078 52
    endloop
  endfacet
  facet normal 0 0 -1
    outer loop
      vertex -1.8753937824264888 12.955147739257052 52
      vertex -1.3261713175730172 12.089711615617487 52
      vertex -1.577624374628007 11.907020275870078 52
    endloop
  endfacet
  facet normal 0 0 -1
    outer loop
      vertex -1.8753937824264888 12.955147739257052 52
      vertex -1.4902275204777535 13.166894683631067 52
      vertex -1.3261713175730172 12.089711615617487 52
    endloop
  endfacet
  facet normal -0.77051324277579 0.6374239897486886 8.674262107815787e-17
    outer loop
      vertex -2.831559480312316 12.057248383023655 52
      vertex -2.5513901959749403 12.39591487075041 56.003946543143456
      vertex -2.5513901959749408 12.39591487075041 52
    endloop
  endfacet
  facet normal -0.6845471059286905 0.7289686274214099 3.9428464126435256e-16
    outer loop
      vertex -2.5513901959749408 12.39591487075041 52
      vertex -2.2309839641204134 12.696796349715262 56.003946543143456
      vertex -2.230983964120414 12.696796349715264 52
    endloop
  endfacet
  facet normal 0 0 -1
    outer loop
      vertex -1.4902275204777535 13.166894683631067 52
      vertex -1.053803746623555 12.239446954853399 52
      vertex -1.3261713175730172 12.089711615617487 52
    endloop
  endfacet
  facet normal 0 0 -1
    outer loop
      vertex -1.0815594803123159 13.328697807033038 52
      vertex -0.7648170610779949 12.353864877830505 52
      vertex -1.053803746623555 12.239446954853399 52
    endloop
  endfacet
  facet normal 0 0 -1
    outer loop
      vertex -1.0815594803123159 13.328697807033038 52
      vertex -0.463768753599669 12.431160945553504 52
      vertex -0.7648170610779949 12.353864877830505 52
    endloop
  endfacet
  facet normal -0.77051324277579 0.6374239897486886 8.545983655782546e-17
    outer loop
      vertex -2.831559480312316 12.057248383023655 52
      vertex -2.8315594803123156 12.057248383023655 56.003946543143456
      vertex -2.5513901959749403 12.39591487075041 56.003946543143456
    endloop
  endfacet
  facet normal -0.6845471059286884 0.7289686274214119 7.592508543791675e-17
    outer loop
      vertex -2.5513901959749408 12.39591487075041 52
      vertex -2.5513901959749403 12.39591487075041 56.003946543143456
      vertex -2.2309839641204134 12.696796349715262 56.003946543143456
    endloop
  endfacet
  facet normal -0.5877852522924707 0.8090169943749491 7.097123542758403e-17
    outer loop
      vertex -2.230983964120414 12.696796349715264 52
      vertex -1.8753937824264884 12.955147739257052 56.003946543143456
      vertex -1.8753937824264888 12.955147739257052 52
    endloop
  endfacet
  facet normal -0.48175367410171327 0.8763066800438647 2.3657078475861194e-17
    outer loop
      vertex -1.8753937824264888 12.955147739257052 52
      vertex -1.4902275204777533 13.166894683631067 56.003946543143456
      vertex -1.4902275204777535 13.166894683631067 52
    endloop
  endfacet
  facet normal 0 0 -1
    outer loop
      vertex -1.4902275204777535 13.166894683631067 52
      vertex -1.0815594803123159 13.328697807033038 52
      vertex -1.053803746623555 12.239446954853399 52
    endloop
  endfacet
  facet normal 0 0 -1
    outer loop
      vertex -1.0815594803123159 13.328697807033038 52
      vertex -0.6558346010500369 13.438005377550411 52
      vertex -0.463768753599669 12.431160945553504 52
    endloop
  endfacet
  facet normal 0 0 -1
    outer loop
      vertex -0.6558346010500369 13.438005377550411 52
      vertex -0.21976681835259818 13.493093549498951 52
      vertex -0.463768753599669 12.431160945553504 52
    endloop
  endfacet
  facet normal 0 0 -1
    outer loop
      vertex -0.21976681835259818 13.493093549498951 52
      vertex -0.15540653583505157 12.470116152859973 52
      vertex -0.463768753599669 12.431160945553504 52
    endloop
  endfacet
  facet normal 0 0 -1
    outer loop
      vertex -0.21976681835259818 13.493093549498951 52
      vertex 0.15540653583505037 12.470116152859973 52
      vertex -0.15540653583505157 12.470116152859973 52
    endloop
  endfacet
  facet normal -0.36812455268468075 0.9297764858882502 0
    outer loop
      vertex -1.4902275204777535 13.166894683631067 52
      vertex -1.0815594803123159 13.328697807033038 56.003946543143456
      vertex -1.0815594803123159 13.328697807033038 52
    endloop
  endfacet
  facet normal -0.24868988716485582 0.9685831611286309 4.376559518034338e-16
    outer loop
      vertex -1.0815594803123159 13.328697807033038 52
      vertex -0.6558346010500368 13.43800537755041 56.003946543143456
      vertex -0.6558346010500369 13.438005377550411 52
    endloop
  endfacet
  facet normal -0.12533323356430495 0.9921147013144778 4.4159879821607723e-16
    outer loop
      vertex -0.6558346010500369 13.438005377550411 52
      vertex -0.21976681835259815 13.49309354949895 56.003946543143456
      vertex -0.21976681835259818 13.493093549498951 52
    endloop
  endfacet
  facet normal -0.5877852522924734 0.8090169943749472 4.2411454326457363e-16
    outer loop
      vertex -2.230983964120414 12.696796349715264 52
      vertex -2.2309839641204134 12.696796349715262 56.003946543143456
      vertex -1.8753937824264884 12.955147739257052 56.003946543143456
    endloop
  endfacet
  facet normal -0.4817536741017135 0.8763066800438645 5.3432683520852206e-17
    outer loop
      vertex -1.8753937824264888 12.955147739257052 52
      vertex -1.8753937824264884 12.955147739257052 56.003946543143456
      vertex -1.4902275204777533 13.166894683631067 56.003946543143456
    endloop
  endfacet
  facet normal -0.3681245526846809 0.9297764858882502 2.0414875669119344e-17
    outer loop
      vertex -1.4902275204777535 13.166894683631067 52
      vertex -1.4902275204777533 13.166894683631067 56.003946543143456
      vertex -1.0815594803123159 13.328697807033038 56.003946543143456
    endloop
  endfacet
  facet normal -0.24868988716485194 0.9685831611286317 0
    outer loop
      vertex -1.0815594803123159 13.328697807033038 52
      vertex -1.0815594803123159 13.328697807033038 56.003946543143456
      vertex -0.6558346010500368 13.43800537755041 56.003946543143456
    endloop
  endfacet
  facet normal -0.12533323356430498 0.9921147013144778 4.436284301439159e-16
    outer loop
      vertex -0.6558346010500369 13.438005377550411 52
      vertex -0.6558346010500368 13.43800537755041 56.003946543143456
      vertex -0.21976681835259815 13.49309354949895 56.003946543143456
    endloop
  endfacet
  facet normal 0 1 4.4365148741612604e-16
    outer loop
      vertex -0.21976681835259818 13.493093549498951 52
      vertex -0.21976681835259815 13.49309354949895 56.003946543143456
      vertex 0.21976681835259815 13.49309354949895 56.003946543143456
    endloop
  endfacet
  facet normal -0.9962058827785744 0.06267596163114175 -0.06037849742228709
    outer loop
      vertex -3.4999999999999996 10 56.003946543143456
      vertex -3.4868687209935834 10.440493958246295 56.244544200445105
      vertex -3.4724014546006723 10.438666317475064 56.003946543143456
    endloop
  endfacet
  facet normal -0.9962058827785744 0.06267596163114185 -0.06037849742228728
    outer loop
      vertex -3.4999999999999996 10 56.003946543143456
      vertex -3.514582251803892 10 56.244544200445105
      vertex -3.4868687209935834 10.440493958246295 56.244544200445105
    endloop
  endfacet
  facet normal -0.9816789577473792 0.06176200497658551 -0.1802550378139022
    outer loop
      vertex -3.514582251803892 10 56.244544200445105
      vertex -3.53005955485086 10.445950229442055 56.48163340212456
      vertex -3.4868687209935834 10.440493958246295 56.244544200445105
    endloop
  endfacet
  facet normal -0.9804951209026076 0.18703944753770016 -0.06037849742228689
    outer loop
      vertex -3.4724014546006723 10.438666317475064 56.003946543143456
      vertex -3.4868687209935834 10.440493958246295 56.244544200445105
      vertex -3.404165187498796 10.874041063632712 56.244544200445105
    endloop
  endfacet
  facet normal -0.9661972941571185 0.18431199121644457 -0.18025503781390353
    outer loop
      vertex -3.4868687209935834 10.440493958246295 56.244544200445105
      vertex -3.4463315966184633 10.884867557368054 56.48163340212456
      vertex -3.404165187498796 10.874041063632712 56.244544200445105
    endloop
  endfacet
  facet normal -0.9804951209026073 0.18703944753770047 -0.060378497422287576
    outer loop
      vertex -3.4724014546006723 10.438666317475064 56.003946543143456
      vertex -3.404165187498796 10.874041063632712 56.244544200445105
      vertex -3.3900410639502083 10.870414605076991 56.003946543143456
    endloop
  endfacet
  facet normal -0.9493213652506126 0.3084532096246359 -0.06037849742228797
    outer loop
      vertex -3.3900410639502083 10.870414605076991 56.003946543143456
      vertex -3.404165187498796 10.874041063632712 56.244544200445105
      vertex -3.2677759354474403 11.293804019318817 56.244544200445105
    endloop
  endfacet
  facet normal -0.9493213652506122 0.30845320962463707 -0.060378497422290275
    outer loop
      vertex -3.3900410639502083 10.870414605076991 56.003946543143456
      vertex -3.2677759354474403 11.293804019318817 56.244544200445105
      vertex -3.2542177006088795 11.288435934396372 56.003946543143456
    endloop
  endfacet
  facet normal -0.9354781220597147 0.30395526725217115 -0.1802550378139009
    outer loop
      vertex -3.404165187498796 10.874041063632712 56.244544200445105
      vertex -3.3082529303686887 11.3098299953201 56.48163340212456
      vertex -3.2677759354474403 11.293804019318817 56.244544200445105
    endloop
  endfacet
  facet normal -0.9816789577473791 0.06176200497658589 -0.18025503781390292
    outer loop
      vertex -3.514582251803892 10 56.244544200445105
      vertex -3.5581163651478955 10 56.48163340212456
      vertex -3.53005955485086 10.445950229442055 56.48163340212456
    endloop
  endfacet
  facet normal -0.9528369429637272 0.05994741921354759 -0.2975030538552069
    outer loop
      vertex -3.5581163651478955 10 56.48163340212456
      vertex -3.601344136557577 10.454955566341853 56.71175685374293
      vertex -3.53005955485086 10.445950229442055 56.48163340212456
    endloop
  endfacet
  facet normal -0.9101004199497336 0.057258665088543846 -0.4104128054527496
    outer loop
      vertex -3.62996751462917 10 56.71175685374293
      vertex -3.69968297639355 10.467378650855444 56.93155883718276
      vertex -3.601344136557577 10.454955566341853 56.71175685374293
    endloop
  endfacet
  facet normal -0.9528369429637275 0.059947419213547175 -0.2975030538552062
    outer loop
      vertex -3.5581163651478955 10 56.48163340212456
      vertex -3.62996751462917 10 56.71175685374293
      vertex -3.601344136557577 10.454955566341853 56.71175685374293
    endloop
  endfacet
  facet normal -0.9661972941571187 0.18431199121644412 -0.18025503781390265
    outer loop
      vertex -3.4868687209935834 10.440493958246295 56.244544200445105
      vertex -3.53005955485086 10.445950229442055 56.48163340212456
      vertex -3.4463315966184633 10.884867557368054 56.48163340212456
    endloop
  endfacet
  facet normal -0.9378101351759895 0.1788968510287936 -0.2975030538552062
    outer loop
      vertex -3.53005955485086 10.445950229442055 56.48163340212456
      vertex -3.601344136557577 10.454955566341853 56.71175685374293
      vertex -3.515925410113762 10.902736211625218 56.71175685374293
    endloop
  endfacet
  facet normal -0.8540925834451958 0.05373495069126469 -0.5173378141776596
    outer loop
      vertex -3.854032268212687 10 57.13783414457452
      vertex -3.8236420726341893 10.483038326436265 57.13783414457452
      vertex -3.72908794869358 10 56.93155883718276
    endloop
  endfacet
  facet normal -0.7856301538250283 0.04942765971233543 -0.6167188726285453
    outer loop
      vertex -3.854032268212687 10 57.13783414457452
      vertex -3.9714138225247315 10.501706239751831 57.3275748174449
      vertex -3.8236420726341893 10.483038326436265 57.13783414457452
    endloop
  endfacet
  facet normal -0.9101004199497335 0.05725866508854397 -0.4104128054527498
    outer loop
      vertex -3.62996751462917 10 56.71175685374293
      vertex -3.72908794869358 10 56.93155883718276
      vertex -3.69968297639355 10.467378650855444 56.93155883718276
    endloop
  endfacet
  facet normal -0.8540925834451963 0.05373495069126422 -0.5173378141776588
    outer loop
      vertex -3.8236420726341893 10.483038326436265 57.13783414457452
      vertex -3.69968297639355 10.467378650855444 56.93155883718276
      vertex -3.72908794869358 10 56.93155883718276
    endloop
  endfacet
  facet normal -0.8957475926594878 0.1708729919125184 -0.41041280545275005
    outer loop
      vertex -3.601344136557577 10.454955566341853 56.71175685374293
      vertex -3.69968297639355 10.467378650855444 56.93155883718276
      vertex -3.6119317934723103 10.927386461188426 56.93155883718276
    endloop
  endfacet
  facet normal -0.8406230331940872 0.16035741980168908 -0.5173378141776587
    outer loop
      vertex -3.8236420726341893 10.483038326436265 57.13783414457452
      vertex -3.7329507574371923 10.958458849911523 57.13783414457452
      vertex -3.69968297639355 10.467378650855444 56.93155883718276
    endloop
  endfacet
  facet normal -0.9378101351759899 0.17889685102879338 -0.2975030538552057
    outer loop
      vertex -3.53005955485086 10.445950229442055 56.48163340212456
      vertex -3.515925410113762 10.902736211625218 56.71175685374293
      vertex -3.4463315966184633 10.884867557368054 56.48163340212456
    endloop
  endfacet
  facet normal -0.8957475926594874 0.17087299191251862 -0.41041280545275044
    outer loop
      vertex -3.601344136557577 10.454955566341853 56.71175685374293
      vertex -3.6119317934723103 10.927386461188426 56.93155883718276
      vertex -3.515925410113762 10.902736211625218 56.71175685374293
    endloop
  endfacet
  facet normal -0.9079935013359067 0.29502497263551614 -0.2975030538552059
    outer loop
      vertex -3.4463315966184633 10.884867557368054 56.48163340212456
      vertex -3.515925410113762 10.902736211625218 56.71175685374293
      vertex -3.3750584396404197 11.336280167582775 56.71175685374293
    endloop
  endfacet
  facet normal -0.867268290739327 0.2817925495794544 -0.41041280545275016
    outer loop
      vertex -3.515925410113762 10.902736211625218 56.71175685374293
      vertex -3.467218288504545 11.372768833034646 56.93155883718276
      vertex -3.3750584396404197 11.336280167582775 56.71175685374293
    endloop
  endfacet
  facet normal -0.7732402969865022 0.14750347541668984 -0.6167188726285455
    outer loop
      vertex -3.8236420726341893 10.483038326436265 57.13783414457452
      vertex -3.8772175730028273 10.995500272397997 57.3275748174449
      vertex -3.7329507574371923 10.958458849911523 57.13783414457452
    endloop
  endfacet
  facet normal -0.8406230331940869 0.16035741980168913 -0.5173378141776588
    outer loop
      vertex -3.69968297639355 10.467378650855444 56.93155883718276
      vertex -3.7329507574371923 10.958458849911523 57.13783414457452
      vertex -3.6119317934723103 10.927386461188426 56.93155883718276
    endloop
  endfacet
  facet normal -0.8672682907393271 0.2817925495794542 -0.41041280545275
    outer loop
      vertex -3.515925410113762 10.902736211625218 56.71175685374293
      vertex -3.6119317934723103 10.927386461188426 56.93155883718276
      vertex -3.467218288504545 11.372768833034646 56.93155883718276
    endloop
  endfacet
  facet normal -0.8138963555456472 0.2644509566089614 -0.5173378141776596
    outer loop
      vertex -3.6119317934723103 10.927386461188426 56.93155883718276
      vertex -3.583388578838719 11.41876390476811 57.13783414457452
      vertex -3.467218288504545 11.372768833034646 56.93155883718276
    endloop
  endfacet
  facet normal -0.8138963555456478 0.2644509566089612 -0.5173378141776589
    outer loop
      vertex -3.6119317934723103 10.927386461188426 56.93155883718276
      vertex -3.7329507574371923 10.958458849911523 57.13783414457452
      vertex -3.583388578838719 11.41876390476811 57.13783414457452
    endloop
  endfacet
  facet normal -0.7486559787531355 0.2432530731994177 -0.616718872628545
    outer loop
      vertex -3.7329507574371923 10.958458849911523 57.13783414457452
      vertex -3.7218752862171582 11.473594671065408 57.3275748174449
      vertex -3.583388578838719 11.41876390476811 57.13783414457452
    endloop
  endfacet
  facet normal -0.9354781220597137 0.30395526725217237 -0.18025503781390345
    outer loop
      vertex -3.404165187498796 10.874041063632712 56.244544200445105
      vertex -3.4463315966184633 10.884867557368054 56.48163340212456
      vertex -3.3082529303686887 11.3098299953201 56.48163340212456
    endloop
  endfacet
  facet normal -0.9079935013359066 0.2950249726355163 -0.29750305385520626
    outer loop
      vertex -3.4463315966184633 10.884867557368054 56.48163340212456
      vertex -3.3750584396404197 11.336280167582775 56.71175685374293
      vertex -3.3082529303686887 11.3098299953201 56.48163340212456
    endloop
  endfacet
  facet normal -0.90317624457152 0.4250024803347774 -0.06037849742228582
    outer loop
      vertex -3.2542177006088795 11.288435934396372 56.003946543143456
      vertex -3.0798519048193542 11.693162912739204 56.244544200445105
      vertex -3.0670733801535217 11.686137859356004 56.003946543143456
    endloop
  endfacet
  facet normal -0.9031762445715185 0.4250024803347799 -0.06037849742229104
    outer loop
      vertex -3.2542177006088795 11.288435934396372 56.003946543143456
      vertex -3.2677759354474403 11.293804019318817 56.244544200445105
      vertex -3.0798519048193542 11.693162912739204 56.244544200445105
    endloop
  endfacet
  facet normal -0.8900059011498835 0.4188049871492596 -0.18025503781390417
    outer loop
      vertex -3.2677759354474403 11.293804019318817 56.244544200445105
      vertex -3.1180011391524913 11.71413563179144 56.48163340212456
      vertex -3.0798519048193542 11.693162912739204 56.244544200445105
    endloop
  endfacet
  facet normal -0.8427874949841972 0.5348492080458641 -0.060378497422289984
    outer loop
      vertex -3.0670733801535217 11.686137859356004 56.003946543143456
      vertex -2.843356769837919 12.0658196155792 56.244544200445105
      vertex -2.8315594803123156 12.057248383023655 56.003946543143456
    endloop
  endfacet
  facet normal -0.8427874949841988 0.5348492080458622 -0.060378497422285446
    outer loop
      vertex -3.0670733801535217 11.686137859356004 56.003946543143456
      vertex -3.0798519048193542 11.693162912739204 56.244544200445105
      vertex -2.843356769837919 12.0658196155792 56.244544200445105
    endloop
  endfacet
  facet normal -0.8304977555151687 0.5270499022170256 -0.18025503781390081
    outer loop
      vertex -3.0798519048193542 11.693162912739204 56.244544200445105
      vertex -2.8785766073682635 12.091408325374433 56.48163340212456
      vertex -2.843356769837919 12.0658196155792 56.244544200445105
    endloop
  endfacet
  facet normal -0.7743340461721372 0.364373943855166 -0.5173378141776598
    outer loop
      vertex -3.467218288504545 11.372768833034646 56.93155883718276
      vertex -3.583388578838719 11.41876390476811 57.13783414457452
      vertex -3.3773142217393803 11.85669420531803 57.13783414457452
    endloop
  endfacet
  facet normal -0.7122649085094274 0.33516642470544866 -0.6167188726285453
    outer loop
      vertex -3.583388578838719 11.41876390476811 57.13783414457452
      vertex -3.5078368028273172 11.928449601487332 57.3275748174449
      vertex -3.3773142217393803 11.85669420531803 57.13783414457452
    endloop
  endfacet
  facet normal -0.8900059011498852 0.4188049871492581 -0.18025503781390034
    outer loop
      vertex -3.2677759354474403 11.293804019318817 56.244544200445105
      vertex -3.3082529303686887 11.3098299953201 56.48163340212456
      vertex -3.1180011391524913 11.71413563179144 56.48163340212456
    endloop
  endfacet
  facet normal -0.8638572675707304 0.40650037418440055 -0.29750305385520603
    outer loop
      vertex -3.3082529303686887 11.3098299953201 56.48163340212456
      vertex -3.1809647814117623 11.748750187042475 56.71175685374293
      vertex -3.1180011391524913 11.71413563179144 56.48163340212456
    endloop
  endfacet
  facet normal -0.8638572675707303 0.40650037418440066 -0.29750305385520615
    outer loop
      vertex -3.3082529303686887 11.3098299953201 56.48163340212456
      vertex -3.3750584396404197 11.336280167582775 56.71175685374293
      vertex -3.1809647814117623 11.748750187042475 56.71175685374293
    endloop
  endfacet
  facet normal -0.8251116497932421 0.3882680704048122 -0.41041280545275144
    outer loop
      vertex -3.3750584396404197 11.336280167582775 56.71175685374293
      vertex -3.2678246799112523 11.796501820331562 56.93155883718276
      vertex -3.1809647814117623 11.748750187042475 56.71175685374293
    endloop
  endfacet
  facet normal -0.830497755515167 0.5270499022170269 -0.18025503781390448
    outer loop
      vertex -3.0798519048193542 11.693162912739204 56.244544200445105
      vertex -3.1180011391524913 11.71413563179144 56.48163340212456
      vertex -2.8785766073682635 12.091408325374433 56.48163340212456
    endloop
  endfacet
  facet normal -0.8060974886526457 0.511565022000844 -0.2975030538552064
    outer loop
      vertex -3.1180011391524913 11.71413563179144 56.48163340212456
      vertex -2.936705408363989 12.133641371399788 56.71175685374293
      vertex -2.8785766073682635 12.091408325374433 56.48163340212456
    endloop
  endfacet
  facet normal -0.8060974886526459 0.5115650220008439 -0.2975030538552061
    outer loop
      vertex -3.1180011391524913 11.71413563179144 56.48163340212456
      vertex -3.1809647814117623 11.748750187042475 56.71175685374293
      vertex -2.936705408363989 12.133641371399788 56.71175685374293
    endloop
  endfacet
  facet normal -0.7699425052321106 0.4886203718197834 -0.4104128054527514
    outer loop
      vertex -3.1809647814117623 11.748750187042475 56.71175685374293
      vertex -3.016895524011918 12.191902900743678 56.93155883718276
      vertex -2.936705408363989 12.133641371399788 56.71175685374293
    endloop
  endfacet
  facet normal -0.825111649793243 0.3882680704048117 -0.41041280545274994
    outer loop
      vertex -3.3750584396404197 11.336280167582775 56.71175685374293
      vertex -3.467218288504545 11.372768833034646 56.93155883718276
      vertex -3.2678246799112523 11.796501820331562 56.93155883718276
    endloop
  endfacet
  facet normal -0.7743340461721379 0.36437394385516575 -0.5173378141776589
    outer loop
      vertex -3.467218288504545 11.372768833034646 56.93155883718276
      vertex -3.3773142217393803 11.85669420531803 57.13783414457452
      vertex -3.2678246799112523 11.796501820331562 56.93155883718276
    endloop
  endfacet
  facet normal -0.7699425052321104 0.48862037181978346 -0.4104128054527516
    outer loop
      vertex -3.1809647814117623 11.748750187042475 56.71175685374293
      vertex -3.2678246799112523 11.796501820331562 56.93155883718276
      vertex -3.016895524011918 12.191902900743678 56.93155883718276
    endloop
  endfacet
  facet normal -0.7225600263257548 0.4585505363403324 -0.5173378141776589
    outer loop
      vertex -3.2678246799112523 11.796501820331562 56.93155883718276
      vertex -3.3773142217393803 11.85669420531803 57.13783414457452
      vertex -3.117977601853489 12.265343329114726 57.13783414457452
    endloop
  endfacet
  facet normal -0.7578921641606645 0.6269829254824837 -0.18025503781390043
    outer loop
      vertex -2.843356769837919 12.0658196155792 56.244544200445105
      vertex -2.8785766073682635 12.091408325374433 56.48163340212456
      vertex -2.593755202907524 12.435698260319496 56.48163340212456
    endloop
  endfacet
  facet normal -0.73562507079921 0.6085619838262026 -0.2975030538552066
    outer loop
      vertex -2.8785766073682635 12.091408325374433 56.48163340212456
      vertex -2.936705408363989 12.133641371399788 56.71175685374293
      vertex -2.6461324367235393 12.484883756754552 56.71175685374293
    endloop
  endfacet
  facet normal -0.7026309074221107 0.5812668380834959 -0.41041280545274916
    outer loop
      vertex -2.936705408363989 12.133641371399788 56.71175685374293
      vertex -2.7183881234928866 12.55273636303174 56.93155883718276
      vertex -2.6461324367235393 12.484883756754552 56.71175685374293
    endloop
  endfacet
  facet normal -0.7225600263257559 0.4585505363403322 -0.5173378141776577
    outer loop
      vertex -3.2678246799112523 11.796501820331562 56.93155883718276
      vertex -3.117977601853489 12.265343329114726 57.13783414457452
      vertex -3.016895524011918 12.191902900743678 56.93155883718276
    endloop
  endfacet
  facet normal -0.6646409951720932 0.42179400147515794 -0.6167188726285454
    outer loop
      vertex -3.3773142217393803 11.85669420531803 57.13783414457452
      vertex -3.2384776375767563 12.352891729693845 57.3275748174449
      vertex -3.117977601853489 12.265343329114726 57.13783414457452
    endloop
  endfacet
  facet normal -0.702630907422109 0.5812668380834964 -0.41041280545275177
    outer loop
      vertex -2.936705408363989 12.133641371399788 56.71175685374293
      vertex -3.016895524011918 12.191902900743678 56.93155883718276
      vertex -2.7183881234928866 12.55273636303174 56.93155883718276
    endloop
  endfacet
  facet normal -0.659390803227779 0.545495512942598 -0.5173378141776575
    outer loop
      vertex -3.117977601853489 12.265343329114726 57.13783414457452
      vertex -2.8094686125968322 12.638266635360774 57.13783414457452
      vertex -3.016895524011918 12.191902900743678 56.93155883718276
    endloop
  endfacet
  facet normal -0.6593908032277764 0.5454955129425982 -0.5173378141776602
    outer loop
      vertex -3.016895524011918 12.191902900743678 56.93155883718276
      vertex -2.8094686125968322 12.638266635360774 57.13783414457452
      vertex -2.7183881234928866 12.55273636303174 56.93155883718276
    endloop
  endfacet
  facet normal -0.606535296303611 0.5017696348740801 -0.6167188726285446
    outer loop
      vertex -3.117977601853489 12.265343329114726 57.13783414457452
      vertex -2.918045745408841 12.740227349773697 57.3275748174449
      vertex -2.8094686125968322 12.638266635360774 57.13783414457452
    endloop
  endfacet
  facet normal -0.0602593542497858 0.003791197221545064 -0.998175554223317
    outer loop
      vertex -5.5 10 58
      vertex -5.456630857229628 10.689332784603673 58
      vertex -5.258926639489355 10 57.98544652293904
    endloop
  endfacet
  facet normal -0.17989934567211055 0.011318307472110089 -0.9836199069471467
    outer loop
      vertex -5.258926639489355 10 57.98544652293904
      vertex -5.217458432171732 10.65911828080466 57.98544652293904
      vertex -5.021368671424885 10 57.941998314223305
    endloop
  endfacet
  facet normal -0.06025935424978583 0.0037911972215450597 -0.9981755542233172
    outer loop
      vertex -5.258926639489355 10 57.98544652293904
      vertex -5.456630857229628 10.689332784603673 58
      vertex -5.217458432171732 10.65911828080466 57.98544652293904
    endloop
  endfacet
  facet normal -0.2969159995365209 0.01868037131312513 -0.9547208665085478
    outer loop
      vertex -5.021368671424885 10 57.941998314223305
      vertex -4.981773679640576 10.629344372508175 57.941998314223305
      vertex -4.790790225914929 10 57.8702889465727
    endloop
  endfacet
  facet normal -0.29691599953652126 0.01868037131312501 -0.9547208665085477
    outer loop
      vertex -4.981773679640576 10.629344372508175 57.941998314223305
      vertex -4.7530134140439095 10.600445230342181 57.8702889465727
      vertex -4.790790225914929 10 57.8702889465727
    endloop
  endfacet
  facet normal -0.1798993456721102 0.011318307472110187 -0.9836199069471466
    outer loop
      vertex -5.217458432171732 10.65911828080466 57.98544652293904
      vertex -4.981773679640576 10.629344372508175 57.941998314223305
      vertex -5.021368671424885 10 57.941998314223305
    endloop
  endfacet
  facet normal -0.059309028236073306 0.011313802219700058 -0.998175554223317
    outer loop
      vertex -5.217458432171732 10.65911828080466 57.98544652293904
      vertex -5.456630857229628 10.689332784603673 58
      vertex -5.327207386207471 11.367794379406702 58
    endloop
  endfacet
  facet normal -0.059309028236073244 0.011313802219700068 -0.9981755542233172
    outer loop
      vertex -5.217458432171732 10.65911828080466 57.98544652293904
      vertex -5.327207386207471 11.367794379406702 58
      vertex -5.093707788620168 11.307841872582857 57.98544652293904
    endloop
  endfacet
  facet normal -0.17706222552420103 0.03377642594626621 -0.9836199069471466
    outer loop
      vertex -5.217458432171732 10.65911828080466 57.98544652293904
      vertex -5.093707788620168 11.307841872582857 57.98544652293904
      vertex -4.981773679640576 10.629344372508175 57.941998314223305
    endloop
  endfacet
  facet normal -0.29223345685480956 0.05574651332465437 -0.9547208665085477
    outer loop
      vertex -4.981773679640576 10.629344372508175 57.941998314223305
      vertex -4.8636131409609895 11.248763608309792 57.941998314223305
      vertex -4.7530134140439095 10.600445230342181 57.8702889465727
    endloop
  endfacet
  facet normal -0.17706222552420134 0.033776425946266175 -0.9836199069471466
    outer loop
      vertex -4.981773679640576 10.629344372508175 57.941998314223305
      vertex -5.093707788620168 11.307841872582857 57.98544652293904
      vertex -4.8636131409609895 11.248763608309792 57.941998314223305
    endloop
  endfacet
  facet normal -0.615501918809435 0.03872409841587877 -0.7871834806090517
    outer loop
      vertex -4.363870506537689 10 57.64666633359765
      vertex -4.329460084168698 10.546938001440266 57.64666633359765
      vertex -4.173754683518409 10 57.49801400952466
    endloop
  endfacet
  facet normal -0.6155019188094346 0.03872409841587885 -0.7871834806090516
    outer loop
      vertex -4.173754683518409 10 57.49801400952466
      vertex -4.329460084168698 10.546938001440266 57.64666633359765
      vertex -4.140843381198769 10.52311017058952 57.49801400952466
    endloop
  endfacet
  facet normal -0.4096029495310985 0.025770033275862494 -0.9118998459920833
    outer loop
      vertex -4.790790225914929 10 57.8702889465727
      vertex -4.7530134140439095 10.600445230342181 57.8702889465727
      vertex -4.570553655912462 10 57.771364104043
    endloop
  endfacet
  facet normal -0.5163169661759621 0.03248391012437433 -0.8557812723014461
    outer loop
      vertex -4.363870506537689 10 57.64666633359765
      vertex -4.570553655912462 10 57.771364104043
      vertex -4.534513475177388 10.57284226887466 57.771364104043
    endloop
  endfacet
  facet normal -0.40960294953109894 0.02577003327586237 -0.9118998459920832
    outer loop
      vertex -4.570553655912462 10 57.771364104043
      vertex -4.7530134140439095 10.600445230342181 57.8702889465727
      vertex -4.534513475177388 10.57284226887466 57.771364104043
    endloop
  endfacet
  facet normal -0.5163169661759612 0.03248391012437473 -0.8557812723014467
    outer loop
      vertex -4.363870506537689 10 57.64666633359765
      vertex -4.534513475177388 10.57284226887466 57.771364104043
      vertex -4.329460084168698 10.546938001440266 57.64666633359765
    endloop
  endfacet
  facet normal -0.6057950858667859 0.11556159308296161 -0.7871834806090517
    outer loop
      vertex -4.329460084168698 10.546938001440266 57.64666633359765
      vertex -4.226771489978275 11.085250463872896 57.64666633359765
      vertex -4.140843381198769 10.52311017058952 57.49801400952466
    endloop
  endfacet
  facet normal -0.6057950858667862 0.11556159308296154 -0.7871834806090515
    outer loop
      vertex -4.140843381198769 10.52311017058952 57.49801400952466
      vertex -4.226771489978275 11.085250463872896 57.64666633359765
      vertex -4.04262850513769 11.037970581297978 57.49801400952466
    endloop
  endfacet
  facet normal -0.4031432663320516 0.07690369100855562 -0.9118998459920832
    outer loop
      vertex -4.7530134140439095 10.600445230342181 57.8702889465727
      vertex -4.640278741320831 11.191421080713273 57.8702889465727
      vertex -4.534513475177388 10.57284226887466 57.771364104043
    endloop
  endfacet
  facet normal -0.29223345685480995 0.0557465133246543 -0.9547208665085475
    outer loop
      vertex -4.8636131409609895 11.248763608309792 57.941998314223305
      vertex -4.640278741320831 11.191421080713273 57.8702889465727
      vertex -4.7530134140439095 10.600445230342181 57.8702889465727
    endloop
  endfacet
  facet normal -0.40314326633205083 0.07690369100855585 -0.9118998459920836
    outer loop
      vertex -4.534513475177388 10.57284226887466 57.771364104043
      vertex -4.640278741320831 11.191421080713273 57.8702889465727
      vertex -4.426961308151714 11.136650472969785 57.771364104043
    endloop
  endfacet
  facet normal -0.3903257729968334 0.1268245315940055 -0.9118998459920834
    outer loop
      vertex -4.640278741320831 11.191421080713273 57.8702889465727
      vertex -4.454364100878965 11.76360750892106 57.8702889465727
      vertex -4.426961308151714 11.136650472969785 57.771364104043
    endloop
  endfacet
  facet normal -0.508174339186561 0.0969394397055153 -0.8557812723014468
    outer loop
      vertex -4.329460084168698 10.546938001440266 57.64666633359765
      vertex -4.534513475177388 10.57284226887466 57.771364104043
      vertex -4.426961308151714 11.136650472969785 57.771364104043
    endloop
  endfacet
  facet normal -0.5081743391865626 0.09693943970551482 -0.855781272301446
    outer loop
      vertex -4.329460084168698 10.546938001440266 57.64666633359765
      vertex -4.426961308151714 11.136650472969785 57.771364104043
      vertex -4.226771489978275 11.085250463872896 57.64666633359765
    endloop
  endfacet
  facet normal -0.49201749929955435 0.1598661764136855 -0.8557812723014459
    outer loop
      vertex -4.226771489978275 11.085250463872896 57.64666633359765
      vertex -4.426961308151714 11.136650472969785 57.771364104043
      vertex -4.24959331675799 11.682533020104094 57.771364104043
    endloop
  endfacet
  facet normal -0.057423363417581766 0.01865798179831246 -0.998175554223317
    outer loop
      vertex -5.327207386207471 11.367794379406702 58
      vertex -5.113770672385383 12.024685039765728 58
      vertex -5.093707788620168 11.307841872582857 57.98544652293904
    endloop
  endfacet
  facet normal -0.1714327283079289 0.05570187000619056 -0.9836199069471466
    outer loop
      vertex -5.093707788620168 11.307841872582857 57.98544652293904
      vertex -4.8896263304085235 11.935940016763555 57.98544652293904
      vertex -4.8636131409609895 11.248763608309792 57.941998314223305
    endloop
  endfacet
  facet normal -0.05742336341758183 0.018657981798312455 -0.9981755542233169
    outer loop
      vertex -5.093707788620168 11.307841872582857 57.98544652293904
      vertex -5.113770672385383 12.024685039765728 58
      vertex -4.8896263304085235 11.935940016763555 57.98544652293904
    endloop
  endfacet
  facet normal -0.05463209785494043 0.02570791385822749 -0.998175554223317
    outer loop
      vertex -5.113770672385383 12.024685039765728 58
      vertex -4.819686740241249 12.649645207559434 58
      vertex -4.8896263304085235 11.935940016763555 57.98544652293904
    endloop
  endfacet
  facet normal -0.28294221798669184 0.0919334995197007 -0.9547208665085478
    outer loop
      vertex -4.640278741320831 11.191421080713273 57.8702889465727
      vertex -4.668750517666788 11.848489096033141 57.941998314223305
      vertex -4.454364100878965 11.76360750892106 57.8702889465727
    endloop
  endfacet
  facet normal -0.2829422179866925 0.09193349951970066 -0.9547208665085477
    outer loop
      vertex -4.8636131409609895 11.248763608309792 57.941998314223305
      vertex -4.668750517666788 11.848489096033141 57.941998314223305
      vertex -4.640278741320831 11.191421080713273 57.8702889465727
    endloop
  endfacet
  facet normal -0.17143272830792916 0.055701870006190556 -0.9836199069471465
    outer loop
      vertex -4.8636131409609895 11.248763608309792 57.941998314223305
      vertex -4.8896263304085235 11.935940016763555 57.98544652293904
      vertex -4.668750517666788 11.848489096033141 57.941998314223305
    endloop
  endfacet
  facet normal -0.2691888113194361 0.1266706395089112 -0.9547208665085479
    outer loop
      vertex -4.668750517666788 11.848489096033141 57.941998314223305
      vertex -4.400258909732607 12.419062806478188 57.941998314223305
      vertex -4.454364100878965 11.76360750892106 57.8702889465727
    endloop
  endfacet
  facet normal -0.39032577299683335 0.1268245315940055 -0.9118998459920835
    outer loop
      vertex -4.426961308151714 11.136650472969785 57.771364104043
      vertex -4.454364100878965 11.76360750892106 57.8702889465727
      vertex -4.24959331675799 11.682533020104094 57.771364104043
    endloop
  endfacet
  facet normal -0.492017499299554 0.15986617641368558 -0.8557812723014461
    outer loop
      vertex -4.226771489978275 11.085250463872896 57.64666633359765
      vertex -4.24959331675799 11.682533020104094 57.771364104043
      vertex -4.057424184439996 11.606447878193045 57.64666633359765
    endloop
  endfacet
  facet normal -0.37135260905214074 0.17474527355491537 -0.9118998459920835
    outer loop
      vertex -4.24959331675799 11.682533020104094 57.771364104043
      vertex -4.454364100878965 11.76360750892106 57.8702889465727
      vertex -4.198201477658102 12.307980793185104 57.8702889465727
    endloop
  endfacet
  facet normal -0.16309963455729273 0.07674886230143335 -0.9836199069471465
    outer loop
      vertex -4.8896263304085235 11.935940016763555 57.98544652293904
      vertex -4.608432544045148 12.533507230405384 57.98544652293904
      vertex -4.668750517666788 11.848489096033141 57.941998314223305
    endloop
  endfacet
  facet normal -0.05463209785494061 0.025707913858227516 -0.9981755542233172
    outer loop
      vertex -4.8896263304085235 11.935940016763555 57.98544652293904
      vertex -4.819686740241249 12.649645207559434 58
      vertex -4.608432544045148 12.533507230405384 57.98544652293904
    endloop
  endfacet
  facet normal -0.1630996345572922 0.07674886230143331 -0.9836199069471466
    outer loop
      vertex -4.668750517666788 11.848489096033141 57.941998314223305
      vertex -4.608432544045148 12.533507230405384 57.98544652293904
      vertex -4.400258909732607 12.419062806478188 57.941998314223305
    endloop
  endfacet
  facet normal -0.26918881131943595 0.12667063950891114 -0.9547208665085479
    outer loop
      vertex -4.454364100878965 11.76360750892106 57.8702889465727
      vertex -4.400258909732607 12.419062806478188 57.941998314223305
      vertex -4.198201477658102 12.307980793185104 57.8702889465727
    endloop
  endfacet
  facet normal -0.3713526090521418 0.17474527355491537 -0.9118998459920832
    outer loop
      vertex -4.24959331675799 11.682533020104094 57.771364104043
      vertex -4.198201477658102 12.307980793185104 57.8702889465727
      vertex -4.005206700174993 12.201881016414855 57.771364104043
    endloop
  endfacet
  facet normal -0.15219436213868845 0.09658547919063398 -0.9836199069471465
    outer loop
      vertex -4.608432544045148 12.533507230405384 57.98544652293904
      vertex -4.25456102351802 13.09111952157986 57.98544652293904
      vertex -4.400258909732607 12.419062806478188 57.941998314223305
    endloop
  endfacet
  facet normal -0.2511901362920717 0.1594101078436931 -0.9547208665085479
    outer loop
      vertex -4.198201477658102 12.307980793185104 57.8702889465727
      vertex -4.400258909732607 12.419062806478188 57.941998314223305
      vertex -4.062372590204684 12.951486451386996 57.941998314223305
    endloop
  endfacet
  facet normal -0.7057114674770523 0.04439960215340399 -0.7071067811865511
    outer loop
      vertex -4.173754683518409 10 57.49801400952466
      vertex -4.140843381198769 10.52311017058952 57.49801400952466
      vertex -4.002978503657798 10 57.3275748174449
    endloop
  endfacet
  facet normal -0.7057114674770527 0.04439960215340366 -0.7071067811865505
    outer loop
      vertex -4.140843381198769 10.52311017058952 57.49801400952466
      vertex -3.9714138225247315 10.501706239751831 57.3275748174449
      vertex -4.002978503657798 10 57.3275748174449
    endloop
  endfacet
  facet normal -0.7856301538250283 0.049427659712335384 -0.6167188726285451
    outer loop
      vertex -3.854032268212687 10 57.13783414457452
      vertex -4.002978503657798 10 57.3275748174449
      vertex -3.9714138225247315 10.501706239751831 57.3275748174449
    endloop
  endfacet
  facet normal -0.7732402969865021 0.14750347541668976 -0.6167188726285453
    outer loop
      vertex -3.8236420726341893 10.483038326436265 57.13783414457452
      vertex -3.9714138225247315 10.501706239751831 57.3275748174449
      vertex -3.8772175730028273 10.995500272397997 57.3275748174449
    endloop
  endfacet
  facet normal -0.6945819760633435 0.1324985982112144 -0.7071067811865503
    outer loop
      vertex -4.140843381198769 10.52311017058952 57.49801400952466
      vertex -4.04262850513769 11.037970581297978 57.49801400952466
      vertex -3.9714138225247315 10.501706239751831 57.3275748174449
    endloop
  endfacet
  facet normal -0.6945819760633424 0.1324985982112149 -0.7071067811865515
    outer loop
      vertex -3.9714138225247315 10.501706239751831 57.3275748174449
      vertex -4.04262850513769 11.037970581297978 57.49801400952466
      vertex -3.8772175730028273 10.995500272397997 57.3275748174449
    endloop
  endfacet
  facet normal -0.6724985119639534 0.2185080122244094 -0.7071067811865516
    outer loop
      vertex -3.8772175730028273 10.995500272397997 57.3275748174449
      vertex -4.04262850513769 11.037970581297978 57.49801400952466
      vertex -3.880658962601377 11.536461575885793 57.49801400952466
    endloop
  endfacet
  facet normal -0.6724985119639537 0.21850801222440935 -0.7071067811865513
    outer loop
      vertex -3.8772175730028273 10.995500272397997 57.3275748174449
      vertex -3.880658962601377 11.536461575885793 57.49801400952466
      vertex -3.7218752862171582 11.473594671065408 57.3275748174449
    endloop
  endfacet
  facet normal -0.586534502535575 0.19057661239397822 -0.7871834806090515
    outer loop
      vertex -4.226771489978275 11.085250463872896 57.64666633359765
      vertex -4.057424184439996 11.606447878193045 57.64666633359765
      vertex -4.04262850513769 11.037970581297978 57.49801400952466
    endloop
  endfacet
  facet normal -0.748655978753135 0.2432530731994178 -0.6167188726285453
    outer loop
      vertex -3.7329507574371923 10.958458849911523 57.13783414457452
      vertex -3.8772175730028273 10.995500272397997 57.3275748174449
      vertex -3.7218752862171582 11.473594671065408 57.3275748174449
    endloop
  endfacet
  facet normal -0.5865345025355754 0.1905766123939781 -0.7871834806090513
    outer loop
      vertex -4.04262850513769 11.037970581297978 57.49801400952466
      vertex -4.057424184439996 11.606447878193045 57.64666633359765
      vertex -3.880658962601377 11.536461575885793 57.49801400952466
    endloop
  endfacet
  facet normal -0.5580239197206499 0.2625861246825909 -0.7871834806090512
    outer loop
      vertex -3.880658962601377 11.536461575885793 57.49801400952466
      vertex -3.8240888757253746 12.102310649828645 57.64666633359765
      vertex -3.657489110031543 12.010721653584236 57.49801400952466
    endloop
  endfacet
  facet normal -0.5580239197206499 0.26258612468259085 -0.7871834806090511
    outer loop
      vertex -4.057424184439996 11.606447878193045 57.64666633359765
      vertex -3.8240888757253746 12.102310649828645 57.64666633359765
      vertex -3.880658962601377 11.536461575885793 57.49801400952466
    endloop
  endfacet
  facet normal -0.6398093445997549 0.30107142435446554 -0.7071067811865513
    outer loop
      vertex -3.880658962601377 11.536461575885793 57.49801400952466
      vertex -3.657489110031543 12.010721653584236 57.49801400952466
      vertex -3.7218752862171582 11.473594671065408 57.3275748174449
    endloop
  endfacet
  facet normal -0.7122649085094276 0.33516642470544855 -0.6167188726285451
    outer loop
      vertex -3.583388578838719 11.41876390476811 57.13783414457452
      vertex -3.7218752862171582 11.473594671065408 57.3275748174449
      vertex -3.5078368028273172 11.928449601487332 57.3275748174449
    endloop
  endfacet
  facet normal -0.6398093445997556 0.3010714243544655 -0.7071067811865508
    outer loop
      vertex -3.7218752862171582 11.473594671065408 57.3275748174449
      vertex -3.657489110031543 12.010721653584236 57.49801400952466
      vertex -3.5078368028273172 11.928449601487332 57.3275748174449
    endloop
  endfacet
  facet normal -0.4681012495315846 0.22027172802038694 -0.855781272301446
    outer loop
      vertex -4.24959331675799 11.682533020104094 57.771364104043
      vertex -4.005206700174993 12.201881016414855 57.771364104043
      vertex -4.057424184439996 11.606447878193045 57.64666633359765
    endloop
  endfacet
  facet normal -0.46810124953158466 0.220271728020387 -0.8557812723014461
    outer loop
      vertex -4.057424184439996 11.606447878193045 57.64666633359765
      vertex -4.005206700174993 12.201881016414855 57.771364104043
      vertex -3.8240888757253746 12.102310649828645 57.64666633359765
    endloop
  endfacet
  facet normal -0.5970300016676423 0.3788867602711007 -0.7071067811865507
    outer loop
      vertex -3.5078368028273172 11.928449601487332 57.3275748174449
      vertex -3.657489110031543 12.010721653584236 57.49801400952466
      vertex -3.376638469318423 12.453271449658759 57.49801400952466
    endloop
  endfacet
  facet normal -0.5207129663443981 0.33045449692361145 -0.7871834806090512
    outer loop
      vertex -3.657489110031543 12.010721653584236 57.49801400952466
      vertex -3.8240888757253746 12.102310649828645 57.64666633359765
      vertex -3.5304454010406 12.565018726656938 57.64666633359765
    endloop
  endfacet
  facet normal -0.520712966344398 0.3304544969236115 -0.7871834806090513
    outer loop
      vertex -3.657489110031543 12.010721653584236 57.49801400952466
      vertex -3.5304454010406 12.565018726656938 57.64666633359765
      vertex -3.376638469318423 12.453271449658759 57.49801400952466
    endloop
  endfacet
  facet normal -0.4368027634283703 0.2772034628922545 -0.8557812723014461
    outer loop
      vertex -3.8240888757253746 12.102310649828645 57.64666633359765
      vertex -4.005206700174993 12.201881016414855 57.771364104043
      vertex -3.697655581335728 12.686504033756792 57.771364104043
    endloop
  endfacet
  facet normal -0.3465229926274014 0.21991017816409708 -0.9118998459920832
    outer loop
      vertex -4.198201477658102 12.307980793185104 57.8702889465727
      vertex -3.8758307092505713 12.81595584161972 57.8702889465727
      vertex -4.005206700174993 12.201881016414855 57.771364104043
    endloop
  endfacet
  facet normal -0.25119013629207165 0.15941010784369306 -0.9547208665085479
    outer loop
      vertex -4.198201477658102 12.307980793185104 57.8702889465727
      vertex -4.062372590204684 12.951486451386996 57.941998314223305
      vertex -3.8758307092505713 12.81595584161972 57.8702889465727
    endloop
  endfacet
  facet normal -0.34652299262740144 0.21991017816409705 -0.9118998459920831
    outer loop
      vertex -4.005206700174993 12.201881016414855 57.771364104043
      vertex -3.8758307092505713 12.81595584161972 57.8702889465727
      vertex -3.697655581335728 12.686504033756792 57.771364104043
    endloop
  endfacet
  facet normal -0.4368027634283694 0.2772034628922544 -0.8557812723014465
    outer loop
      vertex -3.8240888757253746 12.102310649828645 57.64666633359765
      vertex -3.697655581335728 12.686504033756792 57.771364104043
      vertex -3.5304454010406 12.565018726656938 57.64666633359765
    endloop
  endfacet
  facet normal -0.6646409951720933 0.421794001475158 -0.6167188726285453
    outer loop
      vertex -3.3773142217393803 11.85669420531803 57.13783414457452
      vertex -3.5078368028273172 11.928449601487332 57.3275748174449
      vertex -3.2384776375767563 12.352891729693845 57.3275748174449
    endloop
  endfacet
  facet normal -0.5970300016676414 0.3788867602711008 -0.7071067811865515
    outer loop
      vertex -3.5078368028273172 11.928449601487332 57.3275748174449
      vertex -3.376638469318423 12.453271449658759 57.49801400952466
      vertex -3.2384776375767563 12.352891729693845 57.3275748174449
    endloop
  endfacet
  facet normal -0.5448351389607939 0.45072682564228045 -0.7071067811865517
    outer loop
      vertex -3.2384776375767563 12.352891729693845 57.3275748174449
      vertex -3.376638469318423 12.453271449658759 57.49801400952466
      vertex -3.0425362228381028 12.857131689458836 57.49801400952466
    endloop
  endfacet
  facet normal -0.475190058430047 0.39311140434419845 -0.7871834806090512
    outer loop
      vertex -3.5304454010406 12.565018726656938 57.64666633359765
      vertex -3.1811246933955593 12.987274925897935 57.64666633359765
      vertex -3.376638469318423 12.453271449658759 57.49801400952466
    endloop
  endfacet
  facet normal -0.6065352963036105 0.5017696348740801 -0.6167188726285453
    outer loop
      vertex -3.117977601853489 12.265343329114726 57.13783414457452
      vertex -3.2384776375767563 12.352891729693845 57.3275748174449
      vertex -2.918045745408841 12.740227349773697 57.3275748174449
    endloop
  endfacet
  facet normal -0.5448351389607942 0.45072682564228056 -0.7071067811865513
    outer loop
      vertex -3.2384776375767563 12.352891729693845 57.3275748174449
      vertex -3.0425362228381028 12.857131689458836 57.49801400952466
      vertex -2.918045745408841 12.740227349773697 57.3275748174449
    endloop
  endfacet
  facet normal -0.05097925147349353 0.03235241675943483 -0.998175554223317
    outer loop
      vertex -4.819686740241249 12.649645207559434 58
      vertex -4.449593469062211 13.232818887608602 58
      vertex -4.608432544045148 12.533507230405384 57.98544652293904
    endloop
  endfacet
  facet normal -0.050979251473493414 0.0323524167594348 -0.9981755542233169
    outer loop
      vertex -4.608432544045148 12.533507230405384 57.98544652293904
      vertex -4.449593469062211 13.232818887608602 58
      vertex -4.25456102351802 13.09111952157986 57.98544652293904
    endloop
  endfacet
  facet normal -0.15219436213868845 0.09658547919063397 -0.9836199069471466
    outer loop
      vertex -4.400258909732607 12.419062806478188 57.941998314223305
      vertex -4.25456102351802 13.09111952157986 57.98544652293904
      vertex -4.062372590204684 12.951486451386996 57.941998314223305
    endloop
  endfacet
  facet normal -0.046522431842780605 0.038486702721949 -0.998175554223317
    outer loop
      vertex -4.449593469062211 13.232818887608602 58
      vertex -4.009327450817764 13.765009082607786 58
      vertex -4.25456102351802 13.09111952157986 57.98544652293904
    endloop
  endfacet
  facet normal -0.22923004276166692 0.18963558355079813 -0.9547208665085478
    outer loop
      vertex -3.8758307092505713 12.81595584161972 57.8702889465727
      vertex -4.062372590204684 12.951486451386996 57.941998314223305
      vertex -3.660420228185476 13.437363391824888 57.941998314223305
    endloop
  endfacet
  facet normal -0.13888889371265217 0.11489888537563016 -0.9836199069471467
    outer loop
      vertex -4.25456102351802 13.09111952157986 57.98544652293904
      vertex -3.833592534098452 13.599983011353721 57.98544652293904
      vertex -4.062372590204684 12.951486451386996 57.941998314223305
    endloop
  endfacet
  facet normal -0.13888889371265212 0.11489888537563013 -0.9836199069471466
    outer loop
      vertex -4.062372590204684 12.951486451386996 57.941998314223305
      vertex -3.833592534098452 13.599983011353721 57.98544652293904
      vertex -3.660420228185476 13.437363391824888 57.941998314223305
    endloop
  endfacet
  facet normal -0.31622850160612487 0.26160696789565874 -0.9118998459920832
    outer loop
      vertex -3.697655581335728 12.686504033756792 57.771364104043
      vertex -3.8758307092505713 12.81595584161972 57.8702889465727
      vertex -3.49233577524912 13.279521584261513 57.8702889465727
    endloop
  endfacet
  facet normal -0.3986156368125662 0.3297635335609892 -0.8557812723014465
    outer loop
      vertex -3.5304454010406 12.565018726656938 57.64666633359765
      vertex -3.697655581335728 12.686504033756792 57.771364104043
      vertex -3.3317902251064226 13.128759277646664 57.771364104043
    endloop
  endfacet
  facet normal -0.3162285016061245 0.2616069678956586 -0.9118998459920832
    outer loop
      vertex -3.697655581335728 12.686504033756792 57.771364104043
      vertex -3.49233577524912 13.279521584261513 57.8702889465727
      vertex -3.3317902251064226 13.128759277646664 57.771364104043
    endloop
  endfacet
  facet normal -0.22923004276166764 0.18963558355079838 -0.9547208665085477
    outer loop
      vertex -3.8758307092505713 12.81595584161972 57.8702889465727
      vertex -3.660420228185476 13.437363391824888 57.941998314223305
      vertex -3.49233577524912 13.279521584261513 57.8702889465727
    endloop
  endfacet
  facet normal -0.0465224318427806 0.038486702721949 -0.9981755542233169
    outer loop
      vertex -4.25456102351802 13.09111952157986 57.98544652293904
      vertex -4.009327450817764 13.765009082607786 58
      vertex -3.833592534098452 13.599983011353721 57.98544652293904
    endloop
  endfacet
  facet normal -0.04133192567075353 0.04401403039169613 -0.998175554223317
    outer loop
      vertex -4.009327450817764 13.765009082607786 58
      vertex -3.505831943617793 14.237822835266842 58
      vertex -3.833592534098452 13.599983011353721 57.98544652293904
    endloop
  endfacet
  facet normal -0.12339306446456405 0.13140026750098532 -0.9836199069471466
    outer loop
      vertex -3.833592534098452 13.599983011353721 57.98544652293904
      vertex -3.3521660003389733 14.052072618512927 57.98544652293904
      vertex -3.660420228185476 13.437363391824888 57.941998314223305
    endloop
  endfacet
  facet normal -0.20365485452152152 0.21687039282250076 -0.9547208665085477
    outer loop
      vertex -3.49233577524912 13.279521584261513 57.8702889465727
      vertex -3.660420228185476 13.437363391824888 57.941998314223305
      vertex -3.2007408525387273 13.869031058192345 57.941998314223305
    endloop
  endfacet
  facet normal -0.04133192567075333 0.04401403039169603 -0.9981755542233172
    outer loop
      vertex -3.833592534098452 13.599983011353721 57.98544652293904
      vertex -3.505831943617793 14.237822835266842 58
      vertex -3.3521660003389733 14.052072618512927 57.98544652293904
    endloop
  endfacet
  facet normal -0.4751900584300451 0.3931114043441981 -0.7871834806090526
    outer loop
      vertex -3.376638469318423 12.453271449658759 57.49801400952466
      vertex -3.1811246933955593 12.987274925897935 57.64666633359765
      vertex -3.0425362228381028 12.857131689458836 57.49801400952466
    endloop
  endfacet
  facet normal -0.538864173485797 0.5738320613883873 -0.6167188726285446
    outer loop
      vertex -2.8094686125968322 12.638266635360774 57.13783414457452
      vertex -2.918045745408841 12.740227349773697 57.3275748174449
      vertex -2.551594528679793 13.084347947615147 57.3275748174449
    endloop
  endfacet
  facet normal -0.48404790064379916 0.5154586597219271 -0.7071067811865515
    outer loop
      vertex -2.918045745408841 12.740227349773697 57.3275748174449
      vertex -3.0425362228381028 12.857131689458836 57.49801400952466
      vertex -2.6604513626005835 13.215933255748407 57.49801400952466
    endloop
  endfacet
  facet normal -0.4221731194294702 0.44956871008490723 -0.7871834806090529
    outer loop
      vertex -3.1811246933955593 12.987274925897935 57.64666633359765
      vertex -2.7816357490238888 13.36242001504598 57.64666633359765
      vertex -3.0425362228381028 12.857131689458836 57.49801400952466
    endloop
  endfacet
  facet normal -0.42217311942947117 0.4495687100849075 -0.7871834806090522
    outer loop
      vertex -3.0425362228381028 12.857131689458836 57.49801400952466
      vertex -2.7816357490238888 13.36242001504598 57.64666633359765
      vertex -2.6604513626005835 13.215933255748407 57.49801400952466
    endloop
  endfacet
  facet normal -0.39861563681256745 0.3297635335609895 -0.8557812723014459
    outer loop
      vertex -3.5304454010406 12.565018726656938 57.64666633359765
      vertex -3.3317902251064226 13.128759277646664 57.771364104043
      vertex -3.1811246933955593 12.987274925897935 57.64666633359765
    endloop
  endfacet
  facet normal -0.2809468982087689 0.29917805946707804 -0.9118998459920832
    outer loop
      vertex -3.49233577524912 13.279521584261513 57.8702889465727
      vertex -3.0537646198517203 13.691367312428268 57.8702889465727
      vertex -3.3317902251064226 13.128759277646664 57.771364104043
    endloop
  endfacet
  facet normal -0.3541421034827903 0.3771230363142818 -0.8557812723014459
    outer loop
      vertex -3.1811246933955593 12.987274925897935 57.64666633359765
      vertex -3.3317902251064226 13.128759277646664 57.771364104043
      vertex -2.9133805467121814 13.52167211869785 57.771364104043
    endloop
  endfacet
  facet normal -0.3541421034827902 0.37712303631428185 -0.855781272301446
    outer loop
      vertex -3.1811246933955593 12.987274925897935 57.64666633359765
      vertex -2.9133805467121814 13.52167211869785 57.771364104043
      vertex -2.7816357490238888 13.36242001504598 57.64666633359765
    endloop
  endfacet
  facet normal -0.28094689820876867 0.29917805946707793 -0.9118998459920833
    outer loop
      vertex -3.3317902251064226 13.128759277646664 57.771364104043
      vertex -3.0537646198517203 13.691367312428268 57.8702889465727
      vertex -2.9133805467121814 13.52167211869785 57.771364104043
    endloop
  endfacet
  facet normal -0.2036548545215212 0.21687039282250062 -0.9547208665085478
    outer loop
      vertex -3.49233577524912 13.279521584261513 57.8702889465727
      vertex -3.2007408525387273 13.869031058192345 57.941998314223305
      vertex -3.0537646198517203 13.691367312428268 57.8702889465727
    endloop
  endfacet
  facet normal -0.12339306446456418 0.1314002675009854 -0.9836199069471466
    outer loop
      vertex -3.660420228185476 13.437363391824888 57.941998314223305
      vertex -3.3521660003389733 14.052072618512927 57.98544652293904
      vertex -3.2007408525387273 13.869031058192345 57.941998314223305
    endloop
  endfacet
  facet normal -0.2412345943971189 0.3320309343203916 -0.9118998459920833
    outer loop
      vertex -3.0537646198517203 13.691367312428268 57.8702889465727
      vertex -2.5670337721687 14.044997972962081 57.8702889465727
      vertex -2.9133805467121814 13.52167211869785 57.771364104043
    endloop
  endfacet
  facet normal -0.17486790756805626 0.2406850264472973 -0.9547208665085484
    outer loop
      vertex -3.0537646198517203 13.691367312428268 57.8702889465727
      vertex -2.6905838816175396 14.239681793524984 57.941998314223305
      vertex -2.5670337721687 14.044997972962081 57.8702889465727
    endloop
  endfacet
  facet normal -0.1748679075680581 0.24068502644729844 -0.9547208665085478
    outer loop
      vertex -3.2007408525387273 13.869031058192345 57.941998314223305
      vertex -2.6905838816175396 14.239681793524984 57.941998314223305
      vertex -3.0537646198517203 13.691367312428268 57.8702889465727
    endloop
  endfacet
  facet normal -0.03548959034040279 0.048847230509458835 -0.998175554223317
    outer loop
      vertex -3.3521660003389733 14.052072618512927 57.98544652293904
      vertex -3.505831943617793 14.237822835266842 58
      vertex -2.9470473723844823 14.643803590261083 58
    endloop
  endfacet
  facet normal -0.10595125287842626 0.14582938891313496 -0.9836199069471467
    outer loop
      vertex -3.3521660003389733 14.052072618512927 57.98544652293904
      vertex -2.817873806267247 14.44025861988733 57.98544652293904
      vertex -3.2007408525387273 13.869031058192345 57.941998314223305
    endloop
  endfacet
  facet normal -0.03548959034040298 0.048847230509458966 -0.9981755542233172
    outer loop
      vertex -3.3521660003389733 14.052072618512927 57.98544652293904
      vertex -2.9470473723844823 14.643803590261083 58
      vertex -2.817873806267247 14.44025861988733 57.98544652293904
    endloop
  endfacet
  facet normal -0.10595125287842666 0.14582938891313524 -0.9836199069471465
    outer loop
      vertex -3.2007408525387273 13.869031058192345 57.941998314223305
      vertex -2.817873806267247 14.44025861988733 57.98544652293904
      vertex -2.6905838816175396 14.239681793524984 57.941998314223305
    endloop
  endfacet
  facet normal -0.7691074831441299 0.6362610442426356 -0.060378497422285494
    outer loop
      vertex -2.8315594803123156 12.057248383023655 56.003946543143456
      vertex -2.562020200057137 12.405897109020687 56.244544200445105
      vertex -2.5513901959749403 12.39591487075041 56.003946543143456
    endloop
  endfacet
  facet normal -0.7691074831441279 0.6362610442426375 -0.06037849742229057
    outer loop
      vertex -2.8315594803123156 12.057248383023655 56.003946543143456
      vertex -2.843356769837919 12.0658196155792 56.244544200445105
      vertex -2.562020200057137 12.405897109020687 56.244544200445105
    endloop
  endfacet
  facet normal -0.7578921641606631 0.6269829254824846 -0.18025503781390348
    outer loop
      vertex -2.843356769837919 12.0658196155792 56.244544200445105
      vertex -2.593755202907524 12.435698260319496 56.48163340212456
      vertex -2.562020200057137 12.405897109020687 56.244544200445105
    endloop
  endfacet
  facet normal -0.6832981868523378 0.7276386636877777 -0.06037849742228527
    outer loop
      vertex -2.5513901959749403 12.39591487075041 56.003946543143456
      vertex -2.562020200057137 12.405897109020687 56.244544200445105
      vertex -2.2402790412447704 12.708032167839653 56.244544200445105
    endloop
  endfacet
  facet normal -0.6832981868523363 0.7276386636877786 -0.060378497422288305
    outer loop
      vertex -2.5513901959749403 12.39591487075041 56.003946543143456
      vertex -2.2402790412447704 12.708032167839653 56.244544200445105
      vertex -2.2309839641204134 12.696796349715262 56.003946543143456
    endloop
  endfacet
  facet normal -0.6733341606345141 0.717028053471635 -0.18025503781390584
    outer loop
      vertex -2.562020200057137 12.405897109020687 56.244544200445105
      vertex -2.268028729462677 12.74157577868371 56.48163340212456
      vertex -2.2402790412447704 12.708032167839653 56.244544200445105
    endloop
  endfacet
  facet normal -0.7356250707992101 0.6085619838262026 -0.2975030538552062
    outer loop
      vertex -2.8785766073682635 12.091408325374433 56.48163340212456
      vertex -2.6461324367235393 12.484883756754552 56.71175685374293
      vertex -2.593755202907524 12.435698260319496 56.48163340212456
    endloop
  endfacet
  facet normal -0.6733341606345153 0.7170280534716343 -0.1802550378139032
    outer loop
      vertex -2.562020200057137 12.405897109020687 56.244544200445105
      vertex -2.593755202907524 12.435698260319496 56.48163340212456
      vertex -2.268028729462677 12.74157577868371 56.48163340212456
    endloop
  endfacet
  facet normal -0.6535514061381544 0.695961559629314 -0.2975030538552062
    outer loop
      vertex -2.593755202907524 12.435698260319496 56.48163340212456
      vertex -2.6461324367235393 12.484883756754552 56.71175685374293
      vertex -2.3138283758330607 12.796938040867694 56.71175685374293
    endloop
  endfacet
  facet normal -0.6242384004707042 0.6647463790786519 -0.4104128054527513
    outer loop
      vertex -2.6461324367235393 12.484883756754552 56.71175685374293
      vertex -2.3770101183800185 12.873311647944007 56.93155883718276
      vertex -2.3138283758330607 12.796938040867694 56.71175685374293
    endloop
  endfacet
  facet normal -0.6535514061381568 0.6959615596293134 -0.29750305385520265
    outer loop
      vertex -2.593755202907524 12.435698260319496 56.48163340212456
      vertex -2.3138283758330607 12.796938040867694 56.71175685374293
      vertex -2.268028729462677 12.74157577868371 56.48163340212456
    endloop
  endfacet
  facet normal -0.6242384004707058 0.6647463790786518 -0.41041280545274916
    outer loop
      vertex -2.6461324367235393 12.484883756754552 56.71175685374293
      vertex -2.7183881234928866 12.55273636303174 56.93155883718276
      vertex -2.3770101183800185 12.873311647944007 56.93155883718276
    endloop
  endfacet
  facet normal -0.5858225932619259 0.6238376994425336 -0.5173378141776602
    outer loop
      vertex -2.8094686125968322 12.638266635360774 57.13783414457452
      vertex -2.4566526250243226 12.969582900743088 57.13783414457452
      vertex -2.7183881234928866 12.55273636303174 56.93155883718276
    endloop
  endfacet
  facet normal -0.5867128699713314 0.8075409867362958 -0.060378497422288485
    outer loop
      vertex -2.2309839641204134 12.696796349715262 56.003946543143456
      vertex -2.2402790412447704 12.708032167839653 56.244544200445105
      vertex -1.8832073436741448 12.96745994167178 56.244544200445105
    endloop
  endfacet
  facet normal -0.5867128699713321 0.8075409867362954 -0.06037849742228705
    outer loop
      vertex -2.2309839641204134 12.696796349715262 56.003946543143456
      vertex -1.8832073436741448 12.96745994167178 56.244544200445105
      vertex -1.8753937824264884 12.955147739257052 56.003946543143456
    endloop
  endfacet
  facet normal -0.5781572751648253 0.7957652207257437 -0.18025503781390612
    outer loop
      vertex -2.2402790412447704 12.708032167839653 56.244544200445105
      vertex -1.9065340880995145 13.004217009280094 56.48163340212456
      vertex -1.8832073436741448 12.96745994167178 56.244544200445105
    endloop
  endfacet
  facet normal -0.4808747406455971 0.8747079060223799 -0.060378497422286834
    outer loop
      vertex -1.8753937824264884 12.955147739257052 56.003946543143456
      vertex -1.8832073436741448 12.96745994167178 56.244544200445105
      vertex -1.4964363413202382 13.1800890995491 56.244544200445105
    endloop
  endfacet
  facet normal -0.4808747406455973 0.8747079060223798 -0.060378497422286445
    outer loop
      vertex -1.8753937824264884 12.955147739257052 56.003946543143456
      vertex -1.4964363413202382 13.1800890995491 56.244544200445105
      vertex -1.4902275204777533 13.166894683631067 56.003946543143456
    endloop
  endfacet
  facet normal -0.4738625040913716 0.8619526950819063 -0.18025503781390653
    outer loop
      vertex -1.8832073436741448 12.96745994167178 56.244544200445105
      vertex -1.5149722652587616 13.219479943007878 56.48163340212456
      vertex -1.4964363413202382 13.1800890995491 56.244544200445105
    endloop
  endfacet
  facet normal -0.5781572751648255 0.7957652207257437 -0.18025503781390606
    outer loop
      vertex -2.2402790412447704 12.708032167839653 56.244544200445105
      vertex -2.268028729462677 12.74157577868371 56.48163340212456
      vertex -1.9065340880995145 13.004217009280094 56.48163340212456
    endloop
  endfacet
  facet normal -0.5611708453896134 0.7723854058897899 -0.29750305385520226
    outer loop
      vertex -2.268028729462677 12.74157577868371 56.48163340212456
      vertex -2.3138283758330607 12.796938040867694 56.71175685374293
      vertex -1.9450338592416228 13.064882941266552 56.71175685374293
    endloop
  endfacet
  facet normal -0.5360012810419283 0.7377424725755004 -0.41041280545275227
    outer loop
      vertex -2.3138283758330607 12.796938040867694 56.71175685374293
      vertex -1.9981452437432825 13.148573091735015 56.93155883718276
      vertex -1.9450338592416228 13.064882941266552 56.71175685374293
    endloop
  endfacet
  facet normal -0.5858225932619274 0.6238376994425335 -0.5173378141776583
    outer loop
      vertex -2.7183881234928866 12.55273636303174 56.93155883718276
      vertex -2.4566526250243226 12.969582900743088 57.13783414457452
      vertex -2.3770101183800185 12.873311647944007 56.93155883718276
    endloop
  endfacet
  facet normal -0.5388641734857966 0.5738320613883874 -0.6167188726285447
    outer loop
      vertex -2.8094686125968322 12.638266635360774 57.13783414457452
      vertex -2.551594528679793 13.084347947615147 57.3275748174449
      vertex -2.4566526250243226 12.969582900743088 57.13783414457452
    endloop
  endfacet
  facet normal -0.536001281041929 0.7377424725755005 -0.41041280545275155
    outer loop
      vertex -2.3138283758330607 12.796938040867694 56.71175685374293
      vertex -2.3770101183800185 12.873311647944007 56.93155883718276
      vertex -1.9981452437432825 13.148573091735015 56.93155883718276
    endloop
  endfacet
  facet normal -0.5030156110468791 0.692341592759685 -0.5173378141776583
    outer loop
      vertex -2.4566526250243226 12.969582900743088 57.13783414457452
      vertex -2.065093758022037 13.254067069837843 57.13783414457452
      vertex -2.3770101183800185 12.873311647944007 56.93155883718276
    endloop
  endfacet
  facet normal -0.5030156110468788 0.6923415927596849 -0.5173378141776587
    outer loop
      vertex -2.3770101183800185 12.873311647944007 56.93155883718276
      vertex -2.065093758022037 13.254067069837843 57.13783414457452
      vertex -1.9981452437432825 13.148573091735015 56.93155883718276
    endloop
  endfacet
  facet normal -0.46269484075025635 0.6368448135039422 -0.6167188726285455
    outer loop
      vertex -2.4566526250243226 12.969582900743088 57.13783414457452
      vertex -2.144903141984778 13.379826535822549 57.3275748174449
      vertex -2.065093758022037 13.254067069837843 57.13783414457452
    endloop
  endfacet
  facet normal -0.5611708453896141 0.7723854058897898 -0.29750305385520087
    outer loop
      vertex -2.268028729462677 12.74157577868371 56.48163340212456
      vertex -1.9450338592416228 13.064882941266552 56.71175685374293
      vertex -1.9065340880995145 13.004217009280094 56.48163340212456
    endloop
  endfacet
  facet normal -0.4738625040913717 0.8619526950819064 -0.18025503781390648
    outer loop
      vertex -1.8832073436741448 12.96745994167178 56.244544200445105
      vertex -1.9065340880995145 13.004217009280094 56.48163340212456
      vertex -1.5149722652587616 13.219479943007878 56.48163340212456
    endloop
  endfacet
  facet normal -0.4599402851820661 0.8366282728987046 -0.29750305385520043
    outer loop
      vertex -1.9065340880995145 13.004217009280094 56.48163340212456
      vertex -1.9450338592416228 13.064882941266552 56.71175685374293
      vertex -1.5455649967830347 13.284492806809315 56.71175685374293
    endloop
  endfacet
  facet normal -0.4599402851820629 0.8366282728987047 -0.2975030538552055
    outer loop
      vertex -1.9065340880995145 13.004217009280094 56.48163340212456
      vertex -1.5455649967830347 13.284492806809315 56.71175685374293
      vertex -1.5149722652587616 13.219479943007878 56.48163340212456
    endloop
  endfacet
  facet normal -0.4393111012194796 0.7991039265738409 -0.410412805452751
    outer loop
      vertex -1.9450338592416228 13.064882941266552 56.71175685374293
      vertex -1.5877684249786017 13.374179657002967 56.93155883718276
      vertex -1.5455649967830347 13.284492806809315 56.71175685374293
    endloop
  endfacet
  facet normal -0.35145619192218835 0.8876770122665004 -0.29750305385520553
    outer loop
      vertex -1.5149722652587616 13.219479943007878 56.48163340212456
      vertex -1.5455649967830347 13.284492806809315 56.71175685374293
      vertex -1.1217216510494041 13.452304258727796 56.71175685374293
    endloop
  endfacet
  facet normal -0.4393111012194785 0.7991039265738408 -0.41041280545275255
    outer loop
      vertex -1.9450338592416228 13.064882941266552 56.71175685374293
      vertex -1.9981452437432825 13.148573091735015 56.93155883718276
      vertex -1.5877684249786017 13.374179657002967 56.93155883718276
    endloop
  endfacet
  facet normal -0.4122757721586621 0.7499268455741943 -0.5173378141776583
    outer loop
      vertex -1.9981452437432825 13.148573091735015 56.93155883718276
      vertex -1.640967128828527 13.487232657355813 57.13783414457452
      vertex -1.5877684249786017 13.374179657002967 56.93155883718276
    endloop
  endfacet
  facet normal -0.4122757721586619 0.7499268455741943 -0.5173378141776587
    outer loop
      vertex -2.065093758022037 13.254067069837843 57.13783414457452
      vertex -1.640967128828527 13.487232657355813 57.13783414457452
      vertex -1.9981452437432825 13.148573091735015 56.93155883718276
    endloop
  endfacet
  facet normal -0.33569272289906493 0.847863034288566 -0.410412805452751
    outer loop
      vertex -1.5455649967830347 13.284492806809315 56.71175685374293
      vertex -1.5877684249786017 13.374179657002967 56.93155883718276
      vertex -1.1523515496651282 13.546573393442756 56.93155883718276
    endloop
  endfacet
  facet normal -0.3792285339755849 0.6898141424778882 -0.6167188726285459
    outer loop
      vertex -2.065093758022037 13.254067069837843 57.13783414457452
      vertex -1.7043853514376308 13.622003240549523 57.3275748174449
      vertex -1.640967128828527 13.487232657355813 57.13783414457452
    endloop
  endfacet
  facet normal -0.3150340980618965 0.7956853040494151 -0.5173378141776582
    outer loop
      vertex -1.5877684249786017 13.374179657002967 56.93155883718276
      vertex -1.640967128828527 13.487232657355813 57.13783414457452
      vertex -1.1909614677471456 13.665402502695468 57.13783414457452
    endloop
  endfacet
  facet normal -0.3674529293992423 0.9280801591053128 -0.0603784974222836
    outer loop
      vertex -1.4902275204777533 13.166894683631067 56.003946543143456
      vertex -1.0860656439359733 13.342566352633385 56.244544200445105
      vertex -1.0815594803123159 13.328697807033038 56.003946543143456
    endloop
  endfacet
  facet normal -0.36745292939924085 0.9280801591053132 -0.06037849742228624
    outer loop
      vertex -1.4902275204777533 13.166894683631067 56.003946543143456
      vertex -1.4964363413202382 13.1800890995491 56.244544200445105
      vertex -1.0860656439359733 13.342566352633385 56.244544200445105
    endloop
  endfacet
  facet normal -0.36209463825666355 0.9145466605310438 -0.1802550378139035
    outer loop
      vertex -1.4964363413202382 13.1800890995491 56.244544200445105
      vertex -1.0995184247943155 13.383969754810332 56.48163340212456
      vertex -1.0860656439359733 13.342566352633385 56.244544200445105
    endloop
  endfacet
  facet normal -0.24823616595051037 0.9668160336709448 -0.06037849742228866
    outer loop
      vertex -1.0815594803123159 13.328697807033038 56.003946543143456
      vertex -0.6585670425626702 13.452329337584288 56.244544200445105
      vertex -0.6558346010500368 13.43800537755041 56.003946543143456
    endloop
  endfacet
  facet normal -0.24823616595051318 0.9668160336709443 -0.060378497422283434
    outer loop
      vertex -1.0815594803123159 13.328697807033038 56.003946543143456
      vertex -1.0860656439359733 13.342566352633385 56.244544200445105
      vertex -0.6585670425626702 13.452329337584288 56.244544200445105
    endloop
  endfacet
  facet normal -0.24461632367179037 0.9527176788199154 -0.18025503781389973
    outer loop
      vertex -1.0860656439359733 13.342566352633385 56.244544200445105
      vertex -0.6667245219503936 13.49509234209388 56.48163340212456
      vertex -0.6585670425626702 13.452329337584288 56.244544200445105
    endloop
  endfacet
  facet normal -0.12510456987565063 0.99030464183768 -0.06037849742228555
    outer loop
      vertex -0.6558346010500368 13.43800537755041 56.003946543143456
      vertex -0.2206824455192718 13.507647026559905 56.244544200445105
      vertex -0.21976681835259815 13.49309354949895 56.003946543143456
    endloop
  endfacet
  facet normal -0.12510456987564889 0.9903046418376799 -0.060378497422288686
    outer loop
      vertex -0.6558346010500368 13.43800537755041 56.003946543143456
      vertex -0.6585670425626702 13.452329337584288 56.244544200445105
      vertex -0.2206824455192718 13.507647026559905 56.244544200445105
    endloop
  endfacet
  facet normal -0.12328026353590453 0.9758637701878394 -0.18025503781390886
    outer loop
      vertex -0.6585670425626702 13.452329337584288 56.244544200445105
      vertex -0.22341597511338984 13.551095235275648 56.48163340212456
      vertex -0.2206824455192718 13.507647026559905 56.244544200445105
    endloop
  endfacet
  facet normal 0 0.9981755542233176 -0.06037849742228552
    outer loop
      vertex -0.21976681835259815 13.49309354949895 56.003946543143456
      vertex -0.2206824455192718 13.507647026559905 56.244544200445105
      vertex 0.2206824455192718 13.507647026559905 56.244544200445105
    endloop
  endfacet
  facet normal -0.36209463825666166 0.9145466605310439 -0.18025503781390678
    outer loop
      vertex -1.4964363413202382 13.1800890995491 56.244544200445105
      vertex -1.5149722652587616 13.219479943007878 56.48163340212456
      vertex -1.0995184247943155 13.383969754810332 56.48163340212456
    endloop
  endfacet
  facet normal -0.35145619192218563 0.8876770122665001 -0.29750305385520975
    outer loop
      vertex -1.5149722652587616 13.219479943007878 56.48163340212456
      vertex -1.1217216510494041 13.452304258727796 56.71175685374293
      vertex -1.0995184247943155 13.383969754810332 56.48163340212456
    endloop
  endfacet
  facet normal -0.33569272289906876 0.847863034288567 -0.41041280545274555
    outer loop
      vertex -1.5455649967830347 13.284492806809315 56.71175685374293
      vertex -1.1523515496651282 13.546573393442756 56.93155883718276
      vertex -1.1217216510494041 13.452304258727796 56.71175685374293
    endloop
  endfacet
  facet normal -0.24461632367178815 0.9527176788199152 -0.1802550378139036
    outer loop
      vertex -1.0860656439359733 13.342566352633385 56.244544200445105
      vertex -1.0995184247943155 13.383969754810332 56.48163340212456
      vertex -0.6667245219503936 13.49509234209388 56.48163340212456
    endloop
  endfacet
  facet normal -0.23742942456594 0.9247265548783112 -0.2975030538552107
    outer loop
      vertex -1.0995184247943155 13.383969754810332 56.48163340212456
      vertex -0.6801880847946902 13.565670810179538 56.71175685374293
      vertex -0.6667245219503936 13.49509234209388 56.48163340212456
    endloop
  endfacet
  facet normal -0.23742942456594054 0.9247265548783113 -0.2975030538552098
    outer loop
      vertex -1.0995184247943155 13.383969754810332 56.48163340212456
      vertex -1.1217216510494041 13.452304258727796 56.71175685374293
      vertex -0.6801880847946902 13.565670810179538 56.71175685374293
    endloop
  endfacet
  facet normal -0.2267802698054205 0.8832508354637333 -0.41041280545275094
    outer loop
      vertex -1.1217216510494041 13.452304258727796 56.71175685374293
      vertex -0.698761402031987 13.663035548847702 56.93155883718276
      vertex -0.6801880847946902 13.565670810179538 56.71175685374293
    endloop
  endfacet
  facet normal -0.31503409806189275 0.7956853040494135 -0.5173378141776631
    outer loop
      vertex -1.5877684249786017 13.374179657002967 56.93155883718276
      vertex -1.1909614677471456 13.665402502695468 57.13783414457452
      vertex -1.1523515496651282 13.546573393442756 56.93155883718276
    endloop
  endfacet
  facet normal -0.2897815666799755 0.731904690349963 -0.6167188726285451
    outer loop
      vertex -1.640967128828527 13.487232657355813 57.13783414457452
      vertex -1.236988385747857 13.807058790493173 57.3275748174449
      vertex -1.1909614677471456 13.665402502695468 57.13783414457452
    endloop
  endfacet
  facet normal -0.22678026980542426 0.883250835463735 -0.41041280545274544
    outer loop
      vertex -1.1217216510494041 13.452304258727796 56.71175685374293
      vertex -1.1523515496651282 13.546573393442756 56.93155883718276
      vertex -0.698761402031987 13.663035548847702 56.93155883718276
    endloop
  endfacet
  facet normal -0.2128241480464438 0.8288953299604153 -0.5173378141776606
    outer loop
      vertex -1.1523515496651282 13.546573393442756 56.93155883718276
      vertex -0.722173632873496 13.785766760962293 57.13783414457452
      vertex -0.698761402031987 13.663035548847702 56.93155883718276
    endloop
  endfacet
  facet normal -0.2128241480464419 0.8288953299604142 -0.5173378141776632
    outer loop
      vertex -1.1523515496651282 13.546573393442756 56.93155883718276
      vertex -1.1909614677471456 13.665402502695468 57.13783414457452
      vertex -0.722173632873496 13.785766760962293 57.13783414457452
    endloop
  endfacet
  facet normal -0.195764570970702 0.762452664036551 -0.616718872628545
    outer loop
      vertex -1.1909614677471456 13.665402502695468 57.13783414457452
      vertex -0.7500833742737958 13.932074749084059 57.3275748174449
      vertex -0.722173632873496 13.785766760962293 57.13783414457452
    endloop
  endfacet
  facet normal -0.12328026353590975 0.9758637701878403 -0.1802550378138997
    outer loop
      vertex -0.6585670425626702 13.452329337584288 56.244544200445105
      vertex -0.6667245219503936 13.49509234209388 56.48163340212456
      vertex -0.22341597511338984 13.551095235275648 56.48163340212456
    endloop
  endfacet
  facet normal -0.11965825335083431 0.9471926073148238 -0.2975030538552058
    outer loop
      vertex -0.6667245219503936 13.49509234209388 56.48163340212456
      vertex -0.22792754611809746 13.622804602926255 56.71175685374293
      vertex -0.22341597511338984 13.551095235275648 56.48163340212456
    endloop
  endfacet
  facet normal -0.11965825335083136 0.9471926073148227 -0.29750305385521075
    outer loop
      vertex -0.6667245219503936 13.49509234209388 56.48163340212456
      vertex -0.6801880847946902 13.565670810179538 56.71175685374293
      vertex -0.22792754611809746 13.622804602926255 56.71175685374293
    endloop
  endfacet
  facet normal -0.11429135638498134 0.9047092433351648 -0.41041280545274744
    outer loop
      vertex -0.6801880847946902 13.565670810179538 56.71175685374293
      vertex -0.23415136966897282 13.721729445455948 56.93155883718276
      vertex -0.22792754611809746 13.622804602926255 56.71175685374293
    endloop
  endfacet
  facet normal 0 0.983619906947143 -0.18025503781390892
    outer loop
      vertex -0.2206824455192718 13.507647026559905 56.244544200445105
      vertex -0.22341597511338984 13.551095235275648 56.48163340212456
      vertex 0.22341597511338984 13.551095235275648 56.48163340212456
    endloop
  endfacet
  facet normal 0 0.9547208665085448 -0.29750305385520587
    outer loop
      vertex -0.22341597511338984 13.551095235275648 56.48163340212456
      vertex -0.22792754611809746 13.622804602926255 56.71175685374293
      vertex 0.22792754611809746 13.622804602926255 56.71175685374293
    endloop
  endfacet
  facet normal -0.11429135638497911 0.9047092433351636 -0.410412805452751
    outer loop
      vertex -0.698761402031987 13.663035548847702 56.93155883718276
      vertex -0.23415136966897282 13.721729445455948 56.93155883718276
      vertex -0.6801880847946902 13.565670810179538 56.71175685374293
    endloop
  endfacet
  facet normal -0.10725783408131358 0.8490331813598718 -0.517337814177661
    outer loop
      vertex -0.698761402031987 13.663035548847702 56.93155883718276
      vertex -0.24199668840381414 13.846427215901299 57.13783414457452
      vertex -0.23415136966897282 13.721729445455948 56.93155883718276
    endloop
  endfacet
  facet normal -0.10725783408131387 0.8490331813598722 -0.5173378141776607
    outer loop
      vertex -0.698761402031987 13.663035548847702 56.93155883718276
      vertex -0.722173632873496 13.785766760962293 57.13783414457452
      vertex -0.24199668840381414 13.846427215901299 57.13783414457452
    endloop
  endfacet
  facet normal -0.09866025103313535 0.7809763037441378 -0.6167188726285445
    outer loop
      vertex -0.722173632873496 13.785766760962293 57.13783414457452
      vertex -0.2513490999093481 13.99507953997429 57.3275748174449
      vertex -0.24199668840381414 13.846427215901299 57.13783414457452
    endloop
  endfacet
  facet normal 0 0.9118998459920943 -0.4104128054527474
    outer loop
      vertex -0.22792754611809746 13.622804602926255 56.71175685374293
      vertex -0.23415136966897282 13.721729445455948 56.93155883718276
      vertex 0.23415136966897282 13.721729445455948 56.93155883718276
    endloop
  endfacet
  facet normal 0 0.8557812723014451 -0.517337814177661
    outer loop
      vertex -0.23415136966897282 13.721729445455948 56.93155883718276
      vertex -0.24199668840381414 13.846427215901299 57.13783414457452
      vertex 0.24199668840381414 13.846427215901299 57.13783414457452
    endloop
  endfacet
  facet normal -0.48404790064379977 0.5154586597219271 -0.7071067811865508
    outer loop
      vertex -2.918045745408841 12.740227349773697 57.3275748174449
      vertex -2.6604513626005835 13.215933255748407 57.49801400952466
      vertex -2.551594528679793 13.084347947615147 57.3275748174449
    endloop
  endfacet
  facet normal -0.4156269377774525 0.572061402817681 -0.7071067811865508
    outer loop
      vertex -2.551594528679793 13.084347947615147 57.3275748174449
      vertex -2.6604513626005835 13.215933255748407 57.49801400952466
      vertex -2.236409595098246 13.524017633489418 57.49801400952466
    endloop
  endfacet
  facet normal -0.3624982581414963 0.49893604870824804 -0.7871834806090522
    outer loop
      vertex -2.7816357490238888 13.36242001504598 57.64666633359765
      vertex -2.338278747221461 13.684537731944394 57.64666633359765
      vertex -2.6604513626005835 13.215933255748407 57.49801400952466
    endloop
  endfacet
  facet normal -0.46269484075025685 0.6368448135039424 -0.6167188726285449
    outer loop
      vertex -2.4566526250243226 12.969582900743088 57.13783414457452
      vertex -2.551594528679793 13.084347947615147 57.3275748174449
      vertex -2.144903141984778 13.379826535822549 57.3275748174449
    endloop
  endfacet
  facet normal -0.41562693777745047 0.5720614028176803 -0.7071067811865525
    outer loop
      vertex -2.551594528679793 13.084347947615147 57.3275748174449
      vertex -2.236409595098246 13.524017633489418 57.49801400952466
      vertex -2.144903141984778 13.379826535822549 57.3275748174449
    endloop
  endfacet
  facet normal -0.3624982581414984 0.4989360487082491 -0.7871834806090505
    outer loop
      vertex -2.6604513626005835 13.215933255748407 57.49801400952466
      vertex -2.338278747221461 13.684537731944394 57.64666633359765
      vertex -2.236409595098246 13.524017633489418 57.49801400952466
    endloop
  endfacet
  facet normal -0.29710658277666907 0.5404348677935124 -0.7871834806090503
    outer loop
      vertex -2.236409595098246 13.524017633489418 57.49801400952466
      vertex -2.338278747221461 13.684537731944394 57.64666633359765
      vertex -1.8580456927553308 13.948548087773894 57.64666633359765
    endloop
  endfacet
  facet normal -0.30408353762685275 0.41853508350251445 -0.8557812723014459
    outer loop
      vertex -2.7816357490238888 13.36242001504598 57.64666633359765
      vertex -2.9133805467121814 13.52167211869785 57.771364104043
      vertex -2.4490251167271113 13.85904608669222 57.771364104043
    endloop
  endfacet
  facet normal -0.3040835376268508 0.4185350835025135 -0.8557812723014471
    outer loop
      vertex -2.7816357490238888 13.36242001504598 57.64666633359765
      vertex -2.4490251167271113 13.85904608669222 57.771364104043
      vertex -2.338278747221461 13.684537731944394 57.64666633359765
    endloop
  endfacet
  facet normal -0.241234594397121 0.33203093432039277 -0.9118998459920823
    outer loop
      vertex -2.9133805467121814 13.52167211869785 57.771364104043
      vertex -2.5670337721687 14.044997972962081 57.8702889465727
      vertex -2.4490251167271113 13.85904608669222 57.771364104043
    endloop
  endfacet
  facet normal -0.24922939273183575 0.4533465824031728 -0.8557812723014472
    outer loop
      vertex -2.338278747221461 13.684537731944394 57.64666633359765
      vertex -2.4490251167271113 13.85904608669222 57.771364104043
      vertex -1.94604709767456 14.135560592617063 57.771364104043
    endloop
  endfacet
  facet normal -0.19771787692526627 0.3596474829938085 -0.9118998459920823
    outer loop
      vertex -2.4490251167271113 13.85904608669222 57.771364104043
      vertex -2.5670337721687 14.044997972962081 57.8702889465727
      vertex -2.039819268426932 14.33483659909762 57.8702889465727
    endloop
  endfacet
  facet normal -0.19771787692526455 0.3596474829938073 -0.9118998459920833
    outer loop
      vertex -2.4490251167271113 13.85904608669222 57.771364104043
      vertex -2.039819268426932 14.33483659909762 57.8702889465727
      vertex -1.94604709767456 14.135560592617063 57.771364104043
    endloop
  endfacet
  facet normal -0.37922853397558515 0.6898141424778883 -0.6167188726285454
    outer loop
      vertex -2.065093758022037 13.254067069837843 57.13783414457452
      vertex -2.144903141984778 13.379826535822549 57.3275748174449
      vertex -1.7043853514376308 13.622003240549523 57.3275748174449
    endloop
  endfacet
  facet normal -0.340651289818854 0.619642395858082 -0.7071067811865527
    outer loop
      vertex -2.144903141984778 13.379826535822549 57.3275748174449
      vertex -2.236409595098246 13.524017633489418 57.49801400952466
      vertex -1.7770983123148711 13.776526148004207 57.49801400952466
    endloop
  endfacet
  facet normal -0.3406512898188546 0.6196423958580823 -0.707106781186552
    outer loop
      vertex -2.144903141984778 13.379826535822549 57.3275748174449
      vertex -1.7770983123148711 13.776526148004207 57.49801400952466
      vertex -1.7043853514376308 13.622003240549523 57.3275748174449
    endloop
  endfacet
  facet normal -0.2971065827766666 0.5404348677935107 -0.7871834806090525
    outer loop
      vertex -2.236409595098246 13.524017633489418 57.49801400952466
      vertex -1.8580456927553308 13.948548087773894 57.64666633359765
      vertex -1.7770983123148711 13.776526148004207 57.49801400952466
    endloop
  endfacet
  facet normal -0.2897815666799749 0.7319046903499626 -0.6167188726285459
    outer loop
      vertex -1.640967128828527 13.487232657355813 57.13783414457452
      vertex -1.7043853514376308 13.622003240549523 57.3275748174449
      vertex -1.236988385747857 13.807058790493173 57.3275748174449
    endloop
  endfacet
  facet normal -0.2603033675245985 0.6574512581593767 -0.707106781186552
    outer loop
      vertex -1.7770983123148711 13.776526148004207 57.49801400952466
      vertex -1.2897611275592185 13.9694765891776 57.49801400952466
      vertex -1.7043853514376308 13.622003240549523 57.3275748174449
    endloop
  endfacet
  facet normal -0.26030336752460054 0.6574512581593782 -0.70710678118655
    outer loop
      vertex -1.7043853514376308 13.622003240549523 57.3275748174449
      vertex -1.2897611275592185 13.9694765891776 57.49801400952466
      vertex -1.236988385747857 13.807058790493173 57.3275748174449
    endloop
  endfacet
  facet normal -0.2270293591185791 0.5734107061735289 -0.7871834806090523
    outer loop
      vertex -1.7770983123148711 13.776526148004207 57.49801400952466
      vertex -1.8580456927553308 13.948548087773894 57.64666633359765
      vertex -1.3485101477717558 14.150287481510901 57.64666633359765
    endloop
  endfacet
  facet normal -0.22702935911858094 0.5734107061735303 -0.7871834806090506
    outer loop
      vertex -1.7770983123148711 13.776526148004207 57.49801400952466
      vertex -1.3485101477717558 14.150287481510901 57.64666633359765
      vertex -1.2897611275592185 13.9694765891776 57.49801400952466
    endloop
  endfacet
  facet normal -0.24922939273183953 0.4533465824031753 -0.8557812723014446
    outer loop
      vertex -2.338278747221461 13.684537731944394 57.64666633359765
      vertex -1.94604709767456 14.135560592617063 57.771364104043
      vertex -1.8580456927553308 13.948548087773894 57.64666633359765
    endloop
  endfacet
  facet normal -0.14332318925121967 0.2607039134267561 -0.9547208665085485
    outer loop
      vertex -2.5670337721687 14.044997972962081 57.8702889465727
      vertex -2.6905838816175396 14.239681793524984 57.941998314223305
      vertex -2.1379947956063368 14.543470214310592 57.941998314223305
    endloop
  endfacet
  facet normal -0.08683852674218459 0.1579586937478709 -0.9836199069471465
    outer loop
      vertex -2.817873806267247 14.44025861988733 57.98544652293904
      vertex -2.2391420589544646 14.758419090344182 57.98544652293904
      vertex -2.6905838816175396 14.239681793524984 57.941998314223305
    endloop
  endfacet
  facet normal -0.029087562969930536 0.05291008062216662 -0.998175554223317
    outer loop
      vertex -2.817873806267247 14.44025861988733 57.98544652293904
      vertex -2.9470473723844823 14.643803590261083 58
      vertex -2.341786103607898 14.976548788563107 58
    endloop
  endfacet
  facet normal -0.029087562969930425 0.05291008062216651 -0.9981755542233172
    outer loop
      vertex -2.817873806267247 14.44025861988733 57.98544652293904
      vertex -2.341786103607898 14.976548788563107 58
      vertex -2.2391420589544646 14.758419090344182 57.98544652293904
    endloop
  endfacet
  facet normal -0.1433231892512207 0.2607039134267569 -0.954720866508548
    outer loop
      vertex -2.5670337721687 14.044997972962081 57.8702889465727
      vertex -2.1379947956063368 14.543470214310592 57.941998314223305
      vertex -2.039819268426932 14.33483659909762 57.8702889465727
    endloop
  endfacet
  facet normal -0.08683852674218466 0.15795869374787094 -0.9836199069471464
    outer loop
      vertex -2.6905838816175396 14.239681793524984 57.941998314223305
      vertex -2.2391420589544646 14.758419090344182 57.98544652293904
      vertex -2.1379947956063368 14.543470214310592 57.941998314223305
    endloop
  endfacet
  facet normal -0.022226807355354608 0.056138507156512286 -0.998175554223317
    outer loop
      vertex -2.2391420589544646 14.758419090344182 57.98544652293904
      vertex -2.341786103607898 14.976548788563107 58
      vertex -1.6995934690622108 15.230810839623345 58
    endloop
  endfacet
  facet normal -0.19044475143102102 0.4810085348832152 -0.8557812723014447
    outer loop
      vertex -1.8580456927553308 13.948548087773894 57.64666633359765
      vertex -1.94604709767456 14.135560592617063 57.771364104043
      vertex -1.4123787533794967 14.346854837532184 57.771364104043
    endloop
  endfacet
  facet normal -0.15108303042336516 0.38159217601741724 -0.9118998459920832
    outer loop
      vertex -1.94604709767456 14.135560592617063 57.771364104043
      vertex -2.039819268426932 14.33483659909762 57.8702889465727
      vertex -1.4804355962931066 14.556312262559523 57.8702889465727
    endloop
  endfacet
  facet normal -0.10951817862276926 0.2766113439545067 -0.954720866508548
    outer loop
      vertex -2.1379947956063368 14.543470214310592 57.941998314223305
      vertex -1.5516882544922408 14.775605395678975 57.941998314223305
      vertex -2.039819268426932 14.33483659909762 57.8702889465727
    endloop
  endfacet
  facet normal -0.06635630516439783 0.16759689562225225 -0.9836199069471465
    outer loop
      vertex -2.2391420589544646 14.758419090344182 57.98544652293904
      vertex -1.625097703773343 15.001536449204524 57.98544652293904
      vertex -2.1379947956063368 14.543470214310592 57.941998314223305
    endloop
  endfacet
  facet normal -0.0663563051643977 0.1675968956222521 -0.9836199069471465
    outer loop
      vertex -2.1379947956063368 14.543470214310592 57.941998314223305
      vertex -1.625097703773343 15.001536449204524 57.98544652293904
      vertex -1.5516882544922408 14.775605395678975 57.941998314223305
    endloop
  endfacet
  facet normal -0.15108303042336632 0.38159217601741835 -0.9118998459920826
    outer loop
      vertex -1.94604709767456 14.135560592617063 57.771364104043
      vertex -1.4804355962931066 14.556312262559523 57.8702889465727
      vertex -1.4123787533794967 14.346854837532184 57.771364104043
    endloop
  endfacet
  facet normal -0.19044475143101866 0.48100853488321316 -0.8557812723014465
    outer loop
      vertex -1.8580456927553308 13.948548087773894 57.64666633359765
      vertex -1.4123787533794967 14.346854837532184 57.771364104043
      vertex -1.3485101477717558 14.150287481510901 57.64666633359765
    endloop
  endfacet
  facet normal -0.10951817862276902 0.2766113439545065 -0.954720866508548
    outer loop
      vertex -2.039819268426932 14.33483659909762 57.8702889465727
      vertex -1.5516882544922408 14.775605395678975 57.941998314223305
      vertex -1.4804355962931066 14.556312262559523 57.8702889465727
    endloop
  endfacet
  facet normal -0.022226807355354466 0.056138507156512134 -0.9981755542233172
    outer loop
      vertex -2.2391420589544646 14.758419090344182 57.98544652293904
      vertex -1.6995934690622108 15.230810839623345 58
      vertex -1.625097703773343 15.001536449204524 57.98544652293904
    endloop
  endfacet
  facet normal -0.04482760501483276 0.17459199433513808 -0.9836199069471465
    outer loop
      vertex -1.5516882544922408 14.775605395678975 57.941998314223305
      vertex -1.625097703773343 15.001536449204524 57.98544652293904
      vertex -0.9854245870174034 15.165776590487859 57.98544652293904
    endloop
  endfacet
  facet normal -0.015015521711133465 0.05848159589748112 -0.998175554223317
    outer loop
      vertex -1.625097703773343 15.001536449204524 57.98544652293904
      vertex -1.6995934690622108 15.230810839623345 58
      vertex -1.0305972302214852 15.402579879007789 58
    endloop
  endfacet
  facet normal -0.19576457097070174 0.7624526640365507 -0.6167188726285452
    outer loop
      vertex -1.1909614677471456 13.665402502695468 57.13783414457452
      vertex -1.236988385747857 13.807058790493173 57.3275748174449
      vertex -0.7500833742737958 13.932074749084059 57.3275748174449
    endloop
  endfacet
  facet normal -0.1758503056267838 0.6848917213771556 -0.7071067811865499
    outer loop
      vertex -1.236988385747857 13.807058790493173 57.3275748174449
      vertex -1.2897611275592185 13.9694765891776 57.49801400952466
      vertex -0.7820836393560053 14.099826013289285 57.49801400952466
    endloop
  endfacet
  facet normal -0.17585030562678605 0.6848917213771576 -0.7071067811865474
    outer loop
      vertex -1.236988385747857 13.807058790493173 57.3275748174449
      vertex -0.7820836393560053 14.099826013289285 57.49801400952466
      vertex -0.7500833742737958 13.932074749084059 57.3275748174449
    endloop
  endfacet
  facet normal -0.09866025103313507 0.7809763037441375 -0.616718872628545
    outer loop
      vertex -0.722173632873496 13.785766760962293 57.13783414457452
      vertex -0.7500833742737958 13.932074749084059 57.3275748174449
      vertex -0.2513490999093481 13.99507953997429 57.3275748174449
    endloop
  endfacet
  facet normal -0.08862397936135882 0.7015310330143334 -0.7071067811865472
    outer loop
      vertex -0.7500833742737958 13.932074749084059 57.3275748174449
      vertex -0.7820836393560053 14.099826013289285 57.49801400952466
      vertex -0.26207222496602744 14.165518732054053 57.49801400952466
    endloop
  endfacet
  facet normal -0.08862397936135571 0.7015310330143297 -0.7071067811865512
    outer loop
      vertex -0.7500833742737958 13.932074749084059 57.3275748174449
      vertex -0.26207222496602744 14.165518732054053 57.49801400952466
      vertex -0.2513490999093481 13.99507953997429 57.3275748174449
    endloop
  endfacet
  facet normal 0 0.7871834806090491 -0.6167188726285445
    outer loop
      vertex -0.24199668840381414 13.846427215901299 57.13783414457452
      vertex -0.2513490999093481 13.99507953997429 57.3275748174449
      vertex 0.2513490999093481 13.99507953997429 57.3275748174449
    endloop
  endfacet
  facet normal 0 0.7071067811865439 -0.7071067811865512
    outer loop
      vertex -0.2513490999093481 13.99507953997429 57.3275748174449
      vertex -0.26207222496602744 14.165518732054053 57.49801400952466
      vertex 0.26207222496602744 14.165518732054053 57.49801400952466
    endloop
  endfacet
  facet normal -0.15337174684642949 0.597343515178239 -0.7871834806090506
    outer loop
      vertex -1.2897611275592185 13.9694765891776 57.49801400952466
      vertex -1.3485101477717558 14.150287481510901 57.64666633359765
      vertex -0.8177077921969049 14.286574362402916 57.64666633359765
    endloop
  endfacet
  facet normal -0.15337174684642604 0.5973435151782354 -0.7871834806090541
    outer loop
      vertex -1.2897611275592185 13.9694765891776 57.49801400952466
      vertex -0.8177077921969049 14.286574362402916 57.64666633359765
      vertex -0.7820836393560053 14.099826013289285 57.49801400952466
    endloop
  endfacet
  facet normal -0.1286566826339537 0.5010846954275733 -0.8557812723014464
    outer loop
      vertex -1.4123787533794967 14.346854837532184 57.771364104043
      vertex -0.8564363524294678 14.489596584974208 57.771364104043
      vertex -1.3485101477717558 14.150287481510901 57.64666633359765
    endloop
  endfacet
  facet normal -0.10206551427906332 0.3975189324731169 -0.9118998459920825
    outer loop
      vertex -1.4123787533794967 14.346854837532184 57.771364104043
      vertex -1.4804355962931066 14.556312262559523 57.8702889465727
      vertex -0.897704570436381 14.70593215983185 57.8702889465727
    endloop
  endfacet
  facet normal -0.10206551427905976 0.39751893247311243 -0.9118998459920851
    outer loop
      vertex -1.4123787533794967 14.346854837532184 57.771364104043
      vertex -0.897704570436381 14.70593215983185 57.8702889465727
      vertex -0.8564363524294678 14.489596584974208 57.771364104043
    endloop
  endfacet
  facet normal -0.07398600089445016 0.28815644834848914 -0.954720866508547
    outer loop
      vertex -1.4804355962931066 14.556312262559523 57.8702889465727
      vertex -0.9409106626711695 14.932426427149117 57.941998314223305
      vertex -0.897704570436381 14.70593215983185 57.8702889465727
    endloop
  endfacet
  facet normal -0.07398600089444791 0.28815644834848614 -0.9547208665085481
    outer loop
      vertex -1.4804355962931066 14.556312262559523 57.8702889465727
      vertex -1.5516882544922408 14.775605395678975 57.941998314223305
      vertex -0.9409106626711695 14.932426427149117 57.941998314223305
    endloop
  endfacet
  facet normal -0.12865668263395608 0.501084695427576 -0.8557812723014444
    outer loop
      vertex -1.3485101477717558 14.150287481510901 57.64666633359765
      vertex -0.8564363524294678 14.489596584974208 57.771364104043
      vertex -0.8177077921969049 14.286574362402916 57.64666633359765
    endloop
  endfacet
  facet normal -0.04482760501483264 0.17459199433513792 -0.9836199069471465
    outer loop
      vertex -1.5516882544922408 14.775605395678975 57.941998314223305
      vertex -0.9854245870174034 15.165776590487859 57.98544652293904
      vertex -0.9409106626711695 14.932426427149117 57.941998314223305
    endloop
  endfacet
  facet normal -0.01501552171113338 0.05848159589748099 -0.9981755542233172
    outer loop
      vertex -1.625097703773343 15.001536449204524 57.98544652293904
      vertex -1.0305972302214852 15.402579879007789 58
      vertex -0.9854245870174034 15.165776590487859 57.98544652293904
    endloop
  endfacet
  facet normal -0.03728701973492809 0.29515715341569504 -0.954720866508547
    outer loop
      vertex -0.897704570436381 14.70593215983185 57.8702889465727
      vertex -0.9409106626711695 14.932426427149117 57.941998314223305
      vertex -0.31529434762698855 15.011460147374395 57.941998314223305
    endloop
  endfacet
  facet normal -0.022591946755471288 0.1788336730011566 -0.9836199069471465
    outer loop
      vertex -0.9409106626711695 14.932426427149117 57.941998314223305
      vertex -0.9854245870174034 15.165776590487859 57.98544652293904
      vertex -0.3302107358600847 15.248549349053846 57.98544652293904
    endloop
  endfacet
  facet normal -0.007567432319689951 0.05990239493593464 -0.998175554223317
    outer loop
      vertex -0.9854245870174034 15.165776590487859 57.98544652293904
      vertex -1.0305972302214852 15.402579879007789 58
      vertex -0.34534785741122304 15.489147006355495 58
    endloop
  endfacet
  facet normal -0.07729537050666699 0.6118558601128635 -0.7871834806090541
    outer loop
      vertex -0.7820836393560053 14.099826013289285 57.49801400952466
      vertex -0.8177077921969049 14.286574362402916 57.64666633359765
      vertex -0.27400969626415106 14.355259404924434 57.64666633359765
    endloop
  endfacet
  facet normal -0.07729537050666893 0.6118558601128661 -0.7871834806090517
    outer loop
      vertex -0.7820836393560053 14.099826013289285 57.49801400952466
      vertex -0.27400969626415106 14.355259404924434 57.64666633359765
      vertex -0.26207222496602744 14.165518732054053 57.49801400952466
    endloop
  endfacet
  facet normal 0 0.6167188726285409 -0.7871834806090519
    outer loop
      vertex -0.26207222496602744 14.165518732054053 57.49801400952466
      vertex -0.27400969626415106 14.355259404924434 57.64666633359765
      vertex 0.27400969626415106 14.355259404924434 57.64666633359765
    endloop
  endfacet
  facet normal -0.06483962109597763 0.5132584509915558 -0.8557812723014444
    outer loop
      vertex -0.8177077921969049 14.286574362402916 57.64666633359765
      vertex -0.8564363524294678 14.489596584974208 57.771364104043
      vertex -0.2869874385913479 14.561534712316192 57.771364104043
    endloop
  endfacet
  facet normal -0.064839621095975 0.5132584509915515 -0.855781272301447
    outer loop
      vertex -0.8177077921969049 14.286574362402916 57.64666633359765
      vertex -0.2869874385913479 14.561534712316192 57.771364104043
      vertex -0.27400969626415106 14.355259404924434 57.64666633359765
    endloop
  endfacet
  facet normal -0.051438364003593445 0.4071765778974101 -0.9118998459920848
    outer loop
      vertex -0.897704570436381 14.70593215983185 57.8702889465727
      vertex -0.3008162072411568 14.781336695756018 57.8702889465727
      vertex -0.8564363524294678 14.489596584974208 57.771364104043
    endloop
  endfacet
  facet normal -0.05143836400359521 0.4071765778974129 -0.9118998459920835
    outer loop
      vertex -0.8564363524294678 14.489596584974208 57.771364104043
      vertex -0.3008162072411568 14.781336695756018 57.8702889465727
      vertex -0.2869874385913479 14.561534712316192 57.771364104043
    endloop
  endfacet
  facet normal 0 0.5173378141776577 -0.855781272301447
    outer loop
      vertex -0.27400969626415106 14.355259404924434 57.64666633359765
      vertex -0.2869874385913479 14.561534712316192 57.771364104043
      vertex 0.2869874385913479 14.561534712316192 57.771364104043
    endloop
  endfacet
  facet normal 0 0.4104128054527713 -0.9118998459920835
    outer loop
      vertex -0.2869874385913479 14.561534712316192 57.771364104043
      vertex -0.3008162072411568 14.781336695756018 57.8702889465727
      vertex 0.3008162072411568 14.781336695756018 57.8702889465727
    endloop
  endfacet
  facet normal -0.037287019734927394 0.2951571534156938 -0.9547208665085476
    outer loop
      vertex -0.897704570436381 14.70593215983185 57.8702889465727
      vertex -0.31529434762698855 15.011460147374395 57.941998314223305
      vertex -0.3008162072411568 14.781336695756018 57.8702889465727
    endloop
  endfacet
  facet normal -0.022591946755471073 0.1788336730011562 -0.9836199069471466
    outer loop
      vertex -0.9409106626711695 14.932426427149117 57.941998314223305
      vertex -0.3302107358600847 15.248549349053846 57.98544652293904
      vertex -0.31529434762698855 15.011460147374395 57.941998314223305
    endloop
  endfacet
  facet normal -0.0075674323196901925 0.059902394935935126 -0.9981755542233172
    outer loop
      vertex -0.9854245870174034 15.165776590487859 57.98544652293904
      vertex -0.34534785741122304 15.489147006355495 58
      vertex -0.3302107358600847 15.248549349053846 57.98544652293904
    endloop
  endfacet
  facet normal 0 0.297503053855197 -0.9547208665085474
    outer loop
      vertex -0.3008162072411568 14.781336695756018 57.8702889465727
      vertex -0.31529434762698855 15.011460147374395 57.941998314223305
      vertex 0.31529434762698855 15.011460147374395 57.941998314223305
    endloop
  endfacet
  facet normal 0 0.1802550378138888 -0.9836199069471467
    outer loop
      vertex -0.31529434762698855 15.011460147374395 57.941998314223305
      vertex -0.3302107358600847 15.248549349053846 57.98544652293904
      vertex 0.3302107358600847 15.248549349053846 57.98544652293904
    endloop
  endfacet
  facet normal 0 0.060378497422292864 -0.998175554223317
    outer loop
      vertex -0.34534785741122304 15.489147006355495 58
      vertex 0.34534785741122304 15.489147006355495 58
      vertex -0.3302107358600847 15.248549349053846 57.98544652293904
    endloop
  endfacet
  facet normal 0 0 -1
    outer loop
      vertex 0.21976681835259818 6.50690645050105 52
      vertex -0.15540653583505157 7.529883847140027 52
      vertex 0.1554065358350516 7.529883847140027 52
    endloop
  endfacet
  facet normal 0 0 -1
    outer loop
      vertex 0.21976681835259818 6.50690645050105 52
      vertex 0.1554065358350516 7.529883847140027 52
      vertex 0.463768753599669 7.568839054446496 52
    endloop
  endfacet
  facet normal 0 0 -1
    outer loop
      vertex 0.21976681835259818 6.50690645050105 52
      vertex 0.463768753599669 7.568839054446496 52
      vertex 0.6558346010500369 6.56199462244959 52
    endloop
  endfacet
  facet normal 0 0 -1
    outer loop
      vertex 0.6558346010500369 6.56199462244959 52
      vertex 0.463768753599669 7.568839054446496 52
      vertex 1.0815594803123159 6.671302192966962 52
    endloop
  endfacet
  facet normal 0 0 -1
    outer loop
      vertex 1.0815594803123159 6.671302192966962 52
      vertex 1.0538037466235546 7.760553045146601 52
      vertex 1.4902275204777535 6.833105316368932 52
    endloop
  endfacet
  facet normal 0.12533323356430495 -0.9921147013144778 2.2094539826737237e-16
    outer loop
      vertex 0.21976681835259818 6.50690645050105 52
      vertex 0.6558346010500369 6.56199462244959 52
      vertex 0.21976681835259815 6.5069064505010505 56.003946543143456
    endloop
  endfacet
  facet normal 0.24868988716485393 -0.9685831611286314 2.2175240745709251e-16
    outer loop
      vertex 0.6558346010500369 6.56199462244959 52
      vertex 1.0815594803123159 6.671302192966962 52
      vertex 0.6558346010500368 6.561994622449591 56.003946543143456
    endloop
  endfacet
  facet normal 0.36812455268467903 -0.929776485888251 2.0624836046443064e-16
    outer loop
      vertex 1.0815594803123159 6.671302192966962 52
      vertex 1.4902275204777535 6.833105316368932 52
      vertex 1.0815594803123159 6.671302192966963 56.003946543143456
    endloop
  endfacet
  facet normal 0 0 -1
    outer loop
      vertex 1.4902275204777535 6.833105316368932 52
      vertex 1.0538037466235546 7.760553045146601 52
      vertex 1.8753937824264868 7.044852260742946 52
    endloop
  endfacet
  facet normal 0.48175367410171366 -0.8763066800438645 2.6716341760426112e-17
    outer loop
      vertex 1.4902275204777535 6.833105316368932 52
      vertex 1.8753937824264868 7.044852260742946 52
      vertex 1.4902275204777533 6.833105316368932 56.003946543143456
    endloop
  endfacet
  facet normal 0.587785252292473 -0.8090169943749476 2.1205727163228686e-16
    outer loop
      vertex 1.8753937824264868 7.044852260742946 52
      vertex 2.2309839641204148 7.303203650284738 52
      vertex 1.8753937824264866 7.044852260742947 56.003946543143456
    endloop
  endfacet
  facet normal 0 -1 2.21825743708063e-16
    outer loop
      vertex -0.21976681835259815 6.5069064505010505 56.003946543143456
      vertex 0.21976681835259818 6.50690645050105 52
      vertex 0.21976681835259815 6.5069064505010505 56.003946543143456
    endloop
  endfacet
  facet normal 0.12533323356430498 -0.9921147013144778 2.235518486811291e-16
    outer loop
      vertex 0.6558346010500369 6.56199462244959 52
      vertex 0.6558346010500368 6.561994622449591 56.003946543143456
      vertex 0.21976681835259815 6.5069064505010505 56.003946543143456
    endloop
  endfacet
  facet normal 0.24868988716485382 -0.9685831611286313 2.1485668006046524e-16
    outer loop
      vertex 1.0815594803123159 6.671302192966962 52
      vertex 1.0815594803123159 6.671302192966963 56.003946543143456
      vertex 0.6558346010500368 6.561994622449591 56.003946543143456
    endloop
  endfacet
  facet normal 0.3681245526846775 -0.9297764858882517 2.0414875669119153e-17
    outer loop
      vertex 1.4902275204777535 6.833105316368932 52
      vertex 1.4902275204777533 6.833105316368932 56.003946543143456
      vertex 1.0815594803123159 6.671302192966963 56.003946543143456
    endloop
  endfacet
  facet normal 0.48175367410171516 -0.8763066800438636 2.2110372277749985e-16
    outer loop
      vertex 1.8753937824264868 7.044852260742946 52
      vertex 1.8753937824264866 7.044852260742947 56.003946543143456
      vertex 1.4902275204777533 6.833105316368932 56.003946543143456
    endloop
  endfacet
  facet normal 0.5877852522924728 -0.8090169943749477 1.794607964496846e-16
    outer loop
      vertex 2.2309839641204148 7.303203650284738 52
      vertex 2.2309839641204148 7.303203650284739 56.003946543143456
      vertex 1.8753937824264866 7.044852260742947 56.003946543143456
    endloop
  endfacet
  facet normal 0 0 -1
    outer loop
      vertex 1.0815594803123159 6.671302192966962 52
      vertex 0.463768753599669 7.568839054446496 52
      vertex 0.7648170610779949 7.646135122169495 52
    endloop
  endfacet
  facet normal 0 0 -1
    outer loop
      vertex 1.0815594803123159 6.671302192966962 52
      vertex 0.7648170610779949 7.646135122169495 52
      vertex 1.0538037466235546 7.760553045146601 52
    endloop
  endfacet
  facet normal 0 0 -1
    outer loop
      vertex 1.8753937824264868 7.044852260742946 52
      vertex 1.0538037466235546 7.760553045146601 52
      vertex 1.3261713175730157 7.910288384382512 52
    endloop
  endfacet
  facet normal 0 0 -1
    outer loop
      vertex 2.2309839641204148 7.303203650284738 52
      vertex 1.3261713175730157 7.910288384382512 52
      vertex 1.5776243746280076 8.092979724129922 52
    endloop
  endfacet
  facet normal 0 0 -1
    outer loop
      vertex 1.8753937824264868 7.044852260742946 52
      vertex 1.3261713175730157 7.910288384382512 52
      vertex 2.2309839641204148 7.303203650284738 52
    endloop
  endfacet
  facet normal 0 0 -1
    outer loop
      vertex 2.2309839641204148 7.303203650284738 52
      vertex 1.5776243746280076 8.092979724129922 52
      vertex 1.804197352867994 8.305745912826495 52
    endloop
  endfacet
  facet normal 0 0 -1
    outer loop
      vertex 2.2309839641204148 7.303203650284738 52
      vertex 1.804197352867994 8.305745912826495 52
      vertex 2.5513901959749408 7.60408512924959 52
    endloop
  endfacet
  facet normal 0 0 -1
    outer loop
      vertex 2.5513901959749408 7.60408512924959 52
      vertex 1.804197352867994 8.305745912826495 52
      vertex 2.0023170610779952 8.54523150057613 52
    endloop
  endfacet
  facet normal 0 0 -1
    outer loop
      vertex 2.5513901959749408 7.60408512924959 52
      vertex 2.0023170610779952 8.54523150057613 52
      vertex 2.831559480312316 7.942751616976344 52
    endloop
  endfacet
  facet normal 0 0 -1
    outer loop
      vertex 2.831559480312316 7.942751616976344 52
      vertex 2.0023170610779952 8.54523150057613 52
      vertex 3.067073380153522 8.313862140643996 52
    endloop
  endfacet
  facet normal 0 0 -1
    outer loop
      vertex 3.067073380153522 8.313862140643996 52
      vertex 2.0023170610779952 8.54523150057613 52
      vertex 2.168859033108562 8.807659656598254 52
    endloop
  endfacet
  facet normal 0.6845471059286893 -0.7289686274214109 1.6170400791760037e-16
    outer loop
      vertex 2.2309839641204148 7.303203650284738 52
      vertex 2.5513901959749408 7.60408512924959 52
      vertex 2.2309839641204148 7.303203650284739 56.003946543143456
    endloop
  endfacet
  facet normal 0.7705132427757893 -0.6374239897486896 8.545983655782538e-17
    outer loop
      vertex 2.5513901959749408 7.60408512924959 52
      vertex 2.831559480312316 7.942751616976344 52
      vertex 2.5513901959749403 7.60408512924959 56.003946543143456
    endloop
  endfacet
  facet normal 0 0 -1
    outer loop
      vertex 3.067073380153522 8.313862140643996 52
      vertex 2.168859033108562 8.807659656598254 52
      vertex 2.301196802573422 9.08889173210542 52
    endloop
  endfacet
  facet normal 0 0 -1
    outer loop
      vertex 3.390041063950209 9.129585394923009 52
      vertex 2.301196802573422 9.08889173210542 52
      vertex 2.3972433237933624 9.384492529266986 52
    endloop
  endfacet
  facet normal 0 0 -1
    outer loop
      vertex 3.390041063950209 9.129585394923009 52
      vertex 2.3972433237933624 9.384492529266986 52
      vertex 2.455483885753333 9.689800246928348 52
    endloop
  endfacet
  facet normal 0.6845471059286887 -0.7289686274214114 7.592508543791679e-17
    outer loop
      vertex 2.5513901959749408 7.60408512924959 52
      vertex 2.5513901959749403 7.60408512924959 56.003946543143456
      vertex 2.2309839641204148 7.303203650284739 56.003946543143456
    endloop
  endfacet
  facet normal 0.7705132427757893 -0.6374239897486896 8.545983655782538e-17
    outer loop
      vertex 2.831559480312316 7.942751616976344 52
      vertex 2.8315594803123156 7.942751616976344 56.003946543143456
      vertex 2.5513901959749403 7.60408512924959 56.003946543143456
    endloop
  endfacet
  facet normal 0.8443279255020154 -0.5358267949789961 9.36468350039853e-17
    outer loop
      vertex 2.831559480312316 7.942751616976344 52
      vertex 3.067073380153522 8.313862140643996 52
      vertex 2.8315594803123156 7.942751616976344 56.003946543143456
    endloop
  endfacet
  facet normal 0.9048270524660186 -0.42577929156507444 1.0035696692022457e-16
    outer loop
      vertex 3.067073380153522 8.313862140643996 52
      vertex 3.2542177006088795 8.711564065603625 52
      vertex 3.0670733801535217 8.313862140643996 56.003946543143456
    endloop
  endfacet
  facet normal 0 0 -1
    outer loop
      vertex 3.067073380153522 8.313862140643996 52
      vertex 2.301196802573422 9.08889173210542 52
      vertex 3.2542177006088795 8.711564065603625 52
    endloop
  endfacet
  facet normal 0 0 -1
    outer loop
      vertex 3.2542177006088795 8.711564065603625 52
      vertex 2.301196802573422 9.08889173210542 52
      vertex 3.390041063950209 9.129585394923009 52
    endloop
  endfacet
  facet normal 0 0 -1
    outer loop
      vertex 3.5 10 52
      vertex 2.455483885753333 9.689800246928348 52
      vertex 2.475 10 52
    endloop
  endfacet
  facet normal 0 0 -1
    outer loop
      vertex 3.390041063950209 9.129585394923009 52
      vertex 2.455483885753333 9.689800246928348 52
      vertex 3.4724014546006727 9.561333682524936 52
    endloop
  endfacet
  facet normal 0 0 -1
    outer loop
      vertex 3.4724014546006727 9.561333682524936 52
      vertex 2.455483885753333 9.689800246928348 52
      vertex 3.5 10 52
    endloop
  endfacet
  facet normal 0.9510565162951536 -0.3090169943749471 2.4258025870909193e-16
    outer loop
      vertex 3.2542177006088795 8.711564065603625 52
      vertex 3.390041063950209 9.129585394923009 52
      vertex 3.254217700608879 8.711564065603627 56.003946543143456
    endloop
  endfacet
  facet normal 0.9822872507286887 -0.18738131458572468 1.9208029889386575e-16
    outer loop
      vertex 3.390041063950209 9.129585394923009 52
      vertex 3.4724014546006727 9.561333682524936 52
      vertex 3.3900410639502088 9.12958539492301 56.003946543143456
    endloop
  endfacet
  facet normal 0.9980267284282716 -0.06279051952931271 1.106940106370632e-16
    outer loop
      vertex 3.4724014546006727 9.561333682524936 52
      vertex 3.5 10 52
      vertex 3.4724014546006723 9.561333682524936 56.003946543143456
    endloop
  endfacet
  facet normal 0.8443279255020154 -0.5358267949789961 9.36468350039853e-17
    outer loop
      vertex 3.067073380153522 8.313862140643996 52
      vertex 3.0670733801535217 8.313862140643996 56.003946543143456
      vertex 2.8315594803123156 7.942751616976344 56.003946543143456
    endloop
  endfacet
  facet normal 0.9048270524660194 -0.4257792915650729 2.8925458293405363e-16
    outer loop
      vertex 3.2542177006088795 8.711564065603625 52
      vertex 3.254217700608879 8.711564065603627 56.003946543143456
      vertex 3.0670733801535217 8.313862140643996 56.003946543143456
    endloop
  endfacet
  facet normal 0.9510565162951536 -0.3090169943749471 2.4258025870909193e-16
    outer loop
      vertex 3.390041063950209 9.129585394923009 52
      vertex 3.3900410639502088 9.12958539492301 56.003946543143456
      vertex 3.254217700608879 8.711564065603627 56.003946543143456
    endloop
  endfacet
  facet normal 0.9822872507286885 -0.18738131458572543 1.0894829996391995e-16
    outer loop
      vertex 3.4724014546006727 9.561333682524936 52
      vertex 3.4724014546006723 9.561333682524936 56.003946543143456
      vertex 3.3900410639502088 9.12958539492301 56.003946543143456
    endloop
  endfacet
  facet normal 0.9980267284282716 -0.06279051952931271 1.1039969955401926e-16
    outer loop
      vertex 3.4724014546006723 9.561333682524936 56.003946543143456
      vertex 3.5 10 52
      vertex 3.4999999999999996 10 56.003946543143456
    endloop
  endfacet
  facet normal 0 -0.9981755542233173 -0.06037849742228919
    outer loop
      vertex -0.2206824455192718 6.492352973440094 56.244544200445105
      vertex 0.21976681835259815 6.5069064505010505 56.003946543143456
      vertex 0.2206824455192718 6.492352973440094 56.244544200445105
    endloop
  endfacet
  facet normal 0.1251045698756506 -0.9903046418376796 -0.06037849742228916
    outer loop
      vertex 0.21976681835259815 6.5069064505010505 56.003946543143456
      vertex 0.6558346010500368 6.561994622449591 56.003946543143456
      vertex 0.2206824455192718 6.492352973440094 56.244544200445105
    endloop
  endfacet
  facet normal 0.12510456987565086 -0.9903046418376796 -0.060378497422288686
    outer loop
      vertex 0.2206824455192718 6.492352973440094 56.244544200445105
      vertex 0.6558346010500368 6.561994622449591 56.003946543143456
      vertex 0.6585670425626702 6.547670662415712 56.244544200445105
    endloop
  endfacet
  facet normal 0.12328026353590656 -0.9758637701878398 -0.18025503781390537
    outer loop
      vertex 0.2206824455192718 6.492352973440094 56.244544200445105
      vertex 0.6585670425626702 6.547670662415712 56.244544200445105
      vertex 0.22341597511338984 6.448904764724352 56.48163340212456
    endloop
  endfacet
  facet normal 0.24823616595051226 -0.9668160336709443 -0.06037849742228867
    outer loop
      vertex 0.6558346010500368 6.561994622449591 56.003946543143456
      vertex 1.0815594803123159 6.671302192966963 56.003946543143456
      vertex 0.6585670425626702 6.547670662415712 56.244544200445105
    endloop
  endfacet
  facet normal 0.2446163236717902 -0.9527176788199148 -0.18025503781390326
    outer loop
      vertex 0.6585670425626702 6.547670662415712 56.244544200445105
      vertex 1.0860656439359733 6.657433647366615 56.244544200445105
      vertex 0.6667245219503936 6.504907657906119 56.48163340212456
    endloop
  endfacet
  facet normal 0.24823616595051318 -0.9668160336709442 -0.06037849742228698
    outer loop
      vertex 0.6585670425626702 6.547670662415712 56.244544200445105
      vertex 1.0815594803123159 6.671302192966963 56.003946543143456
      vertex 1.0860656439359733 6.657433647366615 56.244544200445105
    endloop
  endfacet
  facet normal 0.36745292939923874 -0.928080159105314 -0.060378497422287
    outer loop
      vertex 1.0815594803123159 6.671302192966963 56.003946543143456
      vertex 1.4902275204777533 6.833105316368932 56.003946543143456
      vertex 1.0860656439359733 6.657433647366615 56.244544200445105
    endloop
  endfacet
  facet normal 0.3620946382566618 -0.9145466605310444 -0.18025503781390353
    outer loop
      vertex 1.0860656439359733 6.657433647366615 56.244544200445105
      vertex 1.4964363413202382 6.819910900450899 56.244544200445105
      vertex 1.0995184247943155 6.616030245189668 56.48163340212456
    endloop
  endfacet
  facet normal 0.3674529293992391 -0.9280801591053138 -0.06037849742228633
    outer loop
      vertex 1.0860656439359733 6.657433647366615 56.244544200445105
      vertex 1.4902275204777533 6.833105316368932 56.003946543143456
      vertex 1.4964363413202382 6.819910900450899 56.244544200445105
    endloop
  endfacet
  facet normal 0 -0.9836199069471436 -0.18025503781390534
    outer loop
      vertex -0.22341597511338984 6.448904764724352 56.48163340212456
      vertex 0.2206824455192718 6.492352973440094 56.244544200445105
      vertex 0.22341597511338984 6.448904764724352 56.48163340212456
    endloop
  endfacet
  facet normal 0 -0.9547208665085448 -0.29750305385520587
    outer loop
      vertex -0.22792754611809746 6.377195397073745 56.71175685374293
      vertex 0.22341597511338984 6.448904764724352 56.48163340212456
      vertex 0.22792754611809746 6.377195397073745 56.71175685374293
    endloop
  endfacet
  facet normal 0.11965825335083245 -0.9471926073148241 -0.29750305385520587
    outer loop
      vertex 0.22341597511338984 6.448904764724352 56.48163340212456
      vertex 0.6667245219503936 6.504907657906119 56.48163340212456
      vertex 0.22792754611809746 6.377195397073745 56.71175685374293
    endloop
  endfacet
  facet normal 0.12328026353590778 -0.9758637701878401 -0.18025503781390326
    outer loop
      vertex 0.6585670425626702 6.547670662415712 56.244544200445105
      vertex 0.6667245219503936 6.504907657906119 56.48163340212456
      vertex 0.22341597511338984 6.448904764724352 56.48163340212456
    endloop
  endfacet
  facet normal 0.11429135638498134 -0.9047092433351648 -0.4104128054527474
    outer loop
      vertex 0.22792754611809746 6.377195397073745 56.71175685374293
      vertex 0.6801880847946902 6.4343291898204615 56.71175685374293
      vertex 0.23415136966897282 6.2782705545440525 56.93155883718276
    endloop
  endfacet
  facet normal 0.1196582533508315 -0.9471926073148237 -0.29750305385520753
    outer loop
      vertex 0.22792754611809746 6.377195397073745 56.71175685374293
      vertex 0.6667245219503936 6.504907657906119 56.48163340212456
      vertex 0.6801880847946902 6.4343291898204615 56.71175685374293
    endloop
  endfacet
  facet normal 0 -0.8557812723014451 -0.517337814177661
    outer loop
      vertex -0.24199668840381414 6.153572784098701 57.13783414457452
      vertex 0.23415136966897282 6.2782705545440525 56.93155883718276
      vertex 0.24199668840381414 6.153572784098701 57.13783414457452
    endloop
  endfacet
  facet normal 0 -0.9118998459920943 -0.4104128054527474
    outer loop
      vertex -0.23415136966897282 6.2782705545440525 56.93155883718276
      vertex 0.22792754611809746 6.377195397073745 56.71175685374293
      vertex 0.23415136966897282 6.2782705545440525 56.93155883718276
    endloop
  endfacet
  facet normal 0.09866025103313678 -0.7809763037441376 -0.6167188726285445
    outer loop
      vertex 0.24199668840381414 6.153572784098701 57.13783414457452
      vertex 0.722173632873496 6.214233239037708 57.13783414457452
      vertex 0.2513490999093481 6.00492046002571 57.3275748174449
    endloop
  endfacet
  facet normal 0.1072578340813136 -0.8490331813598719 -0.517337814177661
    outer loop
      vertex 0.24199668840381414 6.153572784098701 57.13783414457452
      vertex 0.23415136966897282 6.2782705545440525 56.93155883718276
      vertex 0.698761402031987 6.336964451152298 56.93155883718276
    endloop
  endfacet
  facet normal 0.11429135638497909 -0.9047092433351636 -0.410412805452751
    outer loop
      vertex 0.6801880847946902 6.4343291898204615 56.71175685374293
      vertex 0.698761402031987 6.336964451152298 56.93155883718276
      vertex 0.23415136966897282 6.2782705545440525 56.93155883718276
    endloop
  endfacet
  facet normal 0.10725783408131563 -0.8490331813598736 -0.517337814177658
    outer loop
      vertex 0.24199668840381414 6.153572784098701 57.13783414457452
      vertex 0.698761402031987 6.336964451152298 56.93155883718276
      vertex 0.722173632873496 6.214233239037708 57.13783414457452
    endloop
  endfacet
  facet normal 0.23742942456594202 -0.9247265548783117 -0.29750305385520737
    outer loop
      vertex 0.6667245219503936 6.504907657906119 56.48163340212456
      vertex 1.0995184247943155 6.616030245189668 56.48163340212456
      vertex 0.6801880847946902 6.4343291898204615 56.71175685374293
    endloop
  endfacet
  facet normal 0.22678026980542218 -0.883250835463733 -0.410412805452751
    outer loop
      vertex 0.6801880847946902 6.4343291898204615 56.71175685374293
      vertex 1.1217216510494041 6.5476957412722046 56.71175685374293
      vertex 0.698761402031987 6.336964451152298 56.93155883718276
    endloop
  endfacet
  facet normal 0.23742942456594254 -0.9247265548783119 -0.2975030538552066
    outer loop
      vertex 0.6801880847946902 6.4343291898204615 56.71175685374293
      vertex 1.0995184247943155 6.616030245189668 56.48163340212456
      vertex 1.1217216510494041 6.5476957412722046 56.71175685374293
    endloop
  endfacet
  facet normal 0.19576457097070196 -0.7624526640365509 -0.616718872628545
    outer loop
      vertex 0.722173632873496 6.214233239037708 57.13783414457452
      vertex 1.1909614677471456 6.334597497304533 57.13783414457452
      vertex 0.7500833742737958 6.067925250915942 57.3275748174449
    endloop
  endfacet
  facet normal 0.21282414804644423 -0.8288953299604167 -0.5173378141776579
    outer loop
      vertex 0.722173632873496 6.214233239037708 57.13783414457452
      vertex 0.698761402031987 6.336964451152298 56.93155883718276
      vertex 1.1523515496651282 6.453426606557244 56.93155883718276
    endloop
  endfacet
  facet normal 0.22678026980542396 -0.8832508354637338 -0.41041280545274844
    outer loop
      vertex 1.1217216510494041 6.5476957412722046 56.71175685374293
      vertex 1.1523515496651282 6.453426606557244 56.93155883718276
      vertex 0.698761402031987 6.336964451152298 56.93155883718276
    endloop
  endfacet
  facet normal 0.21282414804644226 -0.8288953299604156 -0.5173378141776606
    outer loop
      vertex 0.722173632873496 6.214233239037708 57.13783414457452
      vertex 1.1523515496651282 6.453426606557244 56.93155883718276
      vertex 1.1909614677471456 6.334597497304533 57.13783414457452
    endloop
  endfacet
  facet normal 0.31503409806189325 -0.7956853040494148 -0.5173378141776606
    outer loop
      vertex 1.1523515496651282 6.453426606557244 56.93155883718276
      vertex 1.5877684249786017 6.625820342997033 56.93155883718276
      vertex 1.1909614677471456 6.334597497304533 57.13783414457452
    endloop
  endfacet
  facet normal 0.2897815666799743 -0.7319046903499634 -0.6167188726285452
    outer loop
      vertex 1.1909614677471456 6.334597497304533 57.13783414457452
      vertex 1.640967128828527 6.512767342644187 57.13783414457452
      vertex 1.236988385747857 6.192941209506828 57.3275748174449
    endloop
  endfacet
  facet normal 0.24461632367179 -0.9527176788199149 -0.18025503781390362
    outer loop
      vertex 1.0860656439359733 6.657433647366615 56.244544200445105
      vertex 1.0995184247943155 6.616030245189668 56.48163340212456
      vertex 0.6667245219503936 6.504907657906119 56.48163340212456
    endloop
  endfacet
  facet normal 0.3620946382566619 -0.9145466605310445 -0.18025503781390348
    outer loop
      vertex 1.0995184247943155 6.616030245189668 56.48163340212456
      vertex 1.4964363413202382 6.819910900450899 56.244544200445105
      vertex 1.5149722652587616 6.780520056992122 56.48163340212456
    endloop
  endfacet
  facet normal 0.3514561919221859 -0.8876770122665009 -0.2975030538552066
    outer loop
      vertex 1.1217216510494041 6.5476957412722046 56.71175685374293
      vertex 1.0995184247943155 6.616030245189668 56.48163340212456
      vertex 1.5149722652587616 6.780520056992122 56.48163340212456
    endloop
  endfacet
  facet normal 0.33569272289906676 -0.8478630342885664 -0.4104128054527484
    outer loop
      vertex 1.1217216510494041 6.5476957412722046 56.71175685374293
      vertex 1.5455649967830347 6.715507193190685 56.71175685374293
      vertex 1.1523515496651282 6.453426606557244 56.93155883718276
    endloop
  endfacet
  facet normal 0.48087474064559904 -0.8747079060223788 -0.060378497422286355
    outer loop
      vertex 1.4902275204777533 6.833105316368932 56.003946543143456
      vertex 1.8753937824264866 7.044852260742947 56.003946543143456
      vertex 1.4964363413202382 6.819910900450899 56.244544200445105
    endloop
  endfacet
  facet normal 0.4738625040913723 -0.8619526950819066 -0.18025503781390342
    outer loop
      vertex 1.4964363413202382 6.819910900450899 56.244544200445105
      vertex 1.8832073436741428 7.032540058328218 56.244544200445105
      vertex 1.5149722652587616 6.780520056992122 56.48163340212456
    endloop
  endfacet
  facet normal 0.5867128699713313 -0.8075409867362958 -0.060378497422289394
    outer loop
      vertex 1.8753937824264866 7.044852260742947 56.003946543143456
      vertex 2.2309839641204148 7.303203650284739 56.003946543143456
      vertex 1.8832073436741428 7.032540058328218 56.244544200445105
    endloop
  endfacet
  facet normal 0.4808747406455974 -0.8747079060223796 -0.06037849742228966
    outer loop
      vertex 1.4964363413202382 6.819910900450899 56.244544200445105
      vertex 1.8753937824264866 7.044852260742947 56.003946543143456
      vertex 1.8832073436741428 7.032540058328218 56.244544200445105
    endloop
  endfacet
  facet normal 0.5781572751648276 -0.7957652207257433 -0.1802550378139009
    outer loop
      vertex 1.8832073436741428 7.032540058328218 56.244544200445105
      vertex 2.2402790412447717 7.291967832160349 56.244544200445105
      vertex 1.9065340880995127 6.995782990719906 56.48163340212456
    endloop
  endfacet
  facet normal 0.5867128699713331 -0.8075409867362947 -0.06037849742228548
    outer loop
      vertex 1.8832073436741428 7.032540058328218 56.244544200445105
      vertex 2.2309839641204148 7.303203650284739 56.003946543143456
      vertex 2.2402790412447717 7.291967832160349 56.244544200445105
    endloop
  endfacet
  facet normal 0.31503409806189503 -0.7956853040494155 -0.5173378141776583
    outer loop
      vertex 1.1909614677471456 6.334597497304533 57.13783414457452
      vertex 1.5877684249786017 6.625820342997033 56.93155883718276
      vertex 1.640967128828527 6.512767342644187 57.13783414457452
    endloop
  endfacet
  facet normal 0.3792285339755842 -0.6898141424778885 -0.6167188726285457
    outer loop
      vertex 1.640967128828527 6.512767342644187 57.13783414457452
      vertex 2.065093758022035 6.745932930162155 57.13783414457452
      vertex 1.7043853514376308 6.377996759450477 57.3275748174449
    endloop
  endfacet
  facet normal 0.4599402851820645 -0.8366282728987038 -0.2975030538552054
    outer loop
      vertex 1.5149722652587616 6.780520056992122 56.48163340212456
      vertex 1.9065340880995127 6.995782990719906 56.48163340212456
      vertex 1.5455649967830347 6.715507193190685 56.71175685374293
    endloop
  endfacet
  facet normal 0.35145619192218674 -0.887677012266501 -0.2975030538552055
    outer loop
      vertex 1.1217216510494041 6.5476957412722046 56.71175685374293
      vertex 1.5149722652587616 6.780520056992122 56.48163340212456
      vertex 1.5455649967830347 6.715507193190685 56.71175685374293
    endloop
  endfacet
  facet normal 0.43931110121947853 -0.7991039265738415 -0.41041280545275105
    outer loop
      vertex 1.5455649967830347 6.715507193190685 56.71175685374293
      vertex 1.9450338592416208 6.9351170587334465 56.71175685374293
      vertex 1.5877684249786017 6.625820342997033 56.93155883718276
    endloop
  endfacet
  facet normal 0.45994028518206415 -0.8366282728987037 -0.29750305385520587
    outer loop
      vertex 1.5455649967830347 6.715507193190685 56.71175685374293
      vertex 1.9065340880995127 6.995782990719906 56.48163340212456
      vertex 1.9450338592416208 6.9351170587334465 56.71175685374293
    endloop
  endfacet
  facet normal 0.47386250409137404 -0.8619526950819064 -0.1802550378139007
    outer loop
      vertex 1.8832073436741428 7.032540058328218 56.244544200445105
      vertex 1.9065340880995127 6.995782990719906 56.48163340212456
      vertex 1.5149722652587616 6.780520056992122 56.48163340212456
    endloop
  endfacet
  facet normal 0.561170845389613 -0.7723854058897887 -0.2975030538552058
    outer loop
      vertex 1.9065340880995127 6.995782990719906 56.48163340212456
      vertex 2.268028729462678 7.258424221316291 56.48163340212456
      vertex 1.9450338592416208 6.9351170587334465 56.71175685374293
    endloop
  endfacet
  facet normal 0.33569272289906493 -0.8478630342885658 -0.410412805452751
    outer loop
      vertex 1.1523515496651282 6.453426606557244 56.93155883718276
      vertex 1.5455649967830347 6.715507193190685 56.71175685374293
      vertex 1.5877684249786017 6.625820342997033 56.93155883718276
    endloop
  endfacet
  facet normal 0.41227577215866246 -0.7499268455741941 -0.5173378141776582
    outer loop
      vertex 1.640967128828527 6.512767342644187 57.13783414457452
      vertex 1.5877684249786017 6.625820342997033 56.93155883718276
      vertex 1.9981452437432805 6.851426908264984 56.93155883718276
    endloop
  endfacet
  facet normal 0.43931110121947936 -0.7991039265738415 -0.4104128054527498
    outer loop
      vertex 1.9450338592416208 6.9351170587334465 56.71175685374293
      vertex 1.9981452437432805 6.851426908264984 56.93155883718276
      vertex 1.5877684249786017 6.625820342997033 56.93155883718276
    endloop
  endfacet
  facet normal 0.41227577215866057 -0.7499268455741936 -0.5173378141776607
    outer loop
      vertex 1.640967128828527 6.512767342644187 57.13783414457452
      vertex 1.9981452437432805 6.851426908264984 56.93155883718276
      vertex 2.065093758022035 6.745932930162155 57.13783414457452
    endloop
  endfacet
  facet normal 0.5781572751648253 -0.7957652207257441 -0.18025503781390503
    outer loop
      vertex 1.9065340880995127 6.995782990719906 56.48163340212456
      vertex 2.2402790412447717 7.291967832160349 56.244544200445105
      vertex 2.268028729462678 7.258424221316291 56.48163340212456
    endloop
  endfacet
  facet normal 0.5360012810419298 -0.7377424725755007 -0.4104128054527498
    outer loop
      vertex 1.9450338592416208 6.9351170587334465 56.71175685374293
      vertex 2.3138283758330616 7.203061959132307 56.71175685374293
      vertex 1.9981452437432805 6.851426908264984 56.93155883718276
    endloop
  endfacet
  facet normal 0.5611708453896136 -0.7723854058897887 -0.29750305385520504
    outer loop
      vertex 1.9450338592416208 6.9351170587334465 56.71175685374293
      vertex 2.268028729462678 7.258424221316291 56.48163340212456
      vertex 2.3138283758330616 7.203061959132307 56.71175685374293
    endloop
  endfacet
  facet normal 0.5030156110468784 -0.6923415927596838 -0.5173378141776604
    outer loop
      vertex 1.9981452437432805 6.851426908264984 56.93155883718276
      vertex 2.37701011838002 7.126688352055995 56.93155883718276
      vertex 2.065093758022035 6.745932930162155 57.13783414457452
    endloop
  endfacet
  facet normal 0.46269484075025746 -0.6368448135039415 -0.6167188726285453
    outer loop
      vertex 2.065093758022035 6.745932930162155 57.13783414457452
      vertex 2.456652625024324 7.030417099256914 57.13783414457452
      vertex 2.1449031419847757 6.62017346417745 57.3275748174449
    endloop
  endfacet
  facet normal 0.5360012810419297 -0.7377424725755009 -0.41041280545274994
    outer loop
      vertex 1.9981452437432805 6.851426908264984 56.93155883718276
      vertex 2.3138283758330616 7.203061959132307 56.71175685374293
      vertex 2.37701011838002 7.126688352055995 56.93155883718276
    endloop
  endfacet
  facet normal 0.5030156110468802 -0.692341592759684 -0.5173378141776583
    outer loop
      vertex 2.065093758022035 6.745932930162155 57.13783414457452
      vertex 2.37701011838002 7.126688352055995 56.93155883718276
      vertex 2.456652625024324 7.030417099256914 57.13783414457452
    endloop
  endfacet
  facet normal 0.585822593261927 -0.6238376994425341 -0.5173378141776585
    outer loop
      vertex 2.37701011838002 7.126688352055995 56.93155883718276
      vertex 2.7183881234928866 7.447263636968261 56.93155883718276
      vertex 2.456652625024324 7.030417099256914 57.13783414457452
    endloop
  endfacet
  facet normal 0.5388641734857953 -0.5738320613883867 -0.6167188726285466
    outer loop
      vertex 2.456652625024324 7.030417099256914 57.13783414457452
      vertex 2.8094686125968322 7.3617333646392265 57.13783414457452
      vertex 2.5515945286797943 6.915652052384854 57.3275748174449
    endloop
  endfacet
  facet normal 0 -0.06037849742229286 -0.998175554223317
    outer loop
      vertex -0.3453478574112257 4.510852993644506 58
      vertex 0.3302107358600847 4.751450650946155 57.98544652293904
      vertex 0.3453478574112257 4.510852993644506 58
    endloop
  endfacet
  facet normal 0 -0.1802550378138895 -0.9836199069471466
    outer loop
      vertex -0.3302107358600847 4.751450650946155 57.98544652293904
      vertex 0.31529434762698855 4.988539852625605 57.941998314223305
      vertex 0.3302107358600847 4.751450650946155 57.98544652293904
    endloop
  endfacet
  facet normal 0 -0.297503053855196 -0.9547208665085478
    outer loop
      vertex -0.31529434762698855 4.988539852625605 57.941998314223305
      vertex 0.3008162072411568 5.218663304243983 57.8702889465727
      vertex 0.31529434762698855 4.988539852625605 57.941998314223305
    endloop
  endfacet
  facet normal 0.007567432319690021 -0.05990239493593506 -0.9981755542233172
    outer loop
      vertex 0.3302107358600847 4.751450650946155 57.98544652293904
      vertex 0.9854245870174034 4.83422340951214 57.98544652293904
      vertex 0.3453478574112257 4.510852993644506 58
    endloop
  endfacet
  facet normal 0.037287019734927276 -0.2951571534156928 -0.9547208665085479
    outer loop
      vertex 0.31529434762698855 4.988539852625605 57.941998314223305
      vertex 0.3008162072411568 5.218663304243983 57.8702889465727
      vertex 0.897704570436381 5.294067840168151 57.8702889465727
    endloop
  endfacet
  facet normal 0.022591946755470892 -0.17883367300115685 -0.9836199069471465
    outer loop
      vertex 0.3302107358600847 4.751450650946155 57.98544652293904
      vertex 0.31529434762698855 4.988539852625605 57.941998314223305
      vertex 0.9409106626711695 5.067573572850882 57.941998314223305
    endloop
  endfacet
  facet normal 0 -0.6167188726285409 -0.7871834806090519
    outer loop
      vertex -0.27400969626415106 5.644740595075566 57.64666633359765
      vertex 0.26207222496602744 5.834481267945947 57.49801400952466
      vertex 0.27400969626415106 5.644740595075566 57.64666633359765
    endloop
  endfacet
  facet normal 0.07729537050666792 -0.6118558601128662 -0.7871834806090517
    outer loop
      vertex 0.27400969626415106 5.644740595075566 57.64666633359765
      vertex 0.26207222496602744 5.834481267945947 57.49801400952466
      vertex 0.7820836393560053 5.900173986710715 57.49801400952466
    endloop
  endfacet
  facet normal 0.0772953705066684 -0.611855860112867 -0.7871834806090512
    outer loop
      vertex 0.27400969626415106 5.644740595075566 57.64666633359765
      vertex 0.7820836393560053 5.900173986710715 57.49801400952466
      vertex 0.8177077921969049 5.713425637597084 57.64666633359765
    endloop
  endfacet
  facet normal 0 -0.4104128054527713 -0.9118998459920835
    outer loop
      vertex -0.3008162072411568 5.218663304243983 57.8702889465727
      vertex 0.2869874385913479 5.438465287683809 57.771364104043
      vertex 0.3008162072411568 5.218663304243983 57.8702889465727
    endloop
  endfacet
  facet normal 0 -0.5173378141776593 -0.855781272301446
    outer loop
      vertex -0.2869874385913479 5.438465287683809 57.771364104043
      vertex 0.27400969626415106 5.644740595075566 57.64666633359765
      vertex 0.2869874385913479 5.438465287683809 57.771364104043
    endloop
  endfacet
  facet normal 0.05143836400359395 -0.407176577897413 -0.9118998459920835
    outer loop
      vertex 0.3008162072411568 5.218663304243983 57.8702889465727
      vertex 0.2869874385913479 5.438465287683809 57.771364104043
      vertex 0.8564363524294678 5.510403415025791 57.771364104043
    endloop
  endfacet
  facet normal 0.05143836400359379 -0.4071765778974128 -0.9118998459920837
    outer loop
      vertex 0.3008162072411568 5.218663304243983 57.8702889465727
      vertex 0.8564363524294678 5.510403415025791 57.771364104043
      vertex 0.897704570436381 5.294067840168151 57.8702889465727
    endloop
  endfacet
  facet normal 0.06483962109597605 -0.5132584509915532 -0.855781272301446
    outer loop
      vertex 0.27400969626415106 5.644740595075566 57.64666633359765
      vertex 0.8177077921969049 5.713425637597084 57.64666633359765
      vertex 0.2869874385913479 5.438465287683809 57.771364104043
    endloop
  endfacet
  facet normal 0.06483962109597564 -0.5132584509915527 -0.8557812723014463
    outer loop
      vertex 0.2869874385913479 5.438465287683809 57.771364104043
      vertex 0.8177077921969049 5.713425637597084 57.64666633359765
      vertex 0.8564363524294678 5.510403415025791 57.771364104043
    endloop
  endfacet
  facet normal 0.007567432319690014 -0.05990239493593503 -0.998175554223317
    outer loop
      vertex 0.3453478574112257 4.510852993644506 58
      vertex 0.9854245870174034 4.83422340951214 57.98544652293904
      vertex 1.0305972302214865 4.597420120992212 58
    endloop
  endfacet
  facet normal 0.022591946755470833 -0.17883367300115674 -0.9836199069471466
    outer loop
      vertex 0.3302107358600847 4.751450650946155 57.98544652293904
      vertex 0.9409106626711695 5.067573572850882 57.941998314223305
      vertex 0.9854245870174034 4.83422340951214 57.98544652293904
    endloop
  endfacet
  facet normal 0.03728701973492742 -0.295157153415693 -0.9547208665085477
    outer loop
      vertex 0.31529434762698855 4.988539852625605 57.941998314223305
      vertex 0.897704570436381 5.294067840168151 57.8702889465727
      vertex 0.9409106626711695 5.067573572850882 57.941998314223305
    endloop
  endfacet
  facet normal 0.015015521711133545 -0.0584815958974813 -0.9981755542233169
    outer loop
      vertex 1.0305972302214865 4.597420120992212 58
      vertex 0.9854245870174034 4.83422340951214 57.98544652293904
      vertex 1.625097703773343 4.998463550795476 57.98544652293904
    endloop
  endfacet
  facet normal 0.0448276050148329 -0.1745919943351379 -0.9836199069471465
    outer loop
      vertex 0.9854245870174034 4.83422340951214 57.98544652293904
      vertex 0.9409106626711695 5.067573572850882 57.941998314223305
      vertex 1.5516882544922408 5.224394604321025 57.941998314223305
    endloop
  endfacet
  facet normal 0.15337174684642788 -0.5973435151782386 -0.7871834806090512
    outer loop
      vertex 0.8177077921969049 5.713425637597084 57.64666633359765
      vertex 0.7820836393560053 5.900173986710715 57.49801400952466
      vertex 1.2897611275592185 6.030523410822401 57.49801400952466
    endloop
  endfacet
  facet normal 0.1533717468464286 -0.5973435151782394 -0.7871834806090507
    outer loop
      vertex 0.8177077921969049 5.713425637597084 57.64666633359765
      vertex 1.2897611275592185 6.030523410822401 57.49801400952466
      vertex 1.3485101477717558 5.849712518489099 57.64666633359765
    endloop
  endfacet
  facet normal 0.1286566826339545 -0.5010846954275732 -0.8557812723014463
    outer loop
      vertex 0.8177077921969049 5.713425637597084 57.64666633359765
      vertex 1.3485101477717558 5.849712518489099 57.64666633359765
      vertex 0.8564363524294678 5.510403415025791 57.771364104043
    endloop
  endfacet
  facet normal 0.07398600089444882 -0.28815644834848736 -0.9547208665085477
    outer loop
      vertex 0.9409106626711695 5.067573572850882 57.941998314223305
      vertex 0.897704570436381 5.294067840168151 57.8702889465727
      vertex 1.4804355962931066 5.443687737440476 57.8702889465727
    endloop
  endfacet
  facet normal 0.10206551427906103 -0.39751893247311487 -0.9118998459920837
    outer loop
      vertex 0.8564363524294678 5.510403415025791 57.771364104043
      vertex 1.4123787533794967 5.6531451624678155 57.771364104043
      vertex 0.897704570436381 5.294067840168151 57.8702889465727
    endloop
  endfacet
  facet normal 0.10206551427906191 -0.397518932473116 -0.9118998459920831
    outer loop
      vertex 0.897704570436381 5.294067840168151 57.8702889465727
      vertex 1.4123787533794967 5.6531451624678155 57.771364104043
      vertex 1.4804355962931066 5.443687737440476 57.8702889465727
    endloop
  endfacet
  facet normal 0.07398600089444855 -0.28815644834848697 -0.9547208665085478
    outer loop
      vertex 0.9409106626711695 5.067573572850882 57.941998314223305
      vertex 1.4804355962931066 5.443687737440476 57.8702889465727
      vertex 1.5516882544922408 5.224394604321025 57.941998314223305
    endloop
  endfacet
  facet normal 0.1286566826339544 -0.5010846954275731 -0.8557812723014463
    outer loop
      vertex 1.3485101477717558 5.849712518489099 57.64666633359765
      vertex 1.4123787533794967 5.6531451624678155 57.771364104043
      vertex 0.8564363524294678 5.510403415025791 57.771364104043
    endloop
  endfacet
  facet normal 0 -0.7871834806090491 -0.6167188726285444
    outer loop
      vertex -0.2513490999093481 6.00492046002571 57.3275748174449
      vertex 0.24199668840381414 6.153572784098701 57.13783414457452
      vertex 0.2513490999093481 6.00492046002571 57.3275748174449
    endloop
  endfacet
  facet normal 0 -0.7071067811865439 -0.7071067811865512
    outer loop
      vertex -0.26207222496602744 5.834481267945947 57.49801400952466
      vertex 0.2513490999093481 6.00492046002571 57.3275748174449
      vertex 0.26207222496602744 5.834481267945947 57.49801400952466
    endloop
  endfacet
  facet normal 0.08862397936135698 -0.7015310330143297 -0.7071067811865511
    outer loop
      vertex 0.26207222496602744 5.834481267945947 57.49801400952466
      vertex 0.2513490999093481 6.00492046002571 57.3275748174449
      vertex 0.7500833742737958 6.067925250915942 57.3275748174449
    endloop
  endfacet
  facet normal 0.0886239793613572 -0.7015310330143301 -0.7071067811865509
    outer loop
      vertex 0.26207222496602744 5.834481267945947 57.49801400952466
      vertex 0.7500833742737958 6.067925250915942 57.3275748174449
      vertex 0.7820836393560053 5.900173986710715 57.49801400952466
    endloop
  endfacet
  facet normal 0.0986602510331364 -0.7809763037441373 -0.616718872628545
    outer loop
      vertex 0.722173632873496 6.214233239037708 57.13783414457452
      vertex 0.7500833742737958 6.067925250915942 57.3275748174449
      vertex 0.2513490999093481 6.00492046002571 57.3275748174449
    endloop
  endfacet
  facet normal 0.1758503056267852 -0.6848917213771542 -0.707106781186551
    outer loop
      vertex 0.7500833742737958 6.067925250915942 57.3275748174449
      vertex 1.236988385747857 6.192941209506828 57.3275748174449
      vertex 0.7820836393560053 5.900173986710715 57.49801400952466
    endloop
  endfacet
  facet normal 0.17585030562678447 -0.6848917213771535 -0.7071067811865518
    outer loop
      vertex 0.7820836393560053 5.900173986710715 57.49801400952466
      vertex 1.236988385747857 6.192941209506828 57.3275748174449
      vertex 1.2897611275592185 6.030523410822401 57.49801400952466
    endloop
  endfacet
  facet normal 0.19576457097070174 -0.7624526640365507 -0.6167188726285452
    outer loop
      vertex 1.1909614677471456 6.334597497304533 57.13783414457452
      vertex 1.236988385747857 6.192941209506828 57.3275748174449
      vertex 0.7500833742737958 6.067925250915942 57.3275748174449
    endloop
  endfacet
  facet normal 0.015015521711133548 -0.058481595897481316 -0.998175554223317
    outer loop
      vertex 1.0305972302214865 4.597420120992212 58
      vertex 1.625097703773343 4.998463550795476 57.98544652293904
      vertex 1.6995934690622108 4.769189160376656 58
    endloop
  endfacet
  facet normal 0.04482760501483299 -0.17459199433513803 -0.9836199069471465
    outer loop
      vertex 0.9854245870174034 4.83422340951214 57.98544652293904
      vertex 1.5516882544922408 5.224394604321025 57.941998314223305
      vertex 1.625097703773343 4.998463550795476 57.98544652293904
    endloop
  endfacet
  facet normal 0.02222680735535454 -0.056138507156512314 -0.9981755542233172
    outer loop
      vertex 1.6995934690622108 4.769189160376656 58
      vertex 1.625097703773343 4.998463550795476 57.98544652293904
      vertex 2.2391420589544646 5.241580909655818 57.98544652293904
    endloop
  endfacet
  facet normal 0.10951817862276939 -0.27661134395450737 -0.9547208665085479
    outer loop
      vertex 1.4804355962931066 5.443687737440476 57.8702889465727
      vertex 2.039819268426932 5.665163400902379 57.8702889465727
      vertex 1.5516882544922408 5.224394604321025 57.941998314223305
    endloop
  endfacet
  facet normal 0.19044475143101935 -0.4810085348832128 -0.8557812723014464
    outer loop
      vertex 1.3485101477717558 5.849712518489099 57.64666633359765
      vertex 1.8580456927553308 6.051451912226107 57.64666633359765
      vertex 1.4123787533794967 5.6531451624678155 57.771364104043
    endloop
  endfacet
  facet normal 0.15108303042336585 -0.3815921760174172 -0.9118998459920831
    outer loop
      vertex 1.4804355962931066 5.443687737440476 57.8702889465727
      vertex 1.4123787533794967 5.6531451624678155 57.771364104043
      vertex 1.94604709767456 5.864439407382937 57.771364104043
    endloop
  endfacet
  facet normal 0.0663563051643977 -0.1675968956222521 -0.9836199069471465
    outer loop
      vertex 1.625097703773343 4.998463550795476 57.98544652293904
      vertex 1.5516882544922408 5.224394604321025 57.941998314223305
      vertex 2.1379947956063368 5.456529785689408 57.941998314223305
    endloop
  endfacet
  facet normal 0.06635630516439783 -0.16759689562225225 -0.9836199069471465
    outer loop
      vertex 1.625097703773343 4.998463550795476 57.98544652293904
      vertex 2.1379947956063368 5.456529785689408 57.941998314223305
      vertex 2.2391420589544646 5.241580909655818 57.98544652293904
    endloop
  endfacet
  facet normal 0.1095181786227696 -0.27661134395450754 -0.9547208665085477
    outer loop
      vertex 1.5516882544922408 5.224394604321025 57.941998314223305
      vertex 2.039819268426932 5.665163400902379 57.8702889465727
      vertex 2.1379947956063368 5.456529785689408 57.941998314223305
    endloop
  endfacet
  facet normal 0.15108303042336466 -0.381592176017416 -0.9118998459920837
    outer loop
      vertex 1.4804355962931066 5.443687737440476 57.8702889465727
      vertex 1.94604709767456 5.864439407382937 57.771364104043
      vertex 2.039819268426932 5.665163400902379 57.8702889465727
    endloop
  endfacet
  facet normal 0.1904447514310205 -0.4810085348832138 -0.8557812723014456
    outer loop
      vertex 1.4123787533794967 5.6531451624678155 57.771364104043
      vertex 1.8580456927553308 6.051451912226107 57.64666633359765
      vertex 1.94604709767456 5.864439407382937 57.771364104043
    endloop
  endfacet
  facet normal 0.022226807355354546 -0.056138507156512314 -0.998175554223317
    outer loop
      vertex 1.6995934690622108 4.769189160376656 58
      vertex 2.2391420589544646 5.241580909655818 57.98544652293904
      vertex 2.341786103607898 5.0234512114368925 58
    endloop
  endfacet
  facet normal 0.08683852674218484 -0.15795869374787086 -0.9836199069471465
    outer loop
      vertex 2.1379947956063368 5.456529785689408 57.941998314223305
      vertex 2.6905838816175365 5.760318206475016 57.941998314223305
      vertex 2.2391420589544646 5.241580909655818 57.98544652293904
    endloop
  endfacet
  facet normal 0.1433231892512214 -0.26070391342675764 -0.9547208665085478
    outer loop
      vertex 2.039819268426932 5.665163400902379 57.8702889465727
      vertex 2.5670337721686973 5.955002027037917 57.8702889465727
      vertex 2.1379947956063368 5.456529785689408 57.941998314223305
    endloop
  endfacet
  facet normal 0.02908756296993049 -0.0529100806221665 -0.9981755542233172
    outer loop
      vertex 2.341786103607898 5.0234512114368925 58
      vertex 2.2391420589544646 5.241580909655818 57.98544652293904
      vertex 2.8178738062672437 5.559741380112668 57.98544652293904
    endloop
  endfacet
  facet normal 0.029087562969930432 -0.05291008062216644 -0.998175554223317
    outer loop
      vertex 2.341786103607898 5.0234512114368925 58
      vertex 2.8178738062672437 5.559741380112668 57.98544652293904
      vertex 2.9470473723844792 5.356196409738915 58
    endloop
  endfacet
  facet normal 0.08683852674218473 -0.15795869374787075 -0.9836199069471465
    outer loop
      vertex 2.2391420589544646 5.241580909655818 57.98544652293904
      vertex 2.6905838816175365 5.760318206475016 57.941998314223305
      vertex 2.8178738062672437 5.559741380112668 57.98544652293904
    endloop
  endfacet
  facet normal 0.14332318925122048 -0.26070391342675686 -0.954720866508548
    outer loop
      vertex 2.1379947956063368 5.456529785689408 57.941998314223305
      vertex 2.5670337721686973 5.955002027037917 57.8702889465727
      vertex 2.6905838816175365 5.760318206475016 57.941998314223305
    endloop
  endfacet
  facet normal 0.2603033675245988 -0.657451258159377 -0.7071067811865518
    outer loop
      vertex 1.236988385747857 6.192941209506828 57.3275748174449
      vertex 1.7043853514376308 6.377996759450477 57.3275748174449
      vertex 1.2897611275592185 6.030523410822401 57.49801400952466
    endloop
  endfacet
  facet normal 0.26030336752459854 -0.6574512581593768 -0.707106781186552
    outer loop
      vertex 1.2897611275592185 6.030523410822401 57.49801400952466
      vertex 1.7043853514376308 6.377996759450477 57.3275748174449
      vertex 1.7770983123148711 6.223473851995793 57.49801400952466
    endloop
  endfacet
  facet normal 0.22702935911858096 -0.5734107061735303 -0.7871834806090507
    outer loop
      vertex 1.3485101477717558 5.849712518489099 57.64666633359765
      vertex 1.2897611275592185 6.030523410822401 57.49801400952466
      vertex 1.7770983123148711 6.223473851995793 57.49801400952466
    endloop
  endfacet
  facet normal 0.2270293591185805 -0.57341070617353 -0.787183480609051
    outer loop
      vertex 1.3485101477717558 5.849712518489099 57.64666633359765
      vertex 1.7770983123148711 6.223473851995793 57.49801400952466
      vertex 1.8580456927553308 6.051451912226107 57.64666633359765
    endloop
  endfacet
  facet normal 0.2897815666799737 -0.7319046903499632 -0.6167188726285457
    outer loop
      vertex 1.640967128828527 6.512767342644187 57.13783414457452
      vertex 1.7043853514376308 6.377996759450477 57.3275748174449
      vertex 1.236988385747857 6.192941209506828 57.3275748174449
    endloop
  endfacet
  facet normal 0.340651289818854 -0.6196423958580827 -0.7071067811865521
    outer loop
      vertex 1.7043853514376308 6.377996759450477 57.3275748174449
      vertex 2.1449031419847757 6.62017346417745 57.3275748174449
      vertex 1.7770983123148711 6.223473851995793 57.49801400952466
    endloop
  endfacet
  facet normal 0.3406512898188567 -0.6196423958580841 -0.7071067811865493
    outer loop
      vertex 1.7770983123148711 6.223473851995793 57.49801400952466
      vertex 2.1449031419847757 6.62017346417745 57.3275748174449
      vertex 2.2364095950982437 6.475982366510582 57.49801400952466
    endloop
  endfacet
  facet normal 0.29710658277666846 -0.5404348677935116 -0.787183480609051
    outer loop
      vertex 1.8580456927553308 6.051451912226107 57.64666633359765
      vertex 1.7770983123148711 6.223473851995793 57.49801400952466
      vertex 2.2364095950982437 6.475982366510582 57.49801400952466
    endloop
  endfacet
  facet normal 0.24922939273183795 -0.45334658240317455 -0.8557812723014455
    outer loop
      vertex 1.94604709767456 5.864439407382937 57.771364104043
      vertex 1.8580456927553308 6.051451912226107 57.64666633359765
      vertex 2.3382787472214583 6.3154622680556045 57.64666633359765
    endloop
  endfacet
  facet normal 0.37922853397558454 -0.6898141424778886 -0.6167188726285454
    outer loop
      vertex 2.065093758022035 6.745932930162155 57.13783414457452
      vertex 2.1449031419847757 6.62017346417745 57.3275748174449
      vertex 1.7043853514376308 6.377996759450477 57.3275748174449
    endloop
  endfacet
  facet normal 0.2971065827766668 -0.5404348677935106 -0.7871834806090524
    outer loop
      vertex 1.8580456927553308 6.051451912226107 57.64666633359765
      vertex 2.2364095950982437 6.475982366510582 57.49801400952466
      vertex 2.3382787472214583 6.3154622680556045 57.64666633359765
    endloop
  endfacet
  facet normal 0.3624982581414958 -0.4989360487082481 -0.7871834806090524
    outer loop
      vertex 2.3382787472214583 6.3154622680556045 57.64666633359765
      vertex 2.2364095950982437 6.475982366510582 57.49801400952466
      vertex 2.660451362600585 6.784066744251594 57.49801400952466
    endloop
  endfacet
  facet normal 0.1977178769252648 -0.3596474829938058 -0.9118998459920837
    outer loop
      vertex 2.039819268426932 5.665163400902379 57.8702889465727
      vertex 1.94604709767456 5.864439407382937 57.771364104043
      vertex 2.4490251167271087 6.140953913307779 57.771364104043
    endloop
  endfacet
  facet normal 0.1977178769252654 -0.3596474829938062 -0.9118998459920833
    outer loop
      vertex 2.039819268426932 5.665163400902379 57.8702889465727
      vertex 2.4490251167271087 6.140953913307779 57.771364104043
      vertex 2.5670337721686973 5.955002027037917 57.8702889465727
    endloop
  endfacet
  facet normal 0.2492293927318381 -0.45334658240317466 -0.8557812723014454
    outer loop
      vertex 1.94604709767456 5.864439407382937 57.771364104043
      vertex 2.3382787472214583 6.3154622680556045 57.64666633359765
      vertex 2.4490251167271087 6.140953913307779 57.771364104043
    endloop
  endfacet
  facet normal 0.24123459439711875 -0.33203093432039166 -0.9118998459920834
    outer loop
      vertex 2.5670337721686973 5.955002027037917 57.8702889465727
      vertex 2.4490251167271087 6.140953913307779 57.771364104043
      vertex 2.9133805467121827 6.4783278813021505 57.771364104043
    endloop
  endfacet
  facet normal 0.30408353762685286 -0.41853508350251545 -0.8557812723014456
    outer loop
      vertex 2.3382787472214583 6.3154622680556045 57.64666633359765
      vertex 2.78163574902389 6.637579984954021 57.64666633359765
      vertex 2.4490251167271087 6.140953913307779 57.771364104043
    endloop
  endfacet
  facet normal 0.30408353762685086 -0.4185350835025144 -0.8557812723014466
    outer loop
      vertex 2.4490251167271087 6.140953913307779 57.771364104043
      vertex 2.78163574902389 6.637579984954021 57.64666633359765
      vertex 2.9133805467121827 6.4783278813021505 57.771364104043
    endloop
  endfacet
  facet normal 0.41562693777745224 -0.5720614028176825 -0.7071067811865496
    outer loop
      vertex 2.2364095950982437 6.475982366510582 57.49801400952466
      vertex 2.1449031419847757 6.62017346417745 57.3275748174449
      vertex 2.5515945286797943 6.915652052384854 57.3275748174449
    endloop
  endfacet
  facet normal 0.46269484075025613 -0.6368448135039411 -0.6167188726285466
    outer loop
      vertex 2.456652625024324 7.030417099256914 57.13783414457452
      vertex 2.5515945286797943 6.915652052384854 57.3275748174449
      vertex 2.1449031419847757 6.62017346417745 57.3275748174449
    endloop
  endfacet
  facet normal 0.415626937777451 -0.572061402817682 -0.7071067811865507
    outer loop
      vertex 2.2364095950982437 6.475982366510582 57.49801400952466
      vertex 2.5515945286797943 6.915652052384854 57.3275748174449
      vertex 2.660451362600585 6.784066744251594 57.49801400952466
    endloop
  endfacet
  facet normal 0.3624982581414976 -0.49893604870824887 -0.787183480609051
    outer loop
      vertex 2.3382787472214583 6.3154622680556045 57.64666633359765
      vertex 2.660451362600585 6.784066744251594 57.49801400952466
      vertex 2.78163574902389 6.637579984954021 57.64666633359765
    endloop
  endfacet
  facet normal 0.48404790064380004 -0.515458659721927 -0.7071067811865509
    outer loop
      vertex 2.660451362600585 6.784066744251594 57.49801400952466
      vertex 2.5515945286797943 6.915652052384854 57.3275748174449
      vertex 2.918045745408841 7.259772650226303 57.3275748174449
    endloop
  endfacet
  facet normal 0.683298186852337 -0.7276386636877784 -0.06037849742228562
    outer loop
      vertex 2.2309839641204148 7.303203650284739 56.003946543143456
      vertex 2.5513901959749403 7.60408512924959 56.003946543143456
      vertex 2.2402790412447717 7.291967832160349 56.244544200445105
    endloop
  endfacet
  facet normal 0.6733341606345137 -0.7170280534716357 -0.18025503781390462
    outer loop
      vertex 2.2402790412447717 7.291967832160349 56.244544200445105
      vertex 2.562020200057137 7.594102890979313 56.244544200445105
      vertex 2.268028729462678 7.258424221316291 56.48163340212456
    endloop
  endfacet
  facet normal 0.6832981868523371 -0.7276386636877783 -0.0603784974222853
    outer loop
      vertex 2.2402790412447717 7.291967832160349 56.244544200445105
      vertex 2.5513901959749403 7.60408512924959 56.003946543143456
      vertex 2.562020200057137 7.594102890979313 56.244544200445105
    endloop
  endfacet
  facet normal 0.7691074831441289 -0.6362610442426366 -0.06037849742228549
    outer loop
      vertex 2.562020200057137 7.594102890979313 56.244544200445105
      vertex 2.5513901959749403 7.60408512924959 56.003946543143456
      vertex 2.8315594803123156 7.942751616976344 56.003946543143456
    endloop
  endfacet
  facet normal 0.7578921641606631 -0.6269829254824846 -0.1802550378139034
    outer loop
      vertex 2.562020200057137 7.594102890979313 56.244544200445105
      vertex 2.843356769837919 7.9341803844208005 56.244544200445105
      vertex 2.593755202907524 7.564301739680504 56.48163340212456
    endloop
  endfacet
  facet normal 0.7691074831441279 -0.6362610442426376 -0.06037849742228822
    outer loop
      vertex 2.562020200057137 7.594102890979313 56.244544200445105
      vertex 2.8315594803123156 7.942751616976344 56.003946543143456
      vertex 2.843356769837919 7.9341803844208005 56.244544200445105
    endloop
  endfacet
  facet normal 0.6535514061381552 -0.6959615596293139 -0.2975030538552051
    outer loop
      vertex 2.3138283758330616 7.203061959132307 56.71175685374293
      vertex 2.268028729462678 7.258424221316291 56.48163340212456
      vertex 2.593755202907524 7.564301739680504 56.48163340212456
    endloop
  endfacet
  facet normal 0.6733341606345142 -0.7170280534716353 -0.18025503781390317
    outer loop
      vertex 2.562020200057137 7.594102890979313 56.244544200445105
      vertex 2.593755202907524 7.564301739680504 56.48163340212456
      vertex 2.268028729462678 7.258424221316291 56.48163340212456
    endloop
  endfacet
  facet normal 0.6242384004707046 -0.6647463790786523 -0.4104128054527501
    outer loop
      vertex 2.3138283758330616 7.203061959132307 56.71175685374293
      vertex 2.6461324367235393 7.515116243245448 56.71175685374293
      vertex 2.37701011838002 7.126688352055995 56.93155883718276
    endloop
  endfacet
  facet normal 0.6535514061381544 -0.6959615596293142 -0.2975030538552062
    outer loop
      vertex 2.3138283758330616 7.203061959132307 56.71175685374293
      vertex 2.593755202907524 7.564301739680504 56.48163340212456
      vertex 2.6461324367235393 7.515116243245448 56.71175685374293
    endloop
  endfacet
  facet normal 0.7356250707992101 -0.6085619838262026 -0.2975030538552062
    outer loop
      vertex 2.593755202907524 7.564301739680504 56.48163340212456
      vertex 2.8785766073682635 7.908591674625567 56.48163340212456
      vertex 2.6461324367235393 7.515116243245448 56.71175685374293
    endloop
  endfacet
  facet normal 0.6242384004707052 -0.6647463790786523 -0.4104128054527491
    outer loop
      vertex 2.37701011838002 7.126688352055995 56.93155883718276
      vertex 2.6461324367235393 7.515116243245448 56.71175685374293
      vertex 2.7183881234928866 7.447263636968261 56.93155883718276
    endloop
  endfacet
  facet normal 0.5858225932619253 -0.623837699442534 -0.5173378141776603
    outer loop
      vertex 2.456652625024324 7.030417099256914 57.13783414457452
      vertex 2.7183881234928866 7.447263636968261 56.93155883718276
      vertex 2.8094686125968322 7.3617333646392265 57.13783414457452
    endloop
  endfacet
  facet normal 0.10595125287842634 -0.14582938891313546 -0.9836199069471465
    outer loop
      vertex 2.6905838816175365 5.760318206475016 57.941998314223305
      vertex 3.200740852538729 6.130968941807656 57.941998314223305
      vertex 2.8178738062672437 5.559741380112668 57.98544652293904
    endloop
  endfacet
  facet normal 0.03548959034040282 -0.04884723050945884 -0.9981755542233169
    outer loop
      vertex 2.9470473723844792 5.356196409738915 58
      vertex 2.8178738062672437 5.559741380112668 57.98544652293904
      vertex 3.352166000338975 5.947927381487075 57.98544652293904
    endloop
  endfacet
  facet normal 0.10595125287842637 -0.1458293889131355 -0.9836199069471464
    outer loop
      vertex 2.8178738062672437 5.559741380112668 57.98544652293904
      vertex 3.200740852538729 6.130968941807656 57.941998314223305
      vertex 3.352166000338975 5.947927381487075 57.98544652293904
    endloop
  endfacet
  facet normal 0.03548959034040279 -0.04884723050945884 -0.998175554223317
    outer loop
      vertex 2.9470473723844792 5.356196409738915 58
      vertex 3.352166000338975 5.947927381487075 57.98544652293904
      vertex 3.5058319436177947 5.76217716473316 58
    endloop
  endfacet
  facet normal 0.17486790756805684 -0.24068502644729825 -0.954720866508548
    outer loop
      vertex 2.6905838816175365 5.760318206475016 57.941998314223305
      vertex 2.5670337721686973 5.955002027037917 57.8702889465727
      vertex 3.0537646198517217 6.308632687571733 57.8702889465727
    endloop
  endfacet
  facet normal 0.1748679075680574 -0.2406850264472986 -0.9547208665085478
    outer loop
      vertex 2.6905838816175365 5.760318206475016 57.941998314223305
      vertex 3.0537646198517217 6.308632687571733 57.8702889465727
      vertex 3.200740852538729 6.130968941807656 57.941998314223305
    endloop
  endfacet
  facet normal 0.24123459439711878 -0.33203093432039166 -0.9118998459920833
    outer loop
      vertex 2.5670337721686973 5.955002027037917 57.8702889465727
      vertex 2.9133805467121827 6.4783278813021505 57.771364104043
      vertex 3.0537646198517217 6.308632687571733 57.8702889465727
    endloop
  endfacet
  facet normal 0.12339306446456462 -0.13140026750098563 -0.9836199069471465
    outer loop
      vertex 3.200740852538729 6.130968941807656 57.941998314223305
      vertex 3.660420228185476 6.5626366081751115 57.941998314223305
      vertex 3.352166000338975 5.947927381487075 57.98544652293904
    endloop
  endfacet
  facet normal 0.20365485452152107 -0.21687039282250029 -0.9547208665085479
    outer loop
      vertex 3.0537646198517217 6.308632687571733 57.8702889465727
      vertex 3.49233577524912 6.720478415738487 57.8702889465727
      vertex 3.200740852538729 6.130968941807656 57.941998314223305
    endloop
  endfacet
  facet normal 0.2809468982087688 -0.2991780594670778 -0.9118998459920834
    outer loop
      vertex 2.9133805467121827 6.4783278813021505 57.771364104043
      vertex 3.3317902251064226 6.8712407223533365 57.771364104043
      vertex 3.0537646198517217 6.308632687571733 57.8702889465727
    endloop
  endfacet
  facet normal 0.4221731194294723 -0.4495687100849082 -0.787183480609051
    outer loop
      vertex 2.660451362600585 6.784066744251594 57.49801400952466
      vertex 3.0425362228381028 7.142868310541164 57.49801400952466
      vertex 2.78163574902389 6.637579984954021 57.64666633359765
    endloop
  endfacet
  facet normal 0.4840479006437994 -0.5154586597219267 -0.7071067811865515
    outer loop
      vertex 2.660451362600585 6.784066744251594 57.49801400952466
      vertex 2.918045745408841 7.259772650226303 57.3275748174449
      vertex 3.0425362228381028 7.142868310541164 57.49801400952466
    endloop
  endfacet
  facet normal 0.5388641734857973 -0.573832061388387 -0.6167188726285445
    outer loop
      vertex 2.5515945286797943 6.915652052384854 57.3275748174449
      vertex 2.8094686125968322 7.3617333646392265 57.13783414457452
      vertex 2.918045745408841 7.259772650226303 57.3275748174449
    endloop
  endfacet
  facet normal 0.42217311942947133 -0.449568710084908 -0.7871834806090517
    outer loop
      vertex 2.78163574902389 6.637579984954021 57.64666633359765
      vertex 3.0425362228381028 7.142868310541164 57.49801400952466
      vertex 3.1811246933955593 7.0127250741020655 57.64666633359765
    endloop
  endfacet
  facet normal 0.47519005843004597 -0.39311140434419883 -0.7871834806090519
    outer loop
      vertex 3.0425362228381028 7.142868310541164 57.49801400952466
      vertex 3.376638469318423 7.546728550341241 57.49801400952466
      vertex 3.1811246933955593 7.0127250741020655 57.64666633359765
    endloop
  endfacet
  facet normal 0.3541421034827896 -0.37712303631428085 -0.8557812723014467
    outer loop
      vertex 2.9133805467121827 6.4783278813021505 57.771364104043
      vertex 2.78163574902389 6.637579984954021 57.64666633359765
      vertex 3.1811246933955593 7.0127250741020655 57.64666633359765
    endloop
  endfacet
  facet normal 0.3541421034827897 -0.37712303631428085 -0.8557812723014466
    outer loop
      vertex 2.9133805467121827 6.4783278813021505 57.771364104043
      vertex 3.1811246933955593 7.0127250741020655 57.64666633359765
      vertex 3.3317902251064226 6.8712407223533365 57.771364104043
    endloop
  endfacet
  facet normal 0.28094689820876906 -0.29917805946707793 -0.9118998459920833
    outer loop
      vertex 3.0537646198517217 6.308632687571733 57.8702889465727
      vertex 3.3317902251064226 6.8712407223533365 57.771364104043
      vertex 3.49233577524912 6.720478415738487 57.8702889465727
    endloop
  endfacet
  facet normal 0.3986156368125663 -0.3297635335609892 -0.8557812723014465
    outer loop
      vertex 3.1811246933955593 7.0127250741020655 57.64666633359765
      vertex 3.5304454010406 7.4349812733430625 57.64666633359765
      vertex 3.3317902251064226 6.8712407223533365 57.771364104043
    endloop
  endfacet
  facet normal 0.04133192567075332 -0.04401403039169604 -0.9981755542233172
    outer loop
      vertex 3.5058319436177947 5.76217716473316 58
      vertex 3.352166000338975 5.947927381487075 57.98544652293904
      vertex 3.833592534098452 6.4000169886462785 57.98544652293904
    endloop
  endfacet
  facet normal 0.20365485452152168 -0.21687039282250054 -0.9547208665085478
    outer loop
      vertex 3.200740852538729 6.130968941807656 57.941998314223305
      vertex 3.49233577524912 6.720478415738487 57.8702889465727
      vertex 3.660420228185476 6.5626366081751115 57.941998314223305
    endloop
  endfacet
  facet normal 0.12339306446456402 -0.13140026750098532 -0.9836199069471465
    outer loop
      vertex 3.352166000338975 5.947927381487075 57.98544652293904
      vertex 3.660420228185476 6.5626366081751115 57.941998314223305
      vertex 3.833592534098452 6.4000169886462785 57.98544652293904
    endloop
  endfacet
  facet normal 0.041331925670753514 -0.04401403039169613 -0.998175554223317
    outer loop
      vertex 3.5058319436177947 5.76217716473316 58
      vertex 3.833592534098452 6.4000169886462785 57.98544652293904
      vertex 4.009327450817764 6.234990917392214 58
    endloop
  endfacet
  facet normal 0.04652243184278065 -0.03848670272194897 -0.9981755542233172
    outer loop
      vertex 3.833592534098452 6.4000169886462785 57.98544652293904
      vertex 4.25456102351802 6.908880478420142 57.98544652293904
      vertex 4.009327450817764 6.234990917392214 58
    endloop
  endfacet
  facet normal 0.22923004276166764 -0.18963558355079838 -0.9547208665085477
    outer loop
      vertex 3.660420228185476 6.5626366081751115 57.941998314223305
      vertex 3.49233577524912 6.720478415738487 57.8702889465727
      vertex 3.8758307092505713 7.18404415838028 57.8702889465727
    endloop
  endfacet
  facet normal 0.3162285016061245 -0.2616069678956586 -0.9118998459920832
    outer loop
      vertex 3.3317902251064226 6.8712407223533365 57.771364104043
      vertex 3.697655581335728 7.313495966243208 57.771364104043
      vertex 3.49233577524912 6.720478415738487 57.8702889465727
    endloop
  endfacet
  facet normal 0.39861563681256623 -0.32976353356098914 -0.8557812723014465
    outer loop
      vertex 3.3317902251064226 6.8712407223533365 57.771364104043
      vertex 3.5304454010406 7.4349812733430625 57.64666633359765
      vertex 3.697655581335728 7.313495966243208 57.771364104043
    endloop
  endfacet
  facet normal 0.31622850160612487 -0.26160696789565874 -0.911899845992083
    outer loop
      vertex 3.49233577524912 6.720478415738487 57.8702889465727
      vertex 3.697655581335728 7.313495966243208 57.771364104043
      vertex 3.8758307092505713 7.18404415838028 57.8702889465727
    endloop
  endfacet
  facet normal 0.13888889371265212 -0.11489888537563013 -0.9836199069471466
    outer loop
      vertex 3.660420228185476 6.5626366081751115 57.941998314223305
      vertex 4.062372590204684 7.048513548613004 57.941998314223305
      vertex 3.833592534098452 6.4000169886462785 57.98544652293904
    endloop
  endfacet
  facet normal 0.13888889371265253 -0.11489888537563026 -0.9836199069471465
    outer loop
      vertex 3.833592534098452 6.4000169886462785 57.98544652293904
      vertex 4.062372590204684 7.048513548613004 57.941998314223305
      vertex 4.25456102351802 6.908880478420142 57.98544652293904
    endloop
  endfacet
  facet normal 0.22923004276166692 -0.18963558355079815 -0.9547208665085478
    outer loop
      vertex 3.660420228185476 6.5626366081751115 57.941998314223305
      vertex 3.8758307092505713 7.18404415838028 57.8702889465727
      vertex 4.062372590204684 7.048513548613004 57.941998314223305
    endloop
  endfacet
  facet normal 0.046522431842780494 -0.03848670272194891 -0.998175554223317
    outer loop
      vertex 4.009327450817764 6.234990917392214 58
      vertex 4.25456102351802 6.908880478420142 57.98544652293904
      vertex 4.449593469062211 6.767181112391398 58
    endloop
  endfacet
  facet normal 0.15219436213868875 -0.09658547919063416 -0.9836199069471465
    outer loop
      vertex 4.062372590204684 7.048513548613004 57.941998314223305
      vertex 4.400258909732607 7.580937193521812 57.941998314223305
      vertex 4.25456102351802 6.908880478420142 57.98544652293904
    endloop
  endfacet
  facet normal 0.05097925147349328 -0.032352416759434774 -0.9981755542233172
    outer loop
      vertex 4.25456102351802 6.908880478420142 57.98544652293904
      vertex 4.608432544045148 7.466492769594616 57.98544652293904
      vertex 4.449593469062211 6.767181112391398 58
    endloop
  endfacet
  facet normal 0.050979251473493525 -0.03235241675943483 -0.998175554223317
    outer loop
      vertex 4.449593469062211 6.767181112391398 58
      vertex 4.608432544045148 7.466492769594616 57.98544652293904
      vertex 4.819686740241249 7.350354792440566 58
    endloop
  endfacet
  facet normal 0.842787494984198 -0.5348492080458633 -0.06037849742228804
    outer loop
      vertex 2.843356769837919 7.9341803844208005 56.244544200445105
      vertex 2.8315594803123156 7.942751616976344 56.003946543143456
      vertex 3.0670733801535217 8.313862140643996 56.003946543143456
    endloop
  endfacet
  facet normal 0.8304977555151687 -0.5270499022170256 -0.18025503781390093
    outer loop
      vertex 2.843356769837919 7.9341803844208005 56.244544200445105
      vertex 3.0798519048193542 8.306837087260796 56.244544200445105
      vertex 2.8785766073682635 7.908591674625567 56.48163340212456
    endloop
  endfacet
  facet normal 0.8427874949841989 -0.5348492080458622 -0.06037849742228549
    outer loop
      vertex 2.843356769837919 7.9341803844208005 56.244544200445105
      vertex 3.0670733801535217 8.313862140643996 56.003946543143456
      vertex 3.0798519048193542 8.306837087260796 56.244544200445105
    endloop
  endfacet
  facet normal 0.9031762445715198 -0.4250024803347781 -0.06037849742228585
    outer loop
      vertex 3.0670733801535217 8.313862140643996 56.003946543143456
      vertex 3.254217700608879 8.711564065603627 56.003946543143456
      vertex 3.0798519048193542 8.306837087260796 56.244544200445105
    endloop
  endfacet
  facet normal 0.8900059011498845 -0.418804987149258 -0.18025503781390415
    outer loop
      vertex 3.0798519048193542 8.306837087260796 56.244544200445105
      vertex 3.2677759354474394 8.706195980681183 56.244544200445105
      vertex 3.1180011391524913 8.28586436820856 56.48163340212456
    endloop
  endfacet
  facet normal 0.9031762445715196 -0.4250024803347783 -0.060378497422286244
    outer loop
      vertex 3.0798519048193542 8.306837087260796 56.244544200445105
      vertex 3.254217700608879 8.711564065603627 56.003946543143456
      vertex 3.2677759354474394 8.706195980681183 56.244544200445105
    endloop
  endfacet
  facet normal 0.7578921641606645 -0.6269829254824837 -0.18025503781390048
    outer loop
      vertex 2.593755202907524 7.564301739680504 56.48163340212456
      vertex 2.843356769837919 7.9341803844208005 56.244544200445105
      vertex 2.8785766073682635 7.908591674625567 56.48163340212456
    endloop
  endfacet
  facet normal 0.73562507079921 -0.6085619838262026 -0.2975030538552066
    outer loop
      vertex 2.6461324367235393 7.515116243245448 56.71175685374293
      vertex 2.8785766073682635 7.908591674625567 56.48163340212456
      vertex 2.936705408363989 7.866358628600212 56.71175685374293
    endloop
  endfacet
  facet normal 0.7026309074221107 -0.5812668380834959 -0.41041280545274916
    outer loop
      vertex 2.6461324367235393 7.515116243245448 56.71175685374293
      vertex 2.936705408363989 7.866358628600212 56.71175685374293
      vertex 2.7183881234928866 7.447263636968261 56.93155883718276
    endloop
  endfacet
  facet normal 0.6593908032277764 -0.5454955129425982 -0.5173378141776602
    outer loop
      vertex 2.7183881234928866 7.447263636968261 56.93155883718276
      vertex 3.016895524011918 7.808097099256322 56.93155883718276
      vertex 2.8094686125968322 7.3617333646392265 57.13783414457452
    endloop
  endfacet
  facet normal 0.6065352963036111 -0.5017696348740801 -0.6167188726285446
    outer loop
      vertex 2.8094686125968322 7.3617333646392265 57.13783414457452
      vertex 3.117977601853489 7.734656670885274 57.13783414457452
      vertex 2.918045745408841 7.259772650226303 57.3275748174449
    endloop
  endfacet
  facet normal 0.702630907422109 -0.5812668380834963 -0.4104128054527517
    outer loop
      vertex 2.7183881234928866 7.447263636968261 56.93155883718276
      vertex 2.936705408363989 7.866358628600212 56.71175685374293
      vertex 3.016895524011918 7.808097099256322 56.93155883718276
    endloop
  endfacet
  facet normal 0.659390803227779 -0.545495512942598 -0.5173378141776575
    outer loop
      vertex 2.8094686125968322 7.3617333646392265 57.13783414457452
      vertex 3.016895524011918 7.808097099256322 56.93155883718276
      vertex 3.117977601853489 7.734656670885274 57.13783414457452
    endloop
  endfacet
  facet normal 0.7225600263257559 -0.4585505363403322 -0.5173378141776577
    outer loop
      vertex 3.016895524011918 7.808097099256322 56.93155883718276
      vertex 3.2678246799112523 8.203498179668438 56.93155883718276
      vertex 3.117977601853489 7.734656670885274 57.13783414457452
    endloop
  endfacet
  facet normal 0.6646409951720924 -0.4217940014751575 -0.6167188726285466
    outer loop
      vertex 3.117977601853489 7.734656670885274 57.13783414457452
      vertex 3.3773142217393803 8.14330579468197 57.13783414457452
      vertex 3.2384776375767563 7.647108270306155 57.3275748174449
    endloop
  endfacet
  facet normal 0.8060974886526457 -0.511565022000844 -0.2975030538552064
    outer loop
      vertex 2.8785766073682635 7.908591674625567 56.48163340212456
      vertex 3.1180011391524913 8.28586436820856 56.48163340212456
      vertex 2.936705408363989 7.866358628600212 56.71175685374293
    endloop
  endfacet
  facet normal 0.830497755515167 -0.5270499022170269 -0.18025503781390448
    outer loop
      vertex 3.0798519048193542 8.306837087260796 56.244544200445105
      vertex 3.1180011391524913 8.28586436820856 56.48163340212456
      vertex 2.8785766073682635 7.908591674625567 56.48163340212456
    endloop
  endfacet
  facet normal 0.7699425052321106 -0.4886203718197834 -0.41041280545275144
    outer loop
      vertex 2.936705408363989 7.866358628600212 56.71175685374293
      vertex 3.1809647814117623 8.251249812957525 56.71175685374293
      vertex 3.016895524011918 7.808097099256322 56.93155883718276
    endloop
  endfacet
  facet normal 0.8060974886526457 -0.5115650220008437 -0.29750305385520615
    outer loop
      vertex 2.936705408363989 7.866358628600212 56.71175685374293
      vertex 3.1180011391524913 8.28586436820856 56.48163340212456
      vertex 3.1809647814117623 8.251249812957525 56.71175685374293
    endloop
  endfacet
  facet normal 0.8638572675707301 -0.4065003741844012 -0.29750305385520603
    outer loop
      vertex 3.1809647814117623 8.251249812957525 56.71175685374293
      vertex 3.1180011391524913 8.28586436820856 56.48163340212456
      vertex 3.3082529303686883 8.690170004679898 56.48163340212456
    endloop
  endfacet
  facet normal 0.8900059011498841 -0.4188049871492584 -0.18025503781390492
    outer loop
      vertex 3.1180011391524913 8.28586436820856 56.48163340212456
      vertex 3.2677759354474394 8.706195980681183 56.244544200445105
      vertex 3.3082529303686883 8.690170004679898 56.48163340212456
    endloop
  endfacet
  facet normal 0.8251116497932421 -0.3882680704048121 -0.41041280545275144
    outer loop
      vertex 3.1809647814117623 8.251249812957525 56.71175685374293
      vertex 3.375058439640419 8.663719832417224 56.71175685374293
      vertex 3.2678246799112523 8.203498179668438 56.93155883718276
    endloop
  endfacet
  facet normal 0.863857267570731 -0.40650037418440077 -0.29750305385520465
    outer loop
      vertex 3.1809647814117623 8.251249812957525 56.71175685374293
      vertex 3.3082529303686883 8.690170004679898 56.48163340212456
      vertex 3.375058439640419 8.663719832417224 56.71175685374293
    endloop
  endfacet
  facet normal 0.7699425052321105 -0.48862037181978346 -0.4104128054527516
    outer loop
      vertex 3.016895524011918 7.808097099256322 56.93155883718276
      vertex 3.1809647814117623 8.251249812957525 56.71175685374293
      vertex 3.2678246799112523 8.203498179668438 56.93155883718276
    endloop
  endfacet
  facet normal 0.7225600263257548 -0.45855053634033244 -0.5173378141776589
    outer loop
      vertex 3.117977601853489 7.734656670885274 57.13783414457452
      vertex 3.2678246799112523 8.203498179668438 56.93155883718276
      vertex 3.3773142217393803 8.14330579468197 57.13783414457452
    endloop
  endfacet
  facet normal 0.7743340461721379 -0.3643739438551657 -0.5173378141776589
    outer loop
      vertex 3.2678246799112523 8.203498179668438 56.93155883718276
      vertex 3.467218288504544 8.627231166965352 56.93155883718276
      vertex 3.3773142217393803 8.14330579468197 57.13783414457452
    endloop
  endfacet
  facet normal 0.825111649793243 -0.3882680704048116 -0.41041280545275
    outer loop
      vertex 3.2678246799112523 8.203498179668438 56.93155883718276
      vertex 3.375058439640419 8.663719832417224 56.71175685374293
      vertex 3.467218288504544 8.627231166965352 56.93155883718276
    endloop
  endfacet
  facet normal 0.7122649085094274 -0.33516642470544855 -0.6167188726285453
    outer loop
      vertex 3.3773142217393803 8.14330579468197 57.13783414457452
      vertex 3.583388578838718 8.581236095231889 57.13783414457452
      vertex 3.5078368028273172 8.071550398512668 57.3275748174449
    endloop
  endfacet
  facet normal 0.7743340461721372 -0.36437394385516597 -0.5173378141776598
    outer loop
      vertex 3.3773142217393803 8.14330579468197 57.13783414457452
      vertex 3.467218288504544 8.627231166965352 56.93155883718276
      vertex 3.583388578838718 8.581236095231889 57.13783414457452
    endloop
  endfacet
  facet normal 0.9493213652506125 -0.3084532096246366 -0.060378497422286244
    outer loop
      vertex 3.254217700608879 8.711564065603627 56.003946543143456
      vertex 3.3900410639502088 9.12958539492301 56.003946543143456
      vertex 3.2677759354474394 8.706195980681183 56.244544200445105
    endloop
  endfacet
  facet normal 0.9354781220597135 -0.3039552672521724 -0.18025503781390476
    outer loop
      vertex 3.2677759354474394 8.706195980681183 56.244544200445105
      vertex 3.4041651874987964 9.12595893636729 56.244544200445105
      vertex 3.3082529303686883 8.690170004679898 56.48163340212456
    endloop
  endfacet
  facet normal 0.9804951209026075 -0.18703944753770027 -0.06037849742228762
    outer loop
      vertex 3.3900410639502088 9.12958539492301 56.003946543143456
      vertex 3.4724014546006723 9.561333682524936 56.003946543143456
      vertex 3.4041651874987964 9.12595893636729 56.244544200445105
    endloop
  endfacet
  facet normal 0.9493213652506123 -0.3084532096246375 -0.060378497422287965
    outer loop
      vertex 3.2677759354474394 8.706195980681183 56.244544200445105
      vertex 3.3900410639502088 9.12958539492301 56.003946543143456
      vertex 3.4041651874987964 9.12595893636729 56.244544200445105
    endloop
  endfacet
  facet normal 0.9661972941571186 -0.18431199121644437 -0.18025503781390356
    outer loop
      vertex 3.4041651874987964 9.12595893636729 56.244544200445105
      vertex 3.4868687209935834 9.559506041753705 56.244544200445105
      vertex 3.4463315966184638 9.115132442631948 56.48163340212456
    endloop
  endfacet
  facet normal 0.9804951209026075 -0.18703944753769988 -0.06037849742228692
    outer loop
      vertex 3.4041651874987964 9.12595893636729 56.244544200445105
      vertex 3.4724014546006723 9.561333682524936 56.003946543143456
      vertex 3.4868687209935834 9.559506041753705 56.244544200445105
    endloop
  endfacet
  facet normal 0.9962058827785744 -0.06267596163114175 -0.06037849742228709
    outer loop
      vertex 3.4724014546006723 9.561333682524936 56.003946543143456
      vertex 3.4999999999999996 10 56.003946543143456
      vertex 3.4868687209935834 9.559506041753705 56.244544200445105
    endloop
  endfacet
  facet normal 0.9816789577473792 -0.06176200497658551 -0.1802550378139022
    outer loop
      vertex 3.4868687209935834 9.559506041753705 56.244544200445105
      vertex 3.514582251803892 10 56.244544200445105
      vertex 3.53005955485086 9.554049770557945 56.48163340212456
    endloop
  endfacet
  facet normal 0.9962058827785744 -0.06267596163114185 -0.06037849742228729
    outer loop
      vertex 3.4868687209935834 9.559506041753705 56.244544200445105
      vertex 3.4999999999999996 10 56.003946543143456
      vertex 3.514582251803892 10 56.244544200445105
    endloop
  endfacet
  facet normal 0.9079935013359073 -0.2950249726355159 -0.2975030538552047
    outer loop
      vertex 3.3082529303686883 8.690170004679898 56.48163340212456
      vertex 3.4463315966184638 9.115132442631948 56.48163340212456
      vertex 3.375058439640419 8.663719832417224 56.71175685374293
    endloop
  endfacet
  facet normal 0.9354781220597138 -0.3039552672521718 -0.18025503781390345
    outer loop
      vertex 3.4041651874987964 9.12595893636729 56.244544200445105
      vertex 3.4463315966184638 9.115132442631948 56.48163340212456
      vertex 3.3082529303686883 8.690170004679898 56.48163340212456
    endloop
  endfacet
  facet normal 0.8672682907393269 -0.28179254957945465 -0.4104128054527501
    outer loop
      vertex 3.467218288504544 8.627231166965352 56.93155883718276
      vertex 3.375058439640419 8.663719832417224 56.71175685374293
      vertex 3.5159254101137623 9.097263788374784 56.71175685374293
    endloop
  endfacet
  facet normal 0.9079935013359066 -0.2950249726355165 -0.29750305385520603
    outer loop
      vertex 3.375058439640419 8.663719832417224 56.71175685374293
      vertex 3.4463315966184638 9.115132442631948 56.48163340212456
      vertex 3.5159254101137623 9.097263788374784 56.71175685374293
    endloop
  endfacet
  facet normal 0.9378101351759899 -0.17889685102879313 -0.2975030538552057
    outer loop
      vertex 3.4463315966184638 9.115132442631948 56.48163340212456
      vertex 3.53005955485086 9.554049770557945 56.48163340212456
      vertex 3.5159254101137623 9.097263788374784 56.71175685374293
    endloop
  endfacet
  facet normal 0.8957475926594882 -0.17087299191251853 -0.4104128054527489
    outer loop
      vertex 3.5159254101137623 9.097263788374784 56.71175685374293
      vertex 3.601344136557577 9.545044433658147 56.71175685374293
      vertex 3.6119317934723103 9.072613538811575 56.93155883718276
    endloop
  endfacet
  facet normal 0.8138963555456473 -0.264450956608961 -0.5173378141776597
    outer loop
      vertex 3.467218288504544 8.627231166965352 56.93155883718276
      vertex 3.6119317934723103 9.072613538811575 56.93155883718276
      vertex 3.583388578838718 8.581236095231889 57.13783414457452
    endloop
  endfacet
  facet normal 0.8672682907393279 -0.28179254957945404 -0.4104128054527486
    outer loop
      vertex 3.467218288504544 8.627231166965352 56.93155883718276
      vertex 3.5159254101137623 9.097263788374784 56.71175685374293
      vertex 3.6119317934723103 9.072613538811575 56.93155883718276
    endloop
  endfacet
  facet normal 0.7486559787531354 -0.243253073199418 -0.6167188726285451
    outer loop
      vertex 3.583388578838718 8.581236095231889 57.13783414457452
      vertex 3.7329507574371927 9.041541150088479 57.13783414457452
      vertex 3.7218752862171574 8.52640532893459 57.3275748174449
    endloop
  endfacet
  facet normal 0.8138963555456469 -0.2644509566089612 -0.5173378141776601
    outer loop
      vertex 3.583388578838718 8.581236095231889 57.13783414457452
      vertex 3.6119317934723103 9.072613538811575 56.93155883718276
      vertex 3.7329507574371927 9.041541150088479 57.13783414457452
    endloop
  endfacet
  facet normal 0.840623033194086 -0.16035741980168958 -0.5173378141776601
    outer loop
      vertex 3.6119317934723103 9.072613538811575 56.93155883718276
      vertex 3.69968297639355 9.532621349144556 56.93155883718276
      vertex 3.7329507574371927 9.041541150088479 57.13783414457452
    endloop
  endfacet
  facet normal 0.7732402969865022 -0.14750347541668965 -0.6167188726285454
    outer loop
      vertex 3.7329507574371927 9.041541150088479 57.13783414457452
      vertex 3.8236420726341893 9.516961673563735 57.13783414457452
      vertex 3.8772175730028278 9.004499727602004 57.3275748174449
    endloop
  endfacet
  facet normal 0.9661972941571187 -0.1843119912164439 -0.18025503781390265
    outer loop
      vertex 3.4868687209935834 9.559506041753705 56.244544200445105
      vertex 3.53005955485086 9.554049770557945 56.48163340212456
      vertex 3.4463315966184638 9.115132442631948 56.48163340212456
    endloop
  endfacet
  facet normal 0.9378101351759895 -0.1788968510287934 -0.2975030538552062
    outer loop
      vertex 3.5159254101137623 9.097263788374784 56.71175685374293
      vertex 3.53005955485086 9.554049770557945 56.48163340212456
      vertex 3.601344136557577 9.545044433658147 56.71175685374293
    endloop
  endfacet
  facet normal 0.9528369429637272 -0.05994741921354759 -0.2975030538552069
    outer loop
      vertex 3.53005955485086 9.554049770557945 56.48163340212456
      vertex 3.5581163651478955 10 56.48163340212456
      vertex 3.601344136557577 9.545044433658147 56.71175685374293
    endloop
  endfacet
  facet normal 0.9816789577473791 -0.0617620049765859 -0.18025503781390292
    outer loop
      vertex 3.53005955485086 9.554049770557945 56.48163340212456
      vertex 3.514582251803892 10 56.244544200445105
      vertex 3.5581163651478955 10 56.48163340212456
    endloop
  endfacet
  facet normal 0.9528369429637275 -0.05994741921354718 -0.2975030538552062
    outer loop
      vertex 3.601344136557577 9.545044433658147 56.71175685374293
      vertex 3.5581163651478955 10 56.48163340212456
      vertex 3.62996751462917 10 56.71175685374293
    endloop
  endfacet
  facet normal 0.9101004199497336 -0.057258665088543846 -0.4104128054527496
    outer loop
      vertex 3.601344136557577 9.545044433658147 56.71175685374293
      vertex 3.62996751462917 10 56.71175685374293
      vertex 3.69968297639355 9.532621349144556 56.93155883718276
    endloop
  endfacet
  facet normal 0.8957475926594877 -0.17087299191251903 -0.41041280545275
    outer loop
      vertex 3.6119317934723103 9.072613538811575 56.93155883718276
      vertex 3.601344136557577 9.545044433658147 56.71175685374293
      vertex 3.69968297639355 9.532621349144556 56.93155883718276
    endloop
  endfacet
  facet normal 0.8406230331940872 -0.16035741980168886 -0.5173378141776586
    outer loop
      vertex 3.7329507574371927 9.041541150088479 57.13783414457452
      vertex 3.69968297639355 9.532621349144556 56.93155883718276
      vertex 3.8236420726341893 9.516961673563735 57.13783414457452
    endloop
  endfacet
  facet normal 0.8540925834451963 -0.05373495069126422 -0.5173378141776588
    outer loop
      vertex 3.69968297639355 9.532621349144556 56.93155883718276
      vertex 3.72908794869358 10 56.93155883718276
      vertex 3.8236420726341893 9.516961673563735 57.13783414457452
    endloop
  endfacet
  facet normal 0.9101004199497335 -0.05725866508854397 -0.4104128054527498
    outer loop
      vertex 3.69968297639355 9.532621349144556 56.93155883718276
      vertex 3.62996751462917 10 56.71175685374293
      vertex 3.72908794869358 10 56.93155883718276
    endloop
  endfacet
  facet normal 0.7856301538250283 -0.04942765971233543 -0.6167188726285454
    outer loop
      vertex 3.8236420726341893 9.516961673563735 57.13783414457452
      vertex 3.854032268212687 10 57.13783414457452
      vertex 3.9714138225247315 9.498293760248169 57.3275748174449
    endloop
  endfacet
  facet normal 0.8540925834451958 -0.05373495069126469 -0.5173378141776596
    outer loop
      vertex 3.8236420726341893 9.516961673563735 57.13783414457452
      vertex 3.72908794869358 10 56.93155883718276
      vertex 3.854032268212687 10 57.13783414457452
    endloop
  endfacet
  facet normal 0.5448351389607936 -0.45072682564228106 -0.7071067811865513
    outer loop
      vertex 3.0425362228381028 7.142868310541164 57.49801400952466
      vertex 2.918045745408841 7.259772650226303 57.3275748174449
      vertex 3.2384776375767563 7.647108270306155 57.3275748174449
    endloop
  endfacet
  facet normal 0.606535296303609 -0.50176963487408 -0.6167188726285466
    outer loop
      vertex 3.117977601853489 7.734656670885274 57.13783414457452
      vertex 3.2384776375767563 7.647108270306155 57.3275748174449
      vertex 2.918045745408841 7.259772650226303 57.3275748174449
    endloop
  endfacet
  facet normal 0.5448351389607947 -0.45072682564228117 -0.7071067811865505
    outer loop
      vertex 3.0425362228381028 7.142868310541164 57.49801400952466
      vertex 3.2384776375767563 7.647108270306155 57.3275748174449
      vertex 3.376638469318423 7.546728550341241 57.49801400952466
    endloop
  endfacet
  facet normal 0.4751900584300466 -0.3931114043441989 -0.7871834806090513
    outer loop
      vertex 3.1811246933955593 7.0127250741020655 57.64666633359765
      vertex 3.376638469318423 7.546728550341241 57.49801400952466
      vertex 3.5304454010406 7.4349812733430625 57.64666633359765
    endloop
  endfacet
  facet normal 0.5970300016676425 -0.37888676027110074 -0.7071067811865505
    outer loop
      vertex 3.376638469318423 7.546728550341241 57.49801400952466
      vertex 3.2384776375767563 7.647108270306155 57.3275748174449
      vertex 3.5078368028273172 8.071550398512668 57.3275748174449
    endloop
  endfacet
  facet normal 0.6646409951720936 -0.42179400147515733 -0.6167188726285453
    outer loop
      vertex 3.3773142217393803 8.14330579468197 57.13783414457452
      vertex 3.5078368028273172 8.071550398512668 57.3275748174449
      vertex 3.2384776375767563 7.647108270306155 57.3275748174449
    endloop
  endfacet
  facet normal 0.5970300016676424 -0.3788867602711008 -0.7071067811865508
    outer loop
      vertex 3.376638469318423 7.546728550341241 57.49801400952466
      vertex 3.5078368028273172 8.071550398512668 57.3275748174449
      vertex 3.657489110031543 7.989278346415764 57.49801400952466
    endloop
  endfacet
  facet normal 0.520712966344398 -0.3304544969236115 -0.7871834806090513
    outer loop
      vertex 3.376638469318423 7.546728550341241 57.49801400952466
      vertex 3.657489110031543 7.989278346415764 57.49801400952466
      vertex 3.5304454010406 7.4349812733430625 57.64666633359765
    endloop
  endfacet
  facet normal 0.5207129663443981 -0.33045449692361145 -0.7871834806090512
    outer loop
      vertex 3.5304454010406 7.4349812733430625 57.64666633359765
      vertex 3.657489110031543 7.989278346415764 57.49801400952466
      vertex 3.8240888757253746 7.897689350171355 57.64666633359765
    endloop
  endfacet
  facet normal 0.4368027634283694 -0.2772034628922544 -0.8557812723014465
    outer loop
      vertex 3.5304454010406 7.4349812733430625 57.64666633359765
      vertex 3.8240888757253746 7.897689350171355 57.64666633359765
      vertex 3.697655581335728 7.313495966243208 57.771364104043
    endloop
  endfacet
  facet normal 0.3465229926274014 -0.2199101781640974 -0.9118998459920831
    outer loop
      vertex 3.8758307092505713 7.18404415838028 57.8702889465727
      vertex 3.697655581335728 7.313495966243208 57.771364104043
      vertex 4.005206700174993 7.798118983585144 57.771364104043
    endloop
  endfacet
  facet normal 0.25119013629207165 -0.15941010784369306 -0.9547208665085479
    outer loop
      vertex 3.8758307092505713 7.18404415838028 57.8702889465727
      vertex 4.198201477658102 7.692019206814896 57.8702889465727
      vertex 4.062372590204684 7.048513548613004 57.941998314223305
    endloop
  endfacet
  facet normal 0.3465229926274019 -0.21991017816409741 -0.9118998459920828
    outer loop
      vertex 3.8758307092505713 7.18404415838028 57.8702889465727
      vertex 4.005206700174993 7.798118983585144 57.771364104043
      vertex 4.198201477658102 7.692019206814896 57.8702889465727
    endloop
  endfacet
  facet normal 0.4368027634283694 -0.2772034628922544 -0.8557812723014465
    outer loop
      vertex 3.8240888757253746 7.897689350171355 57.64666633359765
      vertex 4.005206700174993 7.798118983585144 57.771364104043
      vertex 3.697655581335728 7.313495966243208 57.771364104043
    endloop
  endfacet
  facet normal 0.6398093445997555 -0.3010714243544654 -0.7071067811865508
    outer loop
      vertex 3.5078368028273172 8.071550398512668 57.3275748174449
      vertex 3.7218752862171574 8.52640532893459 57.3275748174449
      vertex 3.657489110031543 7.989278346415764 57.49801400952466
    endloop
  endfacet
  facet normal 0.7122649085094276 -0.33516642470544855 -0.6167188726285451
    outer loop
      vertex 3.583388578838718 8.581236095231889 57.13783414457452
      vertex 3.7218752862171574 8.52640532893459 57.3275748174449
      vertex 3.5078368028273172 8.071550398512668 57.3275748174449
    endloop
  endfacet
  facet normal 0.639809344599755 -0.30107142435446554 -0.7071067811865512
    outer loop
      vertex 3.657489110031543 7.989278346415764 57.49801400952466
      vertex 3.7218752862171574 8.52640532893459 57.3275748174449
      vertex 3.8806589626013763 8.463538424114205 57.49801400952466
    endloop
  endfacet
  facet normal 0.5580239197206499 -0.26258612468259085 -0.7871834806090511
    outer loop
      vertex 3.8240888757253746 7.897689350171355 57.64666633359765
      vertex 3.657489110031543 7.989278346415764 57.49801400952466
      vertex 3.8806589626013763 8.463538424114205 57.49801400952466
    endloop
  endfacet
  facet normal 0.5580239197206482 -0.26258612468259096 -0.7871834806090523
    outer loop
      vertex 3.8240888757253746 7.897689350171355 57.64666633359765
      vertex 3.8806589626013763 8.463538424114205 57.49801400952466
      vertex 4.057424184439995 8.393552121806952 57.64666633359765
    endloop
  endfacet
  facet normal 0.5865345025355745 -0.1905766123939775 -0.7871834806090522
    outer loop
      vertex 3.8806589626013763 8.463538424114205 57.49801400952466
      vertex 4.04262850513769 8.962029418702024 57.49801400952466
      vertex 4.057424184439995 8.393552121806952 57.64666633359765
    endloop
  endfacet
  facet normal 0.46810124953158355 -0.22027172802038722 -0.8557812723014464
    outer loop
      vertex 3.8240888757253746 7.897689350171355 57.64666633359765
      vertex 4.057424184439995 8.393552121806952 57.64666633359765
      vertex 4.005206700174993 7.798118983585144 57.771364104043
    endloop
  endfacet
  facet normal 0.46810124953158455 -0.22027172802038725 -0.855781272301446
    outer loop
      vertex 4.005206700174993 7.798118983585144 57.771364104043
      vertex 4.057424184439995 8.393552121806952 57.64666633359765
      vertex 4.249593316757989 8.317466979895903 57.771364104043
    endloop
  endfacet
  facet normal 0.7486559787531349 -0.24325307319941805 -0.6167188726285453
    outer loop
      vertex 3.7329507574371927 9.041541150088479 57.13783414457452
      vertex 3.8772175730028278 9.004499727602004 57.3275748174449
      vertex 3.7218752862171574 8.52640532893459 57.3275748174449
    endloop
  endfacet
  facet normal 0.6724985119639536 -0.21850801222440958 -0.7071067811865515
    outer loop
      vertex 3.7218752862171574 8.52640532893459 57.3275748174449
      vertex 3.8772175730028278 9.004499727602004 57.3275748174449
      vertex 3.8806589626013763 8.463538424114205 57.49801400952466
    endloop
  endfacet
  facet normal 0.6724985119639544 -0.21850801222440938 -0.7071067811865508
    outer loop
      vertex 3.8806589626013763 8.463538424114205 57.49801400952466
      vertex 3.8772175730028278 9.004499727602004 57.3275748174449
      vertex 4.04262850513769 8.962029418702024 57.49801400952466
    endloop
  endfacet
  facet normal 0.5865345025355753 -0.19057661239397733 -0.7871834806090514
    outer loop
      vertex 4.057424184439995 8.393552121806952 57.64666633359765
      vertex 4.04262850513769 8.962029418702024 57.49801400952466
      vertex 4.226771489978275 8.914749536127106 57.64666633359765
    endloop
  endfacet
  facet normal 0.6945819760633434 -0.13249859821121493 -0.7071067811865505
    outer loop
      vertex 4.04262850513769 8.962029418702024 57.49801400952466
      vertex 3.8772175730028278 9.004499727602004 57.3275748174449
      vertex 3.9714138225247315 9.498293760248169 57.3275748174449
    endloop
  endfacet
  facet normal 0.6945819760633435 -0.13249859821121487 -0.7071067811865505
    outer loop
      vertex 4.04262850513769 8.962029418702024 57.49801400952466
      vertex 3.9714138225247315 9.498293760248169 57.3275748174449
      vertex 4.140843381198769 9.47688982941048 57.49801400952466
    endloop
  endfacet
  facet normal 0.7732402969865022 -0.14750347541668962 -0.6167188726285453
    outer loop
      vertex 3.8236420726341893 9.516961673563735 57.13783414457452
      vertex 3.9714138225247315 9.498293760248169 57.3275748174449
      vertex 3.8772175730028278 9.004499727602004 57.3275748174449
    endloop
  endfacet
  facet normal 0.7856301538250283 -0.04942765971233538 -0.6167188726285451
    outer loop
      vertex 3.9714138225247315 9.498293760248169 57.3275748174449
      vertex 3.854032268212687 10 57.13783414457452
      vertex 4.002978503657798 10 57.3275748174449
    endloop
  endfacet
  facet normal 0.7057114674770527 -0.04439960215340368 -0.7071067811865505
    outer loop
      vertex 3.9714138225247315 9.498293760248169 57.3275748174449
      vertex 4.002978503657798 10 57.3275748174449
      vertex 4.140843381198769 9.47688982941048 57.49801400952466
    endloop
  endfacet
  facet normal 0.7057114674770523 -0.04439960215340399 -0.7071067811865511
    outer loop
      vertex 4.140843381198769 9.47688982941048 57.49801400952466
      vertex 4.002978503657798 10 57.3275748174449
      vertex 4.173754683518409 10 57.49801400952466
    endloop
  endfacet
  facet normal 0.2511901362920717 -0.15941010784369308 -0.954720866508548
    outer loop
      vertex 4.062372590204684 7.048513548613004 57.941998314223305
      vertex 4.198201477658102 7.692019206814896 57.8702889465727
      vertex 4.400258909732607 7.580937193521812 57.941998314223305
    endloop
  endfacet
  facet normal 0.15219436213868842 -0.09658547919063411 -0.9836199069471467
    outer loop
      vertex 4.25456102351802 6.908880478420142 57.98544652293904
      vertex 4.400258909732607 7.580937193521812 57.941998314223305
      vertex 4.608432544045148 7.466492769594616 57.98544652293904
    endloop
  endfacet
  facet normal 0.3713526090521423 -0.17474527355491587 -0.9118998459920827
    outer loop
      vertex 4.005206700174993 7.798118983585144 57.771364104043
      vertex 4.249593316757989 8.317466979895903 57.771364104043
      vertex 4.198201477658102 7.692019206814896 57.8702889465727
    endloop
  endfacet
  facet normal 0.2691888113194359 -0.12667063950891114 -0.9547208665085478
    outer loop
      vertex 4.400258909732607 7.580937193521812 57.941998314223305
      vertex 4.198201477658102 7.692019206814896 57.8702889465727
      vertex 4.454364100878964 8.236392491078938 57.8702889465727
    endloop
  endfacet
  facet normal 0.1630996345572922 -0.0767488623014333 -0.9836199069471466
    outer loop
      vertex 4.400258909732607 7.580937193521812 57.941998314223305
      vertex 4.668750517666787 8.151510903966857 57.941998314223305
      vertex 4.608432544045148 7.466492769594616 57.98544652293904
    endloop
  endfacet
  facet normal 0.05463209785494058 -0.02570791385822757 -0.9981755542233172
    outer loop
      vertex 4.608432544045148 7.466492769594616 57.98544652293904
      vertex 4.889626330408523 8.064059983236442 57.98544652293904
      vertex 4.819686740241249 7.350354792440566 58
    endloop
  endfacet
  facet normal 0.16309963455729215 -0.0767488623014333 -0.9836199069471466
    outer loop
      vertex 4.608432544045148 7.466492769594616 57.98544652293904
      vertex 4.668750517666787 8.151510903966857 57.941998314223305
      vertex 4.889626330408523 8.064059983236442 57.98544652293904
    endloop
  endfacet
  facet normal 0.37135260905214185 -0.17474527355491587 -0.9118998459920832
    outer loop
      vertex 4.198201477658102 7.692019206814896 57.8702889465727
      vertex 4.249593316757989 8.317466979895903 57.771364104043
      vertex 4.454364100878964 8.236392491078938 57.8702889465727
    endloop
  endfacet
  facet normal 0.49201749929955424 -0.15986617641368484 -0.855781272301446
    outer loop
      vertex 4.057424184439995 8.393552121806952 57.64666633359765
      vertex 4.226771489978275 8.914749536127106 57.64666633359765
      vertex 4.249593316757989 8.317466979895903 57.771364104043
    endloop
  endfacet
  facet normal 0.3903257729968342 -0.12682453159400583 -0.9118998459920832
    outer loop
      vertex 4.454364100878964 8.236392491078938 57.8702889465727
      vertex 4.249593316757989 8.317466979895903 57.771364104043
      vertex 4.426961308151715 8.863349527030216 57.771364104043
    endloop
  endfacet
  facet normal 0.2691888113194361 -0.12667063950891114 -0.954720866508548
    outer loop
      vertex 4.400258909732607 7.580937193521812 57.941998314223305
      vertex 4.454364100878964 8.236392491078938 57.8702889465727
      vertex 4.668750517666787 8.151510903966857 57.941998314223305
    endloop
  endfacet
  facet normal 0.28294221798669195 -0.09193349951970059 -0.9547208665085479
    outer loop
      vertex 4.454364100878964 8.236392491078938 57.8702889465727
      vertex 4.640278741320831 8.80857891928673 57.8702889465727
      vertex 4.668750517666787 8.151510903966857 57.941998314223305
    endloop
  endfacet
  facet normal 0.17143272830792872 -0.05570187000619059 -0.9836199069471466
    outer loop
      vertex 4.668750517666787 8.151510903966857 57.941998314223305
      vertex 4.86361314096099 8.75123639169021 57.941998314223305
      vertex 4.889626330408523 8.064059983236442 57.98544652293904
    endloop
  endfacet
  facet normal 0.28294221798669145 -0.0919334995197006 -0.9547208665085479
    outer loop
      vertex 4.668750517666787 8.151510903966857 57.941998314223305
      vertex 4.640278741320831 8.80857891928673 57.8702889465727
      vertex 4.86361314096099 8.75123639169021 57.941998314223305
    endloop
  endfacet
  facet normal 0.05463209785494051 -0.025707913858227564 -0.998175554223317
    outer loop
      vertex 4.819686740241249 7.350354792440566 58
      vertex 4.889626330408523 8.064059983236442 57.98544652293904
      vertex 5.113770672385382 7.975314960234269 58
    endloop
  endfacet
  facet normal 0.05742336341758189 -0.01865798179831248 -0.9981755542233169
    outer loop
      vertex 4.889626330408523 8.064059983236442 57.98544652293904
      vertex 5.0937077886201685 8.692158127417144 57.98544652293904
      vertex 5.113770672385382 7.975314960234269 58
    endloop
  endfacet
  facet normal 0.17143272830792888 -0.055701870006190576 -0.9836199069471466
    outer loop
      vertex 4.889626330408523 8.064059983236442 57.98544652293904
      vertex 4.86361314096099 8.75123639169021 57.941998314223305
      vertex 5.0937077886201685 8.692158127417144 57.98544652293904
    endloop
  endfacet
  facet normal 0.05742336341758175 -0.018657981798312483 -0.998175554223317
    outer loop
      vertex 5.113770672385382 7.975314960234269 58
      vertex 5.0937077886201685 8.692158127417144 57.98544652293904
      vertex 5.327207386207472 8.6322056205933 58
    endloop
  endfacet
  facet normal 0.6057950858667863 -0.11556159308296195 -0.7871834806090517
    outer loop
      vertex 4.04262850513769 8.962029418702024 57.49801400952466
      vertex 4.140843381198769 9.47688982941048 57.49801400952466
      vertex 4.226771489978275 8.914749536127106 57.64666633359765
    endloop
  endfacet
  facet normal 0.605795085866786 -0.115561593082962 -0.7871834806090519
    outer loop
      vertex 4.226771489978275 8.914749536127106 57.64666633359765
      vertex 4.140843381198769 9.47688982941048 57.49801400952466
      vertex 4.329460084168698 9.453061998559734 57.64666633359765
    endloop
  endfacet
  facet normal 0.49201749929955285 -0.15986617641368506 -0.8557812723014467
    outer loop
      vertex 4.249593316757989 8.317466979895903 57.771364104043
      vertex 4.226771489978275 8.914749536127106 57.64666633359765
      vertex 4.426961308151715 8.863349527030216 57.771364104043
    endloop
  endfacet
  facet normal 0.508174339186561 -0.09693943970551482 -0.8557812723014468
    outer loop
      vertex 4.226771489978275 8.914749536127106 57.64666633359765
      vertex 4.329460084168698 9.453061998559734 57.64666633359765
      vertex 4.426961308151715 8.863349527030216 57.771364104043
    endloop
  endfacet
  facet normal 0.508174339186561 -0.0969394397055148 -0.8557812723014467
    outer loop
      vertex 4.426961308151715 8.863349527030216 57.771364104043
      vertex 4.329460084168698 9.453061998559734 57.64666633359765
      vertex 4.534513475177388 9.42715773112534 57.771364104043
    endloop
  endfacet
  facet normal 0.3903257729968347 -0.12682453159400572 -0.9118998459920828
    outer loop
      vertex 4.454364100878964 8.236392491078938 57.8702889465727
      vertex 4.426961308151715 8.863349527030216 57.771364104043
      vertex 4.640278741320831 8.80857891928673 57.8702889465727
    endloop
  endfacet
  facet normal 0.4031432663320522 -0.07690369100855572 -0.9118998459920831
    outer loop
      vertex 4.426961308151715 8.863349527030216 57.771364104043
      vertex 4.534513475177388 9.42715773112534 57.771364104043
      vertex 4.640278741320831 8.80857891928673 57.8702889465727
    endloop
  endfacet
  facet normal 0.2922334568548089 -0.055746513324654266 -0.9547208665085479
    outer loop
      vertex 4.640278741320831 8.80857891928673 57.8702889465727
      vertex 4.7530134140439095 9.399554769657819 57.8702889465727
      vertex 4.86361314096099 8.75123639169021 57.941998314223305
    endloop
  endfacet
  facet normal 0.4031432663320516 -0.07690369100855585 -0.9118998459920832
    outer loop
      vertex 4.640278741320831 8.80857891928673 57.8702889465727
      vertex 4.534513475177388 9.42715773112534 57.771364104043
      vertex 4.7530134140439095 9.399554769657819 57.8702889465727
    endloop
  endfacet
  facet normal 0.6155019188094346 -0.03872409841587885 -0.7871834806090517
    outer loop
      vertex 4.140843381198769 9.47688982941048 57.49801400952466
      vertex 4.173754683518409 10 57.49801400952466
      vertex 4.329460084168698 9.453061998559734 57.64666633359765
    endloop
  endfacet
  facet normal 0.615501918809435 -0.03872409841587877 -0.7871834806090516
    outer loop
      vertex 4.329460084168698 9.453061998559734 57.64666633359765
      vertex 4.173754683518409 10 57.49801400952466
      vertex 4.363870506537689 10 57.64666633359765
    endloop
  endfacet
  facet normal 0.5163169661759612 -0.03248391012437473 -0.8557812723014467
    outer loop
      vertex 4.329460084168698 9.453061998559734 57.64666633359765
      vertex 4.363870506537689 10 57.64666633359765
      vertex 4.534513475177388 9.42715773112534 57.771364104043
    endloop
  endfacet
  facet normal 0.40960294953109894 -0.02577003327586237 -0.9118998459920832
    outer loop
      vertex 4.534513475177388 9.42715773112534 57.771364104043
      vertex 4.570553655912462 10 57.771364104043
      vertex 4.7530134140439095 9.399554769657819 57.8702889465727
    endloop
  endfacet
  facet normal 0.5163169661759621 -0.03248391012437433 -0.8557812723014461
    outer loop
      vertex 4.534513475177388 9.42715773112534 57.771364104043
      vertex 4.363870506537689 10 57.64666633359765
      vertex 4.570553655912462 10 57.771364104043
    endloop
  endfacet
  facet normal 0.4096029495310985 -0.025770033275862494 -0.9118998459920833
    outer loop
      vertex 4.7530134140439095 9.399554769657819 57.8702889465727
      vertex 4.570553655912462 10 57.771364104043
      vertex 4.790790225914929 10 57.8702889465727
    endloop
  endfacet
  facet normal 0.1770622255242013 -0.033776425946266016 -0.9836199069471465
    outer loop
      vertex 4.86361314096099 8.75123639169021 57.941998314223305
      vertex 4.981773679640576 9.370655627491825 57.941998314223305
      vertex 5.0937077886201685 8.692158127417144 57.98544652293904
    endloop
  endfacet
  facet normal 0.2922334568548096 -0.05574651332465412 -0.9547208665085477
    outer loop
      vertex 4.7530134140439095 9.399554769657819 57.8702889465727
      vertex 4.981773679640576 9.370655627491825 57.941998314223305
      vertex 4.86361314096099 8.75123639169021 57.941998314223305
    endloop
  endfacet
  facet normal 0.17706222552420106 -0.033776425946266064 -0.9836199069471465
    outer loop
      vertex 5.0937077886201685 8.692158127417144 57.98544652293904
      vertex 4.981773679640576 9.370655627491825 57.941998314223305
      vertex 5.217458432171732 9.34088171919534 57.98544652293904
    endloop
  endfacet
  facet normal 0.05930902823607326 -0.01131380221970002 -0.9981755542233172
    outer loop
      vertex 5.0937077886201685 8.692158127417144 57.98544652293904
      vertex 5.217458432171732 9.34088171919534 57.98544652293904
      vertex 5.327207386207472 8.6322056205933 58
    endloop
  endfacet
  facet normal 0.05930902823607332 -0.011313802219700011 -0.998175554223317
    outer loop
      vertex 5.327207386207472 8.6322056205933 58
      vertex 5.217458432171732 9.34088171919534 57.98544652293904
      vertex 5.456630857229628 9.310667215396327 58
    endloop
  endfacet
  facet normal 0.29691599953652126 -0.018680371313125017 -0.9547208665085477
    outer loop
      vertex 4.7530134140439095 9.399554769657819 57.8702889465727
      vertex 4.790790225914929 10 57.8702889465727
      vertex 4.981773679640576 9.370655627491825 57.941998314223305
    endloop
  endfacet
  facet normal 0.17989934567211022 -0.011318307472110187 -0.9836199069471466
    outer loop
      vertex 4.981773679640576 9.370655627491825 57.941998314223305
      vertex 5.021368671424885 10 57.941998314223305
      vertex 5.217458432171732 9.34088171919534 57.98544652293904
    endloop
  endfacet
  facet normal 0.2969159995365209 -0.01868037131312513 -0.9547208665085478
    outer loop
      vertex 4.981773679640576 9.370655627491825 57.941998314223305
      vertex 4.790790225914929 10 57.8702889465727
      vertex 5.021368671424885 10 57.941998314223305
    endloop
  endfacet
  facet normal 0.06025935424978581 -0.0037911972215450575 -0.9981755542233172
    outer loop
      vertex 5.456630857229628 9.310667215396327 58
      vertex 5.217458432171732 9.34088171919534 57.98544652293904
      vertex 5.258926639489355 10 57.98544652293904
    endloop
  endfacet
  facet normal 0.17989934567211055 -0.011318307472110089 -0.9836199069471467
    outer loop
      vertex 5.217458432171732 9.34088171919534 57.98544652293904
      vertex 5.021368671424885 10 57.941998314223305
      vertex 5.258926639489355 10 57.98544652293904
    endloop
  endfacet
  facet normal 0.0602593542497858 -0.003791197221545064 -0.998175554223317
    outer loop
      vertex 5.456630857229628 9.310667215396327 58
      vertex 5.258926639489355 10 57.98544652293904
      vertex 5.5 10 58
    endloop
  endfacet
  facet normal 0 0 -1
    outer loop
      vertex 1.0815594803123159 13.328697807033038 52
      vertex 0.7648170610779949 12.353864877830505 52
      vertex 0.46376875359966835 12.431160945553504 52
    endloop
  endfacet
  facet normal 0 0 -1
    outer loop
      vertex 1.0815594803123159 13.328697807033038 52
      vertex 1.0538037466235544 12.239446954853399 52
      vertex 0.7648170610779949 12.353864877830505 52
    endloop
  endfacet
  facet normal 0 0 -1
    outer loop
      vertex 3.390041063950209 10.870414605076991 52
      vertex 2.455483885753333 10.310199753071654 52
      vertex 2.397243323793362 10.615507470733016 52
    endloop
  endfacet
  facet normal 0 0 -1
    outer loop
      vertex 3.2542177006088795 11.288435934396375 52
      vertex 2.397243323793362 10.615507470733016 52
      vertex 2.3011968025734215 10.911108267894578 52
    endloop
  endfacet
  facet normal 0 0 -1
    outer loop
      vertex 3.2542177006088795 11.288435934396375 52
      vertex 2.3011968025734215 10.911108267894578 52
      vertex 2.1688590331085624 11.192340343401746 52
    endloop
  endfacet
  facet normal 0 0 -1
    outer loop
      vertex 1.8753937824264868 12.955147739257054 52
      vertex 1.5776243746280072 11.907020275870078 52
      vertex 1.3261713175730157 12.089711615617489 52
    endloop
  endfacet
  facet normal 0 0 -1
    outer loop
      vertex 1.8753937824264868 12.955147739257054 52
      vertex 1.3261713175730157 12.089711615617489 52
      vertex 1.0538037466235544 12.239446954853399 52
    endloop
  endfacet
  facet normal 0 0 -1
    outer loop
      vertex 2.2309839641204148 12.696796349715262 52
      vertex 1.8041973528679938 11.694254087173505 52
      vertex 1.5776243746280072 11.907020275870078 52
    endloop
  endfacet
  facet normal 0 0 -1
    outer loop
      vertex 2.2309839641204148 12.696796349715262 52
      vertex 1.5776243746280072 11.907020275870078 52
      vertex 1.8753937824264868 12.955147739257054 52
    endloop
  endfacet
  facet normal 0 0 -1
    outer loop
      vertex 2.5513901959749408 12.39591487075041 52
      vertex 2.0023170610779952 11.45476849942387 52
      vertex 1.8041973528679938 11.694254087173505 52
    endloop
  endfacet
  facet normal 0 0 -1
    outer loop
      vertex 3.067073380153522 11.686137859356004 52
      vertex 2.1688590331085624 11.192340343401746 52
      vertex 2.0023170610779952 11.45476849942387 52
    endloop
  endfacet
  facet normal 0 0 -1
    outer loop
      vertex 2.5513901959749408 12.39591487075041 52
      vertex 2.831559480312316 12.057248383023655 52
      vertex 2.0023170610779952 11.45476849942387 52
    endloop
  endfacet
  facet normal 0 0 -1
    outer loop
      vertex 3.067073380153522 11.686137859356004 52
      vertex 2.0023170610779952 11.45476849942387 52
      vertex 2.831559480312316 12.057248383023655 52
    endloop
  endfacet
  facet normal 0 0 -1
    outer loop
      vertex 2.2309839641204148 12.696796349715262 52
      vertex 2.5513901959749408 12.39591487075041 52
      vertex 1.8041973528679938 11.694254087173505 52
    endloop
  endfacet
  facet normal 0.77051324277579 0.6374239897486886 8.674262107815787e-17
    outer loop
      vertex 2.5513901959749408 12.39591487075041 52
      vertex 2.8315594803123156 12.057248383023655 56.003946543143456
      vertex 2.831559480312316 12.057248383023655 52
    endloop
  endfacet
  facet normal 0.6845471059286893 0.7289686274214109 7.885692825287084e-17
    outer loop
      vertex 2.2309839641204148 12.696796349715262 52
      vertex 2.5513901959749403 12.39591487075041 56.003946543143456
      vertex 2.5513901959749408 12.39591487075041 52
    endloop
  endfacet
  facet normal 0.6845471059286877 0.7289686274214124 3.2340801583520143e-16
    outer loop
      vertex 2.2309839641204148 12.696796349715262 52
      vertex 2.2309839641204148 12.69679634971526 56.003946543143456
      vertex 2.5513901959749403 12.39591487075041 56.003946543143456
    endloop
  endfacet
  facet normal 0.77051324277579 0.6374239897486886 8.545983655782546e-17
    outer loop
      vertex 2.5513901959749408 12.39591487075041 52
      vertex 2.5513901959749403 12.39591487075041 56.003946543143456
      vertex 2.8315594803123156 12.057248383023655 56.003946543143456
    endloop
  endfacet
  facet normal 0 0 -1
    outer loop
      vertex 0.21976681835259818 13.493093549498951 52
      vertex 0.46376875359966835 12.431160945553504 52
      vertex 0.15540653583505037 12.470116152859973 52
    endloop
  endfacet
  facet normal 0 0 -1
    outer loop
      vertex -0.21976681835259818 13.493093549498951 52
      vertex 0.21976681835259818 13.493093549498951 52
      vertex 0.15540653583505037 12.470116152859973 52
    endloop
  endfacet
  facet normal 0 0 -1
    outer loop
      vertex 0.21976681835259818 13.493093549498951 52
      vertex 0.6558346010500369 13.438005377550411 52
      vertex 0.46376875359966835 12.431160945553504 52
    endloop
  endfacet
  facet normal 0 0 -1
    outer loop
      vertex 0.6558346010500369 13.438005377550411 52
      vertex 1.0815594803123159 13.328697807033038 52
      vertex 0.46376875359966835 12.431160945553504 52
    endloop
  endfacet
  facet normal 0 0 -1
    outer loop
      vertex 1.0815594803123159 13.328697807033038 52
      vertex 1.4902275204777535 13.166894683631067 52
      vertex 1.0538037466235544 12.239446954853399 52
    endloop
  endfacet
  facet normal 0 1 4.43651487416126e-16
    outer loop
      vertex -0.21976681835259818 13.493093549498951 52
      vertex 0.21976681835259815 13.49309354949895 56.003946543143456
      vertex 0.21976681835259818 13.493093549498951 52
    endloop
  endfacet
  facet normal 0.12533323356430495 0.9921147013144778 4.43570221422399e-16
    outer loop
      vertex 0.21976681835259818 13.493093549498951 52
      vertex 0.6558346010500368 13.43800537755041 56.003946543143456
      vertex 0.6558346010500369 13.438005377550411 52
    endloop
  endfacet
  facet normal 0.24868988716485582 0.9685831611286309 0
    outer loop
      vertex 0.6558346010500369 13.438005377550411 52
      vertex 1.0815594803123159 13.328697807033038 56.003946543143456
      vertex 1.0815594803123159 13.328697807033038 52
    endloop
  endfacet
  facet normal 0.36812455268468075 0.9297764858882502 2.3657078475861256e-17
    outer loop
      vertex 1.0815594803123159 13.328697807033038 52
      vertex 1.4902275204777533 13.166894683631067 56.003946543143456
      vertex 1.4902275204777535 13.166894683631067 52
    endloop
  endfacet
  facet normal 0 0 -1
    outer loop
      vertex 1.4902275204777535 13.166894683631067 52
      vertex 1.8753937824264868 12.955147739257054 52
      vertex 1.0538037466235544 12.239446954853399 52
    endloop
  endfacet
  facet normal 0.4817536741017121 0.8763066800438654 2.3657078475861333e-17
    outer loop
      vertex 1.4902275204777535 13.166894683631067 52
      vertex 1.8753937824264866 12.955147739257054 56.003946543143456
      vertex 1.8753937824264868 12.955147739257054 52
    endloop
  endfacet
  facet normal 0.587785252292473 0.8090169943749476 3.589215928993691e-16
    outer loop
      vertex 2.2309839641204148 12.696796349715262 52
      vertex 1.8753937824264868 12.955147739257054 52
      vertex 2.2309839641204148 12.69679634971526 56.003946543143456
    endloop
  endfacet
  facet normal 0.12533323356430498 0.9921147013144778 4.4102197973015914e-16
    outer loop
      vertex 0.21976681835259818 13.493093549498951 52
      vertex 0.21976681835259815 13.49309354949895 56.003946543143456
      vertex 0.6558346010500368 13.43800537755041 56.003946543143456
    endloop
  endfacet
  facet normal 0.24868988716485194 0.9685831611286317 4.366090875175579e-16
    outer loop
      vertex 0.6558346010500369 13.438005377550411 52
      vertex 0.6558346010500368 13.43800537755041 56.003946543143456
      vertex 1.0815594803123159 13.328697807033038 56.003946543143456
    endloop
  endfacet
  facet normal 0.3681245526846809 0.9297764858882502 0
    outer loop
      vertex 1.0815594803123159 13.328697807033038 52
      vertex 1.0815594803123159 13.328697807033038 56.003946543143456
      vertex 1.4902275204777533 13.166894683631067 56.003946543143456
    endloop
  endfacet
  facet normal 0.4817536741017121 0.8763066800438654 2.6716341760426026e-17
    outer loop
      vertex 1.4902275204777535 13.166894683631067 52
      vertex 1.4902275204777533 13.166894683631067 56.003946543143456
      vertex 1.8753937824264866 12.955147739257054 56.003946543143456
    endloop
  endfacet
  facet normal 0.5877852522924754 0.8090169943749458 3.259647518260245e-17
    outer loop
      vertex 1.8753937824264868 12.955147739257054 52
      vertex 1.8753937824264866 12.955147739257054 56.003946543143456
      vertex 2.2309839641204148 12.69679634971526 56.003946543143456
    endloop
  endfacet
  facet normal 0 0 -1
    outer loop
      vertex 3.5 10 52
      vertex 2.475 10 52
      vertex 2.455483885753333 10.310199753071654 52
    endloop
  endfacet
  facet normal 0 0 -1
    outer loop
      vertex 3.5 10 52
      vertex 2.455483885753333 10.310199753071654 52
      vertex 3.4724014546006727 10.438666317475064 52
    endloop
  endfacet
  facet normal 0 0 -1
    outer loop
      vertex 3.390041063950209 10.870414605076991 52
      vertex 3.4724014546006727 10.438666317475064 52
      vertex 2.455483885753333 10.310199753071654 52
    endloop
  endfacet
  facet normal 0 0 -1
    outer loop
      vertex 3.390041063950209 10.870414605076991 52
      vertex 2.397243323793362 10.615507470733016 52
      vertex 3.2542177006088795 11.288435934396375 52
    endloop
  endfacet
  facet normal 0.9510565162951536 0.3090169943749471 2.4258025870909193e-16
    outer loop
      vertex 3.390041063950209 10.870414605076991 52
      vertex 3.2542177006088795 11.288435934396375 52
      vertex 3.3900410639502088 10.87041460507699 56.003946543143456
    endloop
  endfacet
  facet normal 0.9980267284282716 0.06279051952931271 1.106940106370632e-16
    outer loop
      vertex 3.5 10 52
      vertex 3.4724014546006727 10.438666317475064 52
      vertex 3.4999999999999996 10 56.003946543143456
    endloop
  endfacet
  facet normal 0.9822872507286887 0.18738131458572468 1.1039969955401914e-16
    outer loop
      vertex 3.390041063950209 10.870414605076991 52
      vertex 3.4724014546006723 10.438666317475064 56.003946543143456
      vertex 3.4724014546006727 10.438666317475064 52
    endloop
  endfacet
  facet normal 0 0 -1
    outer loop
      vertex 3.2542177006088795 11.288435934396375 52
      vertex 2.1688590331085624 11.192340343401746 52
      vertex 3.067073380153522 11.686137859356004 52
    endloop
  endfacet
  facet normal 0.8443279255020147 0.535826794978997 9.364683500398522e-17
    outer loop
      vertex 3.067073380153522 11.686137859356004 52
      vertex 2.831559480312316 12.057248383023655 52
      vertex 3.0670733801535217 11.686137859356004 56.003946543143456
    endloop
  endfacet
  facet normal 0.9048270524660186 0.42577929156507444 2.8925458293405423e-16
    outer loop
      vertex 3.2542177006088795 11.288435934396375 52
      vertex 3.067073380153522 11.686137859356004 52
      vertex 3.254217700608879 11.288435934396373 56.003946543143456
    endloop
  endfacet
  facet normal 0.9822872507286885 0.1873813145857254 1.9208029889386605e-16
    outer loop
      vertex 3.390041063950209 10.870414605076991 52
      vertex 3.3900410639502088 10.87041460507699 56.003946543143456
      vertex 3.4724014546006723 10.438666317475064 56.003946543143456
    endloop
  endfacet
  facet normal 0.9510565162951536 0.3090169943749471 2.4258025870909193e-16
    outer loop
      vertex 3.2542177006088795 11.288435934396375 52
      vertex 3.254217700608879 11.288435934396373 56.003946543143456
      vertex 3.3900410639502088 10.87041460507699 56.003946543143456
    endloop
  endfacet
  facet normal 0.9980267284282716 0.06279051952931271 1.106940106370632e-16
    outer loop
      vertex 3.4724014546006727 10.438666317475064 52
      vertex 3.4724014546006723 10.438666317475064 56.003946543143456
      vertex 3.4999999999999996 10 56.003946543143456
    endloop
  endfacet
  facet normal 0.8443279255020147 0.535826794978997 9.364683500398522e-17
    outer loop
      vertex 2.831559480312316 12.057248383023655 52
      vertex 2.8315594803123156 12.057248383023655 56.003946543143456
      vertex 3.0670733801535217 11.686137859356004 56.003946543143456
    endloop
  endfacet
  facet normal 0.9048270524660194 0.4257792915650729 1.0035696692022465e-16
    outer loop
      vertex 3.067073380153522 11.686137859356004 52
      vertex 3.0670733801535217 11.686137859356004 56.003946543143456
      vertex 3.254217700608879 11.288435934396373 56.003946543143456
    endloop
  endfacet
  facet normal 0.683298186852337 0.7276386636877782 -0.06037849742228829
    outer loop
      vertex 2.2309839641204148 12.69679634971526 56.003946543143456
      vertex 2.2402790412447717 12.70803216783965 56.244544200445105
      vertex 2.562020200057137 12.405897109020687 56.244544200445105
    endloop
  endfacet
  facet normal 0.7691074831441296 0.6362610442426354 -0.06037849742229058
    outer loop
      vertex 2.5513901959749403 12.39591487075041 56.003946543143456
      vertex 2.843356769837919 12.0658196155792 56.244544200445105
      vertex 2.8315594803123156 12.057248383023655 56.003946543143456
    endloop
  endfacet
  facet normal 0.769107483144128 0.6362610442426377 -0.060378497422285494
    outer loop
      vertex 2.5513901959749403 12.39591487075041 56.003946543143456
      vertex 2.562020200057137 12.405897109020687 56.244544200445105
      vertex 2.843356769837919 12.0658196155792 56.244544200445105
    endloop
  endfacet
  facet normal 0.6832981868523359 0.7276386636877794 -0.06037849742228521
    outer loop
      vertex 2.2309839641204148 12.69679634971526 56.003946543143456
      vertex 2.562020200057137 12.405897109020687 56.244544200445105
      vertex 2.5513901959749403 12.39591487075041 56.003946543143456
    endloop
  endfacet
  facet normal 0.6733341606345139 0.7170280534716359 -0.1802550378139033
    outer loop
      vertex 2.2402790412447717 12.70803216783965 56.244544200445105
      vertex 2.593755202907524 12.435698260319496 56.48163340212456
      vertex 2.562020200057137 12.405897109020687 56.244544200445105
    endloop
  endfacet
  facet normal 0.6733341606345141 0.7170280534716351 -0.18025503781390462
    outer loop
      vertex 2.2402790412447717 12.70803216783965 56.244544200445105
      vertex 2.268028729462678 12.741575778683709 56.48163340212456
      vertex 2.593755202907524 12.435698260319496 56.48163340212456
    endloop
  endfacet
  facet normal 0.7578921641606642 0.6269829254824831 -0.18025503781390342
    outer loop
      vertex 2.562020200057137 12.405897109020687 56.244544200445105
      vertex 2.593755202907524 12.435698260319496 56.48163340212456
      vertex 2.8785766073682635 12.091408325374433 56.48163340212456
    endloop
  endfacet
  facet normal 0.7356250707992101 0.6085619838262026 -0.2975030538552062
    outer loop
      vertex 2.593755202907524 12.435698260319496 56.48163340212456
      vertex 2.6461324367235393 12.484883756754552 56.71175685374293
      vertex 2.936705408363989 12.133641371399788 56.71175685374293
    endloop
  endfacet
  facet normal 0.6535514061381549 0.6959615596293136 -0.29750305385520626
    outer loop
      vertex 2.268028729462678 12.741575778683709 56.48163340212456
      vertex 2.6461324367235393 12.484883756754552 56.71175685374293
      vertex 2.593755202907524 12.435698260319496 56.48163340212456
    endloop
  endfacet
  facet normal 0.6535514061381551 0.6959615596293129 -0.2975030538552076
    outer loop
      vertex 2.268028729462678 12.741575778683709 56.48163340212456
      vertex 2.3138283758330616 12.796938040867694 56.71175685374293
      vertex 2.6461324367235393 12.484883756754552 56.71175685374293
    endloop
  endfacet
  facet normal 0.6242384004707058 0.6647463790786518 -0.4104128054527491
    outer loop
      vertex 2.6461324367235393 12.484883756754552 56.71175685374293
      vertex 2.3138283758330616 12.796938040867694 56.71175685374293
      vertex 2.7183881234928866 12.55273636303174 56.93155883718276
    endloop
  endfacet
  facet normal 0.6242384004707057 0.6647463790786527 -0.4104128054527479
    outer loop
      vertex 2.7183881234928866 12.55273636303174 56.93155883718276
      vertex 2.3138283758330616 12.796938040867694 56.71175685374293
      vertex 2.37701011838002 12.873311647944005 56.93155883718276
    endloop
  endfacet
  facet normal 0.5858225932619261 0.6238376994425332 -0.5173378141776603
    outer loop
      vertex 2.7183881234928866 12.55273636303174 56.93155883718276
      vertex 2.37701011838002 12.873311647944005 56.93155883718276
      vertex 2.8094686125968322 12.638266635360774 57.13783414457452
    endloop
  endfacet
  facet normal 0 0.9981755542233175 -0.06037849742228551
    outer loop
      vertex -0.21976681835259815 13.49309354949895 56.003946543143456
      vertex 0.2206824455192718 13.507647026559905 56.244544200445105
      vertex 0.21976681835259815 13.49309354949895 56.003946543143456
    endloop
  endfacet
  facet normal 0 0.983619906947143 -0.1802550378139089
    outer loop
      vertex -0.2206824455192718 13.507647026559905 56.244544200445105
      vertex 0.22341597511338984 13.551095235275648 56.48163340212456
      vertex 0.2206824455192718 13.507647026559905 56.244544200445105
    endloop
  endfacet
  facet normal 0.12510456987565063 0.9903046418376799 -0.060378497422288686
    outer loop
      vertex 0.21976681835259815 13.49309354949895 56.003946543143456
      vertex 0.6585670425626702 13.452329337584288 56.244544200445105
      vertex 0.6558346010500368 13.43800537755041 56.003946543143456
    endloop
  endfacet
  facet normal 0.12510456987564889 0.9903046418376802 -0.06037849742228553
    outer loop
      vertex 0.21976681835259815 13.49309354949895 56.003946543143456
      vertex 0.2206824455192718 13.507647026559905 56.244544200445105
      vertex 0.6585670425626702 13.452329337584288 56.244544200445105
    endloop
  endfacet
  facet normal 0.12328026353590474 0.9758637701878411 -0.18025503781389968
    outer loop
      vertex 0.2206824455192718 13.507647026559905 56.244544200445105
      vertex 0.6667245219503936 13.49509234209388 56.48163340212456
      vertex 0.6585670425626702 13.452329337584288 56.244544200445105
    endloop
  endfacet
  facet normal 0.24823616595051043 0.966816033670945 -0.060378497422283434
    outer loop
      vertex 0.6558346010500368 13.43800537755041 56.003946543143456
      vertex 1.0860656439359733 13.342566352633385 56.244544200445105
      vertex 1.0815594803123159 13.328697807033038 56.003946543143456
    endloop
  endfacet
  facet normal 0.2482361659505131 0.9668160336709439 -0.06037849742228865
    outer loop
      vertex 0.6558346010500368 13.43800537755041 56.003946543143456
      vertex 0.6585670425626702 13.452329337584288 56.244544200445105
      vertex 1.0860656439359733 13.342566352633385 56.244544200445105
    endloop
  endfacet
  facet normal 0.2446163236717902 0.9527176788199148 -0.18025503781390365
    outer loop
      vertex 0.6585670425626702 13.452329337584288 56.244544200445105
      vertex 1.0995184247943155 13.383969754810332 56.48163340212456
      vertex 1.0860656439359733 13.342566352633385 56.244544200445105
    endloop
  endfacet
  facet normal 0.3674529293992422 0.9280801591053126 -0.06037849742228627
    outer loop
      vertex 1.0815594803123159 13.328697807033038 56.003946543143456
      vertex 1.4964363413202382 13.1800890995491 56.244544200445105
      vertex 1.4902275204777533 13.166894683631067 56.003946543143456
    endloop
  endfacet
  facet normal 0.3620946382566633 0.9145466605310433 -0.18025503781390678
    outer loop
      vertex 1.0860656439359733 13.342566352633385 56.244544200445105
      vertex 1.5149722652587616 13.219479943007878 56.48163340212456
      vertex 1.4964363413202382 13.1800890995491 56.244544200445105
    endloop
  endfacet
  facet normal 0.3674529293992409 0.9280801591053133 -0.06037849742228357
    outer loop
      vertex 1.0815594803123159 13.328697807033038 56.003946543143456
      vertex 1.0860656439359733 13.342566352633385 56.244544200445105
      vertex 1.4964363413202382 13.1800890995491 56.244544200445105
    endloop
  endfacet
  facet normal 0 0.9547208665085447 -0.29750305385520587
    outer loop
      vertex -0.22341597511338984 13.551095235275648 56.48163340212456
      vertex 0.22792754611809746 13.622804602926255 56.71175685374293
      vertex 0.22341597511338984 13.551095235275648 56.48163340212456
    endloop
  endfacet
  facet normal 0 0.9118998459920943 -0.41041280545274733
    outer loop
      vertex -0.22792754611809746 13.622804602926255 56.71175685374293
      vertex 0.23415136966897282 13.721729445455948 56.93155883718276
      vertex 0.22792754611809746 13.622804602926255 56.71175685374293
    endloop
  endfacet
  facet normal 0.12328026353590955 0.9758637701878389 -0.18025503781390884
    outer loop
      vertex 0.2206824455192718 13.507647026559905 56.244544200445105
      vertex 0.22341597511338984 13.551095235275648 56.48163340212456
      vertex 0.6667245219503936 13.49509234209388 56.48163340212456
    endloop
  endfacet
  facet normal 0.11965825335083413 0.9471926073148224 -0.2975030538552108
    outer loop
      vertex 0.22341597511338984 13.551095235275648 56.48163340212456
      vertex 0.6801880847946902 13.565670810179538 56.71175685374293
      vertex 0.6667245219503936 13.49509234209388 56.48163340212456
    endloop
  endfacet
  facet normal 0.11965825335083155 0.9471926073148242 -0.29750305385520587
    outer loop
      vertex 0.22341597511338984 13.551095235275648 56.48163340212456
      vertex 0.22792754611809746 13.622804602926255 56.71175685374293
      vertex 0.6801880847946902 13.565670810179538 56.71175685374293
    endloop
  endfacet
  facet normal 0.11429135638498114 0.9047092433351632 -0.410412805452751
    outer loop
      vertex 0.22792754611809746 13.622804602926255 56.71175685374293
      vertex 0.698761402031987 13.663035548847702 56.93155883718276
      vertex 0.6801880847946902 13.565670810179538 56.71175685374293
    endloop
  endfacet
  facet normal 0 0.855781272301445 -0.517337814177661
    outer loop
      vertex -0.23415136966897282 13.721729445455948 56.93155883718276
      vertex 0.24199668840381414 13.846427215901299 57.13783414457452
      vertex 0.23415136966897282 13.721729445455948 56.93155883718276
    endloop
  endfacet
  facet normal 0 0.7871834806090491 -0.6167188726285444
    outer loop
      vertex -0.24199668840381414 13.846427215901299 57.13783414457452
      vertex 0.2513490999093481 13.99507953997429 57.3275748174449
      vertex 0.24199668840381414 13.846427215901299 57.13783414457452
    endloop
  endfacet
  facet normal 0.1142913563849793 0.9047092433351651 -0.41041280545274744
    outer loop
      vertex 0.22792754611809746 13.622804602926255 56.71175685374293
      vertex 0.23415136966897282 13.721729445455948 56.93155883718276
      vertex 0.698761402031987 13.663035548847702 56.93155883718276
    endloop
  endfacet
  facet normal 0.10725783408131362 0.8490331813598722 -0.5173378141776606
    outer loop
      vertex 0.23415136966897282 13.721729445455948 56.93155883718276
      vertex 0.722173632873496 13.785766760962293 57.13783414457452
      vertex 0.698761402031987 13.663035548847702 56.93155883718276
    endloop
  endfacet
  facet normal 0.10725783408131384 0.849033181359872 -0.5173378141776611
    outer loop
      vertex 0.23415136966897282 13.721729445455948 56.93155883718276
      vertex 0.24199668840381414 13.846427215901299 57.13783414457452
      vertex 0.722173632873496 13.785766760962293 57.13783414457452
    endloop
  endfacet
  facet normal 0.09866025103313529 0.7809763037441374 -0.616718872628545
    outer loop
      vertex 0.24199668840381414 13.846427215901299 57.13783414457452
      vertex 0.7500833742737958 13.932074749084059 57.3275748174449
      vertex 0.722173632873496 13.785766760962293 57.13783414457452
    endloop
  endfacet
  facet normal 0.3620946382566618 0.9145466605310445 -0.18025503781390356
    outer loop
      vertex 1.0860656439359733 13.342566352633385 56.244544200445105
      vertex 1.0995184247943155 13.383969754810332 56.48163340212456
      vertex 1.5149722652587616 13.219479943007878 56.48163340212456
    endloop
  endfacet
  facet normal 0.3514561919221879 0.8876770122664991 -0.2975030538552097
    outer loop
      vertex 1.0995184247943155 13.383969754810332 56.48163340212456
      vertex 1.1217216510494041 13.452304258727796 56.71175685374293
      vertex 1.5455649967830347 13.284492806809315 56.71175685374293
    endloop
  endfacet
  facet normal 0.24461632367178834 0.952717678819916 -0.1802550378138998
    outer loop
      vertex 0.6585670425626702 13.452329337584288 56.244544200445105
      vertex 0.6667245219503936 13.49509234209388 56.48163340212456
      vertex 1.0995184247943155 13.383969754810332 56.48163340212456
    endloop
  endfacet
  facet normal 0.23742942456594002 0.9247265548783113 -0.2975030538552098
    outer loop
      vertex 0.6667245219503936 13.49509234209388 56.48163340212456
      vertex 1.1217216510494041 13.452304258727796 56.71175685374293
      vertex 1.0995184247943155 13.383969754810332 56.48163340212456
    endloop
  endfacet
  facet normal 0.23742942456594046 0.924726554878311 -0.2975030538552107
    outer loop
      vertex 0.6667245219503936 13.49509234209388 56.48163340212456
      vertex 0.6801880847946902 13.565670810179538 56.71175685374293
      vertex 1.1217216510494041 13.452304258727796 56.71175685374293
    endloop
  endfacet
  facet normal 0.22678026980542115 0.8832508354637358 -0.41041280545274533
    outer loop
      vertex 0.6801880847946902 13.565670810179538 56.71175685374293
      vertex 1.1523515496651282 13.546573393442756 56.93155883718276
      vertex 1.1217216510494041 13.452304258727796 56.71175685374293
    endloop
  endfacet
  facet normal 0.22678026980542362 0.8832508354637326 -0.4104128054527509
    outer loop
      vertex 0.6801880847946902 13.565670810179538 56.71175685374293
      vertex 0.698761402031987 13.663035548847702 56.93155883718276
      vertex 1.1523515496651282 13.546573393442756 56.93155883718276
    endloop
  endfacet
  facet normal 0.2128241480464434 0.8288953299604136 -0.5173378141776632
    outer loop
      vertex 0.698761402031987 13.663035548847702 56.93155883718276
      vertex 1.1909614677471456 13.665402502695468 57.13783414457452
      vertex 1.1523515496651282 13.546573393442756 56.93155883718276
    endloop
  endfacet
  facet normal 0.21282414804644229 0.8288953299604156 -0.5173378141776606
    outer loop
      vertex 0.698761402031987 13.663035548847702 56.93155883718276
      vertex 0.722173632873496 13.785766760962293 57.13783414457452
      vertex 1.1909614677471456 13.665402502695468 57.13783414457452
    endloop
  endfacet
  facet normal 0.3356927228990659 0.8478630342885682 -0.4104128054527456
    outer loop
      vertex 1.1217216510494041 13.452304258727796 56.71175685374293
      vertex 1.1523515496651282 13.546573393442756 56.93155883718276
      vertex 1.5877684249786017 13.374179657002967 56.93155883718276
    endloop
  endfacet
  facet normal 0.19576457097070193 0.7624526640365508 -0.6167188726285453
    outer loop
      vertex 0.722173632873496 13.785766760962293 57.13783414457452
      vertex 1.236988385747857 13.807058790493173 57.3275748174449
      vertex 1.1909614677471456 13.665402502695468 57.13783414457452
    endloop
  endfacet
  facet normal 0.31503409806189536 0.7956853040494124 -0.517337814177663
    outer loop
      vertex 1.1523515496651282 13.546573393442756 56.93155883718276
      vertex 1.1909614677471456 13.665402502695468 57.13783414457452
      vertex 1.640967128828527 13.487232657355813 57.13783414457452
    endloop
  endfacet
  facet normal 0.48087474064559593 0.8747079060223806 -0.06037849742228637
    outer loop
      vertex 1.4902275204777533 13.166894683631067 56.003946543143456
      vertex 1.4964363413202382 13.1800890995491 56.244544200445105
      vertex 1.8832073436741428 12.967459941671782 56.244544200445105
    endloop
  endfacet
  facet normal 0.48087474064559593 0.8747079060223806 -0.06037849742228638
    outer loop
      vertex 1.4902275204777533 13.166894683631067 56.003946543143456
      vertex 1.8832073436741428 12.967459941671782 56.244544200445105
      vertex 1.8753937824264866 12.955147739257054 56.003946543143456
    endloop
  endfacet
  facet normal 0.4738625040913711 0.861952695081908 -0.18025503781390076
    outer loop
      vertex 1.4964363413202382 13.1800890995491 56.244544200445105
      vertex 1.9065340880995127 13.004217009280094 56.48163340212456
      vertex 1.8832073436741428 12.967459941671782 56.244544200445105
    endloop
  endfacet
  facet normal 0.5867128699713331 0.8075409867362947 -0.0603784974222864
    outer loop
      vertex 2.2402790412447717 12.70803216783965 56.244544200445105
      vertex 1.8753937824264866 12.955147739257054 56.003946543143456
      vertex 1.8832073436741428 12.967459941671782 56.244544200445105
    endloop
  endfacet
  facet normal 0.586712869971334 0.8075409867362939 -0.06037849742228848
    outer loop
      vertex 2.2309839641204148 12.69679634971526 56.003946543143456
      vertex 1.8753937824264866 12.955147739257054 56.003946543143456
      vertex 2.2402790412447717 12.70803216783965 56.244544200445105
    endloop
  endfacet
  facet normal 0.5781572751648271 0.7957652207257427 -0.18025503781390503
    outer loop
      vertex 2.2402790412447717 12.70803216783965 56.244544200445105
      vertex 1.8832073436741428 12.967459941671782 56.244544200445105
      vertex 2.268028729462678 12.741575778683709 56.48163340212456
    endloop
  endfacet
  facet normal 0.35145619192218613 0.8876770122665013 -0.2975030538552054
    outer loop
      vertex 1.0995184247943155 13.383969754810332 56.48163340212456
      vertex 1.5455649967830347 13.284492806809315 56.71175685374293
      vertex 1.5149722652587616 13.219479943007878 56.48163340212456
    endloop
  endfacet
  facet normal 0.4738625040913734 0.8619526950819054 -0.18025503781390653
    outer loop
      vertex 1.4964363413202382 13.1800890995491 56.244544200445105
      vertex 1.5149722652587616 13.219479943007878 56.48163340212456
      vertex 1.9065340880995127 13.004217009280094 56.48163340212456
    endloop
  endfacet
  facet normal 0.3356927228990679 0.8478630342885648 -0.4104128054527511
    outer loop
      vertex 1.1217216510494041 13.452304258727796 56.71175685374293
      vertex 1.5877684249786017 13.374179657002967 56.93155883718276
      vertex 1.5455649967830347 13.284492806809315 56.71175685374293
    endloop
  endfacet
  facet normal 0.45994028518206426 0.8366282728987039 -0.2975030538552054
    outer loop
      vertex 1.5149722652587616 13.219479943007878 56.48163340212456
      vertex 1.5455649967830347 13.284492806809315 56.71175685374293
      vertex 1.9450338592416208 13.064882941266553 56.71175685374293
    endloop
  endfacet
  facet normal 0.5781572751648258 0.7957652207257447 -0.18025503781390095
    outer loop
      vertex 2.268028729462678 12.741575778683709 56.48163340212456
      vertex 1.8832073436741428 12.967459941671782 56.244544200445105
      vertex 1.9065340880995127 13.004217009280094 56.48163340212456
    endloop
  endfacet
  facet normal 0.5611708453896121 0.7723854058897892 -0.29750305385520587
    outer loop
      vertex 1.9065340880995127 13.004217009280094 56.48163340212456
      vertex 1.9450338592416208 13.064882941266553 56.71175685374293
      vertex 2.3138283758330616 12.796938040867694 56.71175685374293
    endloop
  endfacet
  facet normal 0.4599402851820644 0.8366282728987037 -0.2975030538552059
    outer loop
      vertex 1.5149722652587616 13.219479943007878 56.48163340212456
      vertex 1.9450338592416208 13.064882941266553 56.71175685374293
      vertex 1.9065340880995127 13.004217009280094 56.48163340212456
    endloop
  endfacet
  facet normal 0.4393111012194782 0.7991039265738409 -0.4104128054527525
    outer loop
      vertex 1.5455649967830347 13.284492806809315 56.71175685374293
      vertex 1.9981452437432805 13.148573091735017 56.93155883718276
      vertex 1.9450338592416208 13.064882941266553 56.71175685374293
    endloop
  endfacet
  facet normal 0.43931110121947786 0.799103926573842 -0.41041280545275105
    outer loop
      vertex 1.5455649967830347 13.284492806809315 56.71175685374293
      vertex 1.5877684249786017 13.374179657002967 56.93155883718276
      vertex 1.9981452437432805 13.148573091735017 56.93155883718276
    endloop
  endfacet
  facet normal 0.41227577215866124 0.7499268455741949 -0.5173378141776582
    outer loop
      vertex 1.5877684249786017 13.374179657002967 56.93155883718276
      vertex 2.065093758022035 13.254067069837845 57.13783414457452
      vertex 1.9981452437432805 13.148573091735017 56.93155883718276
    endloop
  endfacet
  facet normal 0.4122757721586613 0.7499268455741949 -0.5173378141776583
    outer loop
      vertex 1.5877684249786017 13.374179657002967 56.93155883718276
      vertex 1.640967128828527 13.487232657355813 57.13783414457452
      vertex 2.065093758022035 13.254067069837845 57.13783414457452
    endloop
  endfacet
  facet normal 0.3792285339755843 0.6898141424778887 -0.6167188726285454
    outer loop
      vertex 1.640967128828527 13.487232657355813 57.13783414457452
      vertex 2.1449031419847757 13.37982653582255 57.3275748174449
      vertex 2.065093758022035 13.254067069837845 57.13783414457452
    endloop
  endfacet
  facet normal 0.31503409806189375 0.7956853040494162 -0.5173378141776582
    outer loop
      vertex 1.1523515496651282 13.546573393442756 56.93155883718276
      vertex 1.640967128828527 13.487232657355813 57.13783414457452
      vertex 1.5877684249786017 13.374179657002967 56.93155883718276
    endloop
  endfacet
  facet normal 0.28978156667997534 0.7319046903499625 -0.6167188726285459
    outer loop
      vertex 1.1909614677471456 13.665402502695468 57.13783414457452
      vertex 1.7043853514376308 13.622003240549523 57.3275748174449
      vertex 1.640967128828527 13.487232657355813 57.13783414457452
    endloop
  endfacet
  facet normal 0.5611708453896127 0.7723854058897882 -0.29750305385520776
    outer loop
      vertex 2.268028729462678 12.741575778683709 56.48163340212456
      vertex 1.9065340880995127 13.004217009280094 56.48163340212456
      vertex 2.3138283758330616 12.796938040867694 56.71175685374293
    endloop
  endfacet
  facet normal 0.5360012810419292 0.7377424725755025 -0.4104128054527475
    outer loop
      vertex 1.9450338592416208 13.064882941266553 56.71175685374293
      vertex 2.37701011838002 12.873311647944005 56.93155883718276
      vertex 2.3138283758330616 12.796938040867694 56.71175685374293
    endloop
  endfacet
  facet normal 0.5360012810419302 0.7377424725754991 -0.4104128054527523
    outer loop
      vertex 1.9450338592416208 13.064882941266553 56.71175685374293
      vertex 1.9981452437432805 13.148573091735017 56.93155883718276
      vertex 2.37701011838002 12.873311647944005 56.93155883718276
    endloop
  endfacet
  facet normal 0.5030156110468802 0.6923415927596841 -0.5173378141776585
    outer loop
      vertex 1.9981452437432805 13.148573091735017 56.93155883718276
      vertex 2.456652625024324 12.969582900743086 57.13783414457452
      vertex 2.37701011838002 12.873311647944005 56.93155883718276
    endloop
  endfacet
  facet normal 0.5030156110468803 0.6923415927596842 -0.5173378141776582
    outer loop
      vertex 1.9981452437432805 13.148573091735017 56.93155883718276
      vertex 2.065093758022035 13.254067069837845 57.13783414457452
      vertex 2.456652625024324 12.969582900743086 57.13783414457452
    endloop
  endfacet
  facet normal 0.46269484075025596 0.6368448135039395 -0.6167188726285485
    outer loop
      vertex 2.065093758022035 13.254067069837845 57.13783414457452
      vertex 2.5515945286797943 13.084347947615147 57.3275748174449
      vertex 2.456652625024324 12.969582900743086 57.13783414457452
    endloop
  endfacet
  facet normal 0.5858225932619261 0.6238376994425349 -0.5173378141776583
    outer loop
      vertex 2.37701011838002 12.873311647944005 56.93155883718276
      vertex 2.456652625024324 12.969582900743086 57.13783414457452
      vertex 2.8094686125968322 12.638266635360774 57.13783414457452
    endloop
  endfacet
  facet normal 0.5388641734857964 0.5738320613883878 -0.6167188726285446
    outer loop
      vertex 2.456652625024324 12.969582900743086 57.13783414457452
      vertex 2.918045745408841 12.740227349773697 57.3275748174449
      vertex 2.8094686125968322 12.638266635360774 57.13783414457452
    endloop
  endfacet
  facet normal 0 0.7071067811865439 -0.7071067811865512
    outer loop
      vertex -0.2513490999093481 13.99507953997429 57.3275748174449
      vertex 0.26207222496602744 14.165518732054053 57.49801400952466
      vertex 0.2513490999093481 13.99507953997429 57.3275748174449
    endloop
  endfacet
  facet normal 0.09866025103313511 0.7809763037441378 -0.6167188726285446
    outer loop
      vertex 0.24199668840381414 13.846427215901299 57.13783414457452
      vertex 0.2513490999093481 13.99507953997429 57.3275748174449
      vertex 0.7500833742737958 13.932074749084059 57.3275748174449
    endloop
  endfacet
  facet normal 0.08862397936135835 0.7015310330143296 -0.7071067811865512
    outer loop
      vertex 0.2513490999093481 13.99507953997429 57.3275748174449
      vertex 0.26207222496602744 14.165518732054053 57.49801400952466
      vertex 0.7820836393560053 14.099826013289285 57.49801400952466
    endloop
  endfacet
  facet normal 0.08862397936135623 0.7015310330143337 -0.7071067811865471
    outer loop
      vertex 0.2513490999093481 13.99507953997429 57.3275748174449
      vertex 0.7820836393560053 14.099826013289285 57.49801400952466
      vertex 0.7500833742737958 13.932074749084059 57.3275748174449
    endloop
  endfacet
  facet normal 0.19576457097070185 0.762452664036551 -0.616718872628545
    outer loop
      vertex 0.722173632873496 13.785766760962293 57.13783414457452
      vertex 0.7500833742737958 13.932074749084059 57.3275748174449
      vertex 1.236988385747857 13.807058790493173 57.3275748174449
    endloop
  endfacet
  facet normal 0.17585030562678444 0.684891721377158 -0.7071067811865475
    outer loop
      vertex 0.7500833742737958 13.932074749084059 57.3275748174449
      vertex 0.7820836393560053 14.099826013289285 57.49801400952466
      vertex 1.2897611275592185 13.9694765891776 57.49801400952466
    endloop
  endfacet
  facet normal 0.17585030562678544 0.6848917213771551 -0.7071067811865499
    outer loop
      vertex 0.7500833742737958 13.932074749084059 57.3275748174449
      vertex 1.2897611275592185 13.9694765891776 57.49801400952466
      vertex 1.236988385747857 13.807058790493173 57.3275748174449
    endloop
  endfacet
  facet normal 0.15337174684642715 0.5973435151782397 -0.7871834806090505
    outer loop
      vertex 0.7820836393560053 14.099826013289285 57.49801400952466
      vertex 1.3485101477717558 14.150287481510901 57.64666633359765
      vertex 1.2897611275592185 13.9694765891776 57.49801400952466
    endloop
  endfacet
  facet normal 0 0.6167188726285409 -0.7871834806090519
    outer loop
      vertex -0.26207222496602744 14.165518732054053 57.49801400952466
      vertex 0.27400969626415106 14.355259404924434 57.64666633359765
      vertex 0.26207222496602744 14.165518732054053 57.49801400952466
    endloop
  endfacet
  facet normal 0.07729537050666732 0.6118558601128664 -0.787183480609052
    outer loop
      vertex 0.26207222496602744 14.165518732054053 57.49801400952466
      vertex 0.27400969626415106 14.355259404924434 57.64666633359765
      vertex 0.8177077921969049 14.286574362402916 57.64666633359765
    endloop
  endfacet
  facet normal 0.07729537050666858 0.6118558601128634 -0.7871834806090542
    outer loop
      vertex 0.7820836393560053 14.099826013289285 57.49801400952466
      vertex 0.26207222496602744 14.165518732054053 57.49801400952466
      vertex 0.8177077921969049 14.286574362402916 57.64666633359765
    endloop
  endfacet
  facet normal 0 0.5173378141776577 -0.8557812723014468
    outer loop
      vertex -0.27400969626415106 14.355259404924434 57.64666633359765
      vertex 0.2869874385913479 14.561534712316192 57.771364104043
      vertex 0.27400969626415106 14.355259404924434 57.64666633359765
    endloop
  endfacet
  facet normal 0 0.41041280545277126 -0.9118998459920836
    outer loop
      vertex -0.2869874385913479 14.561534712316192 57.771364104043
      vertex 0.3008162072411568 14.781336695756018 57.8702889465727
      vertex 0.2869874385913479 14.561534712316192 57.771364104043
    endloop
  endfacet
  facet normal 0.06483962109597556 0.513258450991556 -0.8557812723014444
    outer loop
      vertex 0.27400969626415106 14.355259404924434 57.64666633359765
      vertex 0.8564363524294678 14.489596584974208 57.771364104043
      vertex 0.8177077921969049 14.286574362402916 57.64666633359765
    endloop
  endfacet
  facet normal 0.06483962109597712 0.5132584509915515 -0.8557812723014468
    outer loop
      vertex 0.27400969626415106 14.355259404924434 57.64666633359765
      vertex 0.2869874385913479 14.561534712316192 57.771364104043
      vertex 0.8564363524294678 14.489596584974208 57.771364104043
    endloop
  endfacet
  facet normal 0.05143836400359384 0.40717657789741313 -0.9118998459920836
    outer loop
      vertex 0.2869874385913479 14.561534712316192 57.771364104043
      vertex 0.3008162072411568 14.781336695756018 57.8702889465727
      vertex 0.897704570436381 14.70593215983185 57.8702889465727
    endloop
  endfacet
  facet normal 0.051438364003594805 0.40717657789740974 -0.9118998459920848
    outer loop
      vertex 0.2869874385913479 14.561534712316192 57.771364104043
      vertex 0.897704570436381 14.70593215983185 57.8702889465727
      vertex 0.8564363524294678 14.489596584974208 57.771364104043
    endloop
  endfacet
  facet normal 0 0.29750305385519704 -0.9547208665085475
    outer loop
      vertex -0.3008162072411568 14.781336695756018 57.8702889465727
      vertex 0.31529434762698855 15.011460147374395 57.941998314223305
      vertex 0.3008162072411568 14.781336695756018 57.8702889465727
    endloop
  endfacet
  facet normal 0 0.18025503781388885 -0.9836199069471467
    outer loop
      vertex -0.31529434762698855 15.011460147374395 57.941998314223305
      vertex 0.3302107358600847 15.248549349053846 57.98544652293904
      vertex 0.31529434762698855 15.011460147374395 57.941998314223305
    endloop
  endfacet
  facet normal 0 0.060378497422292864 -0.9981755542233169
    outer loop
      vertex -0.3302107358600847 15.248549349053846 57.98544652293904
      vertex 0.34534785741122304 15.489147006355495 58
      vertex 0.3302107358600847 15.248549349053846 57.98544652293904
    endloop
  endfacet
  facet normal 0.03728701973492792 0.29515715341569376 -0.9547208665085475
    outer loop
      vertex 0.3008162072411568 14.781336695756018 57.8702889465727
      vertex 0.31529434762698855 15.011460147374395 57.941998314223305
      vertex 0.9409106626711695 14.932426427149117 57.941998314223305
    endloop
  endfacet
  facet normal 0.022591946755471243 0.17883367300115618 -0.9836199069471467
    outer loop
      vertex 0.31529434762698855 15.011460147374395 57.941998314223305
      vertex 0.3302107358600847 15.248549349053846 57.98544652293904
      vertex 0.9854245870174034 15.165776590487859 57.98544652293904
    endloop
  endfacet
  facet normal 0.007567432319690014 0.05990239493593513 -0.998175554223317
    outer loop
      vertex 0.3302107358600847 15.248549349053846 57.98544652293904
      vertex 0.34534785741122304 15.489147006355495 58
      vertex 1.0305972302214852 15.402579879007789 58
    endloop
  endfacet
  facet normal 0.15337174684642843 0.5973435151782348 -0.7871834806090539
    outer loop
      vertex 0.7820836393560053 14.099826013289285 57.49801400952466
      vertex 0.8177077921969049 14.286574362402916 57.64666633359765
      vertex 1.3485101477717558 14.150287481510901 57.64666633359765
    endloop
  endfacet
  facet normal 0.1286566826339545 0.5010846954275763 -0.8557812723014444
    outer loop
      vertex 0.8177077921969049 14.286574362402916 57.64666633359765
      vertex 0.8564363524294678 14.489596584974208 57.771364104043
      vertex 1.4123787533794967 14.346854837532184 57.771364104043
    endloop
  endfacet
  facet normal 0.12865668263395524 0.5010846954275728 -0.8557812723014465
    outer loop
      vertex 0.8177077921969049 14.286574362402916 57.64666633359765
      vertex 1.4123787533794967 14.346854837532184 57.771364104043
      vertex 1.3485101477717558 14.150287481510901 57.64666633359765
    endloop
  endfacet
  facet normal 0.10206551427906208 0.397518932473112 -0.9118998459920848
    outer loop
      vertex 0.8564363524294678 14.489596584974208 57.771364104043
      vertex 0.897704570436381 14.70593215983185 57.8702889465727
      vertex 1.4804355962931066 14.556312262559523 57.8702889465727
    endloop
  endfacet
  facet normal 0.1020655142790611 0.3975189324731177 -0.9118998459920825
    outer loop
      vertex 0.8564363524294678 14.489596584974208 57.771364104043
      vertex 1.4804355962931066 14.556312262559523 57.8702889465727
      vertex 1.4123787533794967 14.346854837532184 57.771364104043
    endloop
  endfacet
  facet normal 0.07398600089444926 0.28815644834848564 -0.9547208665085481
    outer loop
      vertex 0.897704570436381 14.70593215983185 57.8702889465727
      vertex 1.5516882544922408 14.775605395678975 57.941998314223305
      vertex 1.4804355962931066 14.556312262559523 57.8702889465727
    endloop
  endfacet
  facet normal 0.03728701973492756 0.2951571534156951 -0.954720866508547
    outer loop
      vertex 0.3008162072411568 14.781336695756018 57.8702889465727
      vertex 0.9409106626711695 14.932426427149117 57.941998314223305
      vertex 0.897704570436381 14.70593215983185 57.8702889465727
    endloop
  endfacet
  facet normal 0.02259194675547113 0.17883367300115663 -0.9836199069471466
    outer loop
      vertex 0.31529434762698855 15.011460147374395 57.941998314223305
      vertex 0.9854245870174034 15.165776590487859 57.98544652293904
      vertex 0.9409106626711695 14.932426427149117 57.941998314223305
    endloop
  endfacet
  facet normal 0.007567432319690129 0.059902394935934626 -0.9981755542233172
    outer loop
      vertex 0.3302107358600847 15.248549349053846 57.98544652293904
      vertex 1.0305972302214852 15.402579879007789 58
      vertex 0.9854245870174034 15.165776590487859 57.98544652293904
    endloop
  endfacet
  facet normal 0.07398600089444876 0.28815644834848936 -0.954720866508547
    outer loop
      vertex 0.897704570436381 14.70593215983185 57.8702889465727
      vertex 0.9409106626711695 14.932426427149117 57.941998314223305
      vertex 1.5516882544922408 14.775605395678975 57.941998314223305
    endloop
  endfacet
  facet normal 0.04482760501483272 0.17459199433513792 -0.9836199069471466
    outer loop
      vertex 0.9409106626711695 14.932426427149117 57.941998314223305
      vertex 0.9854245870174034 15.165776590487859 57.98544652293904
      vertex 1.625097703773343 15.001536449204524 57.98544652293904
    endloop
  endfacet
  facet normal 0.04482760501483269 0.1745919943351381 -0.9836199069471465
    outer loop
      vertex 0.9409106626711695 14.932426427149117 57.941998314223305
      vertex 1.625097703773343 15.001536449204524 57.98544652293904
      vertex 1.5516882544922408 14.775605395678975 57.941998314223305
    endloop
  endfacet
  facet normal 0.01501552171113343 0.05848159589748096 -0.998175554223317
    outer loop
      vertex 0.9854245870174034 15.165776590487859 57.98544652293904
      vertex 1.0305972302214852 15.402579879007789 58
      vertex 1.6995934690622108 15.230810839623345 58
    endloop
  endfacet
  facet normal 0.2897815666799751 0.7319046903499632 -0.6167188726285451
    outer loop
      vertex 1.1909614677471456 13.665402502695468 57.13783414457452
      vertex 1.236988385747857 13.807058790493173 57.3275748174449
      vertex 1.7043853514376308 13.622003240549523 57.3275748174449
    endloop
  endfacet
  facet normal 0.26030336752459976 0.6574512581593762 -0.707106781186552
    outer loop
      vertex 1.236988385747857 13.807058790493173 57.3275748174449
      vertex 1.7770983123148711 13.776526148004207 57.49801400952466
      vertex 1.7043853514376308 13.622003240549523 57.3275748174449
    endloop
  endfacet
  facet normal 0.2603033675245992 0.6574512581593785 -0.70710678118655
    outer loop
      vertex 1.236988385747857 13.807058790493173 57.3275748174449
      vertex 1.2897611275592185 13.9694765891776 57.49801400952466
      vertex 1.7770983123148711 13.776526148004207 57.49801400952466
    endloop
  endfacet
  facet normal 0.2270293591185798 0.5734107061735306 -0.7871834806090506
    outer loop
      vertex 1.2897611275592185 13.9694765891776 57.49801400952466
      vertex 1.3485101477717558 14.150287481510901 57.64666633359765
      vertex 1.8580456927553308 13.948548087773894 57.64666633359765
    endloop
  endfacet
  facet normal 0.22702935911858013 0.5734107061735283 -0.7871834806090523
    outer loop
      vertex 1.2897611275592185 13.9694765891776 57.49801400952466
      vertex 1.8580456927553308 13.948548087773894 57.64666633359765
      vertex 1.7770983123148711 13.776526148004207 57.49801400952466
    endloop
  endfacet
  facet normal 0.3792285339755845 0.6898141424778884 -0.6167188726285457
    outer loop
      vertex 1.640967128828527 13.487232657355813 57.13783414457452
      vertex 1.7043853514376308 13.622003240549523 57.3275748174449
      vertex 2.1449031419847757 13.37982653582255 57.3275748174449
    endloop
  endfacet
  facet normal 0.3406512898188553 0.6196423958580849 -0.7071067811865496
    outer loop
      vertex 1.7043853514376308 13.622003240549523 57.3275748174449
      vertex 2.2364095950982437 13.524017633489418 57.49801400952466
      vertex 2.1449031419847757 13.37982653582255 57.3275748174449
    endloop
  endfacet
  facet normal 0.3406512898188555 0.6196423958580819 -0.707106781186552
    outer loop
      vertex 1.7043853514376308 13.622003240549523 57.3275748174449
      vertex 1.7770983123148711 13.776526148004207 57.49801400952466
      vertex 2.2364095950982437 13.524017633489418 57.49801400952466
    endloop
  endfacet
  facet normal 0.2971065827766676 0.5404348677935102 -0.7871834806090523
    outer loop
      vertex 1.7770983123148711 13.776526148004207 57.49801400952466
      vertex 1.8580456927553308 13.948548087773894 57.64666633359765
      vertex 2.3382787472214583 13.684537731944395 57.64666633359765
    endloop
  endfacet
  facet normal 0.19044475143101972 0.48100853488321577 -0.8557812723014445
    outer loop
      vertex 1.3485101477717558 14.150287481510901 57.64666633359765
      vertex 1.94604709767456 14.135560592617063 57.771364104043
      vertex 1.8580456927553308 13.948548087773894 57.64666633359765
    endloop
  endfacet
  facet normal 0.4626948407502558 0.6368448135039425 -0.6167188726285454
    outer loop
      vertex 2.065093758022035 13.254067069837845 57.13783414457452
      vertex 2.1449031419847757 13.37982653582255 57.3275748174449
      vertex 2.5515945286797943 13.084347947615147 57.3275748174449
    endloop
  endfacet
  facet normal 0.4156269377774508 0.5720614028176836 -0.7071067811865497
    outer loop
      vertex 2.1449031419847757 13.37982653582255 57.3275748174449
      vertex 2.2364095950982437 13.524017633489418 57.49801400952466
      vertex 2.660451362600585 13.215933255748407 57.49801400952466
    endloop
  endfacet
  facet normal 0.5388641734857961 0.5738320613883844 -0.6167188726285481
    outer loop
      vertex 2.456652625024324 12.969582900743086 57.13783414457452
      vertex 2.5515945286797943 13.084347947615147 57.3275748174449
      vertex 2.918045745408841 12.740227349773697 57.3275748174449
    endloop
  endfacet
  facet normal 0.41562693777745086 0.5720614028176823 -0.7071067811865508
    outer loop
      vertex 2.1449031419847757 13.37982653582255 57.3275748174449
      vertex 2.660451362600585 13.215933255748407 57.49801400952466
      vertex 2.5515945286797943 13.084347947615147 57.3275748174449
    endloop
  endfacet
  facet normal 0.3624982581414969 0.49893604870825115 -0.7871834806090497
    outer loop
      vertex 2.660451362600585 13.215933255748407 57.49801400952466
      vertex 2.2364095950982437 13.524017633489418 57.49801400952466
      vertex 2.78163574902389 13.362420015045979 57.64666633359765
    endloop
  endfacet
  facet normal 0.2971065827766676 0.5404348677935101 -0.7871834806090526
    outer loop
      vertex 1.7770983123148711 13.776526148004207 57.49801400952466
      vertex 2.3382787472214583 13.684537731944395 57.64666633359765
      vertex 2.2364095950982437 13.524017633489418 57.49801400952466
    endloop
  endfacet
  facet normal 0.3624982581414965 0.49893604870824737 -0.7871834806090523
    outer loop
      vertex 2.2364095950982437 13.524017633489418 57.49801400952466
      vertex 2.3382787472214583 13.684537731944395 57.64666633359765
      vertex 2.78163574902389 13.362420015045979 57.64666633359765
    endloop
  endfacet
  facet normal 0.24922939273183864 0.45334658240317427 -0.8557812723014454
    outer loop
      vertex 1.8580456927553308 13.948548087773894 57.64666633359765
      vertex 2.4490251167271087 13.85904608669222 57.771364104043
      vertex 2.3382787472214583 13.684537731944395 57.64666633359765
    endloop
  endfacet
  facet normal 0.24922939273183875 0.4533465824031759 -0.8557812723014449
    outer loop
      vertex 1.8580456927553308 13.948548087773894 57.64666633359765
      vertex 1.94604709767456 14.135560592617063 57.771364104043
      vertex 2.4490251167271087 13.85904608669222 57.771364104043
    endloop
  endfacet
  facet normal 0.19771787692526516 0.35964748299380644 -0.9118998459920834
    outer loop
      vertex 2.4490251167271087 13.85904608669222 57.771364104043
      vertex 1.94604709767456 14.135560592617063 57.771364104043
      vertex 2.5670337721686973 14.044997972962083 57.8702889465727
    endloop
  endfacet
  facet normal 0.3040835376268515 0.41853508350251634 -0.8557812723014456
    outer loop
      vertex 2.3382787472214583 13.684537731944395 57.64666633359765
      vertex 2.4490251167271087 13.85904608669222 57.771364104043
      vertex 2.9133805467121827 13.52167211869785 57.771364104043
    endloop
  endfacet
  facet normal 0.30408353762685086 0.41853508350251273 -0.8557812723014476
    outer loop
      vertex 2.3382787472214583 13.684537731944395 57.64666633359765
      vertex 2.9133805467121827 13.52167211869785 57.771364104043
      vertex 2.78163574902389 13.362420015045979 57.64666633359765
    endloop
  endfacet
  facet normal 0.24123459439711917 0.3320309343203914 -0.9118998459920833
    outer loop
      vertex 2.4490251167271087 13.85904608669222 57.771364104043
      vertex 2.5670337721686973 14.044997972962083 57.8702889465727
      vertex 3.0537646198517217 13.691367312428266 57.8702889465727
    endloop
  endfacet
  facet normal 0.19044475143102 0.4810085348832126 -0.8557812723014464
    outer loop
      vertex 1.3485101477717558 14.150287481510901 57.64666633359765
      vertex 1.4123787533794967 14.346854837532184 57.771364104043
      vertex 1.94604709767456 14.135560592617063 57.771364104043
    endloop
  endfacet
  facet normal 0.15108303042336568 0.3815921760174185 -0.9118998459920825
    outer loop
      vertex 1.4123787533794967 14.346854837532184 57.771364104043
      vertex 1.4804355962931066 14.556312262559523 57.8702889465727
      vertex 2.039819268426932 14.33483659909762 57.8702889465727
    endloop
  endfacet
  facet normal 0.15108303042336574 0.3815921760174169 -0.9118998459920832
    outer loop
      vertex 1.4123787533794967 14.346854837532184 57.771364104043
      vertex 2.039819268426932 14.33483659909762 57.8702889465727
      vertex 1.94604709767456 14.135560592617063 57.771364104043
    endloop
  endfacet
  facet normal 0.10951817862276912 0.27661134395450676 -0.954720866508548
    outer loop
      vertex 1.4804355962931066 14.556312262559523 57.8702889465727
      vertex 2.1379947956063368 14.543470214310592 57.941998314223305
      vertex 2.039819268426932 14.33483659909762 57.8702889465727
    endloop
  endfacet
  facet normal 0.10951817862276915 0.2766113439545064 -0.9547208665085481
    outer loop
      vertex 1.4804355962931066 14.556312262559523 57.8702889465727
      vertex 1.5516882544922408 14.775605395678975 57.941998314223305
      vertex 2.1379947956063368 14.543470214310592 57.941998314223305
    endloop
  endfacet
  facet normal 0.06635630516439778 0.1675968956222523 -0.9836199069471465
    outer loop
      vertex 1.5516882544922408 14.775605395678975 57.941998314223305
      vertex 2.2391420589544646 14.758419090344182 57.98544652293904
      vertex 2.1379947956063368 14.543470214310592 57.941998314223305
    endloop
  endfacet
  facet normal 0.01501552171113342 0.05848159589748114 -0.9981755542233172
    outer loop
      vertex 0.9854245870174034 15.165776590487859 57.98544652293904
      vertex 1.6995934690622108 15.230810839623345 58
      vertex 1.625097703773343 15.001536449204524 57.98544652293904
    endloop
  endfacet
  facet normal 0.06635630516439778 0.16759689562225208 -0.9836199069471465
    outer loop
      vertex 1.5516882544922408 14.775605395678975 57.941998314223305
      vertex 1.625097703773343 15.001536449204524 57.98544652293904
      vertex 2.2391420589544646 14.758419090344182 57.98544652293904
    endloop
  endfacet
  facet normal 0.022226807355354483 0.05613850715651211 -0.998175554223317
    outer loop
      vertex 1.625097703773343 15.001536449204524 57.98544652293904
      vertex 1.6995934690622108 15.230810839623345 58
      vertex 2.3417861036079 14.976548788563107 58
    endloop
  endfacet
  facet normal 0.19771787692526518 0.35964748299380694 -0.9118998459920832
    outer loop
      vertex 2.5670337721686973 14.044997972962083 57.8702889465727
      vertex 1.94604709767456 14.135560592617063 57.771364104043
      vertex 2.039819268426932 14.33483659909762 57.8702889465727
    endloop
  endfacet
  facet normal 0.14332318925122092 0.26070391342675686 -0.954720866508548
    outer loop
      vertex 2.039819268426932 14.33483659909762 57.8702889465727
      vertex 2.1379947956063368 14.543470214310592 57.941998314223305
      vertex 2.6905838816175365 14.239681793524984 57.941998314223305
    endloop
  endfacet
  facet normal 0.08683852674218502 0.1579586937478708 -0.9836199069471466
    outer loop
      vertex 2.1379947956063368 14.543470214310592 57.941998314223305
      vertex 2.2391420589544646 14.758419090344182 57.98544652293904
      vertex 2.8178738062672437 14.44025861988733 57.98544652293904
    endloop
  endfacet
  facet normal 0.14332318925122098 0.26070391342675764 -0.9547208665085477
    outer loop
      vertex 2.5670337721686973 14.044997972962083 57.8702889465727
      vertex 2.039819268426932 14.33483659909762 57.8702889465727
      vertex 2.6905838816175365 14.239681793524984 57.941998314223305
    endloop
  endfacet
  facet normal 0.08683852674218498 0.1579586937478706 -0.9836199069471465
    outer loop
      vertex 2.1379947956063368 14.543470214310592 57.941998314223305
      vertex 2.8178738062672437 14.44025861988733 57.98544652293904
      vertex 2.6905838816175365 14.239681793524984 57.941998314223305
    endloop
  endfacet
  facet normal 0.029087562969930467 0.05291008062216626 -0.998175554223317
    outer loop
      vertex 2.2391420589544646 14.758419090344182 57.98544652293904
      vertex 2.3417861036079 14.976548788563107 58
      vertex 2.9470473723844814 14.643803590261083 58
    endloop
  endfacet
  facet normal 0.02908756296993048 0.05291008062216633 -0.9981755542233172
    outer loop
      vertex 2.2391420589544646 14.758419090344182 57.98544652293904
      vertex 2.9470473723844814 14.643803590261083 58
      vertex 2.8178738062672437 14.44025861988733 57.98544652293904
    endloop
  endfacet
  facet normal 0.022226807355354487 0.05613850715651218 -0.9981755542233172
    outer loop
      vertex 1.625097703773343 15.001536449204524 57.98544652293904
      vertex 2.3417861036079 14.976548788563107 58
      vertex 2.2391420589544646 14.758419090344182 57.98544652293904
    endloop
  endfacet
  facet normal 0.9493213652506125 0.3084532096246366 -0.060378497422287986
    outer loop
      vertex 3.3900410639502088 10.87041460507699 56.003946543143456
      vertex 3.254217700608879 11.288435934396373 56.003946543143456
      vertex 3.4041651874987964 10.87404106363271 56.244544200445105
    endloop
  endfacet
  facet normal 0.9804951209026075 0.18703944753769988 -0.06037849742228761
    outer loop
      vertex 3.3900410639502088 10.87041460507699 56.003946543143456
      vertex 3.4041651874987964 10.87404106363271 56.244544200445105
      vertex 3.4868687209935834 10.440493958246295 56.244544200445105
    endloop
  endfacet
  facet normal 0.9354781220597137 0.3039552672521725 -0.18025503781390348
    outer loop
      vertex 3.4041651874987964 10.87404106363271 56.244544200445105
      vertex 3.2677759354474394 11.293804019318817 56.244544200445105
      vertex 3.4463315966184638 10.884867557368052 56.48163340212456
    endloop
  endfacet
  facet normal 0.9493213652506124 0.30845320962463757 -0.06037849742228621
    outer loop
      vertex 3.4041651874987964 10.87404106363271 56.244544200445105
      vertex 3.254217700608879 11.288435934396373 56.003946543143456
      vertex 3.2677759354474394 11.293804019318817 56.244544200445105
    endloop
  endfacet
  facet normal 0.9962058827785744 0.06267596163114175 -0.060378497422287285
    outer loop
      vertex 3.4999999999999996 10 56.003946543143456
      vertex 3.4724014546006723 10.438666317475064 56.003946543143456
      vertex 3.514582251803892 10 56.244544200445105
    endloop
  endfacet
  facet normal 0.9816789577473792 0.06176200497658551 -0.18025503781390295
    outer loop
      vertex 3.514582251803892 10 56.244544200445105
      vertex 3.4868687209935834 10.440493958246295 56.244544200445105
      vertex 3.5581163651478955 10 56.48163340212456
    endloop
  endfacet
  facet normal 0.9962058827785744 0.06267596163114185 -0.060378497422287083
    outer loop
      vertex 3.514582251803892 10 56.244544200445105
      vertex 3.4724014546006723 10.438666317475064 56.003946543143456
      vertex 3.4868687209935834 10.440493958246295 56.244544200445105
    endloop
  endfacet
  facet normal 0.9804951209026075 0.18703944753770027 -0.060378497422286924
    outer loop
      vertex 3.3900410639502088 10.87041460507699 56.003946543143456
      vertex 3.4868687209935834 10.440493958246295 56.244544200445105
      vertex 3.4724014546006723 10.438666317475064 56.003946543143456
    endloop
  endfacet
  facet normal 0.9661972941571187 0.1843119912164444 -0.18025503781390267
    outer loop
      vertex 3.4041651874987964 10.87404106363271 56.244544200445105
      vertex 3.53005955485086 10.445950229442055 56.48163340212456
      vertex 3.4868687209935834 10.440493958246295 56.244544200445105
    endloop
  endfacet
  facet normal 0.9354781220597136 0.30395526725217176 -0.18025503781390478
    outer loop
      vertex 3.2677759354474394 11.293804019318817 56.244544200445105
      vertex 3.3082529303686883 11.309829995320102 56.48163340212456
      vertex 3.4463315966184638 10.884867557368052 56.48163340212456
    endloop
  endfacet
  facet normal 0.907993501335907 0.2950249726355158 -0.2975030538552061
    outer loop
      vertex 3.3082529303686883 11.309829995320102 56.48163340212456
      vertex 3.5159254101137623 10.902736211625216 56.71175685374293
      vertex 3.4463315966184638 10.884867557368052 56.48163340212456
    endloop
  endfacet
  facet normal 0.9079935013359071 0.29502497263551664 -0.2975030538552047
    outer loop
      vertex 3.3082529303686883 11.309829995320102 56.48163340212456
      vertex 3.375058439640419 11.336280167582776 56.71175685374293
      vertex 3.5159254101137623 10.902736211625216 56.71175685374293
    endloop
  endfacet
  facet normal 0.9528369429637275 0.059947419213547605 -0.29750305385520615
    outer loop
      vertex 3.5581163651478955 10 56.48163340212456
      vertex 3.53005955485086 10.445950229442055 56.48163340212456
      vertex 3.62996751462917 10 56.71175685374293
    endloop
  endfacet
  facet normal 0.9816789577473792 0.0617620049765859 -0.1802550378139022
    outer loop
      vertex 3.4868687209935834 10.440493958246295 56.244544200445105
      vertex 3.53005955485086 10.445950229442055 56.48163340212456
      vertex 3.5581163651478955 10 56.48163340212456
    endloop
  endfacet
  facet normal 0.9528369429637272 0.05994741921354717 -0.2975030538552069
    outer loop
      vertex 3.62996751462917 10 56.71175685374293
      vertex 3.53005955485086 10.445950229442055 56.48163340212456
      vertex 3.601344136557577 10.454955566341853 56.71175685374293
    endloop
  endfacet
  facet normal 0.9101004199497335 0.05725866508854384 -0.4104128054527498
    outer loop
      vertex 3.62996751462917 10 56.71175685374293
      vertex 3.601344136557577 10.454955566341853 56.71175685374293
      vertex 3.72908794869358 10 56.93155883718276
    endloop
  endfacet
  facet normal 0.9378101351759898 0.1788968510287931 -0.29750305385520626
    outer loop
      vertex 3.53005955485086 10.445950229442055 56.48163340212456
      vertex 3.4463315966184638 10.884867557368052 56.48163340212456
      vertex 3.601344136557577 10.454955566341853 56.71175685374293
    endloop
  endfacet
  facet normal 0.8957475926594878 0.17087299191251845 -0.41041280545275
    outer loop
      vertex 3.601344136557577 10.454955566341853 56.71175685374293
      vertex 3.5159254101137623 10.902736211625216 56.71175685374293
      vertex 3.69968297639355 10.467378650855444 56.93155883718276
    endloop
  endfacet
  facet normal 0.8540925834451959 0.05373495069126419 -0.5173378141776597
    outer loop
      vertex 3.72908794869358 10 56.93155883718276
      vertex 3.69968297639355 10.467378650855444 56.93155883718276
      vertex 3.854032268212687 10 57.13783414457452
    endloop
  endfacet
  facet normal 0.9101004199497337 0.05725866508854396 -0.4104128054527496
    outer loop
      vertex 3.601344136557577 10.454955566341853 56.71175685374293
      vertex 3.69968297639355 10.467378650855444 56.93155883718276
      vertex 3.72908794869358 10 56.93155883718276
    endloop
  endfacet
  facet normal 0.840623033194087 0.16035741980168977 -0.5173378141776587
    outer loop
      vertex 3.69968297639355 10.467378650855444 56.93155883718276
      vertex 3.6119317934723103 10.927386461188425 56.93155883718276
      vertex 3.8236420726341893 10.483038326436265 57.13783414457452
    endloop
  endfacet
  facet normal 0.7856301538250284 0.04942765971233543 -0.6167188726285452
    outer loop
      vertex 3.854032268212687 10 57.13783414457452
      vertex 3.8236420726341893 10.483038326436265 57.13783414457452
      vertex 4.002978503657798 10 57.3275748174449
    endloop
  endfacet
  facet normal 0.8540925834451962 0.05373495069126476 -0.5173378141776588
    outer loop
      vertex 3.69968297639355 10.467378650855444 56.93155883718276
      vertex 3.8236420726341893 10.483038326436265 57.13783414457452
      vertex 3.854032268212687 10 57.13783414457452
    endloop
  endfacet
  facet normal 0.7732402969865022 0.14750347541668965 -0.6167188726285453
    outer loop
      vertex 3.8236420726341893 10.483038326436265 57.13783414457452
      vertex 3.7329507574371927 10.958458849911521 57.13783414457452
      vertex 3.9714138225247315 10.501706239751831 57.3275748174449
    endloop
  endfacet
  facet normal 0.9661972941571186 0.18431199121644387 -0.18025503781390353
    outer loop
      vertex 3.4041651874987964 10.87404106363271 56.244544200445105
      vertex 3.4463315966184638 10.884867557368052 56.48163340212456
      vertex 3.53005955485086 10.445950229442055 56.48163340212456
    endloop
  endfacet
  facet normal 0.9378101351759899 0.17889685102879344 -0.29750305385520576
    outer loop
      vertex 3.601344136557577 10.454955566341853 56.71175685374293
      vertex 3.4463315966184638 10.884867557368052 56.48163340212456
      vertex 3.5159254101137623 10.902736211625216 56.71175685374293
    endloop
  endfacet
  facet normal 0.8672682907393275 0.2817925495794549 -0.41041280545274855
    outer loop
      vertex 3.375058439640419 11.336280167582776 56.71175685374293
      vertex 3.6119317934723103 10.927386461188425 56.93155883718276
      vertex 3.5159254101137623 10.902736211625216 56.71175685374293
    endloop
  endfacet
  facet normal 0.8957475926594881 0.17087299191251912 -0.4104128054527489
    outer loop
      vertex 3.69968297639355 10.467378650855444 56.93155883718276
      vertex 3.5159254101137623 10.902736211625216 56.71175685374293
      vertex 3.6119317934723103 10.927386461188425 56.93155883718276
    endloop
  endfacet
  facet normal 0.8406230331940864 0.16035741980168872 -0.5173378141776601
    outer loop
      vertex 3.8236420726341893 10.483038326436265 57.13783414457452
      vertex 3.6119317934723103 10.927386461188425 56.93155883718276
      vertex 3.7329507574371927 10.958458849911521 57.13783414457452
    endloop
  endfacet
  facet normal 0.813896355545647 0.2644509566089609 -0.5173378141776601
    outer loop
      vertex 3.6119317934723103 10.927386461188425 56.93155883718276
      vertex 3.467218288504544 11.372768833034648 56.93155883718276
      vertex 3.7329507574371927 10.958458849911521 57.13783414457452
    endloop
  endfacet
  facet normal 0.8672682907393273 0.28179254957945377 -0.4104128054527501
    outer loop
      vertex 3.375058439640419 11.336280167582776 56.71175685374293
      vertex 3.467218288504544 11.372768833034648 56.93155883718276
      vertex 3.6119317934723103 10.927386461188425 56.93155883718276
    endloop
  endfacet
  facet normal 0.8138963555456472 0.2644509566089613 -0.5173378141776596
    outer loop
      vertex 3.7329507574371927 10.958458849911521 57.13783414457452
      vertex 3.467218288504544 11.372768833034648 56.93155883718276
      vertex 3.583388578838718 11.418763904768111 57.13783414457452
    endloop
  endfacet
  facet normal 0.7486559787531352 0.2432530731994179 -0.6167188726285454
    outer loop
      vertex 3.7329507574371927 10.958458849911521 57.13783414457452
      vertex 3.583388578838718 11.418763904768111 57.13783414457452
      vertex 3.8772175730028278 10.995500272397996 57.3275748174449
    endloop
  endfacet
  facet normal 0.8427874949841975 0.5348492080458642 -0.06037849742228542
    outer loop
      vertex 3.0670733801535217 11.686137859356004 56.003946543143456
      vertex 2.8315594803123156 12.057248383023655 56.003946543143456
      vertex 3.0798519048193542 11.693162912739204 56.244544200445105
    endloop
  endfacet
  facet normal 0.8427874949841987 0.534849208045862 -0.06037849742228991
    outer loop
      vertex 3.0798519048193542 11.693162912739204 56.244544200445105
      vertex 2.8315594803123156 12.057248383023655 56.003946543143456
      vertex 2.843356769837919 12.0658196155792 56.244544200445105
    endloop
  endfacet
  facet normal 0.8304977555151681 0.5270499022170253 -0.1802550378139045
    outer loop
      vertex 3.0798519048193542 11.693162912739204 56.244544200445105
      vertex 2.843356769837919 12.0658196155792 56.244544200445105
      vertex 3.1180011391524913 11.71413563179144 56.48163340212456
    endloop
  endfacet
  facet normal 0.9031762445715197 0.42500248033477805 -0.06037849742228625
    outer loop
      vertex 3.254217700608879 11.288435934396373 56.003946543143456
      vertex 3.0670733801535217 11.686137859356004 56.003946543143456
      vertex 3.2677759354474394 11.293804019318817 56.244544200445105
    endloop
  endfacet
  facet normal 0.8900059011498842 0.4188049871492579 -0.18025503781390495
    outer loop
      vertex 3.2677759354474394 11.293804019318817 56.244544200445105
      vertex 3.0798519048193542 11.693162912739204 56.244544200445105
      vertex 3.3082529303686883 11.309829995320102 56.48163340212456
    endloop
  endfacet
  facet normal 0.9031762445715196 0.4250024803347783 -0.060378497422285855
    outer loop
      vertex 3.2677759354474394 11.293804019318817 56.244544200445105
      vertex 3.0670733801535217 11.686137859356004 56.003946543143456
      vertex 3.0798519048193542 11.693162912739204 56.244544200445105
    endloop
  endfacet
  facet normal 0.7578921641606635 0.6269829254824849 -0.18025503781390043
    outer loop
      vertex 2.562020200057137 12.405897109020687 56.244544200445105
      vertex 2.8785766073682635 12.091408325374433 56.48163340212456
      vertex 2.843356769837919 12.0658196155792 56.244544200445105
    endloop
  endfacet
  facet normal 0.8060974886526459 0.511565022000844 -0.2975030538552061
    outer loop
      vertex 3.1180011391524913 11.71413563179144 56.48163340212456
      vertex 2.8785766073682635 12.091408325374433 56.48163340212456
      vertex 3.1809647814117623 11.748750187042475 56.71175685374293
    endloop
  endfacet
  facet normal 0.8304977555151677 0.5270499022170273 -0.18025503781390095
    outer loop
      vertex 2.843356769837919 12.0658196155792 56.244544200445105
      vertex 2.8785766073682635 12.091408325374433 56.48163340212456
      vertex 3.1180011391524913 11.71413563179144 56.48163340212456
    endloop
  endfacet
  facet normal 0.8060974886526457 0.5115650220008437 -0.29750305385520637
    outer loop
      vertex 3.1809647814117623 11.748750187042475 56.71175685374293
      vertex 2.8785766073682635 12.091408325374433 56.48163340212456
      vertex 2.936705408363989 12.133641371399788 56.71175685374293
    endloop
  endfacet
  facet normal 0.8900059011498842 0.41880498714925846 -0.1802550378139041
    outer loop
      vertex 3.3082529303686883 11.309829995320102 56.48163340212456
      vertex 3.0798519048193542 11.693162912739204 56.244544200445105
      vertex 3.1180011391524913 11.71413563179144 56.48163340212456
    endloop
  endfacet
  facet normal 0.8638572675707306 0.40650037418440144 -0.29750305385520465
    outer loop
      vertex 3.3082529303686883 11.309829995320102 56.48163340212456
      vertex 3.1180011391524913 11.71413563179144 56.48163340212456
      vertex 3.375058439640419 11.336280167582776 56.71175685374293
    endloop
  endfacet
  facet normal 0.8638572675707306 0.40650037418440055 -0.29750305385520603
    outer loop
      vertex 3.375058439640419 11.336280167582776 56.71175685374293
      vertex 3.1180011391524913 11.71413563179144 56.48163340212456
      vertex 3.1809647814117623 11.748750187042475 56.71175685374293
    endloop
  endfacet
  facet normal 0.8251116497932428 0.38826807040481237 -0.41041280545274994
    outer loop
      vertex 3.375058439640419 11.336280167582776 56.71175685374293
      vertex 3.1809647814117623 11.748750187042475 56.71175685374293
      vertex 3.467218288504544 11.372768833034648 56.93155883718276
    endloop
  endfacet
  facet normal 0.7699425052321105 0.48862037181978335 -0.4104128054527516
    outer loop
      vertex 3.1809647814117623 11.748750187042475 56.71175685374293
      vertex 2.936705408363989 12.133641371399788 56.71175685374293
      vertex 3.2678246799112523 11.796501820331562 56.93155883718276
    endloop
  endfacet
  facet normal 0.7699425052321105 0.48862037181978346 -0.4104128054527514
    outer loop
      vertex 3.2678246799112523 11.796501820331562 56.93155883718276
      vertex 2.936705408363989 12.133641371399788 56.71175685374293
      vertex 3.016895524011918 12.191902900743678 56.93155883718276
    endloop
  endfacet
  facet normal 0.8251116497932425 0.3882680704048113 -0.4104128054527514
    outer loop
      vertex 3.1809647814117623 11.748750187042475 56.71175685374293
      vertex 3.2678246799112523 11.796501820331562 56.93155883718276
      vertex 3.467218288504544 11.372768833034648 56.93155883718276
    endloop
  endfacet
  facet normal 0.7743340461721376 0.3643739438551662 -0.5173378141776589
    outer loop
      vertex 3.2678246799112523 11.796501820331562 56.93155883718276
      vertex 3.3773142217393803 11.85669420531803 57.13783414457452
      vertex 3.583388578838718 11.418763904768111 57.13783414457452
    endloop
  endfacet
  facet normal 0.7225600263257552 0.4585505363403318 -0.5173378141776589
    outer loop
      vertex 3.2678246799112523 11.796501820331562 56.93155883718276
      vertex 3.016895524011918 12.191902900743678 56.93155883718276
      vertex 3.3773142217393803 11.85669420531803 57.13783414457452
    endloop
  endfacet
  facet normal 0.6646409951720932 0.421794001475158 -0.6167188726285453
    outer loop
      vertex 3.3773142217393803 11.85669420531803 57.13783414457452
      vertex 3.117977601853489 12.265343329114726 57.13783414457452
      vertex 3.5078368028273172 11.928449601487332 57.3275748174449
    endloop
  endfacet
  facet normal 0.7356250707992101 0.6085619838262025 -0.29750305385520653
    outer loop
      vertex 2.593755202907524 12.435698260319496 56.48163340212456
      vertex 2.936705408363989 12.133641371399788 56.71175685374293
      vertex 2.8785766073682635 12.091408325374433 56.48163340212456
    endloop
  endfacet
  facet normal 0.7026309074221099 0.5812668380834952 -0.4104128054527517
    outer loop
      vertex 2.6461324367235393 12.484883756754552 56.71175685374293
      vertex 3.016895524011918 12.191902900743678 56.93155883718276
      vertex 2.936705408363989 12.133641371399788 56.71175685374293
    endloop
  endfacet
  facet normal 0.6593908032277778 0.5454955129425993 -0.5173378141776575
    outer loop
      vertex 2.7183881234928866 12.55273636303174 56.93155883718276
      vertex 3.117977601853489 12.265343329114726 57.13783414457452
      vertex 3.016895524011918 12.191902900743678 56.93155883718276
    endloop
  endfacet
  facet normal 0.7026309074221099 0.581266838083497 -0.4104128054527492
    outer loop
      vertex 2.6461324367235393 12.484883756754552 56.71175685374293
      vertex 2.7183881234928866 12.55273636303174 56.93155883718276
      vertex 3.016895524011918 12.191902900743678 56.93155883718276
    endloop
  endfacet
  facet normal 0.6593908032277777 0.545495512942597 -0.5173378141776601
    outer loop
      vertex 2.7183881234928866 12.55273636303174 56.93155883718276
      vertex 2.8094686125968322 12.638266635360774 57.13783414457452
      vertex 3.117977601853489 12.265343329114726 57.13783414457452
    endloop
  endfacet
  facet normal 0.6065352963036107 0.5017696348740798 -0.6167188726285453
    outer loop
      vertex 2.8094686125968322 12.638266635360774 57.13783414457452
      vertex 3.2384776375767563 12.352891729693845 57.3275748174449
      vertex 3.117977601853489 12.265343329114726 57.13783414457452
    endloop
  endfacet
  facet normal 0.7225600263257554 0.4585505363403328 -0.5173378141776577
    outer loop
      vertex 3.3773142217393803 11.85669420531803 57.13783414457452
      vertex 3.016895524011918 12.191902900743678 56.93155883718276
      vertex 3.117977601853489 12.265343329114726 57.13783414457452
    endloop
  endfacet
  facet normal 0.7743340461721374 0.36437394385516547 -0.5173378141776599
    outer loop
      vertex 3.2678246799112523 11.796501820331562 56.93155883718276
      vertex 3.583388578838718 11.418763904768111 57.13783414457452
      vertex 3.467218288504544 11.372768833034648 56.93155883718276
    endloop
  endfacet
  facet normal 0.7122649085094275 0.3351664247054486 -0.6167188726285451
    outer loop
      vertex 3.3773142217393803 11.85669420531803 57.13783414457452
      vertex 3.7218752862171574 11.47359467106541 57.3275748174449
      vertex 3.583388578838718 11.418763904768111 57.13783414457452
    endloop
  endfacet
  facet normal 0.7856301538250282 0.04942765971233538 -0.6167188726285453
    outer loop
      vertex 3.8236420726341893 10.483038326436265 57.13783414457452
      vertex 3.9714138225247315 10.501706239751831 57.3275748174449
      vertex 4.002978503657798 10 57.3275748174449
    endloop
  endfacet
  facet normal 0.7057114674770523 0.04439960215340365 -0.707106781186551
    outer loop
      vertex 4.002978503657798 10 57.3275748174449
      vertex 3.9714138225247315 10.501706239751831 57.3275748174449
      vertex 4.173754683518409 10 57.49801400952466
    endloop
  endfacet
  facet normal 0.7057114674770527 0.044399602153404036 -0.7071067811865506
    outer loop
      vertex 3.9714138225247315 10.501706239751831 57.3275748174449
      vertex 4.140843381198769 10.52311017058952 57.49801400952466
      vertex 4.173754683518409 10 57.49801400952466
    endloop
  endfacet
  facet normal 0.6945819760633435 0.13249859821121496 -0.7071067811865503
    outer loop
      vertex 3.9714138225247315 10.501706239751831 57.3275748174449
      vertex 3.8772175730028278 10.995500272397996 57.3275748174449
      vertex 4.140843381198769 10.52311017058952 57.49801400952466
    endloop
  endfacet
  facet normal 0.7486559787531353 0.24325307319941813 -0.6167188726285451
    outer loop
      vertex 3.583388578838718 11.418763904768111 57.13783414457452
      vertex 3.7218752862171574 11.47359467106541 57.3275748174449
      vertex 3.8772175730028278 10.995500272397996 57.3275748174449
    endloop
  endfacet
  facet normal 0.7732402969865021 0.1475034754166896 -0.6167188726285454
    outer loop
      vertex 3.7329507574371927 10.958458849911521 57.13783414457452
      vertex 3.8772175730028278 10.995500272397996 57.3275748174449
      vertex 3.9714138225247315 10.501706239751831 57.3275748174449
    endloop
  endfacet
  facet normal 0.6945819760633433 0.13249859821121485 -0.7071067811865506
    outer loop
      vertex 3.8772175730028278 10.995500272397996 57.3275748174449
      vertex 4.04262850513769 11.037970581297976 57.49801400952466
      vertex 4.140843381198769 10.52311017058952 57.49801400952466
    endloop
  endfacet
  facet normal 0.6724985119639542 0.21850801222440977 -0.7071067811865507
    outer loop
      vertex 3.8772175730028278 10.995500272397996 57.3275748174449
      vertex 3.7218752862171574 11.47359467106541 57.3275748174449
      vertex 4.04262850513769 11.037970581297976 57.49801400952466
    endloop
  endfacet
  facet normal 0.6724985119639538 0.2185080122244092 -0.7071067811865515
    outer loop
      vertex 4.04262850513769 11.037970581297976 57.49801400952466
      vertex 3.7218752862171574 11.47359467106541 57.3275748174449
      vertex 3.8806589626013763 11.536461575885795 57.49801400952466
    endloop
  endfacet
  facet normal 0.5865345025355752 0.19057661239397772 -0.7871834806090515
    outer loop
      vertex 4.04262850513769 11.037970581297976 57.49801400952466
      vertex 3.8806589626013763 11.536461575885795 57.49801400952466
      vertex 4.226771489978275 11.085250463872894 57.64666633359765
    endloop
  endfacet
  facet normal 0.6065352963036108 0.5017696348740804 -0.6167188726285445
    outer loop
      vertex 2.8094686125968322 12.638266635360774 57.13783414457452
      vertex 2.918045745408841 12.740227349773697 57.3275748174449
      vertex 3.2384776375767563 12.352891729693845 57.3275748174449
    endloop
  endfacet
  facet normal 0.6646409951720932 0.42179400147515794 -0.6167188726285454
    outer loop
      vertex 3.117977601853489 12.265343329114726 57.13783414457452
      vertex 3.2384776375767563 12.352891729693845 57.3275748174449
      vertex 3.5078368028273172 11.928449601487332 57.3275748174449
    endloop
  endfacet
  facet normal 0.5970300016676416 0.37888676027110035 -0.7071067811865515
    outer loop
      vertex 3.2384776375767563 12.352891729693845 57.3275748174449
      vertex 3.376638469318423 12.453271449658759 57.49801400952466
      vertex 3.657489110031543 12.010721653584236 57.49801400952466
    endloop
  endfacet
  facet normal 0.5448351389607938 0.4507268256422803 -0.7071067811865516
    outer loop
      vertex 2.918045745408841 12.740227349773697 57.3275748174449
      vertex 3.376638469318423 12.453271449658759 57.49801400952466
      vertex 3.2384776375767563 12.352891729693845 57.3275748174449
    endloop
  endfacet
  facet normal 0.5448351389607942 0.4507268256422807 -0.7071067811865515
    outer loop
      vertex 2.918045745408841 12.740227349773697 57.3275748174449
      vertex 3.0425362228381028 12.857131689458836 57.49801400952466
      vertex 3.376638469318423 12.453271449658759 57.49801400952466
    endloop
  endfacet
  facet normal 0.47519005843004636 0.39311140434419917 -0.7871834806090512
    outer loop
      vertex 3.376638469318423 12.453271449658759 57.49801400952466
      vertex 3.0425362228381028 12.857131689458836 57.49801400952466
      vertex 3.5304454010406 12.565018726656938 57.64666633359765
    endloop
  endfacet
  facet normal 0.6398093445997551 0.3010714243544652 -0.7071067811865513
    outer loop
      vertex 3.7218752862171574 11.47359467106541 57.3275748174449
      vertex 3.5078368028273172 11.928449601487332 57.3275748174449
      vertex 3.8806589626013763 11.536461575885795 57.49801400952466
    endloop
  endfacet
  facet normal 0.7122649085094274 0.33516642470544855 -0.6167188726285453
    outer loop
      vertex 3.3773142217393803 11.85669420531803 57.13783414457452
      vertex 3.5078368028273172 11.928449601487332 57.3275748174449
      vertex 3.7218752862171574 11.47359467106541 57.3275748174449
    endloop
  endfacet
  facet normal 0.6398093445997554 0.30107142435446566 -0.7071067811865509
    outer loop
      vertex 3.5078368028273172 11.928449601487332 57.3275748174449
      vertex 3.657489110031543 12.010721653584236 57.49801400952466
      vertex 3.8806589626013763 11.536461575885795 57.49801400952466
    endloop
  endfacet
  facet normal 0.5865345025355746 0.19057661239397714 -0.7871834806090521
    outer loop
      vertex 3.8806589626013763 11.536461575885795 57.49801400952466
      vertex 4.057424184439995 11.606447878193048 57.64666633359765
      vertex 4.226771489978275 11.085250463872894 57.64666633359765
    endloop
  endfacet
  facet normal 0.5580239197206486 0.2625861246825902 -0.7871834806090523
    outer loop
      vertex 3.657489110031543 12.010721653584236 57.49801400952466
      vertex 4.057424184439995 11.606447878193048 57.64666633359765
      vertex 3.8806589626013763 11.536461575885795 57.49801400952466
    endloop
  endfacet
  facet normal 0.5580239197206496 0.2625861246825916 -0.7871834806090512
    outer loop
      vertex 3.657489110031543 12.010721653584236 57.49801400952466
      vertex 3.8240888757253746 12.102310649828645 57.64666633359765
      vertex 4.057424184439995 11.606447878193048 57.64666633359765
    endloop
  endfacet
  facet normal 0.46810124953158444 0.22027172802038764 -0.8557812723014461
    outer loop
      vertex 4.057424184439995 11.606447878193048 57.64666633359765
      vertex 3.8240888757253746 12.102310649828645 57.64666633359765
      vertex 4.249593316757989 11.682533020104097 57.771364104043
    endloop
  endfacet
  facet normal 0.4681012495315842 0.22027172802038747 -0.8557812723014461
    outer loop
      vertex 3.8240888757253746 12.102310649828645 57.64666633359765
      vertex 4.005206700174993 12.201881016414855 57.771364104043
      vertex 4.249593316757989 11.682533020104097 57.771364104043
    endloop
  endfacet
  facet normal 0.5970300016676421 0.3788867602711012 -0.7071067811865508
    outer loop
      vertex 3.2384776375767563 12.352891729693845 57.3275748174449
      vertex 3.657489110031543 12.010721653584236 57.49801400952466
      vertex 3.5078368028273172 11.928449601487332 57.3275748174449
    endloop
  endfacet
  facet normal 0.5207129663443981 0.33045449692361145 -0.7871834806090513
    outer loop
      vertex 3.376638469318423 12.453271449658759 57.49801400952466
      vertex 3.5304454010406 12.565018726656938 57.64666633359765
      vertex 3.8240888757253746 12.102310649828645 57.64666633359765
    endloop
  endfacet
  facet normal 0.5207129663443981 0.33045449692361156 -0.7871834806090512
    outer loop
      vertex 3.376638469318423 12.453271449658759 57.49801400952466
      vertex 3.8240888757253746 12.102310649828645 57.64666633359765
      vertex 3.657489110031543 12.010721653584236 57.49801400952466
    endloop
  endfacet
  facet normal 0.4368027634283696 0.27720346289225406 -0.8557812723014464
    outer loop
      vertex 3.5304454010406 12.565018726656938 57.64666633359765
      vertex 3.697655581335728 12.686504033756792 57.771364104043
      vertex 4.005206700174993 12.201881016414855 57.771364104043
    endloop
  endfacet
  facet normal 0.4368027634283701 0.27720346289225484 -0.8557812723014461
    outer loop
      vertex 3.5304454010406 12.565018726656938 57.64666633359765
      vertex 4.005206700174993 12.201881016414855 57.771364104043
      vertex 3.8240888757253746 12.102310649828645 57.64666633359765
    endloop
  endfacet
  facet normal 0.3465229926274014 0.219910178164097 -0.9118998459920831
    outer loop
      vertex 3.697655581335728 12.686504033756792 57.771364104043
      vertex 4.198201477658102 12.307980793185104 57.8702889465727
      vertex 4.005206700174993 12.201881016414855 57.771364104043
    endloop
  endfacet
  facet normal 0.34652299262740144 0.21991017816409716 -0.9118998459920832
    outer loop
      vertex 3.697655581335728 12.686504033756792 57.771364104043
      vertex 3.8758307092505713 12.81595584161972 57.8702889465727
      vertex 4.198201477658102 12.307980793185104 57.8702889465727
    endloop
  endfacet
  facet normal 0.25119013629207165 0.15941010784369303 -0.954720866508548
    outer loop
      vertex 4.400258909732607 12.419062806478188 57.941998314223305
      vertex 3.8758307092505713 12.81595584161972 57.8702889465727
      vertex 4.062372590204684 12.951486451386996 57.941998314223305
    endloop
  endfacet
  facet normal 0.615501918809435 0.038724098415878865 -0.7871834806090516
    outer loop
      vertex 4.173754683518409 10 57.49801400952466
      vertex 4.140843381198769 10.52311017058952 57.49801400952466
      vertex 4.363870506537689 10 57.64666633359765
    endloop
  endfacet
  facet normal 0.6155019188094348 0.03872409841587876 -0.7871834806090519
    outer loop
      vertex 4.363870506537689 10 57.64666633359765
      vertex 4.140843381198769 10.52311017058952 57.49801400952466
      vertex 4.329460084168698 10.546938001440266 57.64666633359765
    endloop
  endfacet
  facet normal 0.5163169661759621 0.032483910124374786 -0.8557812723014461
    outer loop
      vertex 4.363870506537689 10 57.64666633359765
      vertex 4.329460084168698 10.546938001440266 57.64666633359765
      vertex 4.570553655912462 10 57.771364104043
    endloop
  endfacet
  facet normal 0.4096029495310985 0.025770033275862345 -0.9118998459920833
    outer loop
      vertex 4.570553655912462 10 57.771364104043
      vertex 4.534513475177388 10.57284226887466 57.771364104043
      vertex 4.790790225914929 10 57.8702889465727
    endloop
  endfacet
  facet normal 0.5163169661759613 0.03248391012437427 -0.8557812723014466
    outer loop
      vertex 4.329460084168698 10.546938001440266 57.64666633359765
      vertex 4.534513475177388 10.57284226887466 57.771364104043
      vertex 4.570553655912462 10 57.771364104043
    endloop
  endfacet
  facet normal 0.4096029495310989 0.025770033275862518 -0.9118998459920832
    outer loop
      vertex 4.790790225914929 10 57.8702889465727
      vertex 4.534513475177388 10.57284226887466 57.771364104043
      vertex 4.7530134140439095 10.600445230342181 57.8702889465727
    endloop
  endfacet
  facet normal 0.605795085866786 0.11556159308296189 -0.7871834806090517
    outer loop
      vertex 4.04262850513769 11.037970581297976 57.49801400952466
      vertex 4.329460084168698 10.546938001440266 57.64666633359765
      vertex 4.140843381198769 10.52311017058952 57.49801400952466
    endloop
  endfacet
  facet normal 0.6057950858667861 0.11556159308296202 -0.7871834806090516
    outer loop
      vertex 4.04262850513769 11.037970581297976 57.49801400952466
      vertex 4.226771489978275 11.085250463872894 57.64666633359765
      vertex 4.329460084168698 10.546938001440266 57.64666633359765
    endloop
  endfacet
  facet normal 0.508174339186561 0.09693943970551482 -0.8557812723014467
    outer loop
      vertex 4.329460084168698 10.546938001440266 57.64666633359765
      vertex 4.226771489978275 11.085250463872894 57.64666633359765
      vertex 4.534513475177388 10.57284226887466 57.771364104043
    endloop
  endfacet
  facet normal 0.508174339186561 0.0969394397055148 -0.8557812723014467
    outer loop
      vertex 4.534513475177388 10.57284226887466 57.771364104043
      vertex 4.226771489978275 11.085250463872894 57.64666633359765
      vertex 4.426961308151715 11.136650472969784 57.771364104043
    endloop
  endfacet
  facet normal 0.4920174992995531 0.15986617641368447 -0.8557812723014467
    outer loop
      vertex 4.057424184439995 11.606447878193048 57.64666633359765
      vertex 4.426961308151715 11.136650472969784 57.771364104043
      vertex 4.226771489978275 11.085250463872894 57.64666633359765
    endloop
  endfacet
  facet normal 0.39032577299683463 0.12682453159400597 -0.911899845992083
    outer loop
      vertex 4.426961308151715 11.136650472969784 57.771364104043
      vertex 4.249593316757989 11.682533020104097 57.771364104043
      vertex 4.640278741320831 11.19142108071327 57.8702889465727
    endloop
  endfacet
  facet normal 0.40314326633205166 0.07690369100855562 -0.9118998459920832
    outer loop
      vertex 4.534513475177388 10.57284226887466 57.771364104043
      vertex 4.426961308151715 11.136650472969784 57.771364104043
      vertex 4.7530134140439095 10.600445230342181 57.8702889465727
    endloop
  endfacet
  facet normal 0.40314326633205205 0.07690369100855593 -0.9118998459920828
    outer loop
      vertex 4.7530134140439095 10.600445230342181 57.8702889465727
      vertex 4.426961308151715 11.136650472969784 57.771364104043
      vertex 4.640278741320831 11.19142108071327 57.8702889465727
    endloop
  endfacet
  facet normal 0.29223345685480956 0.0557465133246544 -0.9547208665085478
    outer loop
      vertex 4.7530134140439095 10.600445230342181 57.8702889465727
      vertex 4.640278741320831 11.19142108071327 57.8702889465727
      vertex 4.981773679640576 10.629344372508175 57.941998314223305
    endloop
  endfacet
  facet normal 0.2969159995365209 0.018680371313124996 -0.954720866508548
    outer loop
      vertex 4.790790225914929 10 57.8702889465727
      vertex 4.7530134140439095 10.600445230342181 57.8702889465727
      vertex 5.021368671424885 10 57.941998314223305
    endloop
  endfacet
  facet normal 0.17989934567211052 0.011318307472110205 -0.9836199069471466
    outer loop
      vertex 5.021368671424885 10 57.941998314223305
      vertex 4.981773679640576 10.629344372508175 57.941998314223305
      vertex 5.258926639489355 10 57.98544652293904
    endloop
  endfacet
  facet normal 0.29691599953652126 0.01868037131312515 -0.9547208665085476
    outer loop
      vertex 4.7530134140439095 10.600445230342181 57.8702889465727
      vertex 4.981773679640576 10.629344372508175 57.941998314223305
      vertex 5.021368671424885 10 57.941998314223305
    endloop
  endfacet
  facet normal 0.17989934567211027 0.011318307472110073 -0.9836199069471467
    outer loop
      vertex 4.981773679640576 10.629344372508175 57.941998314223305
      vertex 5.217458432171732 10.65911828080466 57.98544652293904
      vertex 5.258926639489355 10 57.98544652293904
    endloop
  endfacet
  facet normal 0.06025935424978581 0.0037911972215450584 -0.9981755542233172
    outer loop
      vertex 5.258926639489355 10 57.98544652293904
      vertex 5.217458432171732 10.65911828080466 57.98544652293904
      vertex 5.5 10 58
    endloop
  endfacet
  facet normal 0.060259354249785804 0.0037911972215450645 -0.998175554223317
    outer loop
      vertex 5.5 10 58
      vertex 5.217458432171732 10.65911828080466 57.98544652293904
      vertex 5.456630857229628 10.689332784603673 58
    endloop
  endfacet
  facet normal 0.2922334568548089 0.05574651332465399 -0.9547208665085478
    outer loop
      vertex 4.640278741320831 11.19142108071327 57.8702889465727
      vertex 4.86361314096099 11.24876360830979 57.941998314223305
      vertex 4.981773679640576 10.629344372508175 57.941998314223305
    endloop
  endfacet
  facet normal 0.17706222552420106 0.03377642594626597 -0.9836199069471466
    outer loop
      vertex 4.981773679640576 10.629344372508175 57.941998314223305
      vertex 4.86361314096099 11.24876360830979 57.941998314223305
      vertex 5.217458432171732 10.65911828080466 57.98544652293904
    endloop
  endfacet
  facet normal 0.1770622255242013 0.03377642594626611 -0.9836199069471466
    outer loop
      vertex 5.217458432171732 10.65911828080466 57.98544652293904
      vertex 4.86361314096099 11.24876360830979 57.941998314223305
      vertex 5.0937077886201685 11.307841872582856 57.98544652293904
    endloop
  endfacet
  facet normal 0.05930902823607332 0.011313802219700032 -0.9981755542233172
    outer loop
      vertex 5.217458432171732 10.65911828080466 57.98544652293904
      vertex 5.0937077886201685 11.307841872582856 57.98544652293904
      vertex 5.456630857229628 10.689332784603673 58
    endloop
  endfacet
  facet normal 0.059309028236073445 0.011313802219700117 -0.998175554223317
    outer loop
      vertex 5.0937077886201685 11.307841872582856 57.98544652293904
      vertex 5.327207386207471 11.3677943794067 58
      vertex 5.456630857229628 10.689332784603673 58
    endloop
  endfacet
  facet normal 0.492017499299554 0.15986617641368542 -0.855781272301446
    outer loop
      vertex 4.057424184439995 11.606447878193048 57.64666633359765
      vertex 4.249593316757989 11.682533020104097 57.771364104043
      vertex 4.426961308151715 11.136650472969784 57.771364104043
    endloop
  endfacet
  facet normal 0.39032577299683424 0.12682453159400559 -0.9118998459920832
    outer loop
      vertex 4.640278741320831 11.19142108071327 57.8702889465727
      vertex 4.249593316757989 11.682533020104097 57.771364104043
      vertex 4.454364100878964 11.763607508921062 57.8702889465727
    endloop
  endfacet
  facet normal 0.37135260905214185 0.17474527355491595 -0.9118998459920832
    outer loop
      vertex 4.005206700174993 12.201881016414855 57.771364104043
      vertex 4.454364100878964 11.763607508921062 57.8702889465727
      vertex 4.249593316757989 11.682533020104097 57.771364104043
    endloop
  endfacet
  facet normal 0.26918881131943606 0.1266706395089112 -0.9547208665085479
    outer loop
      vertex 4.454364100878964 11.763607508921062 57.8702889465727
      vertex 4.198201477658102 12.307980793185104 57.8702889465727
      vertex 4.668750517666787 11.848489096033143 57.941998314223305
    endloop
  endfacet
  facet normal 0.28294221798669156 0.09193349951970047 -0.954720866508548
    outer loop
      vertex 4.640278741320831 11.19142108071327 57.8702889465727
      vertex 4.454364100878964 11.763607508921062 57.8702889465727
      vertex 4.86361314096099 11.24876360830979 57.941998314223305
    endloop
  endfacet
  facet normal 0.28294221798669184 0.09193349951970071 -0.9547208665085479
    outer loop
      vertex 4.86361314096099 11.24876360830979 57.941998314223305
      vertex 4.454364100878964 11.763607508921062 57.8702889465727
      vertex 4.668750517666787 11.848489096033143 57.941998314223305
    endloop
  endfacet
  facet normal 0.3713526090521416 0.17474527355491576 -0.9118998459920831
    outer loop
      vertex 4.005206700174993 12.201881016414855 57.771364104043
      vertex 4.198201477658102 12.307980793185104 57.8702889465727
      vertex 4.454364100878964 11.763607508921062 57.8702889465727
    endloop
  endfacet
  facet normal 0.269188811319436 0.1266706395089111 -0.9547208665085478
    outer loop
      vertex 4.668750517666787 11.848489096033143 57.941998314223305
      vertex 4.198201477658102 12.307980793185104 57.8702889465727
      vertex 4.400258909732607 12.419062806478188 57.941998314223305
    endloop
  endfacet
  facet normal 0.2511901362920717 0.15941010784369308 -0.9547208665085479
    outer loop
      vertex 4.198201477658102 12.307980793185104 57.8702889465727
      vertex 3.8758307092505713 12.81595584161972 57.8702889465727
      vertex 4.400258909732607 12.419062806478188 57.941998314223305
    endloop
  endfacet
  facet normal 0.15219436213868848 0.09658547919063398 -0.9836199069471466
    outer loop
      vertex 4.400258909732607 12.419062806478188 57.941998314223305
      vertex 4.062372590204684 12.951486451386996 57.941998314223305
      vertex 4.608432544045148 12.533507230405384 57.98544652293904
    endloop
  endfacet
  facet normal 0.16309963455729223 0.07674886230143332 -0.9836199069471466
    outer loop
      vertex 4.400258909732607 12.419062806478188 57.941998314223305
      vertex 4.608432544045148 12.533507230405384 57.98544652293904
      vertex 4.889626330408523 11.935940016763558 57.98544652293904
    endloop
  endfacet
  facet normal 0.16309963455729215 0.07674886230143327 -0.9836199069471466
    outer loop
      vertex 4.668750517666787 11.848489096033143 57.941998314223305
      vertex 4.400258909732607 12.419062806478188 57.941998314223305
      vertex 4.889626330408523 11.935940016763558 57.98544652293904
    endloop
  endfacet
  facet normal 0.17143272830792888 0.055701870006190646 -0.9836199069471466
    outer loop
      vertex 4.86361314096099 11.24876360830979 57.941998314223305
      vertex 4.668750517666787 11.848489096033143 57.941998314223305
      vertex 5.0937077886201685 11.307841872582856 57.98544652293904
    endloop
  endfacet
  facet normal 0.17143272830792872 0.05570187000619052 -0.9836199069471466
    outer loop
      vertex 5.0937077886201685 11.307841872582856 57.98544652293904
      vertex 4.668750517666787 11.848489096033143 57.941998314223305
      vertex 4.889626330408523 11.935940016763558 57.98544652293904
    endloop
  endfacet
  facet normal 0.05742336341758197 0.018657981798312503 -0.9981755542233169
    outer loop
      vertex 5.0937077886201685 11.307841872582856 57.98544652293904
      vertex 4.889626330408523 11.935940016763558 57.98544652293904
      vertex 5.327207386207471 11.3677943794067 58
    endloop
  endfacet
  facet normal 0.05742336341758189 0.018657981798312448 -0.998175554223317
    outer loop
      vertex 5.327207386207471 11.3677943794067 58
      vertex 4.889626330408523 11.935940016763558 57.98544652293904
      vertex 5.113770672385383 12.024685039765728 58
    endloop
  endfacet
  facet normal 0.054632097854940595 0.02570791385822758 -0.9981755542233172
    outer loop
      vertex 4.608432544045148 12.533507230405384 57.98544652293904
      vertex 5.113770672385383 12.024685039765728 58
      vertex 4.889626330408523 11.935940016763558 57.98544652293904
    endloop
  endfacet
  facet normal 0.05463209785494057 0.02570791385822756 -0.998175554223317
    outer loop
      vertex 4.608432544045148 12.533507230405384 57.98544652293904
      vertex 4.8196867402412495 12.649645207559432 58
      vertex 5.113770672385383 12.024685039765728 58
    endloop
  endfacet
  facet normal 0.4840479006438004 0.5154586597219258 -0.7071067811865515
    outer loop
      vertex 2.5515945286797943 13.084347947615147 57.3275748174449
      vertex 3.0425362228381028 12.857131689458836 57.49801400952466
      vertex 2.918045745408841 12.740227349773697 57.3275748174449
    endloop
  endfacet
  facet normal 0.48404790064380043 0.5154586597219266 -0.7071067811865508
    outer loop
      vertex 2.5515945286797943 13.084347947615147 57.3275748174449
      vertex 2.660451362600585 13.215933255748407 57.49801400952466
      vertex 3.0425362228381028 12.857131689458836 57.49801400952466
    endloop
  endfacet
  facet normal 0.42217311942947133 0.4495687100849061 -0.787183480609053
    outer loop
      vertex 2.660451362600585 13.215933255748407 57.49801400952466
      vertex 3.1811246933955593 12.987274925897935 57.64666633359765
      vertex 3.0425362228381028 12.857131689458836 57.49801400952466
    endloop
  endfacet
  facet normal 0.4221731194294722 0.44956871008491 -0.78718348060905
    outer loop
      vertex 2.660451362600585 13.215933255748407 57.49801400952466
      vertex 2.78163574902389 13.362420015045979 57.64666633359765
      vertex 3.1811246933955593 12.987274925897935 57.64666633359765
    endloop
  endfacet
  facet normal 0.4751900584300457 0.39311140434419733 -0.7871834806090526
    outer loop
      vertex 3.5304454010406 12.565018726656938 57.64666633359765
      vertex 3.0425362228381028 12.857131689458836 57.49801400952466
      vertex 3.1811246933955593 12.987274925897935 57.64666633359765
    endloop
  endfacet
  facet normal 0.35414210348278924 0.3771230363142794 -0.8557812723014473
    outer loop
      vertex 2.78163574902389 13.362420015045979 57.64666633359765
      vertex 2.9133805467121827 13.52167211869785 57.771364104043
      vertex 3.3317902251064226 13.128759277646664 57.771364104043
    endloop
  endfacet
  facet normal 0.3986156368125671 0.32976353356098986 -0.8557812723014461
    outer loop
      vertex 3.697655581335728 12.686504033756792 57.771364104043
      vertex 3.1811246933955593 12.987274925897935 57.64666633359765
      vertex 3.3317902251064226 13.128759277646664 57.771364104043
    endloop
  endfacet
  facet normal 0.35414210348279 0.3771230363142822 -0.8557812723014459
    outer loop
      vertex 2.78163574902389 13.362420015045979 57.64666633359765
      vertex 3.3317902251064226 13.128759277646664 57.771364104043
      vertex 3.1811246933955593 12.987274925897935 57.64666633359765
    endloop
  endfacet
  facet normal 0.2809468982087693 0.29917805946707765 -0.9118998459920833
    outer loop
      vertex 3.3317902251064226 13.128759277646664 57.771364104043
      vertex 2.9133805467121827 13.52167211869785 57.771364104043
      vertex 3.49233577524912 13.279521584261513 57.8702889465727
    endloop
  endfacet
  facet normal 0.2412345943971197 0.3320309343203938 -0.9118998459920822
    outer loop
      vertex 2.4490251167271087 13.85904608669222 57.771364104043
      vertex 3.0537646198517217 13.691367312428266 57.8702889465727
      vertex 2.9133805467121827 13.52167211869785 57.771364104043
    endloop
  endfacet
  facet normal 0.1748679075680565 0.2406850264472972 -0.9547208665085484
    outer loop
      vertex 2.5670337721686973 14.044997972962083 57.8702889465727
      vertex 3.200740852538729 13.869031058192345 57.941998314223305
      vertex 3.0537646198517217 13.691367312428266 57.8702889465727
    endloop
  endfacet
  facet normal 0.174867907568057 0.24068502644729925 -0.9547208665085479
    outer loop
      vertex 2.5670337721686973 14.044997972962083 57.8702889465727
      vertex 2.6905838816175365 14.239681793524984 57.941998314223305
      vertex 3.200740852538729 13.869031058192345 57.941998314223305
    endloop
  endfacet
  facet normal 0.10595125287842636 0.1458293889131362 -0.9836199069471464
    outer loop
      vertex 2.6905838816175365 14.239681793524984 57.941998314223305
      vertex 3.352166000338975 14.052072618512925 57.98544652293904
      vertex 3.200740852538729 13.869031058192345 57.941998314223305
    endloop
  endfacet
  facet normal 0.2809468982087699 0.29917805946707954 -0.9118998459920824
    outer loop
      vertex 2.9133805467121827 13.52167211869785 57.771364104043
      vertex 3.0537646198517217 13.691367312428266 57.8702889465727
      vertex 3.49233577524912 13.279521584261513 57.8702889465727
    endloop
  endfacet
  facet normal 0.20365485452152127 0.21687039282250095 -0.9547208665085476
    outer loop
      vertex 3.0537646198517217 13.691367312428266 57.8702889465727
      vertex 3.660420228185476 13.437363391824888 57.941998314223305
      vertex 3.49233577524912 13.279521584261513 57.8702889465727
    endloop
  endfacet
  facet normal 0.20365485452152043 0.21687039282249876 -0.9547208665085484
    outer loop
      vertex 3.0537646198517217 13.691367312428266 57.8702889465727
      vertex 3.200740852538729 13.869031058192345 57.941998314223305
      vertex 3.660420228185476 13.437363391824888 57.941998314223305
    endloop
  endfacet
  facet normal 0.3986156368125665 0.3297635335609887 -0.8557812723014465
    outer loop
      vertex 3.5304454010406 12.565018726656938 57.64666633359765
      vertex 3.1811246933955593 12.987274925897935 57.64666633359765
      vertex 3.697655581335728 12.686504033756792 57.771364104043
    endloop
  endfacet
  facet normal 0.31622850160612453 0.2616069678956585 -0.9118998459920832
    outer loop
      vertex 3.3317902251064226 13.128759277646664 57.771364104043
      vertex 3.49233577524912 13.279521584261513 57.8702889465727
      vertex 3.8758307092505713 12.81595584161972 57.8702889465727
    endloop
  endfacet
  facet normal 0.3162285016061248 0.2616069678956589 -0.9118998459920832
    outer loop
      vertex 3.697655581335728 12.686504033756792 57.771364104043
      vertex 3.3317902251064226 13.128759277646664 57.771364104043
      vertex 3.8758307092505713 12.81595584161972 57.8702889465727
    endloop
  endfacet
  facet normal 0.2292300427616675 0.1896355835507986 -0.9547208665085477
    outer loop
      vertex 3.49233577524912 13.279521584261513 57.8702889465727
      vertex 3.660420228185476 13.437363391824888 57.941998314223305
      vertex 4.062372590204684 12.951486451386996 57.941998314223305
    endloop
  endfacet
  facet normal 0.22923004276166706 0.1896355835507979 -0.9547208665085478
    outer loop
      vertex 3.49233577524912 13.279521584261513 57.8702889465727
      vertex 4.062372590204684 12.951486451386996 57.941998314223305
      vertex 3.8758307092505713 12.81595584161972 57.8702889465727
    endloop
  endfacet
  facet normal 0.13888889371265215 0.11489888537563014 -0.9836199069471467
    outer loop
      vertex 3.660420228185476 13.437363391824888 57.941998314223305
      vertex 3.833592534098452 13.599983011353721 57.98544652293904
      vertex 4.25456102351802 13.09111952157986 57.98544652293904
    endloop
  endfacet
  facet normal 0.13888889371265215 0.11489888537563016 -0.9836199069471466
    outer loop
      vertex 4.062372590204684 12.951486451386996 57.941998314223305
      vertex 3.660420228185476 13.437363391824888 57.941998314223305
      vertex 4.25456102351802 13.09111952157986 57.98544652293904
    endloop
  endfacet
  facet normal 0.12339306446456433 0.13140026750098505 -0.9836199069471466
    outer loop
      vertex 3.200740852538729 13.869031058192345 57.941998314223305
      vertex 3.833592534098452 13.599983011353721 57.98544652293904
      vertex 3.660420228185476 13.437363391824888 57.941998314223305
    endloop
  endfacet
  facet normal 0.12339306446456477 0.13140026750098616 -0.9836199069471464
    outer loop
      vertex 3.200740852538729 13.869031058192345 57.941998314223305
      vertex 3.352166000338975 14.052072618512925 57.98544652293904
      vertex 3.833592534098452 13.599983011353721 57.98544652293904
    endloop
  endfacet
  facet normal 0.041331925670753576 0.04401403039169631 -0.9981755542233169
    outer loop
      vertex 3.352166000338975 14.052072618512925 57.98544652293904
      vertex 4.009327450817763 13.765009082607786 58
      vertex 3.833592534098452 13.599983011353721 57.98544652293904
    endloop
  endfacet
  facet normal 0.04133192567075351 0.044014030391696164 -0.998175554223317
    outer loop
      vertex 3.352166000338975 14.052072618512925 57.98544652293904
      vertex 3.5058319436177934 14.23782283526684 58
      vertex 4.009327450817763 13.765009082607786 58
    endloop
  endfacet
  facet normal 0.04652243184278069 0.03848670272194915 -0.998175554223317
    outer loop
      vertex 3.833592534098452 13.599983011353721 57.98544652293904
      vertex 4.009327450817763 13.765009082607786 58
      vertex 4.449593469062211 13.232818887608602 58
    endloop
  endfacet
  facet normal 0.1059512528784262 0.14582938891313557 -0.9836199069471466
    outer loop
      vertex 2.6905838816175365 14.239681793524984 57.941998314223305
      vertex 2.8178738062672437 14.44025861988733 57.98544652293904
      vertex 3.352166000338975 14.052072618512925 57.98544652293904
    endloop
  endfacet
  facet normal 0.03548959034040277 0.048847230509458696 -0.998175554223317
    outer loop
      vertex 2.8178738062672437 14.44025861988733 57.98544652293904
      vertex 2.9470473723844814 14.643803590261083 58
      vertex 3.5058319436177934 14.23782283526684 58
    endloop
  endfacet
  facet normal 0.03548959034040287 0.04884723050945902 -0.9981755542233169
    outer loop
      vertex 3.352166000338975 14.052072618512925 57.98544652293904
      vertex 2.8178738062672437 14.44025861988733 57.98544652293904
      vertex 3.5058319436177934 14.23782283526684 58
    endloop
  endfacet
  facet normal 0.15219436213868845 0.09658547919063398 -0.9836199069471465
    outer loop
      vertex 4.608432544045148 12.533507230405384 57.98544652293904
      vertex 4.062372590204684 12.951486451386996 57.941998314223305
      vertex 4.25456102351802 13.09111952157986 57.98544652293904
    endloop
  endfacet
  facet normal 0.04652243184278062 0.03848670272194901 -0.9981755542233172
    outer loop
      vertex 3.833592534098452 13.599983011353721 57.98544652293904
      vertex 4.449593469062211 13.232818887608602 58
      vertex 4.25456102351802 13.09111952157986 57.98544652293904
    endloop
  endfacet
  facet normal 0.05097925147349356 0.0323524167594349 -0.9981755542233172
    outer loop
      vertex 4.608432544045148 12.533507230405384 57.98544652293904
      vertex 4.25456102351802 13.09111952157986 57.98544652293904
      vertex 4.8196867402412495 12.649645207559432 58
    endloop
  endfacet
  facet normal 0.05097925147349345 0.03235241675943475 -0.998175554223317
    outer loop
      vertex 4.8196867402412495 12.649645207559432 58
      vertex 4.25456102351802 13.09111952157986 57.98544652293904
      vertex 4.449593469062211 13.232818887608602 58
    endloop
  endfacet
  facet normal -0.770513242775789 -0.63742398974869 0
    outer loop
      vertex -4.449593469062211 6.767181112391398 59
      vertex -4.009327450817764 6.234990917392214 58
      vertex -4.009327450817764 6.234990917392214 59
    endloop
  endfacet
  facet normal -0.8443279255020159 -0.5358267949789953 0
    outer loop
      vertex -4.449593469062211 6.767181112391398 58
      vertex -4.819686740241249 7.350354792440566 59
      vertex -4.819686740241249 7.350354792440566 58
    endloop
  endfacet
  facet normal -0.770513242775789 -0.63742398974869 0
    outer loop
      vertex -4.449593469062211 6.767181112391398 58
      vertex -4.009327450817764 6.234990917392214 58
      vertex -4.449593469062211 6.767181112391398 59
    endloop
  endfacet
  facet normal -0.8443279255020159 -0.5358267949789953 0
    outer loop
      vertex -4.449593469062211 6.767181112391398 58
      vertex -4.449593469062211 6.767181112391398 59
      vertex -4.819686740241249 7.350354792440566 59
    endloop
  endfacet
  facet normal -0.587785252292472 -0.8090169943749482 0
    outer loop
      vertex -3.505831943617793 5.762177164733158 58
      vertex -2.9470473723844823 5.356196409738918 58
      vertex -2.9470473723844823 5.356196409738918 59
    endloop
  endfacet
  facet normal -0.587785252292472 -0.8090169943749482 0
    outer loop
      vertex -3.505831943617793 5.762177164733158 58
      vertex -2.9470473723844823 5.356196409738918 59
      vertex -3.505831943617793 5.762177164733158 59
    endloop
  endfacet
  facet normal -0.6845471059286894 -0.7289686274214107 0
    outer loop
      vertex -3.505831943617793 5.762177164733158 58
      vertex -3.505831943617793 5.762177164733158 59
      vertex -4.009327450817764 6.234990917392214 58
    endloop
  endfacet
  facet normal -0.6845471059286894 -0.7289686274214107 0
    outer loop
      vertex -3.505831943617793 5.762177164733158 59
      vertex -4.009327450817764 6.234990917392214 59
      vertex -4.009327450817764 6.234990917392214 58
    endloop
  endfacet
  facet normal -0.9048270524660191 -0.4257792915650735 0
    outer loop
      vertex -4.819686740241249 7.350354792440566 58
      vertex -5.113770672385383 7.975314960234272 59
      vertex -5.113770672385383 7.975314960234272 58
    endloop
  endfacet
  facet normal -0.9048270524660191 -0.4257792915650735 0
    outer loop
      vertex -4.819686740241249 7.350354792440566 58
      vertex -4.819686740241249 7.350354792440566 59
      vertex -5.113770672385383 7.975314960234272 59
    endloop
  endfacet
  facet normal -0.9510565162951536 -0.3090169943749475 0
    outer loop
      vertex -5.113770672385383 7.975314960234272 58
      vertex -5.327207386207471 8.632205620593298 59
      vertex -5.327207386207471 8.632205620593298 58
    endloop
  endfacet
  facet normal -0.9510565162951536 -0.3090169943749475 0
    outer loop
      vertex -5.113770672385383 7.975314960234272 58
      vertex -5.113770672385383 7.975314960234272 59
      vertex -5.327207386207471 8.632205620593298 59
    endloop
  endfacet
  facet normal -0.9822872507286887 -0.1873813145857251 0
    outer loop
      vertex -5.327207386207471 8.632205620593298 58
      vertex -5.456630857229628 9.310667215396327 59
      vertex -5.456630857229628 9.310667215396327 58
    endloop
  endfacet
  facet normal -0.9822872507286887 -0.1873813145857251 0
    outer loop
      vertex -5.327207386207471 8.632205620593298 58
      vertex -5.327207386207471 8.632205620593298 59
      vertex -5.456630857229628 9.310667215396327 59
    endloop
  endfacet
  facet normal 0 0 1
    outer loop
      vertex -4.819686740241249 7.350354792440566 59
      vertex -5.113770672385383 12.024685039765728 59
      vertex -5.113770672385383 7.975314960234272 59
    endloop
  endfacet
  facet normal -0.9980267284282716 -0.06279051952931314 0
    outer loop
      vertex -5.456630857229628 9.310667215396327 58
      vertex -5.5 10 59
      vertex -5.5 10 58
    endloop
  endfacet
  facet normal -0.9980267284282716 -0.06279051952931314 0
    outer loop
      vertex -5.456630857229628 9.310667215396327 58
      vertex -5.456630857229628 9.310667215396327 59
      vertex -5.5 10 59
    endloop
  endfacet
  facet normal 0 0 1
    outer loop
      vertex -5.327207386207471 8.632205620593298 59
      vertex -5.456630857229628 10.689332784603673 59
      vertex -5.456630857229628 9.310667215396327 59
    endloop
  endfacet
  facet normal 0 0 1
    outer loop
      vertex -5.113770672385383 7.975314960234272 59
      vertex -5.327207386207471 11.367794379406702 59
      vertex -5.327207386207471 8.632205620593298 59
    endloop
  endfacet
  facet normal 0 0 1
    outer loop
      vertex -4.449593469062211 6.767181112391398 59
      vertex -4.819686740241249 12.649645207559434 59
      vertex -4.819686740241249 7.350354792440566 59
    endloop
  endfacet
  facet normal 0 0 1
    outer loop
      vertex -4.449593469062211 6.767181112391398 59
      vertex -4.009327450817764 6.234990917392214 59
      vertex -4.449593469062211 13.232818887608602 59
    endloop
  endfacet
  facet normal 0 0 1
    outer loop
      vertex -3.505831943617793 5.762177164733158 59
      vertex -4.009327450817764 13.765009082607786 59
      vertex -4.009327450817764 6.234990917392214 59
    endloop
  endfacet
  facet normal 0 0 1
    outer loop
      vertex -3.505831943617793 5.762177164733158 59
      vertex -2.9470473723844823 5.356196409738918 59
      vertex -3.505831943617793 14.237822835266842 59
    endloop
  endfacet
  facet normal -0.4817536741017151 -0.8763066800438638 0
    outer loop
      vertex -2.9470473723844823 5.356196409738918 58
      vertex -2.341786103607898 5.0234512114368925 58
      vertex -2.341786103607898 5.0234512114368925 59
    endloop
  endfacet
  facet normal -0.3681245526846779 -0.9297764858882513 0
    outer loop
      vertex -2.341786103607898 5.0234512114368925 58
      vertex -1.6995934690622108 4.769189160376656 59
      vertex -2.341786103607898 5.0234512114368925 59
    endloop
  endfacet
  facet normal -0.4817536741017151 -0.8763066800438638 0
    outer loop
      vertex -2.9470473723844823 5.356196409738918 58
      vertex -2.341786103607898 5.0234512114368925 59
      vertex -2.9470473723844823 5.356196409738918 59
    endloop
  endfacet
  facet normal -0.3681245526846779 -0.9297764858882513 0
    outer loop
      vertex -2.341786103607898 5.0234512114368925 58
      vertex -1.6995934690622108 4.769189160376656 58
      vertex -1.6995934690622108 4.769189160376656 59
    endloop
  endfacet
  facet normal -0.24868988716485577 -0.9685831611286309 0
    outer loop
      vertex -1.6995934690622108 4.769189160376656 58
      vertex -1.0305972302214865 4.597420120992212 59
      vertex -1.6995934690622108 4.769189160376656 59
    endloop
  endfacet
  facet normal -0.24868988716485577 -0.9685831611286309 0
    outer loop
      vertex -1.6995934690622108 4.769189160376656 58
      vertex -1.0305972302214865 4.597420120992212 58
      vertex -1.0305972302214865 4.597420120992212 59
    endloop
  endfacet
  facet normal -0.12533323356430495 -0.9921147013144778 0
    outer loop
      vertex -1.0305972302214865 4.597420120992212 58
      vertex -0.3453478574112257 4.510852993644506 59
      vertex -1.0305972302214865 4.597420120992212 59
    endloop
  endfacet
  facet normal -0.12533323356430495 -0.9921147013144778 0
    outer loop
      vertex -1.0305972302214865 4.597420120992212 58
      vertex -0.3453478574112257 4.510852993644506 58
      vertex -0.3453478574112257 4.510852993644506 59
    endloop
  endfacet
  facet normal 0 -1 0
    outer loop
      vertex -0.3453478574112257 4.510852993644506 58
      vertex 0.3453478574112257 4.510852993644506 59
      vertex -0.3453478574112257 4.510852993644506 59
    endloop
  endfacet
  facet normal 0 0 1
    outer loop
      vertex -1.0305972302214865 4.597420120992212 59
      vertex -0.3453478574112257 4.510852993644506 59
      vertex -0.7289686274214117 9.315452894071312 59
    endloop
  endfacet
  facet normal 0 0 1
    outer loop
      vertex -2.9470473723844823 5.356196409738918 59
      vertex -2.341786103607898 5.0234512114368925 59
      vertex -2.9470473723844823 14.643803590261083 59
    endloop
  endfacet
  facet normal 0 0 1
    outer loop
      vertex -2.341786103607898 5.0234512114368925 59
      vertex -1.6995934690622108 4.769189160376656 59
      vertex -2.3417861036079 14.976548788563107 59
    endloop
  endfacet
  facet normal 0 0 1
    outer loop
      vertex -1.6995934690622108 4.769189160376656 59
      vertex -1.0305972302214865 4.597420120992212 59
      vertex -1.6995934690622108 15.230810839623345 59
    endloop
  endfacet
  facet normal 0 0 1
    outer loop
      vertex -1.0305972302214865 4.597420120992212 59
      vertex -0.8763066800438635 9.518246325898284 59
      vertex -0.9297764858882515 9.631875447315322 59
    endloop
  endfacet
  facet normal 0 0 1
    outer loop
      vertex -1.0305972302214865 4.597420120992212 59
      vertex -0.8090169943749475 9.412214747707527 59
      vertex -0.8763066800438635 9.518246325898284 59
    endloop
  endfacet
  facet normal 0 0 1
    outer loop
      vertex -1.0305972302214865 4.597420120992212 59
      vertex -0.7289686274214117 9.315452894071312 59
      vertex -0.8090169943749475 9.412214747707527 59
    endloop
  endfacet
  facet normal 0 0 1
    outer loop
      vertex -1.0305972302214865 4.597420120992212 59
      vertex -0.9297764858882515 9.631875447315322 59
      vertex -0.9685831611286311 9.751310112835146 59
    endloop
  endfacet
  facet normal 0 0 1
    outer loop
      vertex -1.0305972302214865 4.597420120992212 59
      vertex -0.9685831611286311 9.751310112835146 59
      vertex -0.9921147013144779 9.874666766435697 59
    endloop
  endfacet
  facet normal 0 0 1
    outer loop
      vertex -1.0305972302214865 4.597420120992212 59
      vertex -0.9921147013144779 9.874666766435697 59
      vertex -1 10 59
    endloop
  endfacet
  facet normal 0 0 1
    outer loop
      vertex -0.3453478574112257 4.510852993644506 59
      vertex -0.42577929156507244 9.09517294753398 59
      vertex -0.5358267949789968 9.155672074497986 59
    endloop
  endfacet
  facet normal 0 0 1
    outer loop
      vertex -0.3453478574112257 4.510852993644506 59
      vertex -0.3090169943749474 9.048943483704846 59
      vertex -0.42577929156507244 9.09517294753398 59
    endloop
  endfacet
  facet normal 0 0 1
    outer loop
      vertex -0.3453478574112257 4.510852993644506 59
      vertex -0.6374239897486896 9.22948675722421 59
      vertex -0.7289686274214117 9.315452894071312 59
    endloop
  endfacet
  facet normal 0 0 1
    outer loop
      vertex -0.3453478574112257 4.510852993644506 59
      vertex -0.5358267949789968 9.155672074497986 59
      vertex -0.6374239897486896 9.22948675722421 59
    endloop
  endfacet
  facet normal 0 0 1
    outer loop
      vertex -0.3453478574112257 4.510852993644506 59
      vertex -0.18738131458572482 9.017712749271311 59
      vertex -0.3090169943749474 9.048943483704846 59
    endloop
  endfacet
  facet normal 0 0 1
    outer loop
      vertex -0.3453478574112257 4.510852993644506 59
      vertex -0.06279051952931376 9.001973271571728 59
      vertex -0.18738131458572482 9.017712749271311 59
    endloop
  endfacet
  facet normal 0 0 1
    outer loop
      vertex -0.3453478574112257 4.510852993644506 59
      vertex 0.06279051952931397 9.001973271571728 59
      vertex -0.06279051952931376 9.001973271571728 59
    endloop
  endfacet
  facet normal -0.9980267284282716 0.06279051952931314 0
    outer loop
      vertex -5.5 10 58
      vertex -5.456630857229628 10.689332784603673 59
      vertex -5.456630857229628 10.689332784603673 58
    endloop
  endfacet
  facet normal -0.9980267284282716 0.06279051952931314 0
    outer loop
      vertex -5.5 10 58
      vertex -5.5 10 59
      vertex -5.456630857229628 10.689332784603673 59
    endloop
  endfacet
  facet normal 0 0 1
    outer loop
      vertex -5.456630857229628 9.310667215396327 59
      vertex -5.456630857229628 10.689332784603673 59
      vertex -5.5 10 59
    endloop
  endfacet
  facet normal 0 0 1
    outer loop
      vertex -5.327207386207471 8.632205620593298 59
      vertex -5.327207386207471 11.367794379406702 59
      vertex -5.456630857229628 10.689332784603673 59
    endloop
  endfacet
  facet normal 0 0 1
    outer loop
      vertex -5.113770672385383 7.975314960234272 59
      vertex -5.113770672385383 12.024685039765728 59
      vertex -5.327207386207471 11.367794379406702 59
    endloop
  endfacet
  facet normal 0 0 1
    outer loop
      vertex -4.819686740241249 7.350354792440566 59
      vertex -4.819686740241249 12.649645207559434 59
      vertex -5.113770672385383 12.024685039765728 59
    endloop
  endfacet
  facet normal -0.9822872507286887 0.1873813145857251 0
    outer loop
      vertex -5.456630857229628 10.689332784603673 58
      vertex -5.327207386207471 11.367794379406702 59
      vertex -5.327207386207471 11.367794379406702 58
    endloop
  endfacet
  facet normal -0.9822872507286887 0.1873813145857251 0
    outer loop
      vertex -5.456630857229628 10.689332784603673 58
      vertex -5.456630857229628 10.689332784603673 59
      vertex -5.327207386207471 11.367794379406702 59
    endloop
  endfacet
  facet normal 0 0 1
    outer loop
      vertex -4.449593469062211 6.767181112391398 59
      vertex -4.449593469062211 13.232818887608602 59
      vertex -4.819686740241249 12.649645207559434 59
    endloop
  endfacet
  facet normal 0 0 1
    outer loop
      vertex -4.009327450817764 6.234990917392214 59
      vertex -4.009327450817764 13.765009082607786 59
      vertex -4.449593469062211 13.232818887608602 59
    endloop
  endfacet
  facet normal -0.9510565162951536 0.3090169943749475 0
    outer loop
      vertex -5.327207386207471 11.367794379406702 58
      vertex -5.113770672385383 12.024685039765728 59
      vertex -5.113770672385383 12.024685039765728 58
    endloop
  endfacet
  facet normal -0.9510565162951536 0.3090169943749475 0
    outer loop
      vertex -5.327207386207471 11.367794379406702 58
      vertex -5.327207386207471 11.367794379406702 59
      vertex -5.113770672385383 12.024685039765728 59
    endloop
  endfacet
  facet normal -0.9048270524660191 0.4257792915650735 0
    outer loop
      vertex -5.113770672385383 12.024685039765728 58
      vertex -4.819686740241249 12.649645207559434 59
      vertex -4.819686740241249 12.649645207559434 58
    endloop
  endfacet
  facet normal -0.9048270524660191 0.4257792915650735 0
    outer loop
      vertex -5.113770672385383 12.024685039765728 58
      vertex -5.113770672385383 12.024685039765728 59
      vertex -4.819686740241249 12.649645207559434 59
    endloop
  endfacet
  facet normal 0 0 1
    outer loop
      vertex -3.505831943617793 5.762177164733158 59
      vertex -3.505831943617793 14.237822835266842 59
      vertex -4.009327450817764 13.765009082607786 59
    endloop
  endfacet
  facet normal 0 0 1
    outer loop
      vertex -2.9470473723844823 5.356196409738918 59
      vertex -2.9470473723844823 14.643803590261083 59
      vertex -3.505831943617793 14.237822835266842 59
    endloop
  endfacet
  facet normal -0.8443279255020159 0.5358267949789953 0
    outer loop
      vertex -4.819686740241249 12.649645207559434 58
      vertex -4.449593469062211 13.232818887608602 59
      vertex -4.449593469062211 13.232818887608602 58
    endloop
  endfacet
  facet normal -0.8443279255020159 0.5358267949789953 0
    outer loop
      vertex -4.819686740241249 12.649645207559434 58
      vertex -4.819686740241249 12.649645207559434 59
      vertex -4.449593469062211 13.232818887608602 59
    endloop
  endfacet
  facet normal -0.770513242775789 0.63742398974869 0
    outer loop
      vertex -4.449593469062211 13.232818887608602 58
      vertex -4.449593469062211 13.232818887608602 59
      vertex -4.009327450817764 13.765009082607786 59
    endloop
  endfacet
  facet normal -0.770513242775789 0.63742398974869 0
    outer loop
      vertex -4.449593469062211 13.232818887608602 58
      vertex -4.009327450817764 13.765009082607786 59
      vertex -4.009327450817764 13.765009082607786 58
    endloop
  endfacet
  facet normal -0.6845471059286894 0.7289686274214107 0
    outer loop
      vertex -4.009327450817764 13.765009082607786 58
      vertex -4.009327450817764 13.765009082607786 59
      vertex -3.505831943617793 14.237822835266842 58
    endloop
  endfacet
  facet normal -0.6845471059286894 0.7289686274214107 0
    outer loop
      vertex -4.009327450817764 13.765009082607786 59
      vertex -3.505831943617793 14.237822835266842 59
      vertex -3.505831943617793 14.237822835266842 58
    endloop
  endfacet
  facet normal -0.5877852522924729 0.8090169943749476 0
    outer loop
      vertex -3.505831943617793 14.237822835266842 58
      vertex -3.505831943617793 14.237822835266842 59
      vertex -2.9470473723844823 14.643803590261083 58
    endloop
  endfacet
  facet normal -0.5877852522924729 0.8090169943749476 0
    outer loop
      vertex -2.9470473723844823 14.643803590261083 58
      vertex -3.505831943617793 14.237822835266842 59
      vertex -2.9470473723844823 14.643803590261083 59
    endloop
  endfacet
  facet normal 0 0 1
    outer loop
      vertex -2.341786103607898 5.0234512114368925 59
      vertex -2.3417861036079 14.976548788563107 59
      vertex -2.9470473723844823 14.643803590261083 59
    endloop
  endfacet
  facet normal 0 0 1
    outer loop
      vertex -1.6995934690622108 4.769189160376656 59
      vertex -1.6995934690622108 15.230810839623345 59
      vertex -2.3417861036079 14.976548788563107 59
    endloop
  endfacet
  facet normal 0 0 1
    outer loop
      vertex -1.0305972302214865 4.597420120992212 59
      vertex -1 10 59
      vertex -1.0305972302214852 15.402579879007789 59
    endloop
  endfacet
  facet normal 0 0 1
    outer loop
      vertex -1.0305972302214865 4.597420120992212 59
      vertex -1.0305972302214852 15.402579879007789 59
      vertex -1.6995934690622108 15.230810839623345 59
    endloop
  endfacet
  facet normal 0 0 1
    outer loop
      vertex -1.0305972302214852 15.402579879007789 59
      vertex -1 10 59
      vertex -0.9921147013144779 10.125333233564303 59
    endloop
  endfacet
  facet normal 0 0 1
    outer loop
      vertex -1.0305972302214852 15.402579879007789 59
      vertex -0.9921147013144779 10.125333233564303 59
      vertex -0.9685831611286311 10.248689887164854 59
    endloop
  endfacet
  facet normal 0 0 1
    outer loop
      vertex -1.0305972302214852 15.402579879007789 59
      vertex -0.9685831611286311 10.248689887164854 59
      vertex -0.9297764858882515 10.368124552684678 59
    endloop
  endfacet
  facet normal 0 0 1
    outer loop
      vertex -1.0305972302214852 15.402579879007789 59
      vertex -0.9297764858882515 10.368124552684678 59
      vertex -0.8763066800438635 10.481753674101716 59
    endloop
  endfacet
  facet normal 0 0 1
    outer loop
      vertex -1.0305972302214852 15.402579879007789 59
      vertex -0.8763066800438635 10.481753674101716 59
      vertex -0.8090169943749475 10.587785252292473 59
    endloop
  endfacet
  facet normal 0 0 1
    outer loop
      vertex -1.0305972302214852 15.402579879007789 59
      vertex -0.8090169943749475 10.587785252292473 59
      vertex -0.7289686274214117 10.684547105928688 59
    endloop
  endfacet
  facet normal 0 0 1
    outer loop
      vertex -1.0305972302214852 15.402579879007789 59
      vertex -0.7289686274214117 10.684547105928688 59
      vertex -0.6374239897486896 10.77051324277579 59
    endloop
  endfacet
  facet normal 0 0 1
    outer loop
      vertex -1.0305972302214852 15.402579879007789 59
      vertex -0.6374239897486896 10.77051324277579 59
      vertex -0.5358267949789968 10.844327925502014 59
    endloop
  endfacet
  facet normal 0 0 1
    outer loop
      vertex -1.0305972302214852 15.402579879007789 59
      vertex -0.5358267949789968 10.844327925502014 59
      vertex -0.4257792915650727 10.90482705246602 59
    endloop
  endfacet
  facet normal 0 0 1
    outer loop
      vertex -1.0305972302214852 15.402579879007789 59
      vertex -0.4257792915650727 10.90482705246602 59
      vertex -0.3090169943749474 10.951056516295154 59
    endloop
  endfacet
  facet normal 0 0 1
    outer loop
      vertex -0.34534785741122304 15.489147006355495 59
      vertex -0.3090169943749474 10.951056516295154 59
      vertex -0.18738131458572457 10.982287250728689 59
    endloop
  endfacet
  facet normal 0 0 1
    outer loop
      vertex -0.34534785741122304 15.489147006355495 59
      vertex -0.18738131458572457 10.982287250728689 59
      vertex -0.06279051952931214 10.998026728428272 59
    endloop
  endfacet
  facet normal -0.4817536741017141 0.8763066800438644 0
    outer loop
      vertex -2.9470473723844823 14.643803590261083 58
      vertex -2.9470473723844823 14.643803590261083 59
      vertex -2.341786103607898 14.976548788563107 58
    endloop
  endfacet
  facet normal -0.36812455268467903 0.9297764858882509 -6.539205669125874e-16
    outer loop
      vertex -2.341786103607898 14.976548788563107 58
      vertex -2.3417861036079 14.976548788563107 59
      vertex -1.6995934690622108 15.230810839623345 58
    endloop
  endfacet
  facet normal -0.4817536741017151 0.8763066800438636 -8.438840366601097e-16
    outer loop
      vertex -2.9470473723844823 14.643803590261083 59
      vertex -2.3417861036079 14.976548788563107 59
      vertex -2.341786103607898 14.976548788563107 58
    endloop
  endfacet
  facet normal -0.24868988716485535 0.9685831611286311 0
    outer loop
      vertex -1.6995934690622108 15.230810839623345 58
      vertex -1.6995934690622108 15.230810839623345 59
      vertex -1.0305972302214852 15.402579879007789 58
    endloop
  endfacet
  facet normal -0.36812455268467814 0.9297764858882512 0
    outer loop
      vertex -1.6995934690622108 15.230810839623345 58
      vertex -2.3417861036079 14.976548788563107 59
      vertex -1.6995934690622108 15.230810839623345 59
    endloop
  endfacet
  facet normal 0 0 1
    outer loop
      vertex -1.0305972302214852 15.402579879007789 59
      vertex -0.3090169943749474 10.951056516295154 59
      vertex -0.34534785741122304 15.489147006355495 59
    endloop
  endfacet
  facet normal 0 0 1
    outer loop
      vertex -0.34534785741122304 15.489147006355495 59
      vertex -0.06279051952931214 10.998026728428272 59
      vertex 0.34534785741122304 15.489147006355495 59
    endloop
  endfacet
  facet normal -0.12533323356430473 0.9921147013144778 0
    outer loop
      vertex -1.0305972302214852 15.402579879007789 58
      vertex -1.0305972302214852 15.402579879007789 59
      vertex -0.34534785741122304 15.489147006355495 58
    endloop
  endfacet
  facet normal -0.24868988716485535 0.9685831611286311 0
    outer loop
      vertex -1.6995934690622108 15.230810839623345 59
      vertex -1.0305972302214852 15.402579879007789 59
      vertex -1.0305972302214852 15.402579879007789 58
    endloop
  endfacet
  facet normal 0 1 0
    outer loop
      vertex -0.34534785741122304 15.489147006355495 58
      vertex -0.34534785741122304 15.489147006355495 59
      vertex 0.34534785741122304 15.489147006355495 58
    endloop
  endfacet
  facet normal -0.12533323356430473 0.9921147013144778 0
    outer loop
      vertex -0.34534785741122304 15.489147006355495 58
      vertex -1.0305972302214852 15.402579879007789 59
      vertex -0.34534785741122304 15.489147006355495 59
    endloop
  endfacet
  facet normal 0 -1 0
    outer loop
      vertex -0.3453478574112257 4.510852993644506 58
      vertex 0.3453478574112257 4.510852993644506 58
      vertex 0.3453478574112257 4.510852993644506 59
    endloop
  endfacet
  facet normal 0.12533323356430495 -0.9921147013144778 0
    outer loop
      vertex 0.3453478574112257 4.510852993644506 58
      vertex 1.0305972302214865 4.597420120992212 59
      vertex 0.3453478574112257 4.510852993644506 59
    endloop
  endfacet
  facet normal 0.12533323356430495 -0.9921147013144778 0
    outer loop
      vertex 0.3453478574112257 4.510852993644506 58
      vertex 1.0305972302214865 4.597420120992212 58
      vertex 1.0305972302214865 4.597420120992212 59
    endloop
  endfacet
  facet normal 0.24868988716485577 -0.9685831611286309 0
    outer loop
      vertex 1.0305972302214865 4.597420120992212 58
      vertex 1.6995934690622108 4.769189160376656 59
      vertex 1.0305972302214865 4.597420120992212 59
    endloop
  endfacet
  facet normal 0 0 1
    outer loop
      vertex -0.3453478574112257 4.510852993644506 59
      vertex 0.3453478574112257 4.510852993644506 59
      vertex 0.06279051952931397 9.001973271571728 59
    endloop
  endfacet
  facet normal 0 0 1
    outer loop
      vertex 0.3453478574112257 4.510852993644506 59
      vertex 1.0305972302214865 4.597420120992212 59
      vertex 0.3090169943749474 9.048943483704846 59
    endloop
  endfacet
  facet normal 0.24868988716485577 -0.9685831611286309 0
    outer loop
      vertex 1.0305972302214865 4.597420120992212 58
      vertex 1.6995934690622108 4.769189160376656 58
      vertex 1.6995934690622108 4.769189160376656 59
    endloop
  endfacet
  facet normal 0.3681245526846779 -0.9297764858882513 0
    outer loop
      vertex 1.6995934690622108 4.769189160376656 58
      vertex 2.341786103607898 5.0234512114368925 59
      vertex 1.6995934690622108 4.769189160376656 59
    endloop
  endfacet
  facet normal 0.3681245526846779 -0.9297764858882513 0
    outer loop
      vertex 1.6995934690622108 4.769189160376656 58
      vertex 2.341786103607898 5.0234512114368925 58
      vertex 2.341786103607898 5.0234512114368925 59
    endloop
  endfacet
  facet normal 0.481753674101714 -0.8763066800438644 0
    outer loop
      vertex 2.341786103607898 5.0234512114368925 58
      vertex 2.9470473723844792 5.356196409738915 59
      vertex 2.341786103607898 5.0234512114368925 59
    endloop
  endfacet
  facet normal 0.481753674101714 -0.8763066800438644 0
    outer loop
      vertex 2.341786103607898 5.0234512114368925 58
      vertex 2.9470473723844792 5.356196409738915 58
      vertex 2.9470473723844792 5.356196409738915 59
    endloop
  endfacet
  facet normal 0 0 1
    outer loop
      vertex 0.3453478574112257 4.510852993644506 59
      vertex 0.18738131458572482 9.017712749271311 59
      vertex 0.06279051952931397 9.001973271571728 59
    endloop
  endfacet
  facet normal 0 0 1
    outer loop
      vertex 0.3453478574112257 4.510852993644506 59
      vertex 0.3090169943749474 9.048943483704846 59
      vertex 0.18738131458572482 9.017712749271311 59
    endloop
  endfacet
  facet normal 0 0 1
    outer loop
      vertex 1.0305972302214865 4.597420120992212 59
      vertex 0.42577929156507244 9.09517294753398 59
      vertex 0.3090169943749474 9.048943483704846 59
    endloop
  endfacet
  facet normal 0 0 1
    outer loop
      vertex 1.0305972302214865 4.597420120992212 59
      vertex 0.5358267949789962 9.155672074497986 59
      vertex 0.42577929156507244 9.09517294753398 59
    endloop
  endfacet
  facet normal 0 0 1
    outer loop
      vertex 1.0305972302214865 4.597420120992212 59
      vertex 0.63742398974869 9.229486757224212 59
      vertex 0.5358267949789962 9.155672074497986 59
    endloop
  endfacet
  facet normal 0 0 1
    outer loop
      vertex 1.0305972302214865 4.597420120992212 59
      vertex 0.7289686274214117 9.315452894071312 59
      vertex 0.63742398974869 9.229486757224212 59
    endloop
  endfacet
  facet normal 0 0 1
    outer loop
      vertex 1.0305972302214865 4.597420120992212 59
      vertex 0.8090169943749475 9.412214747707527 59
      vertex 0.7289686274214117 9.315452894071312 59
    endloop
  endfacet
  facet normal 0 0 1
    outer loop
      vertex 1.0305972302214865 4.597420120992212 59
      vertex 0.8763066800438635 9.518246325898284 59
      vertex 0.8090169943749475 9.412214747707527 59
    endloop
  endfacet
  facet normal 0 0 1
    outer loop
      vertex 1.0305972302214865 4.597420120992212 59
      vertex 0.9297764858882512 9.631875447315322 59
      vertex 0.8763066800438635 9.518246325898284 59
    endloop
  endfacet
  facet normal 0 0 1
    outer loop
      vertex 1.0305972302214865 4.597420120992212 59
      vertex 0.9685831611286312 9.751310112835146 59
      vertex 0.9297764858882512 9.631875447315322 59
    endloop
  endfacet
  facet normal 0 0 1
    outer loop
      vertex 1.0305972302214865 4.597420120992212 59
      vertex 0.9921147013144779 9.874666766435697 59
      vertex 0.9685831611286312 9.751310112835146 59
    endloop
  endfacet
  facet normal 0 0 1
    outer loop
      vertex 1.0305972302214865 4.597420120992212 59
      vertex 1 10 59
      vertex 0.9921147013144779 9.874666766435697 59
    endloop
  endfacet
  facet normal 0 0 1
    outer loop
      vertex 1.0305972302214865 4.597420120992212 59
      vertex 1.6995934690622108 4.769189160376656 59
      vertex 1.0305972302214852 15.402579879007789 59
    endloop
  endfacet
  facet normal 0 0 1
    outer loop
      vertex 1.6995934690622108 4.769189160376656 59
      vertex 2.341786103607898 5.0234512114368925 59
      vertex 1.6995934690622108 15.230810839623345 59
    endloop
  endfacet
  facet normal 0 0 1
    outer loop
      vertex 2.341786103607898 5.0234512114368925 59
      vertex 2.9470473723844792 5.356196409738915 59
      vertex 2.3417861036079 14.976548788563107 59
    endloop
  endfacet
  facet normal 0.5877852522924729 -0.8090169943749476 0
    outer loop
      vertex 2.9470473723844792 5.356196409738915 58
      vertex 3.5058319436177947 5.76217716473316 58
      vertex 3.5058319436177947 5.76217716473316 59
    endloop
  endfacet
  facet normal 0.5877852522924729 -0.8090169943749476 0
    outer loop
      vertex 2.9470473723844792 5.356196409738915 58
      vertex 3.5058319436177947 5.76217716473316 59
      vertex 2.9470473723844792 5.356196409738915 59
    endloop
  endfacet
  facet normal 0.6845471059286894 -0.7289686274214108 0
    outer loop
      vertex 3.5058319436177947 5.76217716473316 58
      vertex 4.009327450817764 6.234990917392214 58
      vertex 4.009327450817764 6.234990917392214 59
    endloop
  endfacet
  facet normal 0.6845471059286894 -0.7289686274214108 0
    outer loop
      vertex 3.5058319436177947 5.76217716473316 58
      vertex 4.009327450817764 6.234990917392214 59
      vertex 3.5058319436177947 5.76217716473316 59
    endloop
  endfacet
  facet normal 0.770513242775789 -0.63742398974869 0
    outer loop
      vertex 4.009327450817764 6.234990917392214 58
      vertex 4.449593469062211 6.767181112391398 58
      vertex 4.009327450817764 6.234990917392214 59
    endloop
  endfacet
  facet normal 0.8443279255020159 -0.5358267949789953 0
    outer loop
      vertex 4.449593469062211 6.767181112391398 58
      vertex 4.819686740241249 7.350354792440566 58
      vertex 4.449593469062211 6.767181112391398 59
    endloop
  endfacet
  facet normal 0.770513242775789 -0.63742398974869 0
    outer loop
      vertex 4.009327450817764 6.234990917392214 59
      vertex 4.449593469062211 6.767181112391398 58
      vertex 4.449593469062211 6.767181112391398 59
    endloop
  endfacet
  facet normal 0.8443279255020159 -0.5358267949789953 0
    outer loop
      vertex 4.449593469062211 6.767181112391398 59
      vertex 4.819686740241249 7.350354792440566 58
      vertex 4.819686740241249 7.350354792440566 59
    endloop
  endfacet
  facet normal 0 0 1
    outer loop
      vertex 2.9470473723844792 5.356196409738915 59
      vertex 3.5058319436177947 5.76217716473316 59
      vertex 2.9470473723844814 14.643803590261083 59
    endloop
  endfacet
  facet normal 0 0 1
    outer loop
      vertex 3.5058319436177947 5.76217716473316 59
      vertex 4.009327450817764 6.234990917392214 59
      vertex 3.5058319436177934 14.23782283526684 59
    endloop
  endfacet
  facet normal 0.9048270524660189 -0.42577929156507394 0
    outer loop
      vertex 4.819686740241249 7.350354792440566 58
      vertex 5.113770672385382 7.975314960234269 58
      vertex 4.819686740241249 7.350354792440566 59
    endloop
  endfacet
  facet normal 0.9048270524660189 -0.42577929156507394 0
    outer loop
      vertex 5.113770672385382 7.975314960234269 58
      vertex 5.113770672385382 7.975314960234269 59
      vertex 4.819686740241249 7.350354792440566 59
    endloop
  endfacet
  facet normal 0.9510565162951533 -0.3090169943749479 0
    outer loop
      vertex 5.113770672385382 7.975314960234269 58
      vertex 5.327207386207472 8.6322056205933 58
      vertex 5.113770672385382 7.975314960234269 59
    endloop
  endfacet
  facet normal 0.9510565162951533 -0.3090169943749479 0
    outer loop
      vertex 5.113770672385382 7.975314960234269 59
      vertex 5.327207386207472 8.6322056205933 58
      vertex 5.327207386207472 8.6322056205933 59
    endloop
  endfacet
  facet normal 0 0 1
    outer loop
      vertex 4.009327450817764 6.234990917392214 59
      vertex 4.449593469062211 6.767181112391398 59
      vertex 4.009327450817763 13.765009082607788 59
    endloop
  endfacet
  facet normal 0 0 1
    outer loop
      vertex 4.449593469062211 6.767181112391398 59
      vertex 4.819686740241249 7.350354792440566 59
      vertex 4.449593469062211 13.232818887608602 59
    endloop
  endfacet
  facet normal 0.9822872507286888 -0.18738131458572432 0
    outer loop
      vertex 5.327207386207472 8.6322056205933 58
      vertex 5.456630857229628 9.310667215396327 58
      vertex 5.327207386207472 8.6322056205933 59
    endloop
  endfacet
  facet normal 0.9822872507286888 -0.18738131458572432 0
    outer loop
      vertex 5.456630857229628 9.310667215396327 58
      vertex 5.456630857229628 9.310667215396327 59
      vertex 5.327207386207472 8.6322056205933 59
    endloop
  endfacet
  facet normal 0.9980267284282716 -0.06279051952931314 0
    outer loop
      vertex 5.456630857229628 9.310667215396327 58
      vertex 5.5 10 58
      vertex 5.456630857229628 9.310667215396327 59
    endloop
  endfacet
  facet normal 0 0 1
    outer loop
      vertex 4.819686740241249 7.350354792440566 59
      vertex 5.113770672385382 7.975314960234269 59
      vertex 4.8196867402412495 12.649645207559434 59
    endloop
  endfacet
  facet normal 0 0 1
    outer loop
      vertex 5.113770672385382 7.975314960234269 59
      vertex 5.327207386207472 8.6322056205933 59
      vertex 5.113770672385383 12.024685039765728 59
    endloop
  endfacet
  facet normal 0.9980267284282716 -0.06279051952931314 0
    outer loop
      vertex 5.456630857229628 9.310667215396327 59
      vertex 5.5 10 58
      vertex 5.5 10 59
    endloop
  endfacet
  facet normal 0 0 1
    outer loop
      vertex 5.327207386207472 8.6322056205933 59
      vertex 5.456630857229628 9.310667215396327 59
      vertex 5.327207386207471 11.367794379406702 59
    endloop
  endfacet
  facet normal 0 0 1
    outer loop
      vertex 1.0305972302214865 4.597420120992212 59
      vertex 1.0305972302214852 15.402579879007789 59
      vertex 1 10 59
    endloop
  endfacet
  facet normal 0 0 1
    outer loop
      vertex 0.34534785741122304 15.489147006355495 59
      vertex -0.06279051952931214 10.998026728428272 59
      vertex 0.06279051952931328 10.998026728428272 59
    endloop
  endfacet
  facet normal 0 0 1
    outer loop
      vertex 0.34534785741122304 15.489147006355495 59
      vertex 0.06279051952931328 10.998026728428272 59
      vertex 0.18738131458572457 10.982287250728689 59
    endloop
  endfacet
  facet normal 0 0 1
    outer loop
      vertex 0.34534785741122304 15.489147006355495 59
      vertex 0.18738131458572457 10.982287250728689 59
      vertex 0.3090169943749474 10.951056516295154 59
    endloop
  endfacet
  facet normal 0 0 1
    outer loop
      vertex 0.34534785741122304 15.489147006355495 59
      vertex 0.5358267949789967 10.844327925502014 59
      vertex 0.6374239897486897 10.77051324277579 59
    endloop
  endfacet
  facet normal 0 0 1
    outer loop
      vertex 0.34534785741122304 15.489147006355495 59
      vertex 0.6374239897486897 10.77051324277579 59
      vertex 0.7289686274214116 10.684547105928688 59
    endloop
  endfacet
  facet normal 0 0 1
    outer loop
      vertex 0.34534785741122304 15.489147006355495 59
      vertex 0.3090169943749474 10.951056516295154 59
      vertex 0.4257792915650727 10.90482705246602 59
    endloop
  endfacet
  facet normal 0 0 1
    outer loop
      vertex 0.34534785741122304 15.489147006355495 59
      vertex 0.4257792915650727 10.90482705246602 59
      vertex 0.5358267949789967 10.844327925502014 59
    endloop
  endfacet
  facet normal 0 0 1
    outer loop
      vertex 1.0305972302214852 15.402579879007789 59
      vertex 0.9921147013144779 10.125333233564305 59
      vertex 1 10 59
    endloop
  endfacet
  facet normal 0 0 1
    outer loop
      vertex 1.0305972302214852 15.402579879007789 59
      vertex 0.9685831611286311 10.248689887164854 59
      vertex 0.9921147013144779 10.125333233564305 59
    endloop
  endfacet
  facet normal 0 0 1
    outer loop
      vertex 1.0305972302214852 15.402579879007789 59
      vertex 0.9297764858882513 10.368124552684678 59
      vertex 0.9685831611286311 10.248689887164854 59
    endloop
  endfacet
  facet normal 0 0 1
    outer loop
      vertex 1.0305972302214852 15.402579879007789 59
      vertex 0.7289686274214116 10.684547105928688 59
      vertex 0.8090169943749475 10.587785252292473 59
    endloop
  endfacet
  facet normal 0 0 1
    outer loop
      vertex 1.0305972302214852 15.402579879007789 59
      vertex 0.8090169943749475 10.587785252292473 59
      vertex 0.8763066800438636 10.481753674101716 59
    endloop
  endfacet
  facet normal 0 0 1
    outer loop
      vertex 1.0305972302214852 15.402579879007789 59
      vertex 0.8763066800438636 10.481753674101716 59
      vertex 0.9297764858882513 10.368124552684678 59
    endloop
  endfacet
  facet normal 0 0 1
    outer loop
      vertex 1.6995934690622108 4.769189160376656 59
      vertex 1.6995934690622108 15.230810839623345 59
      vertex 1.0305972302214852 15.402579879007789 59
    endloop
  endfacet
  facet normal 0 0 1
    outer loop
      vertex 2.341786103607898 5.0234512114368925 59
      vertex 2.3417861036079 14.976548788563107 59
      vertex 1.6995934690622108 15.230810839623345 59
    endloop
  endfacet
  facet normal 0 0 1
    outer loop
      vertex 2.9470473723844792 5.356196409738915 59
      vertex 2.9470473723844814 14.643803590261083 59
      vertex 2.3417861036079 14.976548788563107 59
    endloop
  endfacet
  facet normal 0 0 1
    outer loop
      vertex 0.34534785741122304 15.489147006355495 59
      vertex 0.7289686274214116 10.684547105928688 59
      vertex 1.0305972302214852 15.402579879007789 59
    endloop
  endfacet
  facet normal 0.12533323356430473 0.9921147013144778 0
    outer loop
      vertex 0.34534785741122304 15.489147006355495 58
      vertex 0.34534785741122304 15.489147006355495 59
      vertex 1.0305972302214852 15.402579879007789 58
    endloop
  endfacet
  facet normal 0 1 0
    outer loop
      vertex -0.34534785741122304 15.489147006355495 59
      vertex 0.34534785741122304 15.489147006355495 59
      vertex 0.34534785741122304 15.489147006355495 58
    endloop
  endfacet
  facet normal 0.24868988716485535 0.9685831611286311 0
    outer loop
      vertex 1.0305972302214852 15.402579879007789 58
      vertex 1.0305972302214852 15.402579879007789 59
      vertex 1.6995934690622108 15.230810839623345 58
    endloop
  endfacet
  facet normal 0.12533323356430473 0.9921147013144778 0
    outer loop
      vertex 1.0305972302214852 15.402579879007789 58
      vertex 0.34534785741122304 15.489147006355495 59
      vertex 1.0305972302214852 15.402579879007789 59
    endloop
  endfacet
  facet normal 0.36812455268467814 0.9297764858882512 0
    outer loop
      vertex 1.6995934690622108 15.230810839623345 58
      vertex 1.6995934690622108 15.230810839623345 59
      vertex 2.3417861036079 14.976548788563107 58
    endloop
  endfacet
  facet normal 0.24868988716485535 0.9685831611286311 0
    outer loop
      vertex 1.0305972302214852 15.402579879007789 59
      vertex 1.6995934690622108 15.230810839623345 59
      vertex 1.6995934690622108 15.230810839623345 58
    endloop
  endfacet
  facet normal 0.4817536741017157 0.8763066800438635 0
    outer loop
      vertex 2.3417861036079 14.976548788563107 59
      vertex 2.9470473723844814 14.643803590261083 59
      vertex 2.9470473723844814 14.643803590261083 58
    endloop
  endfacet
  facet normal 0.4817536741017157 0.8763066800438635 0
    outer loop
      vertex 2.3417861036079 14.976548788563107 58
      vertex 2.3417861036079 14.976548788563107 59
      vertex 2.9470473723844814 14.643803590261083 58
    endloop
  endfacet
  facet normal 0.36812455268467814 0.9297764858882512 0
    outer loop
      vertex 2.3417861036079 14.976548788563107 58
      vertex 1.6995934690622108 15.230810839623345 59
      vertex 2.3417861036079 14.976548788563107 59
    endloop
  endfacet
  facet normal 0 0 1
    outer loop
      vertex 3.5058319436177947 5.76217716473316 59
      vertex 3.5058319436177934 14.23782283526684 59
      vertex 2.9470473723844814 14.643803590261083 59
    endloop
  endfacet
  facet normal 0 0 1
    outer loop
      vertex 4.009327450817764 6.234990917392214 59
      vertex 4.009327450817763 13.765009082607788 59
      vertex 3.5058319436177934 14.23782283526684 59
    endloop
  endfacet
  facet normal 0 0 1
    outer loop
      vertex 4.449593469062211 6.767181112391398 59
      vertex 4.449593469062211 13.232818887608602 59
      vertex 4.009327450817763 13.765009082607788 59
    endloop
  endfacet
  facet normal 0 0 1
    outer loop
      vertex 4.819686740241249 7.350354792440566 59
      vertex 4.8196867402412495 12.649645207559434 59
      vertex 4.449593469062211 13.232818887608602 59
    endloop
  endfacet
  facet normal 0.9980267284282716 0.06279051952931314 0
    outer loop
      vertex 5.5 10 58
      vertex 5.456630857229628 10.689332784603673 58
      vertex 5.5 10 59
    endloop
  endfacet
  facet normal 0 0 1
    outer loop
      vertex 5.456630857229628 9.310667215396327 59
      vertex 5.5 10 59
      vertex 5.456630857229628 10.689332784603673 59
    endloop
  endfacet
  facet normal 0.9980267284282716 0.06279051952931314 0
    outer loop
      vertex 5.456630857229628 10.689332784603673 58
      vertex 5.456630857229628 10.689332784603673 59
      vertex 5.5 10 59
    endloop
  endfacet
  facet normal 0 0 1
    outer loop
      vertex 5.327207386207472 8.6322056205933 59
      vertex 5.327207386207471 11.367794379406702 59
      vertex 5.113770672385383 12.024685039765728 59
    endloop
  endfacet
  facet normal 0 0 1
    outer loop
      vertex 5.456630857229628 9.310667215396327 59
      vertex 5.456630857229628 10.689332784603673 59
      vertex 5.327207386207471 11.367794379406702 59
    endloop
  endfacet
  facet normal 0.9822872507286885 0.18738131458572554 0
    outer loop
      vertex 5.456630857229628 10.689332784603673 58
      vertex 5.327207386207471 11.3677943794067 58
      vertex 5.456630857229628 10.689332784603673 59
    endloop
  endfacet
  facet normal 0 0 1
    outer loop
      vertex 5.113770672385382 7.975314960234269 59
      vertex 5.113770672385383 12.024685039765728 59
      vertex 4.8196867402412495 12.649645207559434 59
    endloop
  endfacet
  facet normal 0.9822872507286887 0.1873813145857251 -3.328560797401627e-16
    outer loop
      vertex 5.327207386207471 11.3677943794067 58
      vertex 5.327207386207471 11.367794379406702 59
      vertex 5.456630857229628 10.689332784603673 59
    endloop
  endfacet
  facet normal 0.9510565162951538 0.30901699437494673 -5.489244514488453e-16
    outer loop
      vertex 5.327207386207471 11.3677943794067 58
      vertex 5.113770672385383 12.024685039765728 58
      vertex 5.327207386207471 11.367794379406702 59
    endloop
  endfacet
  facet normal 0.9510565162951536 0.3090169943749475 0
    outer loop
      vertex 5.327207386207471 11.367794379406702 59
      vertex 5.113770672385383 12.024685039765728 58
      vertex 5.113770672385383 12.024685039765728 59
    endloop
  endfacet
  facet normal 0.9048270524660191 0.42577929156507344 0
    outer loop
      vertex 5.113770672385383 12.024685039765728 58
      vertex 4.8196867402412495 12.649645207559432 58
      vertex 5.113770672385383 12.024685039765728 59
    endloop
  endfacet
  facet normal 0.9048270524660196 0.42577929156507244 -7.563359566466098e-16
    outer loop
      vertex 4.8196867402412495 12.649645207559432 58
      vertex 4.8196867402412495 12.649645207559434 59
      vertex 5.113770672385383 12.024685039765728 59
    endloop
  endfacet
  facet normal 0.6845471059286891 0.7289686274214111 0
    outer loop
      vertex 4.009327450817763 13.765009082607786 58
      vertex 3.5058319436177934 14.23782283526684 58
      vertex 3.5058319436177934 14.23782283526684 59
    endloop
  endfacet
  facet normal 0.6845471059286877 0.7289686274214124 -1.294908407028239e-15
    outer loop
      vertex 4.009327450817763 13.765009082607786 58
      vertex 3.5058319436177934 14.23782283526684 59
      vertex 4.009327450817763 13.765009082607788 59
    endloop
  endfacet
  facet normal 0.5877852522924737 0.809016994374947 0
    outer loop
      vertex 2.9470473723844814 14.643803590261083 58
      vertex 2.9470473723844814 14.643803590261083 59
      vertex 3.5058319436177934 14.23782283526684 58
    endloop
  endfacet
  facet normal 0.5877852522924737 0.809016994374947 0
    outer loop
      vertex 3.5058319436177934 14.23782283526684 58
      vertex 2.9470473723844814 14.643803590261083 59
      vertex 3.5058319436177934 14.23782283526684 59
    endloop
  endfacet
  facet normal 0.7705132427757885 0.6374239897486907 0
    outer loop
      vertex 4.009327450817763 13.765009082607786 58
      vertex 4.449593469062211 13.232818887608602 59
      vertex 4.449593469062211 13.232818887608602 58
    endloop
  endfacet
  facet normal 0.8443279255020161 0.535826794978995 -9.518195919948535e-16
    outer loop
      vertex 4.8196867402412495 12.649645207559432 58
      vertex 4.449593469062211 13.232818887608602 58
      vertex 4.8196867402412495 12.649645207559434 59
    endloop
  endfacet
  facet normal 0.8443279255020154 0.5358267949789962 0
    outer loop
      vertex 4.8196867402412495 12.649645207559434 59
      vertex 4.449593469062211 13.232818887608602 58
      vertex 4.449593469062211 13.232818887608602 59
    endloop
  endfacet
  facet normal 0.7705132427757895 0.6374239897486894 -1.1322924637878796e-15
    outer loop
      vertex 4.009327450817763 13.765009082607786 58
      vertex 4.009327450817763 13.765009082607788 59
      vertex 4.449593469062211 13.232818887608602 59
    endloop
  endfacet
  facet normal 0.7705132427757897 0.637423989748689 0
    outer loop
      vertex -2.0023170610779952 8.54523150057613 57
      vertex -1.8041973528679938 8.305745912826495 52
      vertex -2.0023170610779952 8.54523150057613 52
    endloop
  endfacet
  facet normal 0.6845471059286872 0.728968627421413 0
    outer loop
      vertex -1.577624374628007 8.092979724129922 57
      vertex -1.577624374628007 8.092979724129922 52
      vertex -1.8041973528679938 8.305745912826495 52
    endloop
  endfacet
  facet normal 0.5877852522924738 0.8090169943749469 0
    outer loop
      vertex -1.326171317573017 7.910288384382513 57
      vertex -1.326171317573017 7.910288384382513 52
      vertex -1.577624374628007 8.092979724129922 52
    endloop
  endfacet
  facet normal 0.8443279255020154 0.5358267949789961 0
    outer loop
      vertex -2.168859033108562 8.807659656598254 57
      vertex -2.0023170610779952 8.54523150057613 52
      vertex -2.168859033108562 8.807659656598254 52
    endloop
  endfacet
  facet normal 0.9048270524660191 0.42577929156507366 0
    outer loop
      vertex -2.3011968025734224 9.088891732105422 57
      vertex -2.168859033108562 8.807659656598254 52
      vertex -2.3011968025734224 9.088891732105422 52
    endloop
  endfacet
  facet normal 0.9510565162951538 0.30901699437494695 0
    outer loop
      vertex -2.397243323793362 9.384492529266984 57
      vertex -2.3011968025734224 9.088891732105422 52
      vertex -2.397243323793362 9.384492529266984 52
    endloop
  endfacet
  facet normal 0.9822872507286886 0.18738131458572516 0
    outer loop
      vertex -2.455483885753333 9.689800246928348 57
      vertex -2.397243323793362 9.384492529266984 52
      vertex -2.455483885753333 9.689800246928348 52
    endloop
  endfacet
  facet normal 0.9980267284282717 0.06279051952931274 0
    outer loop
      vertex -2.475 10 57
      vertex -2.455483885753333 9.689800246928348 52
      vertex -2.475 10 52
    endloop
  endfacet
  facet normal 0.48175367410171654 0.8763066800438628 0
    outer loop
      vertex -1.0538037466235544 7.760553045146601 57
      vertex -1.0538037466235544 7.760553045146601 52
      vertex -1.326171317573017 7.910288384382513 52
    endloop
  endfacet
  facet normal 0.36812455268467587 0.9297764858882521 0
    outer loop
      vertex -0.7648170610779949 7.646135122169495 57
      vertex -0.7648170610779949 7.646135122169495 52
      vertex -1.0538037466235544 7.760553045146601 52
    endloop
  endfacet
  facet normal 0.24868988716485474 0.9685831611286312 0
    outer loop
      vertex -0.46376875359966896 7.568839054446496 57
      vertex -0.46376875359966896 7.568839054446496 52
      vertex -0.7648170610779949 7.646135122169495 52
    endloop
  endfacet
  facet normal 0.12533323356430723 0.9921147013144775 0
    outer loop
      vertex -0.15540653583505157 7.529883847140027 57
      vertex -0.15540653583505157 7.529883847140027 52
      vertex -0.46376875359966896 7.568839054446496 52
    endloop
  endfacet
  facet normal 0.6845471059286867 0.7289686274214132 3.1254964320744836e-17
    outer loop
      vertex -1.577624374628007 8.092979724129922 57
      vertex -1.8041973528679938 8.305745912826495 52
      vertex -1.804197352867994 8.305745912826495 57
    endloop
  endfacet
  facet normal 0.77051324277579 0.6374239897486885 3.5719959223708335e-17
    outer loop
      vertex -2.0023170610779952 8.54523150057613 57
      vertex -1.804197352867994 8.305745912826495 57
      vertex -1.8041973528679938 8.305745912826495 52
    endloop
  endfacet
  facet normal 0.5877852522924738 0.8090169943749469 0
    outer loop
      vertex -1.577624374628007 8.092979724129922 57
      vertex -1.326171317573017 7.910288384382513 57
      vertex -1.577624374628007 8.092979724129922 52
    endloop
  endfacet
  facet normal 0.9048270524660191 0.42577929156507366 0
    outer loop
      vertex -2.168859033108562 8.807659656598254 57
      vertex -2.168859033108562 8.807659656598254 52
      vertex -2.3011968025734224 9.088891732105422 57
    endloop
  endfacet
  facet normal 0.9510565162951538 0.30901699437494695 0
    outer loop
      vertex -2.3011968025734224 9.088891732105422 57
      vertex -2.3011968025734224 9.088891732105422 52
      vertex -2.397243323793362 9.384492529266984 57
    endloop
  endfacet
  facet normal 0.9822872507286886 0.18738131458572516 0
    outer loop
      vertex -2.397243323793362 9.384492529266984 57
      vertex -2.397243323793362 9.384492529266984 52
      vertex -2.455483885753333 9.689800246928348 57
    endloop
  endfacet
  facet normal 0.9980267284282717 0.06279051952931274 0
    outer loop
      vertex -2.455483885753333 9.689800246928348 57
      vertex -2.455483885753333 9.689800246928348 52
      vertex -2.475 10 57
    endloop
  endfacet
  facet normal 0.8443279255020154 0.5358267949789961 0
    outer loop
      vertex -2.0023170610779952 8.54523150057613 57
      vertex -2.0023170610779952 8.54523150057613 52
      vertex -2.168859033108562 8.807659656598254 57
    endloop
  endfacet
  facet normal 0.48175367410171654 0.8763066800438628 0
    outer loop
      vertex -1.326171317573017 7.910288384382513 57
      vertex -1.0538037466235544 7.760553045146601 57
      vertex -1.326171317573017 7.910288384382513 52
    endloop
  endfacet
  facet normal 0.36812455268467587 0.9297764858882521 0
    outer loop
      vertex -1.0538037466235544 7.760553045146601 57
      vertex -0.7648170610779949 7.646135122169495 57
      vertex -1.0538037466235544 7.760553045146601 52
    endloop
  endfacet
  facet normal 0.12533323356430723 0.9921147013144775 0
    outer loop
      vertex -0.46376875359966896 7.568839054446496 57
      vertex -0.15540653583505157 7.529883847140027 57
      vertex -0.46376875359966896 7.568839054446496 52
    endloop
  endfacet
  facet normal 0.24868988716485474 0.9685831611286312 0
    outer loop
      vertex -0.7648170610779949 7.646135122169495 57
      vertex -0.46376875359966896 7.568839054446496 57
      vertex -0.7648170610779949 7.646135122169495 52
    endloop
  endfacet
  facet normal 0 1 0
    outer loop
      vertex -0.15540653583505157 7.529883847140027 57
      vertex 0.15540653583505157 7.529883847140027 57
      vertex -0.15540653583505157 7.529883847140027 52
    endloop
  endfacet
  facet normal 0 0 -1
    outer loop
      vertex -2.397243323793362 9.384492529266984 57
      vertex -2.455483885753333 9.689800246928348 57
      vertex -2.455483885753333 10.310199753071652 57
    endloop
  endfacet
  facet normal 0 0 -1
    outer loop
      vertex -2.168859033108562 8.807659656598254 57
      vertex -2.3011968025734224 9.088891732105422 57
      vertex -2.3011968025734224 10.911108267894578 57
    endloop
  endfacet
  facet normal 0 0 -1
    outer loop
      vertex -2.0023170610779952 8.54523150057613 57
      vertex -2.168859033108562 8.807659656598254 57
      vertex -2.168859033108562 11.192340343401746 57
    endloop
  endfacet
  facet normal 0 0 -1
    outer loop
      vertex -2.3011968025734224 9.088891732105422 57
      vertex -2.397243323793362 9.384492529266984 57
      vertex -2.397243323793362 10.615507470733016 57
    endloop
  endfacet
  facet normal 0 0 -1
    outer loop
      vertex -1.577624374628007 8.092979724129922 57
      vertex -1.577624374628007 11.907020275870078 57
      vertex -1.326171317573017 7.910288384382513 57
    endloop
  endfacet
  facet normal 0 0 -1
    outer loop
      vertex -2.0023170610779952 8.54523150057613 57
      vertex -2.0023170610779952 11.45476849942387 57
      vertex -1.804197352867994 8.305745912826495 57
    endloop
  endfacet
  facet normal 0 0 -1
    outer loop
      vertex -1.577624374628007 8.092979724129922 57
      vertex -1.804197352867994 8.305745912826495 57
      vertex -1.804197352867994 11.694254087173505 57
    endloop
  endfacet
  facet normal 0 0 -1
    outer loop
      vertex -1.0538037466235544 7.760553045146601 57
      vertex -0.8763066800438635 9.518246325898284 57
      vertex -0.7648170610779949 7.646135122169495 57
    endloop
  endfacet
  facet normal 0 0 -1
    outer loop
      vertex -0.7648170610779949 7.646135122169495 57
      vertex -0.5358267949789968 9.155672074497986 57
      vertex -0.46376875359966896 7.568839054446496 57
    endloop
  endfacet
  facet normal 0 0 -1
    outer loop
      vertex -0.46376875359966896 7.568839054446496 57
      vertex -0.5358267949789968 9.155672074497986 57
      vertex -0.42577929156507244 9.09517294753398 57
    endloop
  endfacet
  facet normal 0 0 -1
    outer loop
      vertex -0.46376875359966896 7.568839054446496 57
      vertex -0.42577929156507244 9.09517294753398 57
      vertex -0.3090169943749474 9.048943483704846 57
    endloop
  endfacet
  facet normal 0 0 -1
    outer loop
      vertex -0.46376875359966896 7.568839054446496 57
      vertex -0.18738131458572482 9.017712749271311 57
      vertex -0.15540653583505157 7.529883847140027 57
    endloop
  endfacet
  facet normal 0 0 -1
    outer loop
      vertex -0.46376875359966896 7.568839054446496 57
      vertex -0.3090169943749474 9.048943483704846 57
      vertex -0.18738131458572482 9.017712749271311 57
    endloop
  endfacet
  facet normal 0 0 -1
    outer loop
      vertex -0.15540653583505157 7.529883847140027 57
      vertex -0.18738131458572482 9.017712749271311 57
      vertex -0.06279051952931376 9.001973271571728 57
    endloop
  endfacet
  facet normal 0 0 -1
    outer loop
      vertex -0.15540653583505157 7.529883847140027 57
      vertex -0.06279051952931376 9.001973271571728 57
      vertex 0.06279051952931411 9.001973271571728 57
    endloop
  endfacet
  facet normal 0 0 -1
    outer loop
      vertex -1.326171317573017 7.910288384382513 57
      vertex -1.326171317573017 12.089711615617487 57
      vertex -1.0538037466235544 7.760553045146601 57
    endloop
  endfacet
  facet normal 0 0 -1
    outer loop
      vertex -1.0538037466235544 7.760553045146601 57
      vertex -0.9297764858882515 9.631875447315322 57
      vertex -0.8763066800438635 9.518246325898284 57
    endloop
  endfacet
  facet normal 0 0 -1
    outer loop
      vertex -0.7648170610779949 7.646135122169495 57
      vertex -0.8090169943749475 9.412214747707527 57
      vertex -0.7289686274214117 9.315452894071312 57
    endloop
  endfacet
  facet normal 0 0 -1
    outer loop
      vertex -0.7648170610779949 7.646135122169495 57
      vertex -0.7289686274214117 9.315452894071312 57
      vertex -0.6374239897486896 9.22948675722421 57
    endloop
  endfacet
  facet normal 0 0 -1
    outer loop
      vertex -0.7648170610779949 7.646135122169495 57
      vertex -0.8763066800438635 9.518246325898284 57
      vertex -0.8090169943749475 9.412214747707527 57
    endloop
  endfacet
  facet normal 0 0 -1
    outer loop
      vertex -1.0538037466235544 7.760553045146601 57
      vertex -0.9685831611286311 9.751310112835146 57
      vertex -0.9297764858882515 9.631875447315322 57
    endloop
  endfacet
  facet normal 0 0 -1
    outer loop
      vertex -1.0538037466235544 7.760553045146601 57
      vertex -0.9921147013144779 9.874666766435697 57
      vertex -0.9685831611286311 9.751310112835146 57
    endloop
  endfacet
  facet normal 0 0 -1
    outer loop
      vertex -1.0538037466235544 7.760553045146601 57
      vertex -1 10 57
      vertex -0.9921147013144779 9.874666766435697 57
    endloop
  endfacet
  facet normal 0 0 -1
    outer loop
      vertex -0.7648170610779949 7.646135122169495 57
      vertex -0.6374239897486896 9.22948675722421 57
      vertex -0.5358267949789968 9.155672074497986 57
    endloop
  endfacet
  facet normal 0.9980267284282717 -0.06279051952931274 0
    outer loop
      vertex -2.455483885753333 10.310199753071652 57
      vertex -2.475 10 52
      vertex -2.455483885753333 10.310199753071652 52
    endloop
  endfacet
  facet normal 0.9822872507286886 -0.18738131458572516 0
    outer loop
      vertex -2.397243323793362 10.615507470733016 57
      vertex -2.455483885753333 10.310199753071652 52
      vertex -2.397243323793362 10.615507470733016 52
    endloop
  endfacet
  facet normal 0.9510565162951538 -0.30901699437494695 0
    outer loop
      vertex -2.3011968025734224 10.911108267894578 57
      vertex -2.397243323793362 10.615507470733016 52
      vertex -2.3011968025734224 10.911108267894578 52
    endloop
  endfacet
  facet normal 0.9048270524660191 -0.42577929156507366 0
    outer loop
      vertex -2.168859033108562 11.192340343401746 57
      vertex -2.3011968025734224 10.911108267894578 52
      vertex -2.168859033108562 11.192340343401746 52
    endloop
  endfacet
  facet normal 0.8443279255020154 -0.5358267949789961 0
    outer loop
      vertex -2.0023170610779952 11.45476849942387 57
      vertex -2.168859033108562 11.192340343401746 52
      vertex -2.0023170610779952 11.45476849942387 52
    endloop
  endfacet
  facet normal 0.77051324277579 -0.6374239897486885 0
    outer loop
      vertex -1.804197352867994 11.694254087173505 57
      vertex -2.0023170610779952 11.45476849942387 52
      vertex -1.804197352867994 11.694254087173505 52
    endloop
  endfacet
  facet normal 0.6845471059286867 -0.7289686274214132 0
    outer loop
      vertex -1.804197352867994 11.694254087173505 57
      vertex -1.804197352867994 11.694254087173505 52
      vertex -1.577624374628007 11.907020275870078 52
    endloop
  endfacet
  facet normal 0.5877852522924742 -0.8090169943749467 0
    outer loop
      vertex -1.577624374628007 11.907020275870078 57
      vertex -1.577624374628007 11.907020275870078 52
      vertex -1.3261713175730172 12.089711615617487 52
    endloop
  endfacet
  facet normal 0.48175367410171716 -0.8763066800438625 -2.1394160847419616e-17
    outer loop
      vertex -1.326171317573017 12.089711615617487 57
      vertex -1.3261713175730172 12.089711615617487 52
      vertex -1.053803746623555 12.239446954853399 52
    endloop
  endfacet
  facet normal 0.36812455268467514 -0.9297764858882526 0
    outer loop
      vertex -1.053803746623555 12.239446954853399 57
      vertex -1.053803746623555 12.239446954853399 52
      vertex -0.7648170610779949 12.353864877830505 52
    endloop
  endfacet
  facet normal 0.24868988716485477 -0.9685831611286312 0
    outer loop
      vertex -0.7648170610779949 12.353864877830505 57
      vertex -0.7648170610779949 12.353864877830505 52
      vertex -0.463768753599669 12.431160945553504 52
    endloop
  endfacet
  facet normal 0.1253332335643072 -0.9921147013144775 -1.669774099845796e-17
    outer loop
      vertex -0.46376875359966835 12.431160945553504 57
      vertex -0.463768753599669 12.431160945553504 52
      vertex -0.15540653583505157 12.470116152859973 52
    endloop
  endfacet
  facet normal 0 -1 0
    outer loop
      vertex -0.15540653583505037 12.470116152859973 57
      vertex -0.15540653583505157 12.470116152859973 52
      vertex 0.15540653583505037 12.470116152859973 52
    endloop
  endfacet
  facet normal 0.9980267284282717 -0.06279051952931274 0
    outer loop
      vertex -2.475 10 57
      vertex -2.475 10 52
      vertex -2.455483885753333 10.310199753071652 57
    endloop
  endfacet
  facet normal 0.9822872507286886 -0.18738131458572516 0
    outer loop
      vertex -2.455483885753333 10.310199753071652 57
      vertex -2.455483885753333 10.310199753071652 52
      vertex -2.397243323793362 10.615507470733016 57
    endloop
  endfacet
  facet normal 0.9510565162951538 -0.30901699437494695 0
    outer loop
      vertex -2.397243323793362 10.615507470733016 57
      vertex -2.397243323793362 10.615507470733016 52
      vertex -2.3011968025734224 10.911108267894578 57
    endloop
  endfacet
  facet normal 0.9048270524660191 -0.42577929156507366 0
    outer loop
      vertex -2.3011968025734224 10.911108267894578 57
      vertex -2.3011968025734224 10.911108267894578 52
      vertex -2.168859033108562 11.192340343401746 57
    endloop
  endfacet
  facet normal 0.8443279255020154 -0.5358267949789961 0
    outer loop
      vertex -2.168859033108562 11.192340343401746 57
      vertex -2.168859033108562 11.192340343401746 52
      vertex -2.0023170610779952 11.45476849942387 57
    endloop
  endfacet
  facet normal 0.77051324277579 -0.6374239897486885 0
    outer loop
      vertex -2.0023170610779952 11.45476849942387 57
      vertex -2.0023170610779952 11.45476849942387 52
      vertex -1.804197352867994 11.694254087173505 57
    endloop
  endfacet
  facet normal 0.6845471059286867 -0.7289686274214132 0
    outer loop
      vertex -1.804197352867994 11.694254087173505 57
      vertex -1.577624374628007 11.907020275870078 52
      vertex -1.577624374628007 11.907020275870078 57
    endloop
  endfacet
  facet normal 0.5877852522924738 -0.8090169943749469 -2.678996941778131e-17
    outer loop
      vertex -1.577624374628007 11.907020275870078 57
      vertex -1.3261713175730172 12.089711615617487 52
      vertex -1.326171317573017 12.089711615617487 57
    endloop
  endfacet
  facet normal 0.48175367410171743 -0.8763066800438624 0
    outer loop
      vertex -1.326171317573017 12.089711615617487 57
      vertex -1.053803746623555 12.239446954853399 52
      vertex -1.053803746623555 12.239446954853399 57
    endloop
  endfacet
  facet normal 0.36812455268467514 -0.9297764858882526 0
    outer loop
      vertex -1.053803746623555 12.239446954853399 57
      vertex -0.7648170610779949 12.353864877830505 52
      vertex -0.7648170610779949 12.353864877830505 57
    endloop
  endfacet
  facet normal 0.24868988716485424 -0.9685831611286312 -3.34874617722266e-17
    outer loop
      vertex -0.7648170610779949 12.353864877830505 57
      vertex -0.463768753599669 12.431160945553504 52
      vertex -0.46376875359966835 12.431160945553504 57
    endloop
  endfacet
  facet normal 0.12533323356430698 -0.9921147013144775 -3.0138715595003926e-17
    outer loop
      vertex -0.46376875359966835 12.431160945553504 57
      vertex -0.15540653583505157 12.470116152859973 52
      vertex -0.15540653583505037 12.470116152859973 57
    endloop
  endfacet
  facet normal 0 0 -1
    outer loop
      vertex -2.455483885753333 9.689800246928348 57
      vertex -2.475 10 57
      vertex -2.455483885753333 10.310199753071652 57
    endloop
  endfacet
  facet normal 0 0 -1
    outer loop
      vertex -2.397243323793362 9.384492529266984 57
      vertex -2.455483885753333 10.310199753071652 57
      vertex -2.397243323793362 10.615507470733016 57
    endloop
  endfacet
  facet normal 0 0 -1
    outer loop
      vertex -2.3011968025734224 9.088891732105422 57
      vertex -2.397243323793362 10.615507470733016 57
      vertex -2.3011968025734224 10.911108267894578 57
    endloop
  endfacet
  facet normal 0 0 -1
    outer loop
      vertex -2.168859033108562 8.807659656598254 57
      vertex -2.3011968025734224 10.911108267894578 57
      vertex -2.168859033108562 11.192340343401746 57
    endloop
  endfacet
  facet normal 0 0 -1
    outer loop
      vertex -2.0023170610779952 8.54523150057613 57
      vertex -2.168859033108562 11.192340343401746 57
      vertex -2.0023170610779952 11.45476849942387 57
    endloop
  endfacet
  facet normal 0 0 -1
    outer loop
      vertex -1.804197352867994 8.305745912826495 57
      vertex -2.0023170610779952 11.45476849942387 57
      vertex -1.804197352867994 11.694254087173505 57
    endloop
  endfacet
  facet normal 0 0 -1
    outer loop
      vertex -1.577624374628007 8.092979724129922 57
      vertex -1.804197352867994 11.694254087173505 57
      vertex -1.577624374628007 11.907020275870078 57
    endloop
  endfacet
  facet normal 0 0 -1
    outer loop
      vertex -1.326171317573017 7.910288384382513 57
      vertex -1.577624374628007 11.907020275870078 57
      vertex -1.326171317573017 12.089711615617487 57
    endloop
  endfacet
  facet normal 0 0 -1
    outer loop
      vertex -1.0538037466235544 7.760553045146601 57
      vertex -1.053803746623555 12.239446954853399 57
      vertex -1 10 57
    endloop
  endfacet
  facet normal 0 0 -1
    outer loop
      vertex -1.0538037466235544 7.760553045146601 57
      vertex -1.326171317573017 12.089711615617487 57
      vertex -1.053803746623555 12.239446954853399 57
    endloop
  endfacet
  facet normal 0 0 -1
    outer loop
      vertex -1 10 57
      vertex -1.053803746623555 12.239446954853399 57
      vertex -0.9921147013144779 10.125333233564303 57
    endloop
  endfacet
  facet normal 0 0 -1
    outer loop
      vertex -0.9921147013144779 10.125333233564303 57
      vertex -1.053803746623555 12.239446954853399 57
      vertex -0.9685831611286311 10.248689887164854 57
    endloop
  endfacet
  facet normal 0 0 -1
    outer loop
      vertex -0.9685831611286311 10.248689887164854 57
      vertex -1.053803746623555 12.239446954853399 57
      vertex -0.9297764858882515 10.368124552684678 57
    endloop
  endfacet
  facet normal 0 0 -1
    outer loop
      vertex -0.9297764858882515 10.368124552684678 57
      vertex -1.053803746623555 12.239446954853399 57
      vertex -0.8763066800438635 10.481753674101716 57
    endloop
  endfacet
  facet normal 0 0 -1
    outer loop
      vertex -0.8763066800438635 10.481753674101716 57
      vertex -1.053803746623555 12.239446954853399 57
      vertex -0.8090169943749475 10.587785252292473 57
    endloop
  endfacet
  facet normal 0 0 -1
    outer loop
      vertex -0.8090169943749475 10.587785252292473 57
      vertex -0.7648170610779949 12.353864877830505 57
      vertex -0.7289686274214117 10.684547105928688 57
    endloop
  endfacet
  facet normal 0 0 -1
    outer loop
      vertex -0.7289686274214117 10.684547105928688 57
      vertex -0.7648170610779949 12.353864877830505 57
      vertex -0.6374239897486896 10.77051324277579 57
    endloop
  endfacet
  facet normal 0 0 -1
    outer loop
      vertex -0.6374239897486896 10.77051324277579 57
      vertex -0.7648170610779949 12.353864877830505 57
      vertex -0.5358267949789968 10.844327925502014 57
    endloop
  endfacet
  facet normal 0 0 -1
    outer loop
      vertex -0.8090169943749475 10.587785252292473 57
      vertex -1.053803746623555 12.239446954853399 57
      vertex -0.7648170610779949 12.353864877830505 57
    endloop
  endfacet
  facet normal 0 0 -1
    outer loop
      vertex -0.5358267949789968 10.844327925502014 57
      vertex -0.46376875359966835 12.431160945553504 57
      vertex -0.4257792915650727 10.90482705246602 57
    endloop
  endfacet
  facet normal 0 0 -1
    outer loop
      vertex -0.4257792915650727 10.90482705246602 57
      vertex -0.46376875359966835 12.431160945553504 57
      vertex -0.3090169943749474 10.951056516295154 57
    endloop
  endfacet
  facet normal 0 0 -1
    outer loop
      vertex -0.5358267949789968 10.844327925502014 57
      vertex -0.7648170610779949 12.353864877830505 57
      vertex -0.46376875359966835 12.431160945553504 57
    endloop
  endfacet
  facet normal 0 0 -1
    outer loop
      vertex -0.3090169943749474 10.951056516295154 57
      vertex -0.46376875359966835 12.431160945553504 57
      vertex -0.18738131458572457 10.982287250728689 57
    endloop
  endfacet
  facet normal 0 0 -1
    outer loop
      vertex -0.18738131458572457 10.982287250728689 57
      vertex -0.15540653583505037 12.470116152859973 57
      vertex -0.06279051952931328 10.998026728428272 57
    endloop
  endfacet
  facet normal 0 0 -1
    outer loop
      vertex -0.18738131458572457 10.982287250728689 57
      vertex -0.46376875359966835 12.431160945553504 57
      vertex -0.15540653583505037 12.470116152859973 57
    endloop
  endfacet
  facet normal 0 0 -1
    outer loop
      vertex -0.06279051952931328 10.998026728428272 57
      vertex -0.15540653583505037 12.470116152859973 57
      vertex 0.15540653583505037 12.470116152859973 57
    endloop
  endfacet
  facet normal 0 1 0
    outer loop
      vertex 0.15540653583505157 7.529883847140027 57
      vertex 0.1554065358350516 7.529883847140027 52
      vertex -0.15540653583505157 7.529883847140027 52
    endloop
  endfacet
  facet normal -0.1253332335643072 0.9921147013144773 -1.3914784165381634e-18
    outer loop
      vertex 0.46376875359966896 7.568839054446496 57
      vertex 0.463768753599669 7.568839054446496 52
      vertex 0.1554065358350516 7.529883847140027 52
    endloop
  endfacet
  facet normal -0.24868988716485477 0.9685831611286312 0
    outer loop
      vertex 0.7648170610779949 7.646135122169495 57
      vertex 0.7648170610779949 7.646135122169495 52
      vertex 0.463768753599669 7.568839054446496 52
    endloop
  endfacet
  facet normal -0.3681245526846757 0.9297764858882523 -1.6348014172814537e-17
    outer loop
      vertex 1.0538037466235544 7.760553045146601 57
      vertex 1.0538037466235546 7.760553045146601 52
      vertex 0.7648170610779949 7.646135122169495 52
    endloop
  endfacet
  facet normal -0.48175367410171654 0.8763066800438629 0
    outer loop
      vertex 1.3261713175730157 7.910288384382512 57
      vertex 1.3261713175730157 7.910288384382512 52
      vertex 1.0538037466235546 7.760553045146601 52
    endloop
  endfacet
  facet normal -0.5877852522924727 0.8090169943749477 0
    outer loop
      vertex 1.5776243746280076 8.092979724129922 57
      vertex 1.5776243746280076 8.092979724129922 52
      vertex 1.3261713175730157 7.910288384382512 52
    endloop
  endfacet
  facet normal -0.6845471059286878 0.7289686274214122 0
    outer loop
      vertex 1.804197352867994 8.305745912826495 57
      vertex 1.804197352867994 8.305745912826495 52
      vertex 1.5776243746280076 8.092979724129922 52
    endloop
  endfacet
  facet normal -0.77051324277579 0.6374239897486885 0
    outer loop
      vertex 1.804197352867994 8.305745912826495 57
      vertex 2.0023170610779952 8.54523150057613 52
      vertex 1.804197352867994 8.305745912826495 52
    endloop
  endfacet
  facet normal -0.8443279255020154 0.5358267949789961 0
    outer loop
      vertex 2.0023170610779952 8.54523150057613 57
      vertex 2.168859033108562 8.807659656598254 52
      vertex 2.0023170610779952 8.54523150057613 52
    endloop
  endfacet
  facet normal -0.9048270524660186 0.42577929156507466 0
    outer loop
      vertex 2.168859033108562 8.807659656598254 57
      vertex 2.301196802573422 9.08889173210542 52
      vertex 2.168859033108562 8.807659656598254 52
    endloop
  endfacet
  facet normal -0.951056516295154 0.3090169943749462 0
    outer loop
      vertex 2.301196802573422 9.08889173210542 57
      vertex 2.3972433237933624 9.384492529266986 52
      vertex 2.301196802573422 9.08889173210542 52
    endloop
  endfacet
  facet normal -0.9822872507286887 0.18738131458572485 0
    outer loop
      vertex 2.3972433237933624 9.384492529266986 57
      vertex 2.455483885753333 9.689800246928348 52
      vertex 2.3972433237933624 9.384492529266986 52
    endloop
  endfacet
  facet normal -0.9980267284282717 0.06279051952931274 0
    outer loop
      vertex 2.455483885753333 9.689800246928348 57
      vertex 2.475 10 52
      vertex 2.455483885753333 9.689800246928348 52
    endloop
  endfacet
  facet normal -0.12533323356430723 0.9921147013144775 -6.957392082690819e-19
    outer loop
      vertex 0.15540653583505157 7.529883847140027 57
      vertex 0.46376875359966896 7.568839054446496 57
      vertex 0.1554065358350516 7.529883847140027 52
    endloop
  endfacet
  facet normal -0.24868988716485474 0.9685831611286312 -2.761012387218539e-18
    outer loop
      vertex 0.46376875359966896 7.568839054446496 57
      vertex 0.7648170610779949 7.646135122169495 57
      vertex 0.463768753599669 7.568839054446496 52
    endloop
  endfacet
  facet normal -0.36812455268467587 0.9297764858882521 0
    outer loop
      vertex 0.7648170610779949 7.646135122169495 57
      vertex 1.0538037466235544 7.760553045146601 57
      vertex 0.7648170610779949 7.646135122169495 52
    endloop
  endfacet
  facet normal -0.48175367410171616 0.876306680043863 -2.139416084741957e-17
    outer loop
      vertex 1.0538037466235544 7.760553045146601 57
      vertex 1.3261713175730157 7.910288384382512 57
      vertex 1.0538037466235546 7.760553045146601 52
    endloop
  endfacet
  facet normal -0.5877852522924727 0.8090169943749477 0
    outer loop
      vertex 1.3261713175730157 7.910288384382512 57
      vertex 1.5776243746280076 8.092979724129922 57
      vertex 1.3261713175730157 7.910288384382512 52
    endloop
  endfacet
  facet normal -0.6845471059286878 0.7289686274214122 0
    outer loop
      vertex 1.5776243746280076 8.092979724129922 57
      vertex 1.804197352867994 8.305745912826495 57
      vertex 1.5776243746280076 8.092979724129922 52
    endloop
  endfacet
  facet normal -0.77051324277579 0.6374239897486885 0
    outer loop
      vertex 1.804197352867994 8.305745912826495 57
      vertex 2.0023170610779952 8.54523150057613 57
      vertex 2.0023170610779952 8.54523150057613 52
    endloop
  endfacet
  facet normal -0.8443279255020154 0.5358267949789961 0
    outer loop
      vertex 2.0023170610779952 8.54523150057613 57
      vertex 2.168859033108562 8.807659656598254 57
      vertex 2.168859033108562 8.807659656598254 52
    endloop
  endfacet
  facet normal -0.9048270524660186 0.42577929156507466 0
    outer loop
      vertex 2.168859033108562 8.807659656598254 57
      vertex 2.301196802573422 9.08889173210542 57
      vertex 2.301196802573422 9.08889173210542 52
    endloop
  endfacet
  facet normal -0.951056516295154 0.3090169943749462 0
    outer loop
      vertex 2.301196802573422 9.08889173210542 57
      vertex 2.3972433237933624 9.384492529266986 57
      vertex 2.3972433237933624 9.384492529266986 52
    endloop
  endfacet
  facet normal -0.9822872507286887 0.18738131458572485 0
    outer loop
      vertex 2.3972433237933624 9.384492529266986 57
      vertex 2.455483885753333 9.689800246928348 57
      vertex 2.455483885753333 9.689800246928348 52
    endloop
  endfacet
  facet normal -0.9980267284282717 0.06279051952931274 0
    outer loop
      vertex 2.455483885753333 9.689800246928348 57
      vertex 2.475 10 57
      vertex 2.475 10 52
    endloop
  endfacet
  facet normal 0 0 -1
    outer loop
      vertex -0.15540653583505157 7.529883847140027 57
      vertex 0.06279051952931411 9.001973271571728 57
      vertex 0.15540653583505157 7.529883847140027 57
    endloop
  endfacet
  facet normal 0 0 -1
    outer loop
      vertex 0.15540653583505157 7.529883847140027 57
      vertex 0.18738131458572482 9.017712749271311 57
      vertex 0.46376875359966896 7.568839054446496 57
    endloop
  endfacet
  facet normal 0 0 -1
    outer loop
      vertex 0.15540653583505157 7.529883847140027 57
      vertex 0.06279051952931411 9.001973271571728 57
      vertex 0.18738131458572482 9.017712749271311 57
    endloop
  endfacet
  facet normal 0 0 -1
    outer loop
      vertex 0.46376875359966896 7.568839054446496 57
      vertex 0.18738131458572482 9.017712749271311 57
      vertex 0.3090169943749474 9.048943483704846 57
    endloop
  endfacet
  facet normal 0 0 -1
    outer loop
      vertex 0.46376875359966896 7.568839054446496 57
      vertex 0.5358267949789962 9.155672074497986 57
      vertex 0.7648170610779949 7.646135122169495 57
    endloop
  endfacet
  facet normal 0 0 -1
    outer loop
      vertex 0.46376875359966896 7.568839054446496 57
      vertex 0.3090169943749474 9.048943483704846 57
      vertex 0.42577929156507244 9.09517294753398 57
    endloop
  endfacet
  facet normal 0 0 -1
    outer loop
      vertex 0.46376875359966896 7.568839054446496 57
      vertex 0.42577929156507244 9.09517294753398 57
      vertex 0.5358267949789962 9.155672074497986 57
    endloop
  endfacet
  facet normal 0 0 -1
    outer loop
      vertex 0.7648170610779949 7.646135122169495 57
      vertex 0.8090169943749475 9.412214747707527 57
      vertex 1.0538037466235544 7.760553045146601 57
    endloop
  endfacet
  facet normal 0 0 -1
    outer loop
      vertex 0.7648170610779949 7.646135122169495 57
      vertex 0.5358267949789962 9.155672074497986 57
      vertex 0.63742398974869 9.229486757224212 57
    endloop
  endfacet
  facet normal 0 0 -1
    outer loop
      vertex 0.7648170610779949 7.646135122169495 57
      vertex 0.63742398974869 9.229486757224212 57
      vertex 0.7289686274214117 9.315452894071312 57
    endloop
  endfacet
  facet normal 0 0 -1
    outer loop
      vertex 0.7648170610779949 7.646135122169495 57
      vertex 0.7289686274214117 9.315452894071312 57
      vertex 0.8090169943749475 9.412214747707527 57
    endloop
  endfacet
  facet normal 0 0 -1
    outer loop
      vertex 1.0538037466235544 7.760553045146601 57
      vertex 0.8090169943749475 9.412214747707527 57
      vertex 0.8763066800438635 9.518246325898284 57
    endloop
  endfacet
  facet normal 0 0 -1
    outer loop
      vertex 1.0538037466235544 7.760553045146601 57
      vertex 0.8763066800438635 9.518246325898284 57
      vertex 0.9297764858882512 9.631875447315322 57
    endloop
  endfacet
  facet normal 0 0 -1
    outer loop
      vertex 1.0538037466235544 7.760553045146601 57
      vertex 0.9297764858882512 9.631875447315322 57
      vertex 0.9685831611286312 9.751310112835146 57
    endloop
  endfacet
  facet normal 0 0 -1
    outer loop
      vertex 1.0538037466235544 7.760553045146601 57
      vertex 0.9685831611286312 9.751310112835146 57
      vertex 0.9921147013144779 9.874666766435697 57
    endloop
  endfacet
  facet normal 0 0 -1
    outer loop
      vertex 1.0538037466235544 7.760553045146601 57
      vertex 0.9921147013144779 9.874666766435697 57
      vertex 1 10 57
    endloop
  endfacet
  facet normal 0 0 -1
    outer loop
      vertex 1.0538037466235544 7.760553045146601 57
      vertex 1.053803746623555 12.239446954853399 57
      vertex 1.3261713175730157 7.910288384382512 57
    endloop
  endfacet
  facet normal 0 0 -1
    outer loop
      vertex 1.3261713175730157 7.910288384382512 57
      vertex 1.3261713175730168 12.089711615617487 57
      vertex 1.5776243746280076 8.092979724129922 57
    endloop
  endfacet
  facet normal 0 0 -1
    outer loop
      vertex 1.5776243746280076 8.092979724129922 57
      vertex 1.5776243746280072 11.907020275870078 57
      vertex 1.804197352867994 8.305745912826495 57
    endloop
  endfacet
  facet normal 0 0 -1
    outer loop
      vertex 1.804197352867994 8.305745912826495 57
      vertex 1.8041973528679938 11.694254087173505 57
      vertex 2.0023170610779952 8.54523150057613 57
    endloop
  endfacet
  facet normal 0 0 -1
    outer loop
      vertex 2.0023170610779952 8.54523150057613 57
      vertex 2.0023170610779952 11.45476849942387 57
      vertex 2.168859033108562 8.807659656598254 57
    endloop
  endfacet
  facet normal 0 0 -1
    outer loop
      vertex 2.168859033108562 8.807659656598254 57
      vertex 2.1688590331085624 11.192340343401746 57
      vertex 2.301196802573422 9.08889173210542 57
    endloop
  endfacet
  facet normal 0 0 -1
    outer loop
      vertex 2.301196802573422 9.08889173210542 57
      vertex 2.301196802573422 10.911108267894578 57
      vertex 2.3972433237933624 9.384492529266986 57
    endloop
  endfacet
  facet normal 0 0 -1
    outer loop
      vertex 2.3972433237933624 9.384492529266986 57
      vertex 2.397243323793362 10.615507470733016 57
      vertex 2.455483885753333 9.689800246928348 57
    endloop
  endfacet
  facet normal -0.12533323356430698 -0.9921147013144775 0
    outer loop
      vertex 0.15540653583505037 12.470116152859973 57
      vertex 0.15540653583505037 12.470116152859973 52
      vertex 0.46376875359966835 12.431160945553504 52
    endloop
  endfacet
  facet normal -0.24868988716485424 -0.9685831611286312 0
    outer loop
      vertex 0.46376875359966835 12.431160945553504 57
      vertex 0.46376875359966835 12.431160945553504 52
      vertex 0.7648170610779949 12.353864877830505 52
    endloop
  endfacet
  facet normal -0.36812455268467587 -0.9297764858882521 0
    outer loop
      vertex 0.7648170610779949 12.353864877830505 57
      vertex 0.7648170610779949 12.353864877830505 52
      vertex 1.0538037466235544 12.239446954853399 52
    endloop
  endfacet
  facet normal -0.481753674101714 -0.8763066800438643 6.418248254225843e-17
    outer loop
      vertex 1.053803746623555 12.239446954853399 57
      vertex 1.0538037466235544 12.239446954853399 52
      vertex 1.3261713175730157 12.089711615617489 52
    endloop
  endfacet
  facet normal -0.9980267284282717 -0.06279051952931237 0
    outer loop
      vertex 2.475 10 57
      vertex 2.455483885753333 10.310199753071654 52
      vertex 2.475 10 52
    endloop
  endfacet
  facet normal -0.9822872507286885 -0.18738131458572624 0
    outer loop
      vertex 2.455483885753333 10.310199753071654 57
      vertex 2.397243323793362 10.615507470733016 52
      vertex 2.455483885753333 10.310199753071654 52
    endloop
  endfacet
  facet normal -0.9510565162951529 -0.30901699437494956 0
    outer loop
      vertex 2.397243323793362 10.615507470733016 57
      vertex 2.3011968025734215 10.911108267894578 52
      vertex 2.397243323793362 10.615507470733016 52
    endloop
  endfacet
  facet normal -0.9048270524660207 -0.4257792915650701 8.036478615611926e-17
    outer loop
      vertex 2.301196802573422 10.911108267894578 57
      vertex 2.1688590331085624 11.192340343401746 52
      vertex 2.3011968025734215 10.911108267894578 52
    endloop
  endfacet
  facet normal -0.8443279255020147 -0.535826794978997 0
    outer loop
      vertex 2.1688590331085624 11.192340343401746 57
      vertex 2.0023170610779952 11.45476849942387 52
      vertex 2.1688590331085624 11.192340343401746 52
    endloop
  endfacet
  facet normal -0.5877852522924752 -0.8090169943749458 -1.569060301037513e-16
    outer loop
      vertex 1.3261713175730168 12.089711615617487 57
      vertex 1.3261713175730157 12.089711615617489 52
      vertex 1.5776243746280072 11.907020275870078 52
    endloop
  endfacet
  facet normal -0.6845471059286874 -0.7289686274214126 0
    outer loop
      vertex 1.5776243746280072 11.907020275870078 57
      vertex 1.5776243746280072 11.907020275870078 52
      vertex 1.8041973528679938 11.694254087173505 52
    endloop
  endfacet
  facet normal -0.7705132427757897 -0.637423989748689 0
    outer loop
      vertex 2.0023170610779952 11.45476849942387 57
      vertex 1.8041973528679938 11.694254087173505 52
      vertex 2.0023170610779952 11.45476849942387 52
    endloop
  endfacet
  facet normal 0 -1 0
    outer loop
      vertex -0.15540653583505037 12.470116152859973 57
      vertex 0.15540653583505037 12.470116152859973 52
      vertex 0.15540653583505037 12.470116152859973 57
    endloop
  endfacet
  facet normal -0.24868988716485424 -0.9685831611286312 0
    outer loop
      vertex 0.46376875359966835 12.431160945553504 57
      vertex 0.7648170610779949 12.353864877830505 52
      vertex 0.7648170610779949 12.353864877830505 57
    endloop
  endfacet
  facet normal -0.12533323356430698 -0.9921147013144775 0
    outer loop
      vertex 0.15540653583505037 12.470116152859973 57
      vertex 0.46376875359966835 12.431160945553504 52
      vertex 0.46376875359966835 12.431160945553504 57
    endloop
  endfacet
  facet normal -0.36812455268467514 -0.9297764858882526 4.911494393259904e-17
    outer loop
      vertex 0.7648170610779949 12.353864877830505 57
      vertex 1.0538037466235544 12.239446954853399 52
      vertex 1.053803746623555 12.239446954853399 57
    endloop
  endfacet
  facet normal -0.4817536741017178 -0.8763066800438623 -2.0538976553632293e-16
    outer loop
      vertex 1.053803746623555 12.239446954853399 57
      vertex 1.3261713175730157 12.089711615617489 52
      vertex 1.3261713175730168 12.089711615617487 57
    endloop
  endfacet
  facet normal -0.8443279255020147 -0.535826794978997 0
    outer loop
      vertex 2.1688590331085624 11.192340343401746 57
      vertex 2.0023170610779952 11.45476849942387 57
      vertex 2.0023170610779952 11.45476849942387 52
    endloop
  endfacet
  facet normal -0.9980267284282717 -0.06279051952931237 0
    outer loop
      vertex 2.475 10 57
      vertex 2.455483885753333 10.310199753071654 57
      vertex 2.455483885753333 10.310199753071654 52
    endloop
  endfacet
  facet normal -0.9822872507286885 -0.18738131458572624 0
    outer loop
      vertex 2.455483885753333 10.310199753071654 57
      vertex 2.397243323793362 10.615507470733016 57
      vertex 2.397243323793362 10.615507470733016 52
    endloop
  endfacet
  facet normal -0.9510565162951533 -0.30901699437494823 8.260240570482571e-17
    outer loop
      vertex 2.397243323793362 10.615507470733016 57
      vertex 2.301196802573422 10.911108267894578 57
      vertex 2.3011968025734215 10.911108267894578 52
    endloop
  endfacet
  facet normal -0.9048270524660201 -0.4257792915650713 0
    outer loop
      vertex 2.301196802573422 10.911108267894578 57
      vertex 2.1688590331085624 11.192340343401746 57
      vertex 2.1688590331085624 11.192340343401746 52
    endloop
  endfacet
  facet normal -0.5877852522924731 -0.8090169943749473 0
    outer loop
      vertex 1.3261713175730168 12.089711615617487 57
      vertex 1.5776243746280072 11.907020275870078 52
      vertex 1.5776243746280072 11.907020275870078 57
    endloop
  endfacet
  facet normal -0.7705132427757897 -0.637423989748689 0
    outer loop
      vertex 1.8041973528679938 11.694254087173505 57
      vertex 1.8041973528679938 11.694254087173505 52
      vertex 2.0023170610779952 11.45476849942387 57
    endloop
  endfacet
  facet normal -0.6845471059286874 -0.7289686274214126 0
    outer loop
      vertex 1.8041973528679938 11.694254087173505 57
      vertex 1.5776243746280072 11.907020275870078 57
      vertex 1.8041973528679938 11.694254087173505 52
    endloop
  endfacet
  facet normal 0 0 -1
    outer loop
      vertex 0.5358267949789967 10.844327925502014 57
      vertex 0.7648170610779949 12.353864877830505 57
      vertex 0.6374239897486897 10.77051324277579 57
    endloop
  endfacet
  facet normal 0 0 -1
    outer loop
      vertex 1.0538037466235544 7.760553045146601 57
      vertex 1 10 57
      vertex 1.053803746623555 12.239446954853399 57
    endloop
  endfacet
  facet normal 0 0 -1
    outer loop
      vertex 1 10 57
      vertex 0.9921147013144779 10.125333233564305 57
      vertex 1.053803746623555 12.239446954853399 57
    endloop
  endfacet
  facet normal 0 0 -1
    outer loop
      vertex 0.9921147013144779 10.125333233564305 57
      vertex 0.9685831611286311 10.248689887164854 57
      vertex 1.053803746623555 12.239446954853399 57
    endloop
  endfacet
  facet normal 0 0 -1
    outer loop
      vertex 0.9685831611286311 10.248689887164854 57
      vertex 0.9297764858882513 10.368124552684678 57
      vertex 1.053803746623555 12.239446954853399 57
    endloop
  endfacet
  facet normal 0 0 -1
    outer loop
      vertex 0.8090169943749475 10.587785252292473 57
      vertex 0.7648170610779949 12.353864877830505 57
      vertex 0.8763066800438636 10.481753674101716 57
    endloop
  endfacet
  facet normal 0 0 -1
    outer loop
      vertex 0.6374239897486897 10.77051324277579 57
      vertex 0.7648170610779949 12.353864877830505 57
      vertex 0.7289686274214116 10.684547105928688 57
    endloop
  endfacet
  facet normal 0 0 -1
    outer loop
      vertex 0.8090169943749475 10.587785252292473 57
      vertex 0.7289686274214116 10.684547105928688 57
      vertex 0.7648170610779949 12.353864877830505 57
    endloop
  endfacet
  facet normal 0 0 -1
    outer loop
      vertex 0.8763066800438636 10.481753674101716 57
      vertex 1.053803746623555 12.239446954853399 57
      vertex 0.9297764858882513 10.368124552684678 57
    endloop
  endfacet
  facet normal 0 0 -1
    outer loop
      vertex 1.3261713175730157 7.910288384382512 57
      vertex 1.053803746623555 12.239446954853399 57
      vertex 1.3261713175730168 12.089711615617487 57
    endloop
  endfacet
  facet normal 0 0 -1
    outer loop
      vertex -0.06279051952931328 10.998026728428272 57
      vertex 0.15540653583505037 12.470116152859973 57
      vertex 0.06279051952931328 10.998026728428272 57
    endloop
  endfacet
  facet normal 0 0 -1
    outer loop
      vertex 0.06279051952931328 10.998026728428272 57
      vertex 0.15540653583505037 12.470116152859973 57
      vertex 0.18738131458572457 10.982287250728689 57
    endloop
  endfacet
  facet normal 0 0 -1
    outer loop
      vertex 0.18738131458572457 10.982287250728689 57
      vertex 0.46376875359966835 12.431160945553504 57
      vertex 0.3090169943749474 10.951056516295154 57
    endloop
  endfacet
  facet normal 0 0 -1
    outer loop
      vertex 0.18738131458572457 10.982287250728689 57
      vertex 0.15540653583505037 12.470116152859973 57
      vertex 0.46376875359966835 12.431160945553504 57
    endloop
  endfacet
  facet normal 0 0 -1
    outer loop
      vertex 0.3090169943749474 10.951056516295154 57
      vertex 0.46376875359966835 12.431160945553504 57
      vertex 0.4257792915650727 10.90482705246602 57
    endloop
  endfacet
  facet normal 0 0 -1
    outer loop
      vertex 0.4257792915650727 10.90482705246602 57
      vertex 0.46376875359966835 12.431160945553504 57
      vertex 0.5358267949789967 10.844327925502014 57
    endloop
  endfacet
  facet normal 0 0 -1
    outer loop
      vertex 0.5358267949789967 10.844327925502014 57
      vertex 0.46376875359966835 12.431160945553504 57
      vertex 0.7648170610779949 12.353864877830505 57
    endloop
  endfacet
  facet normal 0 0 -1
    outer loop
      vertex 0.8763066800438636 10.481753674101716 57
      vertex 0.7648170610779949 12.353864877830505 57
      vertex 1.053803746623555 12.239446954853399 57
    endloop
  endfacet
  facet normal 0 0 -1
    outer loop
      vertex 1.804197352867994 8.305745912826495 57
      vertex 1.5776243746280072 11.907020275870078 57
      vertex 1.8041973528679938 11.694254087173505 57
    endloop
  endfacet
  facet normal 0 0 -1
    outer loop
      vertex 2.0023170610779952 8.54523150057613 57
      vertex 1.8041973528679938 11.694254087173505 57
      vertex 2.0023170610779952 11.45476849942387 57
    endloop
  endfacet
  facet normal 0 0 -1
    outer loop
      vertex 1.5776243746280076 8.092979724129922 57
      vertex 1.3261713175730168 12.089711615617487 57
      vertex 1.5776243746280072 11.907020275870078 57
    endloop
  endfacet
  facet normal 0 0 -1
    outer loop
      vertex 2.3972433237933624 9.384492529266986 57
      vertex 2.301196802573422 10.911108267894578 57
      vertex 2.397243323793362 10.615507470733016 57
    endloop
  endfacet
  facet normal 0 0 -1
    outer loop
      vertex 2.168859033108562 8.807659656598254 57
      vertex 2.0023170610779952 11.45476849942387 57
      vertex 2.1688590331085624 11.192340343401746 57
    endloop
  endfacet
  facet normal 0 0 -1
    outer loop
      vertex 2.301196802573422 9.08889173210542 57
      vertex 2.1688590331085624 11.192340343401746 57
      vertex 2.301196802573422 10.911108267894578 57
    endloop
  endfacet
  facet normal 0 0 -1
    outer loop
      vertex 2.455483885753333 9.689800246928348 57
      vertex 2.455483885753333 10.310199753071654 57
      vertex 2.475 10 57
    endloop
  endfacet
  facet normal 0 0 -1
    outer loop
      vertex 2.455483885753333 9.689800246928348 57
      vertex 2.397243323793362 10.615507470733016 57
      vertex 2.455483885753333 10.310199753071654 57
    endloop
  endfacet
  facet normal 0.6845471059286923 0.728968627421408 0
    outer loop
      vertex -0.7289686274214117 9.315452894071312 57
      vertex -0.7289686274214117 9.315452894071312 59
      vertex -0.6374239897486896 9.22948675722421 57
    endloop
  endfacet
  facet normal 0.9048270524660197 0.4257792915650725 0
    outer loop
      vertex -0.9297764858882515 9.631875447315322 57
      vertex -0.9297764858882515 9.631875447315322 59
      vertex -0.8763066800438635 9.518246325898284 57
    endloop
  endfacet
  facet normal 0.7705132427757877 0.6374239897486916 0
    outer loop
      vertex -0.7289686274214117 9.315452894071312 57
      vertex -0.8090169943749475 9.412214747707527 57
      vertex -0.8090169943749475 9.412214747707527 59
    endloop
  endfacet
  facet normal 0.8443279255020143 0.535826794978998 0
    outer loop
      vertex -0.8763066800438635 9.518246325898284 57
      vertex -0.8763066800438635 9.518246325898284 59
      vertex -0.8090169943749475 9.412214747707527 57
    endloop
  endfacet
  facet normal 0.9510565162951545 0.30901699437494434 0
    outer loop
      vertex -0.9297764858882515 9.631875447315322 57
      vertex -0.9685831611286311 9.751310112835146 57
      vertex -0.9685831611286311 9.751310112835146 59
    endloop
  endfacet
  facet normal 0.9822872507286887 0.18738131458572493 0
    outer loop
      vertex -0.9685831611286311 9.751310112835146 57
      vertex -0.9921147013144779 9.874666766435697 57
      vertex -0.9921147013144779 9.874666766435697 59
    endloop
  endfacet
  facet normal 0.9980267284282714 0.06279051952931346 0
    outer loop
      vertex -0.9921147013144779 9.874666766435697 57
      vertex -1 10 57
      vertex -1 10 59
    endloop
  endfacet
  facet normal 0.5877852522924669 0.8090169943749519 0
    outer loop
      vertex -0.6374239897486896 9.22948675722421 57
      vertex -0.6374239897486896 9.22948675722421 59
      vertex -0.5358267949789968 9.155672074497986 57
    endloop
  endfacet
  facet normal 0.48175367410172115 0.8763066800438603 0
    outer loop
      vertex -0.5358267949789968 9.155672074497986 57
      vertex -0.5358267949789968 9.155672074497986 59
      vertex -0.42577929156507244 9.09517294753398 57
    endloop
  endfacet
  facet normal 0.3681245526846756 0.9297764858882525 0
    outer loop
      vertex -0.42577929156507244 9.09517294753398 57
      vertex -0.42577929156507244 9.09517294753398 59
      vertex -0.3090169943749474 9.048943483704846 57
    endloop
  endfacet
  facet normal 0.24868988716485582 0.9685831611286309 0
    outer loop
      vertex -0.3090169943749474 9.048943483704846 57
      vertex -0.3090169943749474 9.048943483704846 59
      vertex -0.18738131458572482 9.017712749271311 57
    endloop
  endfacet
  facet normal 0.12533323356430495 0.9921147013144777 0
    outer loop
      vertex -0.18738131458572482 9.017712749271311 57
      vertex -0.18738131458572482 9.017712749271311 59
      vertex -0.06279051952931376 9.001973271571728 57
    endloop
  endfacet
  facet normal 0 1 0
    outer loop
      vertex -0.06279051952931376 9.001973271571728 57
      vertex -0.06279051952931376 9.001973271571728 59
      vertex 0.06279051952931411 9.001973271571728 57
    endloop
  endfacet
  facet normal 0.9048270524660197 0.4257792915650725 0
    outer loop
      vertex -0.8763066800438635 9.518246325898284 57
      vertex -0.9297764858882515 9.631875447315322 59
      vertex -0.8763066800438635 9.518246325898284 59
    endloop
  endfacet
  facet normal 0.8443279255020143 0.535826794978998 0
    outer loop
      vertex -0.8090169943749475 9.412214747707527 57
      vertex -0.8763066800438635 9.518246325898284 59
      vertex -0.8090169943749475 9.412214747707527 59
    endloop
  endfacet
  facet normal 0.7705132427757877 0.6374239897486916 0
    outer loop
      vertex -0.7289686274214117 9.315452894071312 57
      vertex -0.8090169943749475 9.412214747707527 59
      vertex -0.7289686274214117 9.315452894071312 59
    endloop
  endfacet
  facet normal 0.9822872507286887 0.18738131458572493 0
    outer loop
      vertex -0.9685831611286311 9.751310112835146 57
      vertex -0.9921147013144779 9.874666766435697 59
      vertex -0.9685831611286311 9.751310112835146 59
    endloop
  endfacet
  facet normal 0.9510565162951545 0.30901699437494434 0
    outer loop
      vertex -0.9297764858882515 9.631875447315322 57
      vertex -0.9685831611286311 9.751310112835146 59
      vertex -0.9297764858882515 9.631875447315322 59
    endloop
  endfacet
  facet normal 0.9980267284282714 0.06279051952931346 0
    outer loop
      vertex -0.9921147013144779 9.874666766435697 57
      vertex -1 10 59
      vertex -0.9921147013144779 9.874666766435697 59
    endloop
  endfacet
  facet normal 0.6845471059286923 0.728968627421408 0
    outer loop
      vertex -0.6374239897486896 9.22948675722421 57
      vertex -0.7289686274214117 9.315452894071312 59
      vertex -0.6374239897486896 9.22948675722421 59
    endloop
  endfacet
  facet normal 0.5877852522924669 0.8090169943749519 0
    outer loop
      vertex -0.5358267949789968 9.155672074497986 57
      vertex -0.6374239897486896 9.22948675722421 59
      vertex -0.5358267949789968 9.155672074497986 59
    endloop
  endfacet
  facet normal 0.48175367410172115 0.8763066800438603 0
    outer loop
      vertex -0.42577929156507244 9.09517294753398 57
      vertex -0.5358267949789968 9.155672074497986 59
      vertex -0.42577929156507244 9.09517294753398 59
    endloop
  endfacet
  facet normal 0.3681245526846756 0.9297764858882525 0
    outer loop
      vertex -0.3090169943749474 9.048943483704846 57
      vertex -0.42577929156507244 9.09517294753398 59
      vertex -0.3090169943749474 9.048943483704846 59
    endloop
  endfacet
  facet normal 0.24868988716485582 0.9685831611286309 0
    outer loop
      vertex -0.18738131458572482 9.017712749271311 57
      vertex -0.3090169943749474 9.048943483704846 59
      vertex -0.18738131458572482 9.017712749271311 59
    endloop
  endfacet
  facet normal 0.12533323356430495 0.9921147013144777 0
    outer loop
      vertex -0.06279051952931376 9.001973271571728 57
      vertex -0.18738131458572482 9.017712749271311 59
      vertex -0.06279051952931376 9.001973271571728 59
    endloop
  endfacet
  facet normal 0.9980267284282714 -0.06279051952931346 0
    outer loop
      vertex -1 10 57
      vertex -0.9921147013144779 10.125333233564303 57
      vertex -0.9921147013144779 10.125333233564303 59
    endloop
  endfacet
  facet normal 0.9822872507286887 -0.18738131458572493 0
    outer loop
      vertex -0.9921147013144779 10.125333233564303 57
      vertex -0.9685831611286311 10.248689887164854 57
      vertex -0.9685831611286311 10.248689887164854 59
    endloop
  endfacet
  facet normal 0.9510565162951545 -0.30901699437494434 0
    outer loop
      vertex -0.9685831611286311 10.248689887164854 57
      vertex -0.9297764858882515 10.368124552684678 57
      vertex -0.9297764858882515 10.368124552684678 59
    endloop
  endfacet
  facet normal 0.9048270524660197 -0.4257792915650725 0
    outer loop
      vertex -0.9297764858882515 10.368124552684678 57
      vertex -0.8763066800438635 10.481753674101716 57
      vertex -0.8763066800438635 10.481753674101716 59
    endloop
  endfacet
  facet normal 0.8443279255020143 -0.535826794978998 0
    outer loop
      vertex -0.8763066800438635 10.481753674101716 57
      vertex -0.8090169943749475 10.587785252292473 57
      vertex -0.8090169943749475 10.587785252292473 59
    endloop
  endfacet
  facet normal 0.7705132427757877 -0.6374239897486916 0
    outer loop
      vertex -0.8090169943749475 10.587785252292473 57
      vertex -0.7289686274214117 10.684547105928688 57
      vertex -0.7289686274214117 10.684547105928688 59
    endloop
  endfacet
  facet normal 0.6845471059286923 -0.728968627421408 0
    outer loop
      vertex -0.7289686274214117 10.684547105928688 57
      vertex -0.6374239897486896 10.77051324277579 57
      vertex -0.6374239897486896 10.77051324277579 59
    endloop
  endfacet
  facet normal 0.5877852522924669 -0.8090169943749519 0
    outer loop
      vertex -0.6374239897486896 10.77051324277579 57
      vertex -0.5358267949789968 10.844327925502014 57
      vertex -0.5358267949789968 10.844327925502014 59
    endloop
  endfacet
  facet normal 0.4817536741017221 -0.8763066800438598 0
    outer loop
      vertex -0.5358267949789968 10.844327925502014 57
      vertex -0.4257792915650727 10.90482705246602 57
      vertex -0.4257792915650727 10.90482705246602 59
    endloop
  endfacet
  facet normal 0.36812455268467476 -0.9297764858882526 0
    outer loop
      vertex -0.4257792915650727 10.90482705246602 57
      vertex -0.3090169943749474 10.951056516295154 57
      vertex -0.3090169943749474 10.951056516295154 59
    endloop
  endfacet
  facet normal 0.24868988716485532 -0.968583161128631 0
    outer loop
      vertex -0.3090169943749474 10.951056516295154 57
      vertex -0.18738131458572457 10.982287250728689 57
      vertex -0.18738131458572457 10.982287250728689 59
    endloop
  endfacet
  facet normal 0.12533323356430473 -0.9921147013144778 -7.079458715284778e-17
    outer loop
      vertex -0.18738131458572457 10.982287250728689 57
      vertex -0.06279051952931328 10.998026728428272 57
      vertex -0.06279051952931214 10.998026728428272 59
    endloop
  endfacet
  facet normal 0.9980267284282714 -0.06279051952931346 0
    outer loop
      vertex -1 10 57
      vertex -0.9921147013144779 10.125333233564303 59
      vertex -1 10 59
    endloop
  endfacet
  facet normal 0.9822872507286887 -0.18738131458572493 0
    outer loop
      vertex -0.9921147013144779 10.125333233564303 57
      vertex -0.9685831611286311 10.248689887164854 59
      vertex -0.9921147013144779 10.125333233564303 59
    endloop
  endfacet
  facet normal 0.9510565162951545 -0.30901699437494434 0
    outer loop
      vertex -0.9685831611286311 10.248689887164854 57
      vertex -0.9297764858882515 10.368124552684678 59
      vertex -0.9685831611286311 10.248689887164854 59
    endloop
  endfacet
  facet normal 0.9048270524660197 -0.4257792915650725 0
    outer loop
      vertex -0.9297764858882515 10.368124552684678 57
      vertex -0.8763066800438635 10.481753674101716 59
      vertex -0.9297764858882515 10.368124552684678 59
    endloop
  endfacet
  facet normal 0.8443279255020143 -0.535826794978998 0
    outer loop
      vertex -0.8763066800438635 10.481753674101716 57
      vertex -0.8090169943749475 10.587785252292473 59
      vertex -0.8763066800438635 10.481753674101716 59
    endloop
  endfacet
  facet normal 0.7705132427757877 -0.6374239897486916 0
    outer loop
      vertex -0.8090169943749475 10.587785252292473 57
      vertex -0.7289686274214117 10.684547105928688 59
      vertex -0.8090169943749475 10.587785252292473 59
    endloop
  endfacet
  facet normal 0.6845471059286923 -0.728968627421408 0
    outer loop
      vertex -0.7289686274214117 10.684547105928688 57
      vertex -0.6374239897486896 10.77051324277579 59
      vertex -0.7289686274214117 10.684547105928688 59
    endloop
  endfacet
  facet normal 0.5877852522924669 -0.8090169943749519 0
    outer loop
      vertex -0.6374239897486896 10.77051324277579 57
      vertex -0.5358267949789968 10.844327925502014 59
      vertex -0.6374239897486896 10.77051324277579 59
    endloop
  endfacet
  facet normal 0.4817536741017221 -0.8763066800438598 0
    outer loop
      vertex -0.5358267949789968 10.844327925502014 57
      vertex -0.4257792915650727 10.90482705246602 59
      vertex -0.5358267949789968 10.844327925502014 59
    endloop
  endfacet
  facet normal 0.36812455268467476 -0.9297764858882526 0
    outer loop
      vertex -0.4257792915650727 10.90482705246602 57
      vertex -0.3090169943749474 10.951056516295154 59
      vertex -0.4257792915650727 10.90482705246602 59
    endloop
  endfacet
  facet normal 0.24868988716485532 -0.968583161128631 0
    outer loop
      vertex -0.3090169943749474 10.951056516295154 57
      vertex -0.18738131458572457 10.982287250728689 59
      vertex -0.3090169943749474 10.951056516295154 59
    endloop
  endfacet
  facet normal 0.1253332335643036 -0.9921147013144779 0
    outer loop
      vertex -0.18738131458572457 10.982287250728689 57
      vertex -0.06279051952931214 10.998026728428272 59
      vertex -0.18738131458572457 10.982287250728689 59
    endloop
  endfacet
  facet normal 0 -1 0
    outer loop
      vertex -0.06279051952931328 10.998026728428272 57
      vertex 0.06279051952931328 10.998026728428272 59
      vertex -0.06279051952931214 10.998026728428272 59
    endloop
  endfacet
  facet normal -0.1253332335643053 0.9921147013144778 -8.69674010336339e-18
    outer loop
      vertex 0.06279051952931411 9.001973271571728 57
      vertex 0.06279051952931397 9.001973271571728 59
      vertex 0.18738131458572482 9.017712749271311 57
    endloop
  endfacet
  facet normal -0.24868988716485582 0.9685831611286309 0
    outer loop
      vertex 0.18738131458572482 9.017712749271311 57
      vertex 0.18738131458572482 9.017712749271311 59
      vertex 0.3090169943749474 9.048943483704846 57
    endloop
  endfacet
  facet normal -0.3681245526846756 0.9297764858882525 0
    outer loop
      vertex 0.3090169943749474 9.048943483704846 57
      vertex 0.3090169943749474 9.048943483704846 59
      vertex 0.42577929156507244 9.09517294753398 57
    endloop
  endfacet
  facet normal -0.48175367410172304 0.8763066800438594 0
    outer loop
      vertex 0.42577929156507244 9.09517294753398 57
      vertex 0.42577929156507244 9.09517294753398 59
      vertex 0.5358267949789962 9.155672074497986 57
    endloop
  endfacet
  facet normal -0.5877852522924728 0.8090169943749477 0
    outer loop
      vertex 0.5358267949789962 9.155672074497986 57
      vertex 0.5358267949789962 9.155672074497986 59
      vertex 0.63742398974869 9.229486757224212 57
    endloop
  endfacet
  facet normal -0.6845471059286862 0.7289686274214139 0
    outer loop
      vertex 0.63742398974869 9.229486757224212 57
      vertex 0.63742398974869 9.229486757224212 59
      vertex 0.7289686274214117 9.315452894071312 57
    endloop
  endfacet
  facet normal -0.7705132427757877 0.6374239897486916 0
    outer loop
      vertex 0.7289686274214117 9.315452894071312 57
      vertex 0.7289686274214117 9.315452894071312 59
      vertex 0.8090169943749475 9.412214747707527 57
    endloop
  endfacet
  facet normal -0.8443279255020143 0.535826794978998 0
    outer loop
      vertex 0.8090169943749475 9.412214747707527 57
      vertex 0.8090169943749475 9.412214747707527 59
      vertex 0.8763066800438635 9.518246325898284 57
    endloop
  endfacet
  facet normal -0.9048270524660204 0.425779291565071 0
    outer loop
      vertex 0.8763066800438635 9.518246325898284 57
      vertex 0.8763066800438635 9.518246325898284 59
      vertex 0.9297764858882512 9.631875447315322 57
    endloop
  endfacet
  facet normal -0.9510565162951536 0.30901699437494673 0
    outer loop
      vertex 0.9297764858882512 9.631875447315322 57
      vertex 0.9297764858882512 9.631875447315322 59
      vertex 0.9685831611286312 9.751310112835146 57
    endloop
  endfacet
  facet normal -0.9822872507286887 0.18738131458572405 0
    outer loop
      vertex 0.9685831611286312 9.751310112835146 57
      vertex 0.9685831611286312 9.751310112835146 59
      vertex 0.9921147013144779 9.874666766435697 57
    endloop
  endfacet
  facet normal -0.9980267284282714 0.06279051952931346 0
    outer loop
      vertex 0.9921147013144779 9.874666766435697 57
      vertex 0.9921147013144779 9.874666766435697 59
      vertex 1 10 57
    endloop
  endfacet
  facet normal 0 1 0
    outer loop
      vertex 0.06279051952931411 9.001973271571728 57
      vertex -0.06279051952931376 9.001973271571728 59
      vertex 0.06279051952931397 9.001973271571728 59
    endloop
  endfacet
  facet normal -0.12533323356430517 0.9921147013144778 0
    outer loop
      vertex 0.18738131458572482 9.017712749271311 57
      vertex 0.06279051952931397 9.001973271571728 59
      vertex 0.18738131458572482 9.017712749271311 59
    endloop
  endfacet
  facet normal -0.24868988716485582 0.9685831611286309 0
    outer loop
      vertex 0.3090169943749474 9.048943483704846 57
      vertex 0.18738131458572482 9.017712749271311 59
      vertex 0.3090169943749474 9.048943483704846 59
    endloop
  endfacet
  facet normal -0.3681245526846756 0.9297764858882525 0
    outer loop
      vertex 0.42577929156507244 9.09517294753398 57
      vertex 0.3090169943749474 9.048943483704846 59
      vertex 0.42577929156507244 9.09517294753398 59
    endloop
  endfacet
  facet normal -0.48175367410172304 0.8763066800438594 0
    outer loop
      vertex 0.5358267949789962 9.155672074497986 57
      vertex 0.42577929156507244 9.09517294753398 59
      vertex 0.5358267949789962 9.155672074497986 59
    endloop
  endfacet
  facet normal -0.5877852522924728 0.8090169943749477 0
    outer loop
      vertex 0.63742398974869 9.229486757224212 57
      vertex 0.5358267949789962 9.155672074497986 59
      vertex 0.63742398974869 9.229486757224212 59
    endloop
  endfacet
  facet normal -0.6845471059286862 0.7289686274214139 0
    outer loop
      vertex 0.7289686274214117 9.315452894071312 57
      vertex 0.63742398974869 9.229486757224212 59
      vertex 0.7289686274214117 9.315452894071312 59
    endloop
  endfacet
  facet normal -0.7705132427757877 0.6374239897486916 0
    outer loop
      vertex 0.8090169943749475 9.412214747707527 57
      vertex 0.7289686274214117 9.315452894071312 59
      vertex 0.8090169943749475 9.412214747707527 59
    endloop
  endfacet
  facet normal -0.8443279255020143 0.535826794978998 0
    outer loop
      vertex 0.8763066800438635 9.518246325898284 57
      vertex 0.8090169943749475 9.412214747707527 59
      vertex 0.8763066800438635 9.518246325898284 59
    endloop
  endfacet
  facet normal -0.9048270524660204 0.425779291565071 0
    outer loop
      vertex 0.9297764858882512 9.631875447315322 57
      vertex 0.8763066800438635 9.518246325898284 59
      vertex 0.9297764858882512 9.631875447315322 59
    endloop
  endfacet
  facet normal -0.9510565162951536 0.30901699437494673 0
    outer loop
      vertex 0.9685831611286312 9.751310112835146 57
      vertex 0.9297764858882512 9.631875447315322 59
      vertex 0.9685831611286312 9.751310112835146 59
    endloop
  endfacet
  facet normal -0.9822872507286887 0.18738131458572405 0
    outer loop
      vertex 0.9921147013144779 9.874666766435697 57
      vertex 0.9685831611286312 9.751310112835146 59
      vertex 0.9921147013144779 9.874666766435697 59
    endloop
  endfacet
  facet normal -0.9980267284282714 0.06279051952931346 0
    outer loop
      vertex 1 10 57
      vertex 0.9921147013144779 9.874666766435697 59
      vertex 1 10 59
    endloop
  endfacet
  facet normal 0 -1 0
    outer loop
      vertex -0.06279051952931328 10.998026728428272 57
      vertex 0.06279051952931328 10.998026728428272 57
      vertex 0.06279051952931328 10.998026728428272 59
    endloop
  endfacet
  facet normal -0.12533323356430473 -0.9921147013144778 0
    outer loop
      vertex 0.06279051952931328 10.998026728428272 57
      vertex 0.18738131458572457 10.982287250728689 57
      vertex 0.18738131458572457 10.982287250728689 59
    endloop
  endfacet
  facet normal -0.24868988716485532 -0.968583161128631 0
    outer loop
      vertex 0.18738131458572457 10.982287250728689 57
      vertex 0.3090169943749474 10.951056516295154 57
      vertex 0.3090169943749474 10.951056516295154 59
    endloop
  endfacet
  facet normal -0.36812455268467476 -0.9297764858882526 0
    outer loop
      vertex 0.3090169943749474 10.951056516295154 57
      vertex 0.4257792915650727 10.90482705246602 57
      vertex 0.4257792915650727 10.90482705246602 59
    endloop
  endfacet
  facet normal -0.48175367410172254 -0.8763066800438597 0
    outer loop
      vertex 0.4257792915650727 10.90482705246602 57
      vertex 0.5358267949789967 10.844327925502014 57
      vertex 0.5358267949789967 10.844327925502014 59
    endloop
  endfacet
  facet normal -0.5877852522924661 -0.8090169943749526 0
    outer loop
      vertex 0.5358267949789967 10.844327925502014 57
      vertex 0.6374239897486897 10.77051324277579 57
      vertex 0.6374239897486897 10.77051324277579 59
    endloop
  endfacet
  facet normal -0.9980267284282714 -0.06279051952931257 0
    outer loop
      vertex 1 10 57
      vertex 1 10 59
      vertex 0.9921147013144779 10.125333233564305 57
    endloop
  endfacet
  facet normal -0.9822872507286883 -0.18738131458572754 0
    outer loop
      vertex 0.9921147013144779 10.125333233564305 57
      vertex 0.9921147013144779 10.125333233564305 59
      vertex 0.9685831611286311 10.248689887164854 57
    endloop
  endfacet
  facet normal -0.9510565162951543 -0.3090169943749452 0
    outer loop
      vertex 0.9685831611286311 10.248689887164854 57
      vertex 0.9685831611286311 10.248689887164854 59
      vertex 0.9297764858882513 10.368124552684678 57
    endloop
  endfacet
  facet normal -0.844327925502014 -0.5358267949789987 0
    outer loop
      vertex 0.8090169943749475 10.587785252292473 57
      vertex 0.8763066800438636 10.481753674101716 57
      vertex 0.8763066800438636 10.481753674101716 59
    endloop
  endfacet
  facet normal -0.7705132427757873 -0.6374239897486921 0
    outer loop
      vertex 0.8090169943749475 10.587785252292473 57
      vertex 0.8090169943749475 10.587785252292473 59
      vertex 0.7289686274214116 10.684547105928688 57
    endloop
  endfacet
  facet normal -0.9048270524660204 -0.425779291565071 0
    outer loop
      vertex 0.8763066800438636 10.481753674101716 57
      vertex 0.9297764858882513 10.368124552684678 57
      vertex 0.9297764858882513 10.368124552684678 59
    endloop
  endfacet
  facet normal -0.6845471059286932 -0.7289686274214071 0
    outer loop
      vertex 0.6374239897486897 10.77051324277579 57
      vertex 0.7289686274214116 10.684547105928688 57
      vertex 0.7289686274214116 10.684547105928688 59
    endloop
  endfacet
  facet normal -0.12533323356430473 -0.9921147013144778 0
    outer loop
      vertex 0.06279051952931328 10.998026728428272 57
      vertex 0.18738131458572457 10.982287250728689 59
      vertex 0.06279051952931328 10.998026728428272 59
    endloop
  endfacet
  facet normal -0.24868988716485532 -0.968583161128631 0
    outer loop
      vertex 0.18738131458572457 10.982287250728689 57
      vertex 0.3090169943749474 10.951056516295154 59
      vertex 0.18738131458572457 10.982287250728689 59
    endloop
  endfacet
  facet normal -0.36812455268467476 -0.9297764858882526 0
    outer loop
      vertex 0.3090169943749474 10.951056516295154 57
      vertex 0.4257792915650727 10.90482705246602 59
      vertex 0.3090169943749474 10.951056516295154 59
    endloop
  endfacet
  facet normal -0.48175367410172254 -0.8763066800438597 0
    outer loop
      vertex 0.4257792915650727 10.90482705246602 57
      vertex 0.5358267949789967 10.844327925502014 59
      vertex 0.4257792915650727 10.90482705246602 59
    endloop
  endfacet
  facet normal -0.5877852522924661 -0.8090169943749526 0
    outer loop
      vertex 0.5358267949789967 10.844327925502014 57
      vertex 0.6374239897486897 10.77051324277579 59
      vertex 0.5358267949789967 10.844327925502014 59
    endloop
  endfacet
  facet normal -0.6845471059286932 -0.7289686274214071 0
    outer loop
      vertex 0.6374239897486897 10.77051324277579 57
      vertex 0.7289686274214116 10.684547105928688 59
      vertex 0.6374239897486897 10.77051324277579 59
    endloop
  endfacet
  facet normal -0.9980267284282714 -0.06279051952931257 0
    outer loop
      vertex 0.9921147013144779 10.125333233564305 57
      vertex 1 10 59
      vertex 0.9921147013144779 10.125333233564305 59
    endloop
  endfacet
  facet normal -0.9510565162951543 -0.3090169943749452 0
    outer loop
      vertex 0.9297764858882513 10.368124552684678 57
      vertex 0.9685831611286311 10.248689887164854 59
      vertex 0.9297764858882513 10.368124552684678 59
    endloop
  endfacet
  facet normal -0.9822872507286883 -0.18738131458572754 0
    outer loop
      vertex 0.9685831611286311 10.248689887164854 57
      vertex 0.9921147013144779 10.125333233564305 59
      vertex 0.9685831611286311 10.248689887164854 59
    endloop
  endfacet
  facet normal -0.7705132427757873 -0.6374239897486921 0
    outer loop
      vertex 0.7289686274214116 10.684547105928688 57
      vertex 0.8090169943749475 10.587785252292473 59
      vertex 0.7289686274214116 10.684547105928688 59
    endloop
  endfacet
  facet normal -0.844327925502014 -0.5358267949789987 0
    outer loop
      vertex 0.8090169943749475 10.587785252292473 57
      vertex 0.8763066800438636 10.481753674101716 59
      vertex 0.8090169943749475 10.587785252292473 59
    endloop
  endfacet
  facet normal -0.9048270524660204 -0.425779291565071 0
    outer loop
      vertex 0.8763066800438636 10.481753674101716 57
      vertex 0.9297764858882513 10.368124552684678 59
      vertex 0.8763066800438636 10.481753674101716 59
    endloop
  endfacet
endsolid OpenSCAD_Model
