solid OpenSCAD_Model
  facet normal -0.6845471059286891 -0.7289686274214112 0
    outer loop
      vertex -2.733632352830294 -7.5670516472325815 50.05
      vertex -2.390339961557586 -7.88942466040921 50.05
      vertex -2.390339961557586 -7.88942466040921 52.05
    endloop
  endfacet
  facet normal -0.6845471059286891 -0.7289686274214112 0
    outer loop
      vertex -2.733632352830294 -7.5670516472325815 50.05
      vertex -2.390339961557586 -7.88942466040921 52.05
      vertex -2.733632352830294 -7.5670516472325815 52.05
    endloop
  endfacet
  facet normal -0.9980267284282716 -0.06279051952931299 0
    outer loop
      vertex -3.720430129929292 -5.46999962586614 50.05
      vertex -3.75 -5 52.05
      vertex -3.75 -5 50.05
    endloop
  endfacet
  facet normal -0.9980267284282716 -0.06279051952931299 0
    outer loop
      vertex -3.720430129929292 -5.46999962586614 50.05
      vertex -3.720430129929292 -5.46999962586614 52.05
      vertex -3.75 -5 52.05
    endloop
  endfacet
  facet normal -0.8443279255020155 -0.535826794978996 0
    outer loop
      vertex -3.286150050164488 -6.806576277881433 50.05
      vertex -3.033813728906053 -7.204194696096774 50.05
      vertex -3.286150050164488 -6.806576277881433 52.05
    endloop
  endfacet
  facet normal -0.904827052466019 -0.4257792915650738 0
    outer loop
      vertex -3.486661822080943 -6.3804670725675425 50.05
      vertex -3.286150050164488 -6.806576277881433 50.05
      vertex -3.486661822080943 -6.3804670725675425 52.05
    endloop
  endfacet
  facet normal -0.7705132427757888 -0.6374239897486902 0
    outer loop
      vertex -2.733632352830294 -7.5670516472325815 50.05
      vertex -3.033813728906053 -7.204194696096774 52.05
      vertex -3.033813728906053 -7.204194696096774 50.05
    endloop
  endfacet
  facet normal -0.8443279255020155 -0.535826794978996 0
    outer loop
      vertex -3.033813728906053 -7.204194696096774 50.05
      vertex -3.033813728906053 -7.204194696096774 52.05
      vertex -3.286150050164488 -6.806576277881433 52.05
    endloop
  endfacet
  facet normal -0.904827052466019 -0.4257792915650738 0
    outer loop
      vertex -3.286150050164488 -6.806576277881433 50.05
      vertex -3.286150050164488 -6.806576277881433 52.05
      vertex -3.486661822080943 -6.3804670725675425 52.05
    endloop
  endfacet
  facet normal -0.7705132427757888 -0.6374239897486902 0
    outer loop
      vertex -2.733632352830294 -7.5670516472325815 50.05
      vertex -2.733632352830294 -7.5670516472325815 52.05
      vertex -3.033813728906053 -7.204194696096774 52.05
    endloop
  endfacet
  facet normal -0.9510565162951538 -0.30901699437494656 0
    outer loop
      vertex -3.486661822080943 -6.3804670725675425 50.05
      vertex -3.6321868542323665 -5.932587076868206 52.05
      vertex -3.6321868542323665 -5.932587076868206 50.05
    endloop
  endfacet
  facet normal -0.9822872507286887 -0.1873813145857249 0
    outer loop
      vertex -3.6321868542323665 -5.932587076868206 50.05
      vertex -3.720430129929292 -5.46999962586614 52.05
      vertex -3.720430129929292 -5.46999962586614 50.05
    endloop
  endfacet
  facet normal 0 0 -1
    outer loop
      vertex -3.486661822080943 -6.3804670725675425 50.05
      vertex -3.6321868542323665 -5.932587076868206 50.05
      vertex -3.486661822080943 -3.619532927432458 50.05
    endloop
  endfacet
  facet normal 0 0 -1
    outer loop
      vertex -3.6321868542323665 -5.932587076868206 50.05
      vertex -3.720430129929292 -5.46999962586614 50.05
      vertex -3.6321868542323665 -4.067412923131794 50.05
    endloop
  endfacet
  facet normal 0 0 -1
    outer loop
      vertex -3.486661822080943 -6.3804670725675425 50.05
      vertex -3.286150050164488 -3.1934237221185673 50.05
      vertex -3.286150050164488 -6.806576277881433 50.05
    endloop
  endfacet
  facet normal 0 0 -1
    outer loop
      vertex -3.286150050164488 -6.806576277881433 50.05
      vertex -3.033813728906053 -2.795805303903226 50.05
      vertex -3.033813728906053 -7.204194696096774 50.05
    endloop
  endfacet
  facet normal 0 0 -1
    outer loop
      vertex -2.733632352830294 -7.5670516472325815 50.05
      vertex -3.033813728906053 -7.204194696096774 50.05
      vertex -2.733632352830294 -2.432948352767418 50.05
    endloop
  endfacet
  facet normal 0 0 -1
    outer loop
      vertex -2.733632352830294 -7.5670516472325815 50.05
      vertex -2.390339961557586 -2.11057533959079 50.05
      vertex -2.390339961557586 -7.88942466040921 50.05
    endloop
  endfacet
  facet normal -0.9510565162951538 -0.30901699437494656 0
    outer loop
      vertex -3.486661822080943 -6.3804670725675425 50.05
      vertex -3.486661822080943 -6.3804670725675425 52.05
      vertex -3.6321868542323665 -5.932587076868206 52.05
    endloop
  endfacet
  facet normal -0.9822872507286887 -0.1873813145857249 0
    outer loop
      vertex -3.6321868542323665 -5.932587076868206 50.05
      vertex -3.6321868542323665 -5.932587076868206 52.05
      vertex -3.720430129929292 -5.46999962586614 52.05
    endloop
  endfacet
  facet normal -0.5877852522924727 -0.8090169943749478 0
    outer loop
      vertex -2.009350481171238 -8.166229720632556 50.05
      vertex -2.009350481171238 -8.166229720632556 52.05
      vertex -2.390339961557586 -7.88942466040921 50.05
    endloop
  endfacet
  facet normal -0.48175367410171593 -0.8763066800438633 0
    outer loop
      vertex -2.009350481171238 -8.166229720632556 50.05
      vertex -1.5966723433690215 -8.393101446747574 50.05
      vertex -1.5966723433690215 -8.393101446747574 52.05
    endloop
  endfacet
  facet normal -0.3681245526846781 -0.9297764858882513 -4.42034495393392e-17
    outer loop
      vertex -1.5966723433690215 -8.393101446747574 50.05
      vertex -1.1588137289060527 -8.566461936106826 50.05
      vertex -1.158813728906053 -8.566461936106826 52.05
    endloop
  endfacet
  facet normal 0 0 -1
    outer loop
      vertex -1.5966723433690215 -8.393101446747574 50.05
      vertex -1.0198783835979035 -6.232821188441263 50.05
      vertex -1.1588137289060527 -8.566461936106826 50.05
    endloop
  endfacet
  facet normal -0.48175367410171593 -0.8763066800438633 0
    outer loop
      vertex -2.009350481171238 -8.166229720632556 50.05
      vertex -1.5966723433690215 -8.393101446747574 52.05
      vertex -2.009350481171238 -8.166229720632556 52.05
    endloop
  endfacet
  facet normal -0.5877852522924727 -0.8090169943749478 0
    outer loop
      vertex -2.390339961557586 -7.88942466040921 50.05
      vertex -2.009350481171238 -8.166229720632556 52.05
      vertex -2.390339961557586 -7.88942466040921 52.05
    endloop
  endfacet
  facet normal -0.3681245526846782 -0.9297764858882512 0
    outer loop
      vertex -1.5966723433690215 -8.393101446747574 50.05
      vertex -1.158813728906053 -8.566461936106826 52.05
      vertex -1.5966723433690215 -8.393101446747574 52.05
    endloop
  endfacet
  facet normal -0.12533323356430498 -0.9921147013144778 0
    outer loop
      vertex -0.7026799296964681 -8.683577190232583 50.05
      vertex -0.2354644482349266 -8.74260023160602 50.05
      vertex -0.2354644482349266 -8.74260023160602 52.05
    endloop
  endfacet
  facet normal -0.12533323356430498 -0.9921147013144778 0
    outer loop
      vertex -0.7026799296964681 -8.683577190232583 50.05
      vertex -0.2354644482349266 -8.74260023160602 52.05
      vertex -0.7026799296964681 -8.683577190232583 52.05
    endloop
  endfacet
  facet normal 0 -1 0
    outer loop
      vertex -0.2354644482349266 -8.74260023160602 50.05
      vertex 0.2354644482349266 -8.74260023160602 52.05
      vertex -0.2354644482349266 -8.74260023160602 52.05
    endloop
  endfacet
  facet normal -0.24868988716485585 -0.968583161128631 0
    outer loop
      vertex -1.1588137289060527 -8.566461936106826 50.05
      vertex -0.7026799296964681 -8.683577190232583 50.05
      vertex -0.7026799296964681 -8.683577190232583 52.05
    endloop
  endfacet
  facet normal 0 0 -1
    outer loop
      vertex -1.1588137289060527 -8.566461936106826 50.05
      vertex -0.6812468665041159 -6.447723283945631 50.05
      vertex -0.7026799296964681 -8.683577190232583 50.05
    endloop
  endfacet
  facet normal 0 0 -1
    outer loop
      vertex -0.7026799296964681 -8.683577190232583 50.05
      vertex -0.10046483124690203 -6.596842765485235 50.05
      vertex -0.2354644482349266 -8.74260023160602 50.05
    endloop
  endfacet
  facet normal 0 0 -1
    outer loop
      vertex -0.2354644482349266 -8.74260023160602 50.05
      vertex -0.10046483124690203 -6.596842765485235 50.05
      vertex 0.2354644482349266 -8.74260023160602 50.05
    endloop
  endfacet
  facet normal -0.2486898871648557 -0.9685831611286309 -2.76101238721855e-17
    outer loop
      vertex -1.1588137289060527 -8.566461936106826 50.05
      vertex -0.7026799296964681 -8.683577190232583 52.05
      vertex -1.158813728906053 -8.566461936106826 52.05
    endloop
  endfacet
  facet normal 0 0 -1
    outer loop
      vertex -2.009350481171238 -8.166229720632556 50.05
      vertex -1.5873835221031647 -5.200533173702887 50.05
      vertex -1.5966723433690215 -8.393101446747574 50.05
    endloop
  endfacet
  facet normal 0 0 -1
    outer loop
      vertex -1.5966723433690215 -8.393101446747574 50.05
      vertex -1.1663498038742588 -6.095275369485901 50.05
      vertex -1.0198783835979035 -6.232821188441263 50.05
    endloop
  endfacet
  facet normal 0 0 -1
    outer loop
      vertex -1.5966723433690215 -8.393101446747574 50.05
      vertex -1.5497330578058097 -5.397903819463767 50.05
      vertex -1.4876423774212024 -5.588999284295484 50.05
    endloop
  endfacet
  facet normal 0 0 -1
    outer loop
      vertex -1.5966723433690215 -8.393101446747574 50.05
      vertex -1.5873835221031647 -5.200533173702887 50.05
      vertex -1.5497330578058097 -5.397903819463767 50.05
    endloop
  endfacet
  facet normal 0 0 -1
    outer loop
      vertex -1.5966723433690215 -8.393101446747574 50.05
      vertex -1.4020906880701816 -5.7708058785627445 50.05
      vertex -1.294427190999916 -5.940456403667957 50.05
    endloop
  endfacet
  facet normal 0 0 -1
    outer loop
      vertex -1.5966723433690215 -8.393101446747574 50.05
      vertex -1.4876423774212024 -5.588999284295484 50.05
      vertex -1.4020906880701816 -5.7708058785627445 50.05
    endloop
  endfacet
  facet normal 0 0 -1
    outer loop
      vertex -1.5966723433690215 -8.393101446747574 50.05
      vertex -1.294427190999916 -5.940456403667957 50.05
      vertex -1.1663498038742588 -6.095275369485901 50.05
    endloop
  endfacet
  facet normal 0 0 -1
    outer loop
      vertex -2.009350481171238 -8.166229720632556 50.05
      vertex -2.390339961557586 -7.88942466040921 50.05
      vertex -2.009350481171238 -1.8337702793674437 50.05
    endloop
  endfacet
  facet normal 0 0 -1
    outer loop
      vertex -2.009350481171238 -8.166229720632556 50.05
      vertex -1.6 -5 50.05
      vertex -1.5873835221031647 -5.200533173702887 50.05
    endloop
  endfacet
  facet normal 0 0 -1
    outer loop
      vertex -1.1588137289060527 -8.566461936106826 50.05
      vertex -1.0198783835979035 -6.232821188441263 50.05
      vertex -0.8573228719663949 -6.3509246808032245 50.05
    endloop
  endfacet
  facet normal 0 0 -1
    outer loop
      vertex -0.7026799296964681 -8.683577190232583 50.05
      vertex -0.6812468665041159 -6.447723283945631 50.05
      vertex -0.49442719099991583 -6.5216904260722455 50.05
    endloop
  endfacet
  facet normal 0 0 -1
    outer loop
      vertex -1.1588137289060527 -8.566461936106826 50.05
      vertex -0.8573228719663949 -6.3509246808032245 50.05
      vertex -0.6812468665041159 -6.447723283945631 50.05
    endloop
  endfacet
  facet normal 0 0 -1
    outer loop
      vertex -0.7026799296964681 -8.683577190232583 50.05
      vertex -0.49442719099991583 -6.5216904260722455 50.05
      vertex -0.29981010333715974 -6.571659601165901 50.05
    endloop
  endfacet
  facet normal 0 0 -1
    outer loop
      vertex -0.7026799296964681 -8.683577190232583 50.05
      vertex -0.29981010333715974 -6.571659601165901 50.05
      vertex -0.10046483124690203 -6.596842765485235 50.05
    endloop
  endfacet
  facet normal 0 0 -1
    outer loop
      vertex -3.720430129929292 -5.46999962586614 50.05
      vertex -3.75 -5 50.05
      vertex -3.720430129929292 -4.53000037413386 50.05
    endloop
  endfacet
  facet normal -0.9980267284282716 0.06279051952931299 0
    outer loop
      vertex -3.75 -5 50.05
      vertex -3.720430129929292 -4.53000037413386 52.05
      vertex -3.720430129929292 -4.53000037413386 50.05
    endloop
  endfacet
  facet normal -0.9980267284282716 0.06279051952931299 0
    outer loop
      vertex -3.75 -5 50.05
      vertex -3.75 -5 52.05
      vertex -3.720430129929292 -4.53000037413386 52.05
    endloop
  endfacet
  facet normal 0 0 -1
    outer loop
      vertex -3.720430129929292 -5.46999962586614 50.05
      vertex -3.720430129929292 -4.53000037413386 50.05
      vertex -3.6321868542323665 -4.067412923131794 50.05
    endloop
  endfacet
  facet normal 0 0 -1
    outer loop
      vertex -3.6321868542323665 -5.932587076868206 50.05
      vertex -3.6321868542323665 -4.067412923131794 50.05
      vertex -3.486661822080943 -3.619532927432458 50.05
    endloop
  endfacet
  facet normal 0 0 -1
    outer loop
      vertex -3.486661822080943 -6.3804670725675425 50.05
      vertex -3.486661822080943 -3.619532927432458 50.05
      vertex -3.286150050164488 -3.1934237221185673 50.05
    endloop
  endfacet
  facet normal 0 0 -1
    outer loop
      vertex -3.286150050164488 -6.806576277881433 50.05
      vertex -3.286150050164488 -3.1934237221185673 50.05
      vertex -3.033813728906053 -2.795805303903226 50.05
    endloop
  endfacet
  facet normal -0.9822872507286887 0.1873813145857249 0
    outer loop
      vertex -3.720430129929292 -4.53000037413386 50.05
      vertex -3.6321868542323665 -4.067412923131794 52.05
      vertex -3.6321868542323665 -4.067412923131794 50.05
    endloop
  endfacet
  facet normal -0.9510565162951538 0.30901699437494684 0
    outer loop
      vertex -3.6321868542323665 -4.067412923131794 50.05
      vertex -3.486661822080943 -3.619532927432458 52.05
      vertex -3.486661822080943 -3.619532927432458 50.05
    endloop
  endfacet
  facet normal 0 0 -1
    outer loop
      vertex -3.033813728906053 -7.204194696096774 50.05
      vertex -3.033813728906053 -2.795805303903226 50.05
      vertex -2.733632352830294 -2.432948352767418 50.05
    endloop
  endfacet
  facet normal 0 0 -1
    outer loop
      vertex -2.733632352830294 -7.5670516472325815 50.05
      vertex -2.733632352830294 -2.432948352767418 50.05
      vertex -2.390339961557586 -2.11057533959079 50.05
    endloop
  endfacet
  facet normal -0.9822872507286887 0.1873813145857249 0
    outer loop
      vertex -3.720430129929292 -4.53000037413386 50.05
      vertex -3.720430129929292 -4.53000037413386 52.05
      vertex -3.6321868542323665 -4.067412923131794 52.05
    endloop
  endfacet
  facet normal -0.9510565162951538 0.30901699437494684 0
    outer loop
      vertex -3.6321868542323665 -4.067412923131794 50.05
      vertex -3.6321868542323665 -4.067412923131794 52.05
      vertex -3.486661822080943 -3.619532927432458 52.05
    endloop
  endfacet
  facet normal -0.904827052466019 0.4257792915650738 0
    outer loop
      vertex -3.486661822080943 -3.619532927432458 50.05
      vertex -3.286150050164488 -3.1934237221185673 52.05
      vertex -3.286150050164488 -3.1934237221185673 50.05
    endloop
  endfacet
  facet normal -0.8443279255020159 0.5358267949789957 7.367241589889869e-17
    outer loop
      vertex -3.286150050164488 -3.1934237221185673 50.05
      vertex -3.0338137289060527 -2.7958053039032253 52.05
      vertex -3.033813728906053 -2.795805303903226 50.05
    endloop
  endfacet
  facet normal -0.7705132427757891 0.6374239897486897 0
    outer loop
      vertex -3.033813728906053 -2.795805303903226 50.05
      vertex -2.733632352830294 -2.432948352767418 52.05
      vertex -2.733632352830294 -2.432948352767418 50.05
    endloop
  endfacet
  facet normal -0.904827052466019 0.4257792915650738 0
    outer loop
      vertex -3.486661822080943 -3.619532927432458 50.05
      vertex -3.486661822080943 -3.619532927432458 52.05
      vertex -3.286150050164488 -3.1934237221185673 52.05
    endloop
  endfacet
  facet normal -0.8443279255020155 0.5358267949789958 0
    outer loop
      vertex -3.286150050164488 -3.1934237221185673 50.05
      vertex -3.286150050164488 -3.1934237221185673 52.05
      vertex -3.0338137289060527 -2.7958053039032253 52.05
    endloop
  endfacet
  facet normal -0.7705132427757893 0.6374239897486896 2.9551750608169843e-17
    outer loop
      vertex -3.033813728906053 -2.795805303903226 50.05
      vertex -3.0338137289060527 -2.7958053039032253 52.05
      vertex -2.733632352830294 -2.432948352767418 52.05
    endloop
  endfacet
  facet normal -0.6845471059286885 0.7289686274214117 0
    outer loop
      vertex -2.733632352830294 -2.432948352767418 50.05
      vertex -2.733632352830294 -2.432948352767418 52.05
      vertex -2.390339961557586 -2.11057533959079 50.05
    endloop
  endfacet
  facet normal -0.6845471059286885 0.7289686274214117 0
    outer loop
      vertex -2.733632352830294 -2.432948352767418 52.05
      vertex -2.390339961557586 -2.11057533959079 52.05
      vertex -2.390339961557586 -2.11057533959079 50.05
    endloop
  endfacet
  facet normal 0 0 -1
    outer loop
      vertex -2.390339961557586 -7.88942466040921 50.05
      vertex -2.390339961557586 -2.11057533959079 50.05
      vertex -2.009350481171238 -1.8337702793674437 50.05
    endloop
  endfacet
  facet normal 0 0 -1
    outer loop
      vertex -2.009350481171238 -8.166229720632556 50.05
      vertex -2.009350481171238 -1.8337702793674437 50.05
      vertex -1.5966723433690226 -1.6068985532524271 50.05
    endloop
  endfacet
  facet normal 0 0 -1
    outer loop
      vertex -2.009350481171238 -8.166229720632556 50.05
      vertex -1.5966723433690226 -1.6068985532524271 50.05
      vertex -1.6 -5 50.05
    endloop
  endfacet
  facet normal 0 0 -1
    outer loop
      vertex -1.5966723433690226 -1.6068985532524271 50.05
      vertex -1.5873835221031647 -4.799466826297113 50.05
      vertex -1.6 -5 50.05
    endloop
  endfacet
  facet normal 0 0 -1
    outer loop
      vertex -1.5966723433690226 -1.6068985532524271 50.05
      vertex -1.5497330578058097 -4.602096180536233 50.05
      vertex -1.5873835221031647 -4.799466826297113 50.05
    endloop
  endfacet
  facet normal 0 0 -1
    outer loop
      vertex -1.5966723433690226 -1.6068985532524271 50.05
      vertex -1.4876423774212024 -4.411000715704516 50.05
      vertex -1.5497330578058097 -4.602096180536233 50.05
    endloop
  endfacet
  facet normal 0 0 -1
    outer loop
      vertex -1.5966723433690226 -1.6068985532524271 50.05
      vertex -1.4020906880701816 -4.2291941214372555 50.05
      vertex -1.4876423774212024 -4.411000715704516 50.05
    endloop
  endfacet
  facet normal 0 0 -1
    outer loop
      vertex -1.1588137289060527 -1.4335380638931743 50.05
      vertex -1.294427190999916 -4.059543596332043 50.05
      vertex -1.4020906880701816 -4.2291941214372555 50.05
    endloop
  endfacet
  facet normal 0 0 -1
    outer loop
      vertex -1.1588137289060527 -1.4335380638931743 50.05
      vertex -1.1663498038742588 -3.9047246305140986 50.05
      vertex -1.294427190999916 -4.059543596332043 50.05
    endloop
  endfacet
  facet normal 0 0 -1
    outer loop
      vertex -1.1588137289060527 -1.4335380638931743 50.05
      vertex -1.0198783835979035 -3.767178811558737 50.05
      vertex -1.1663498038742588 -3.9047246305140986 50.05
    endloop
  endfacet
  facet normal 0 0 -1
    outer loop
      vertex -1.1588137289060527 -1.4335380638931743 50.05
      vertex -0.8573228719663949 -3.649075319196776 50.05
      vertex -1.0198783835979035 -3.767178811558737 50.05
    endloop
  endfacet
  facet normal 0 0 -1
    outer loop
      vertex -0.7026799296964672 -1.3164228097674173 50.05
      vertex -0.6812468665041164 -3.5522767160543687 50.05
      vertex -0.8573228719663949 -3.649075319196776 50.05
    endloop
  endfacet
  facet normal 0 0 -1
    outer loop
      vertex -0.7026799296964672 -1.3164228097674173 50.05
      vertex -0.49442719099991583 -3.4783095739277545 50.05
      vertex -0.6812468665041164 -3.5522767160543687 50.05
    endloop
  endfacet
  facet normal 0 0 -1
    outer loop
      vertex -0.2354644482349248 -1.2573997683939817 50.05
      vertex -0.29981010333715935 -3.4283403988340977 50.05
      vertex -0.49442719099991583 -3.4783095739277545 50.05
    endloop
  endfacet
  facet normal 0 0 -1
    outer loop
      vertex -0.2354644482349248 -1.2573997683939817 50.05
      vertex -0.10046483124690125 -3.403157234514765 50.05
      vertex -0.29981010333715935 -3.4283403988340977 50.05
    endloop
  endfacet
  facet normal 0 0 -1
    outer loop
      vertex -0.2354644482349248 -1.2573997683939817 50.05
      vertex 0.10046483124690074 -3.403157234514765 50.05
      vertex -0.10046483124690125 -3.403157234514765 50.05
    endloop
  endfacet
  facet normal -0.5877852522924732 0.8090169943749473 0
    outer loop
      vertex -2.390339961557586 -2.11057533959079 50.05
      vertex -2.390339961557586 -2.11057533959079 52.05
      vertex -2.009350481171238 -1.8337702793674437 50.05
    endloop
  endfacet
  facet normal -0.48175367410171477 0.8763066800438638 0
    outer loop
      vertex -2.009350481171238 -1.8337702793674437 50.05
      vertex -2.009350481171238 -1.8337702793674437 52.05
      vertex -1.5966723433690226 -1.6068985532524271 50.05
    endloop
  endfacet
  facet normal 0 0 -1
    outer loop
      vertex -1.5966723433690226 -1.6068985532524271 50.05
      vertex -1.1588137289060527 -1.4335380638931743 50.05
      vertex -1.4020906880701816 -4.2291941214372555 50.05
    endloop
  endfacet
  facet normal -0.3681245526846781 0.9297764858882513 3.8768360114578927e-17
    outer loop
      vertex -1.5966723433690226 -1.6068985532524271 50.05
      vertex -1.5966723433690213 -1.6068985532524267 52.05
      vertex -1.1588137289060527 -1.4335380638931743 50.05
    endloop
  endfacet
  facet normal -0.5877852522924732 0.8090169943749473 0
    outer loop
      vertex -2.009350481171238 -1.8337702793674437 50.05
      vertex -2.390339961557586 -2.11057533959079 52.05
      vertex -2.009350481171238 -1.8337702793674437 52.05
    endloop
  endfacet
  facet normal -0.48175367410171427 0.8763066800438641 1.263332421477867e-16
    outer loop
      vertex -1.5966723433690226 -1.6068985532524271 50.05
      vertex -2.009350481171238 -1.8337702793674437 52.05
      vertex -1.5966723433690213 -1.6068985532524267 52.05
    endloop
  endfacet
  facet normal -0.3681245526846782 0.9297764858882512 0
    outer loop
      vertex -1.5966723433690213 -1.6068985532524267 52.05
      vertex -1.1588137289060527 -1.4335380638931743 52.05
      vertex -1.1588137289060527 -1.4335380638931743 50.05
    endloop
  endfacet
  facet normal 0 0 -1
    outer loop
      vertex -1.1588137289060527 -1.4335380638931743 50.05
      vertex -0.7026799296964672 -1.3164228097674173 50.05
      vertex -0.8573228719663949 -3.649075319196776 50.05
    endloop
  endfacet
  facet normal -0.24868988716485538 0.968583161128631 0
    outer loop
      vertex -1.1588137289060527 -1.4335380638931743 50.05
      vertex -1.1588137289060527 -1.4335380638931743 52.05
      vertex -0.7026799296964672 -1.3164228097674173 50.05
    endloop
  endfacet
  facet normal 0 0 -1
    outer loop
      vertex -0.7026799296964672 -1.3164228097674173 50.05
      vertex -0.2354644482349248 -1.2573997683939817 50.05
      vertex -0.49442719099991583 -3.4783095739277545 50.05
    endloop
  endfacet
  facet normal -0.24868988716485538 0.968583161128631 0
    outer loop
      vertex -0.7026799296964672 -1.3164228097674173 50.05
      vertex -1.1588137289060527 -1.4335380638931743 52.05
      vertex -0.7026799296964672 -1.3164228097674173 52.05
    endloop
  endfacet
  facet normal -0.12533323356430381 0.9921147013144779 0
    outer loop
      vertex -0.7026799296964672 -1.3164228097674173 50.05
      vertex -0.7026799296964672 -1.3164228097674173 52.05
      vertex -0.2354644482349248 -1.2573997683939817 50.05
    endloop
  endfacet
  facet normal 0 1 0
    outer loop
      vertex -0.2354644482349248 -1.2573997683939817 50.05
      vertex -0.2354644482349248 -1.2573997683939817 52.05
      vertex 0.2354644482349248 -1.2573997683939817 50.05
    endloop
  endfacet
  facet normal -0.12533323356430381 0.9921147013144779 0
    outer loop
      vertex -0.7026799296964672 -1.3164228097674173 52.05
      vertex -0.2354644482349248 -1.2573997683939817 52.05
      vertex -0.2354644482349248 -1.2573997683939817 50.05
    endloop
  endfacet
  facet normal 0 -1 0
    outer loop
      vertex -0.2354644482349266 -8.74260023160602 50.05
      vertex 0.2354644482349266 -8.74260023160602 50.05
      vertex 0.2354644482349266 -8.74260023160602 52.05
    endloop
  endfacet
  facet normal 0.12533323356430498 -0.9921147013144778 0
    outer loop
      vertex 0.2354644482349266 -8.74260023160602 50.05
      vertex 0.7026799296964681 -8.683577190232583 50.05
      vertex 0.7026799296964681 -8.683577190232583 52.05
    endloop
  endfacet
  facet normal 0.12533323356430498 -0.9921147013144778 0
    outer loop
      vertex 0.2354644482349266 -8.74260023160602 50.05
      vertex 0.7026799296964681 -8.683577190232583 52.05
      vertex 0.2354644482349266 -8.74260023160602 52.05
    endloop
  endfacet
  facet normal 0 0 -1
    outer loop
      vertex 0.2354644482349266 -8.74260023160602 50.05
      vertex 0.49442719099991583 -6.5216904260722455 50.05
      vertex 0.7026799296964681 -8.683577190232583 50.05
    endloop
  endfacet
  facet normal 0.24868988716485585 -0.968583161128631 0
    outer loop
      vertex 0.7026799296964681 -8.683577190232583 50.05
      vertex 1.1588137289060527 -8.566461936106826 50.05
      vertex 1.1588137289060527 -8.566461936106826 52.05
    endloop
  endfacet
  facet normal 0 0 -1
    outer loop
      vertex 0.7026799296964681 -8.683577190232583 50.05
      vertex 0.857322871966394 -6.3509246808032245 50.05
      vertex 1.1588137289060527 -8.566461936106826 50.05
    endloop
  endfacet
  facet normal 0.24868988716485585 -0.968583161128631 0
    outer loop
      vertex 0.7026799296964681 -8.683577190232583 50.05
      vertex 1.1588137289060527 -8.566461936106826 52.05
      vertex 0.7026799296964681 -8.683577190232583 52.05
    endloop
  endfacet
  facet normal 0.3681245526846781 -0.9297764858882513 4.42034495393392e-17
    outer loop
      vertex 1.1588137289060527 -8.566461936106826 50.05
      vertex 1.5966723433690215 -8.393101446747574 50.05
      vertex 1.5966723433690213 -8.393101446747574 52.05
    endloop
  endfacet
  facet normal 0 0 -1
    outer loop
      vertex 1.1588137289060527 -8.566461936106826 50.05
      vertex 1.4020906880701816 -5.7708058785627445 50.05
      vertex 1.5966723433690215 -8.393101446747574 50.05
    endloop
  endfacet
  facet normal 0.4817536741017151 -0.8763066800438638 0
    outer loop
      vertex 1.5966723433690215 -8.393101446747574 50.05
      vertex 2.0093504811712357 -8.166229720632558 50.05
      vertex 2.0093504811712357 -8.166229720632558 52.05
    endloop
  endfacet
  facet normal 0.5877852522924728 -0.8090169943749477 0
    outer loop
      vertex 2.0093504811712357 -8.166229720632558 50.05
      vertex 2.3903399615575873 -7.889424660409209 50.05
      vertex 2.3903399615575873 -7.889424660409209 52.05
    endloop
  endfacet
  facet normal 0.3681245526846782 -0.9297764858882512 0
    outer loop
      vertex 1.1588137289060527 -8.566461936106826 50.05
      vertex 1.5966723433690213 -8.393101446747574 52.05
      vertex 1.1588137289060527 -8.566461936106826 52.05
    endloop
  endfacet
  facet normal 0.4817536741017148 -0.8763066800438638 5.348540211854878e-17
    outer loop
      vertex 1.5966723433690215 -8.393101446747574 50.05
      vertex 2.0093504811712357 -8.166229720632558 52.05
      vertex 1.5966723433690213 -8.393101446747574 52.05
    endloop
  endfacet
  facet normal 0.5877852522924728 -0.8090169943749477 0
    outer loop
      vertex 2.0093504811712357 -8.166229720632558 50.05
      vertex 2.3903399615575873 -7.889424660409209 52.05
      vertex 2.0093504811712357 -8.166229720632558 52.05
    endloop
  endfacet
  facet normal 0 0 -1
    outer loop
      vertex 0.2354644482349266 -8.74260023160602 50.05
      vertex -0.10046483124690203 -6.596842765485235 50.05
      vertex 0.10046483124690203 -6.596842765485235 50.05
    endloop
  endfacet
  facet normal 0 0 -1
    outer loop
      vertex 0.2354644482349266 -8.74260023160602 50.05
      vertex 0.10046483124690203 -6.596842765485235 50.05
      vertex 0.29981010333715974 -6.571659601165901 50.05
    endloop
  endfacet
  facet normal 0 0 -1
    outer loop
      vertex 0.2354644482349266 -8.74260023160602 50.05
      vertex 0.29981010333715974 -6.571659601165901 50.05
      vertex 0.49442719099991583 -6.5216904260722455 50.05
    endloop
  endfacet
  facet normal 0 0 -1
    outer loop
      vertex 0.7026799296964681 -8.683577190232583 50.05
      vertex 0.49442719099991583 -6.5216904260722455 50.05
      vertex 0.6812468665041159 -6.447723283945631 50.05
    endloop
  endfacet
  facet normal 0 0 -1
    outer loop
      vertex 0.7026799296964681 -8.683577190232583 50.05
      vertex 0.6812468665041159 -6.447723283945631 50.05
      vertex 0.857322871966394 -6.3509246808032245 50.05
    endloop
  endfacet
  facet normal 0 0 -1
    outer loop
      vertex 1.1588137289060527 -8.566461936106826 50.05
      vertex 0.857322871966394 -6.3509246808032245 50.05
      vertex 1.019878383597904 -6.232821188441262 50.05
    endloop
  endfacet
  facet normal 0 0 -1
    outer loop
      vertex 1.1588137289060527 -8.566461936106826 50.05
      vertex 1.019878383597904 -6.232821188441262 50.05
      vertex 1.1663498038742588 -6.095275369485901 50.05
    endloop
  endfacet
  facet normal 0 0 -1
    outer loop
      vertex 1.1588137289060527 -8.566461936106826 50.05
      vertex 1.1663498038742588 -6.095275369485901 50.05
      vertex 1.294427190999916 -5.940456403667957 50.05
    endloop
  endfacet
  facet normal 0 0 -1
    outer loop
      vertex 1.1588137289060527 -8.566461936106826 50.05
      vertex 1.294427190999916 -5.940456403667957 50.05
      vertex 1.4020906880701816 -5.7708058785627445 50.05
    endloop
  endfacet
  facet normal 0 0 -1
    outer loop
      vertex 1.5966723433690215 -8.393101446747574 50.05
      vertex 1.4020906880701816 -5.7708058785627445 50.05
      vertex 1.487642377421202 -5.588999284295485 50.05
    endloop
  endfacet
  facet normal 0 0 -1
    outer loop
      vertex 1.5966723433690215 -8.393101446747574 50.05
      vertex 1.487642377421202 -5.588999284295485 50.05
      vertex 1.54973305780581 -5.397903819463767 50.05
    endloop
  endfacet
  facet normal 0 0 -1
    outer loop
      vertex 1.5966723433690215 -8.393101446747574 50.05
      vertex 1.54973305780581 -5.397903819463767 50.05
      vertex 1.5873835221031647 -5.200533173702887 50.05
    endloop
  endfacet
  facet normal 0 0 -1
    outer loop
      vertex 1.5966723433690215 -8.393101446747574 50.05
      vertex 1.5873835221031647 -5.200533173702887 50.05
      vertex 1.6 -5 50.05
    endloop
  endfacet
  facet normal 0 0 -1
    outer loop
      vertex 1.5966723433690215 -8.393101446747574 50.05
      vertex 1.6 -5 50.05
      vertex 2.0093504811712375 -1.8337702793674433 50.05
    endloop
  endfacet
  facet normal 0 0 -1
    outer loop
      vertex 1.5966723433690215 -8.393101446747574 50.05
      vertex 2.0093504811712375 -1.8337702793674433 50.05
      vertex 2.0093504811712357 -8.166229720632558 50.05
    endloop
  endfacet
  facet normal 0 0 -1
    outer loop
      vertex 2.0093504811712357 -8.166229720632558 50.05
      vertex 2.3903399615575864 -2.110575339590791 50.05
      vertex 2.3903399615575873 -7.889424660409209 50.05
    endloop
  endfacet
  facet normal 0.6845471059286894 -0.7289686274214108 0
    outer loop
      vertex 2.3903399615575873 -7.889424660409209 50.05
      vertex 2.733632352830294 -7.5670516472325815 50.05
      vertex 2.733632352830294 -7.5670516472325815 52.05
    endloop
  endfacet
  facet normal 0.6845471059286894 -0.7289686274214108 0
    outer loop
      vertex 2.3903399615575873 -7.889424660409209 50.05
      vertex 2.733632352830294 -7.5670516472325815 52.05
      vertex 2.3903399615575873 -7.889424660409209 52.05
    endloop
  endfacet
  facet normal 0.7705132427757888 -0.6374239897486902 0
    outer loop
      vertex 2.733632352830294 -7.5670516472325815 50.05
      vertex 3.033813728906053 -7.204194696096774 50.05
      vertex 2.733632352830294 -7.5670516472325815 52.05
    endloop
  endfacet
  facet normal 0.8443279255020155 -0.535826794978996 1.874784606452663e-16
    outer loop
      vertex 3.033813728906053 -7.204194696096774 50.05
      vertex 3.286150050164488 -6.806576277881433 50.05
      vertex 3.0338137289060527 -7.204194696096774 52.05
    endloop
  endfacet
  facet normal 0.904827052466019 -0.4257792915650737 0
    outer loop
      vertex 3.286150050164488 -6.806576277881433 50.05
      vertex 3.486661822080942 -6.380467072567544 50.05
      vertex 3.286150050164488 -6.806576277881433 52.05
    endloop
  endfacet
  facet normal 0.7705132427757893 -0.6374239897486896 1.620793149775772e-16
    outer loop
      vertex 2.733632352830294 -7.5670516472325815 52.05
      vertex 3.033813728906053 -7.204194696096774 50.05
      vertex 3.0338137289060527 -7.204194696096774 52.05
    endloop
  endfacet
  facet normal 0.8443279255020151 -0.5358267949789967 0
    outer loop
      vertex 3.286150050164488 -6.806576277881433 50.05
      vertex 3.286150050164488 -6.806576277881433 52.05
      vertex 3.0338137289060527 -7.204194696096774 52.05
    endloop
  endfacet
  facet normal 0.904827052466019 -0.4257792915650737 0
    outer loop
      vertex 3.486661822080942 -6.380467072567544 50.05
      vertex 3.486661822080942 -6.380467072567544 52.05
      vertex 3.286150050164488 -6.806576277881433 52.05
    endloop
  endfacet
  facet normal 0 0 -1
    outer loop
      vertex 2.3903399615575873 -7.889424660409209 50.05
      vertex 2.7336323528302935 -2.432948352767417 50.05
      vertex 2.733632352830294 -7.5670516472325815 50.05
    endloop
  endfacet
  facet normal 0 0 -1
    outer loop
      vertex 2.733632352830294 -7.5670516472325815 50.05
      vertex 3.033813728906053 -2.795805303903226 50.05
      vertex 3.033813728906053 -7.204194696096774 50.05
    endloop
  endfacet
  facet normal 0 0 -1
    outer loop
      vertex 3.033813728906053 -7.204194696096774 50.05
      vertex 3.2861500501644882 -3.1934237221185677 50.05
      vertex 3.286150050164488 -6.806576277881433 50.05
    endloop
  endfacet
  facet normal 0.9510565162951538 -0.30901699437494695 0
    outer loop
      vertex 3.486661822080942 -6.380467072567544 50.05
      vertex 3.632186854232367 -5.932587076868204 50.05
      vertex 3.486661822080942 -6.380467072567544 52.05
    endloop
  endfacet
  facet normal 0.9822872507286887 -0.1873813145857247 0
    outer loop
      vertex 3.632186854232367 -5.932587076868204 50.05
      vertex 3.720430129929292 -5.46999962586614 50.05
      vertex 3.632186854232367 -5.932587076868204 52.05
    endloop
  endfacet
  facet normal 0 0 -1
    outer loop
      vertex 3.286150050164488 -6.806576277881433 50.05
      vertex 3.4866618220809427 -3.6195329274324575 50.05
      vertex 3.486661822080942 -6.380467072567544 50.05
    endloop
  endfacet
  facet normal 0 0 -1
    outer loop
      vertex 3.486661822080942 -6.380467072567544 50.05
      vertex 3.6321868542323665 -4.067412923131794 50.05
      vertex 3.632186854232367 -5.932587076868204 50.05
    endloop
  endfacet
  facet normal 0 0 -1
    outer loop
      vertex 3.632186854232367 -5.932587076868204 50.05
      vertex 3.720430129929292 -4.530000374133859 50.05
      vertex 3.720430129929292 -5.46999962586614 50.05
    endloop
  endfacet
  facet normal 0.9510565162951538 -0.30901699437494695 0
    outer loop
      vertex 3.486661822080942 -6.380467072567544 52.05
      vertex 3.632186854232367 -5.932587076868204 50.05
      vertex 3.632186854232367 -5.932587076868204 52.05
    endloop
  endfacet
  facet normal 0.9822872507286887 -0.1873813145857247 0
    outer loop
      vertex 3.720430129929292 -5.46999962586614 50.05
      vertex 3.720430129929292 -5.46999962586614 52.05
      vertex 3.632186854232367 -5.932587076868204 52.05
    endloop
  endfacet
  facet normal 0.9980267284282716 -0.06279051952931299 0
    outer loop
      vertex 3.720430129929292 -5.46999962586614 50.05
      vertex 3.75 -5 50.05
      vertex 3.720430129929292 -5.46999962586614 52.05
    endloop
  endfacet
  facet normal 0.9980267284282716 -0.06279051952931299 0
    outer loop
      vertex 3.720430129929292 -5.46999962586614 52.05
      vertex 3.75 -5 50.05
      vertex 3.75 -5 52.05
    endloop
  endfacet
  facet normal 0 0 -1
    outer loop
      vertex 0.7026799296964672 -1.3164228097674173 50.05
      vertex 0.29981010333715935 -3.4283403988340977 50.05
      vertex 0.10046483124690074 -3.403157234514765 50.05
    endloop
  endfacet
  facet normal 0 0 -1
    outer loop
      vertex 0.7026799296964672 -1.3164228097674173 50.05
      vertex 0.49442719099991583 -3.4783095739277545 50.05
      vertex 0.29981010333715935 -3.4283403988340977 50.05
    endloop
  endfacet
  facet normal 0 0 -1
    outer loop
      vertex 1.1588137289060527 -1.4335380638931743 50.05
      vertex 0.8573228719663947 -3.6490753191967755 50.05
      vertex 0.6812468665041164 -3.5522767160543687 50.05
    endloop
  endfacet
  facet normal 0 0 -1
    outer loop
      vertex 0.7026799296964672 -1.3164228097674173 50.05
      vertex 0.6812468665041164 -3.5522767160543687 50.05
      vertex 0.49442719099991583 -3.4783095739277545 50.05
    endloop
  endfacet
  facet normal 0 0 -1
    outer loop
      vertex 1.1588137289060527 -1.4335380638931743 50.05
      vertex 1.0198783835979037 -3.767178811558737 50.05
      vertex 0.8573228719663947 -3.6490753191967755 50.05
    endloop
  endfacet
  facet normal 0 0 -1
    outer loop
      vertex 2.0093504811712375 -1.8337702793674433 50.05
      vertex 1.6 -5 50.05
      vertex 1.5873835221031647 -4.799466826297113 50.05
    endloop
  endfacet
  facet normal 0 0 -1
    outer loop
      vertex 2.0093504811712357 -8.166229720632558 50.05
      vertex 2.0093504811712375 -1.8337702793674433 50.05
      vertex 2.3903399615575864 -2.110575339590791 50.05
    endloop
  endfacet
  facet normal 0 0 -1
    outer loop
      vertex 1.5966723433690226 -1.6068985532524271 50.05
      vertex 1.294427190999916 -4.059543596332043 50.05
      vertex 1.1663498038742586 -3.9047246305140977 50.05
    endloop
  endfacet
  facet normal 0 0 -1
    outer loop
      vertex 1.5966723433690226 -1.6068985532524271 50.05
      vertex 1.4876423774212022 -4.411000715704516 50.05
      vertex 1.4020906880701818 -4.2291941214372555 50.05
    endloop
  endfacet
  facet normal 0 0 -1
    outer loop
      vertex 1.5966723433690226 -1.6068985532524271 50.05
      vertex 1.4020906880701818 -4.2291941214372555 50.05
      vertex 1.294427190999916 -4.059543596332043 50.05
    endloop
  endfacet
  facet normal 0 0 -1
    outer loop
      vertex 1.5966723433690226 -1.6068985532524271 50.05
      vertex 1.5873835221031647 -4.799466826297113 50.05
      vertex 1.5497330578058097 -4.602096180536233 50.05
    endloop
  endfacet
  facet normal 0 0 -1
    outer loop
      vertex 1.5966723433690226 -1.6068985532524271 50.05
      vertex 1.5497330578058097 -4.602096180536233 50.05
      vertex 1.4876423774212022 -4.411000715704516 50.05
    endloop
  endfacet
  facet normal 0 0 -1
    outer loop
      vertex 1.5966723433690226 -1.6068985532524271 50.05
      vertex 1.1663498038742586 -3.9047246305140977 50.05
      vertex 1.0198783835979037 -3.767178811558737 50.05
    endloop
  endfacet
  facet normal 0 0 -1
    outer loop
      vertex 1.5966723433690226 -1.6068985532524271 50.05
      vertex 2.0093504811712375 -1.8337702793674433 50.05
      vertex 1.5873835221031647 -4.799466826297113 50.05
    endloop
  endfacet
  facet normal 0 0 -1
    outer loop
      vertex -0.2354644482349248 -1.2573997683939817 50.05
      vertex 0.2354644482349248 -1.2573997683939817 50.05
      vertex 0.10046483124690074 -3.403157234514765 50.05
    endloop
  endfacet
  facet normal 0 0 -1
    outer loop
      vertex 0.7026799296964672 -1.3164228097674173 50.05
      vertex 0.10046483124690074 -3.403157234514765 50.05
      vertex 0.2354644482349248 -1.2573997683939817 50.05
    endloop
  endfacet
  facet normal 0 0 -1
    outer loop
      vertex 0.7026799296964672 -1.3164228097674173 50.05
      vertex 1.1588137289060527 -1.4335380638931743 50.05
      vertex 0.6812468665041164 -3.5522767160543687 50.05
    endloop
  endfacet
  facet normal 0.24868988716485538 0.968583161128631 1.0462816986110296e-16
    outer loop
      vertex 0.7026799296964672 -1.3164228097674173 50.05
      vertex 0.7026799296964681 -1.3164228097674178 52.05
      vertex 1.1588137289060527 -1.4335380638931743 50.05
    endloop
  endfacet
  facet normal 0.24868988716485482 0.9685831611286311 -2.7610123872185402e-17
    outer loop
      vertex 1.1588137289060527 -1.4335380638931743 50.05
      vertex 0.7026799296964681 -1.3164228097674178 52.05
      vertex 1.158813728906053 -1.4335380638931743 52.05
    endloop
  endfacet
  facet normal 0.12533323356430381 0.9921147013144779 1.0682500305340284e-16
    outer loop
      vertex 0.7026799296964672 -1.3164228097674173 50.05
      vertex 0.2354644482349248 -1.2573997683939817 50.05
      vertex 0.23546444823492657 -1.2573997683939822 52.05
    endloop
  endfacet
  facet normal 9.43006923505899e-16 1 2.2204460492503047e-16
    outer loop
      vertex -0.2354644482349248 -1.2573997683939817 52.05
      vertex 0.23546444823492657 -1.2573997683939822 52.05
      vertex 0.2354644482349248 -1.2573997683939817 50.05
    endloop
  endfacet
  facet normal 0.12533323356430404 0.9921147013144779 1.6463458023216355e-16
    outer loop
      vertex 0.7026799296964672 -1.3164228097674173 50.05
      vertex 0.23546444823492657 -1.2573997683939822 52.05
      vertex 0.7026799296964681 -1.3164228097674178 52.05
    endloop
  endfacet
  facet normal 0 0 -1
    outer loop
      vertex 1.1588137289060527 -1.4335380638931743 50.05
      vertex 1.5966723433690226 -1.6068985532524271 50.05
      vertex 1.0198783835979037 -3.767178811558737 50.05
    endloop
  endfacet
  facet normal 0.3681245526846781 0.9297764858882513 -4.087003543203661e-17
    outer loop
      vertex 1.1588137289060527 -1.4335380638931743 50.05
      vertex 1.158813728906053 -1.4335380638931743 52.05
      vertex 1.5966723433690226 -1.6068985532524271 50.05
    endloop
  endfacet
  facet normal 0.48175367410171444 0.876306680043864 0
    outer loop
      vertex 1.5966723433690226 -1.6068985532524271 50.05
      vertex 1.5966723433690226 -1.6068985532524271 52.05
      vertex 2.0093504811712375 -1.8337702793674433 50.05
    endloop
  endfacet
  facet normal 0.5877852522924741 0.8090169943749466 0
    outer loop
      vertex 2.3903399615575864 -2.110575339590791 50.05
      vertex 2.0093504811712375 -1.8337702793674433 50.05
      vertex 2.0093504811712375 -1.8337702793674433 52.05
    endloop
  endfacet
  facet normal 0.36812455268467825 0.9297764858882513 0
    outer loop
      vertex 1.158813728906053 -1.4335380638931743 52.05
      vertex 1.5966723433690226 -1.6068985532524271 52.05
      vertex 1.5966723433690226 -1.6068985532524271 50.05
    endloop
  endfacet
  facet normal 0.5877852522924746 0.8090169943749463 9.824662953515776e-17
    outer loop
      vertex 2.3903399615575864 -2.110575339590791 50.05
      vertex 2.0093504811712375 -1.8337702793674433 52.05
      vertex 2.3903399615575873 -2.110575339590792 52.05
    endloop
  endfacet
  facet normal 0.48175367410171444 0.876306680043864 0
    outer loop
      vertex 2.0093504811712375 -1.8337702793674433 50.05
      vertex 1.5966723433690226 -1.6068985532524271 52.05
      vertex 2.0093504811712375 -1.8337702793674433 52.05
    endloop
  endfacet
  facet normal 0 0 -1
    outer loop
      vertex 2.3903399615575873 -7.889424660409209 50.05
      vertex 2.3903399615575864 -2.110575339590791 50.05
      vertex 2.7336323528302935 -2.432948352767417 50.05
    endloop
  endfacet
  facet normal 0 0 -1
    outer loop
      vertex 2.733632352830294 -7.5670516472325815 50.05
      vertex 2.7336323528302935 -2.432948352767417 50.05
      vertex 3.033813728906053 -2.795805303903226 50.05
    endloop
  endfacet
  facet normal 0 0 -1
    outer loop
      vertex 3.033813728906053 -7.204194696096774 50.05
      vertex 3.033813728906053 -2.795805303903226 50.05
      vertex 3.2861500501644882 -3.1934237221185677 50.05
    endloop
  endfacet
  facet normal 0 0 -1
    outer loop
      vertex 3.286150050164488 -6.806576277881433 50.05
      vertex 3.2861500501644882 -3.1934237221185677 50.05
      vertex 3.4866618220809427 -3.6195329274324575 50.05
    endloop
  endfacet
  facet normal 0 0 -1
    outer loop
      vertex 3.632186854232367 -5.932587076868204 50.05
      vertex 3.6321868542323665 -4.067412923131794 50.05
      vertex 3.720430129929292 -4.530000374133859 50.05
    endloop
  endfacet
  facet normal 0 0 -1
    outer loop
      vertex 3.486661822080942 -6.380467072567544 50.05
      vertex 3.4866618220809427 -3.6195329274324575 50.05
      vertex 3.6321868542323665 -4.067412923131794 50.05
    endloop
  endfacet
  facet normal 0.9822872507286885 0.18738131458572524 8.321401993504073e-17
    outer loop
      vertex 3.720430129929292 -4.530000374133859 50.05
      vertex 3.6321868542323665 -4.067412923131794 50.05
      vertex 3.720430129929292 -4.53000037413386 52.05
    endloop
  endfacet
  facet normal 0.9510565162951535 0.30901699437494745 6.328525730228934e-17
    outer loop
      vertex 3.6321868542323665 -4.067412923131794 50.05
      vertex 3.4866618220809427 -3.6195329274324575 50.05
      vertex 3.632186854232367 -4.067412923131796 52.05
    endloop
  endfacet
  facet normal 0.9822872507286887 0.1873813145857247 -5.1683544640865864e-17
    outer loop
      vertex 3.6321868542323665 -4.067412923131794 50.05
      vertex 3.632186854232367 -4.067412923131796 52.05
      vertex 3.720430129929292 -4.53000037413386 52.05
    endloop
  endfacet
  facet normal 0.9510565162951536 0.3090169943749472 0
    outer loop
      vertex 3.632186854232367 -4.067412923131796 52.05
      vertex 3.4866618220809427 -3.6195329274324575 50.05
      vertex 3.4866618220809427 -3.6195329274324575 52.05
    endloop
  endfacet
  facet normal 0.7705132427757894 0.6374239897486894 0
    outer loop
      vertex 3.033813728906053 -2.795805303903226 50.05
      vertex 2.7336323528302935 -2.432948352767417 50.05
      vertex 3.033813728906053 -2.795805303903226 52.05
    endloop
  endfacet
  facet normal 0.9048270524660194 0.425779291565073 0
    outer loop
      vertex 3.2861500501644882 -3.1934237221185677 50.05
      vertex 3.4866618220809427 -3.6195329274324575 52.05
      vertex 3.4866618220809427 -3.6195329274324575 50.05
    endloop
  endfacet
  facet normal 0.8443279255020155 0.5358267949789958 0
    outer loop
      vertex 3.033813728906053 -2.795805303903226 50.05
      vertex 3.2861500501644882 -3.1934237221185677 52.05
      vertex 3.2861500501644882 -3.1934237221185677 50.05
    endloop
  endfacet
  facet normal 0.7705132427757891 0.6374239897486897 1.031413822584581e-16
    outer loop
      vertex 3.033813728906053 -2.795805303903226 52.05
      vertex 2.7336323528302935 -2.432948352767417 50.05
      vertex 2.733632352830294 -2.432948352767418 52.05
    endloop
  endfacet
  facet normal 0.9048270524660194 0.425779291565073 0
    outer loop
      vertex 3.2861500501644882 -3.1934237221185677 50.05
      vertex 3.2861500501644882 -3.1934237221185677 52.05
      vertex 3.4866618220809427 -3.6195329274324575 52.05
    endloop
  endfacet
  facet normal 0.8443279255020155 0.5358267949789958 0
    outer loop
      vertex 3.033813728906053 -2.795805303903226 50.05
      vertex 3.033813728906053 -2.795805303903226 52.05
      vertex 3.2861500501644882 -3.1934237221185677 52.05
    endloop
  endfacet
  facet normal 0 0 -1
    outer loop
      vertex 3.720430129929292 -5.46999962586614 50.05
      vertex 3.720430129929292 -4.530000374133859 50.05
      vertex 3.75 -5 50.05
    endloop
  endfacet
  facet normal 0.9980267284282717 0.06279051952931287 0
    outer loop
      vertex 3.720430129929292 -4.530000374133859 50.05
      vertex 3.75 -5 52.05
      vertex 3.75 -5 50.05
    endloop
  endfacet
  facet normal 0.9980267284282716 0.06279051952931299 2.788459220384753e-17
    outer loop
      vertex 3.720430129929292 -4.530000374133859 50.05
      vertex 3.720430129929292 -4.53000037413386 52.05
      vertex 3.75 -5 52.05
    endloop
  endfacet
  facet normal 0.6845471059286875 0.7289686274214127 1.9727118380041908e-17
    outer loop
      vertex 2.3903399615575864 -2.110575339590791 50.05
      vertex 2.3903399615575873 -2.110575339590792 52.05
      vertex 2.7336323528302935 -2.432948352767417 50.05
    endloop
  endfacet
  facet normal 0.684547105928688 0.7289686274214122 1.6207931497757704e-16
    outer loop
      vertex 2.3903399615575873 -2.110575339590792 52.05
      vertex 2.733632352830294 -2.432948352767418 52.05
      vertex 2.7336323528302935 -2.432948352767417 50.05
    endloop
  endfacet
  facet normal 0 0 -1
    outer loop
      vertex -4.381533400219317 -7.408768370508577 52.05
      vertex -3.9831956098445254 -7.893525331922931 52.05
      vertex -4.0656131735386 -7.906578991621529 52.05
    endloop
  endfacet
  facet normal 0 0 -1
    outer loop
      vertex -4.381533400219317 -7.408768370508577 52.05
      vertex -3.033813728906053 -7.204194696096774 52.05
      vertex -3.9831956098445254 -7.893525331922931 52.05
    endloop
  endfacet
  facet normal 0 0 -1
    outer loop
      vertex -2.6791339748949836 -9.221639627510076 52.05
      vertex -2.905269099817672 -9.057342842177938 52.05
      vertex -2.8935253319229313 -8.983195609844525 52.05
    endloop
  endfacet
  facet normal 0 0 -1
    outer loop
      vertex -2.6791339748949836 -9.221639627510076 52.05
      vertex -2.8935253319229313 -8.983195609844525 52.05
      vertex -2.009350481171238 -8.166229720632556 52.05
    endloop
  endfacet
  facet normal 0 0 -1
    outer loop
      vertex -3.033813728906053 -7.204194696096774 52.05
      vertex -3.857676537447883 -7.88958073616028 52.05
      vertex -3.9831956098445254 -7.893525331922931 52.05
    endloop
  endfacet
  facet normal 0 0 -1
    outer loop
      vertex -3.033813728906053 -7.204194696096774 52.05
      vertex -3.732652831485781 -7.901398955930874 52.05
      vertex -3.857676537447883 -7.88958073616028 52.05
    endloop
  endfacet
  facet normal 0 0 -1
    outer loop
      vertex -3.033813728906053 -7.204194696096774 52.05
      vertex -3.6100961904867823 -7.928793610849069 52.05
      vertex -3.732652831485781 -7.901398955930874 52.05
    endloop
  endfacet
  facet normal 0 0 -1
    outer loop
      vertex -2.733632352830294 -7.5670516472325815 52.05
      vertex -3.2761802428730356 -8.098932284150322 52.05
      vertex -3.3800458807756404 -8.028345269522069 52.05
    endloop
  endfacet
  facet normal 0 0 -1
    outer loop
      vertex -3.033813728906053 -7.204194696096774 52.05
      vertex -3.4919394058912316 -7.971332670842031 52.05
      vertex -3.6100961904867823 -7.928793610849069 52.05
    endloop
  endfacet
  facet normal 0 0 -1
    outer loop
      vertex -3.033813728906053 -7.204194696096774 52.05
      vertex -3.3800458807756404 -8.028345269522069 52.05
      vertex -3.4919394058912316 -7.971332670842031 52.05
    endloop
  endfacet
  facet normal 0 0 -1
    outer loop
      vertex -2.390339961557586 -7.88942466040921 52.05
      vertex -2.9713326708420307 -8.491939405891232 52.05
      vertex -3.0283452695220685 -8.38004588077564 52.05
    endloop
  endfacet
  facet normal 0 0 -1
    outer loop
      vertex -2.009350481171238 -8.166229720632556 52.05
      vertex -2.9287936108490684 -8.610096190486782 52.05
      vertex -2.9713326708420307 -8.491939405891232 52.05
    endloop
  endfacet
  facet normal 0 0 -1
    outer loop
      vertex -2.009350481171238 -8.166229720632556 52.05
      vertex -2.8935253319229313 -8.983195609844525 52.05
      vertex -2.88958073616028 -8.857676537447883 52.05
    endloop
  endfacet
  facet normal 0 0 -1
    outer loop
      vertex -2.009350481171238 -8.166229720632556 52.05
      vertex -2.88958073616028 -8.857676537447883 52.05
      vertex -2.901398955930874 -8.732652831485781 52.05
    endloop
  endfacet
  facet normal 0 0 -1
    outer loop
      vertex -2.009350481171238 -8.166229720632556 52.05
      vertex -2.901398955930874 -8.732652831485781 52.05
      vertex -2.9287936108490684 -8.610096190486782 52.05
    endloop
  endfacet
  facet normal 0 0 -1
    outer loop
      vertex -2.733632352830294 -7.5670516472325815 52.05
      vertex -3.0989322841503215 -8.276180242873036 52.05
      vertex -3.1819805153394642 -8.181980515339465 52.05
    endloop
  endfacet
  facet normal 0 0 -1
    outer loop
      vertex -2.733632352830294 -7.5670516472325815 52.05
      vertex -3.1819805153394642 -8.181980515339465 52.05
      vertex -3.2761802428730356 -8.098932284150322 52.05
    endloop
  endfacet
  facet normal 0 0 -1
    outer loop
      vertex -2.733632352830294 -7.5670516472325815 52.05
      vertex -3.0283452695220685 -8.38004588077564 52.05
      vertex -3.0989322841503215 -8.276180242873036 52.05
    endloop
  endfacet
  facet normal 0 0 -1
    outer loop
      vertex -2.733632352830294 -7.5670516472325815 52.05
      vertex -3.3800458807756404 -8.028345269522069 52.05
      vertex -3.033813728906053 -7.204194696096774 52.05
    endloop
  endfacet
  facet normal 0 0 -1
    outer loop
      vertex -2.733632352830294 -7.5670516472325815 52.05
      vertex -2.390339961557586 -7.88942466040921 52.05
      vertex -3.0283452695220685 -8.38004588077564 52.05
    endloop
  endfacet
  facet normal -0.8443279255020157 -0.5358267949789955 0
    outer loop
      vertex -4.381533400219317 -7.408768370508577 52.05
      vertex -4.0656131735386 -7.906578991621529 52.05
      vertex -4.0656131735386 -7.906578991621529 59.05
    endloop
  endfacet
  facet normal -0.4817536741017148 -0.8763066800438639 0
    outer loop
      vertex -2.6791339748949836 -9.221639627510076 52.05
      vertex -2.128896457825362 -9.524135262330098 52.05
      vertex -2.6791339748949836 -9.221639627510076 59.05
    endloop
  endfacet
  facet normal -0.5877852522924714 -0.8090169943749489 0
    outer loop
      vertex -2.6791339748949836 -9.221639627510076 52.05
      vertex -2.6791339748949836 -9.221639627510076 59.05
      vertex -2.905269099817672 -9.057342842177938 52.05
    endloop
  endfacet
  facet normal 0 0 -1
    outer loop
      vertex -4.648882429441257 -6.840622763423389 52.05
      vertex -4.842915805643155 -6.2434494358242745 52.05
      vertex -3.486661822080943 -6.3804670725675425 52.05
    endloop
  endfacet
  facet normal 0 0 -1
    outer loop
      vertex -4.381533400219317 -7.408768370508577 52.05
      vertex -4.648882429441257 -6.840622763423389 52.05
      vertex -3.486661822080943 -6.3804670725675425 52.05
    endloop
  endfacet
  facet normal 0 0 -1
    outer loop
      vertex -4.381533400219317 -7.408768370508577 52.05
      vertex -3.486661822080943 -6.3804670725675425 52.05
      vertex -3.286150050164488 -6.806576277881433 52.05
    endloop
  endfacet
  facet normal 0 0 -1
    outer loop
      vertex -4.842915805643155 -6.2434494358242745 52.05
      vertex -4.924544642165117 -5.81553608926348 52.05
      vertex -4.86257601025131 -5.770513242775789 52.05
    endloop
  endfacet
  facet normal 0 0 -1
    outer loop
      vertex -4.842915805643155 -6.2434494358242745 52.05
      vertex -4.86257601025131 -5.770513242775789 52.05
      vertex -3.720430129929292 -5.46999962586614 52.05
    endloop
  endfacet
  facet normal 0 0 -1
    outer loop
      vertex -3.720430129929292 -5.46999962586614 52.05
      vertex -4.86257601025131 -5.770513242775789 52.05
      vertex -4.816803691414949 -5.727530174352239 52.05
    endloop
  endfacet
  facet normal 0 0 -1
    outer loop
      vertex -3.720430129929292 -5.46999962586614 52.05
      vertex -4.816803691414949 -5.727530174352239 52.05
      vertex -4.771031372578588 -5.684547105928688 52.05
    endloop
  endfacet
  facet normal 0 0 -1
    outer loop
      vertex -3.720430129929292 -5.46999962586614 52.05
      vertex -4.771031372578588 -5.684547105928688 52.05
      vertex -4.6909830056250525 -5.587785252292473 52.05
    endloop
  endfacet
  facet normal 0 0 -1
    outer loop
      vertex -3.720430129929292 -5.46999962586614 52.05
      vertex -4.6909830056250525 -5.587785252292473 52.05
      vertex -4.6236933199561365 -5.481753674101715 52.05
    endloop
  endfacet
  facet normal 0 0 -1
    outer loop
      vertex -4.842915805643155 -6.2434494358242745 52.05
      vertex -3.720430129929292 -5.46999962586614 52.05
      vertex -3.6321868542323665 -5.932587076868206 52.05
    endloop
  endfacet
  facet normal 0 0 -1
    outer loop
      vertex -4.842915805643155 -6.2434494358242745 52.05
      vertex -3.6321868542323665 -5.932587076868206 52.05
      vertex -3.486661822080943 -6.3804670725675425 52.05
    endloop
  endfacet
  facet normal 0 0 -1
    outer loop
      vertex -3.720430129929292 -5.46999962586614 52.05
      vertex -4.6236933199561365 -5.481753674101715 52.05
      vertex -4.570223514111749 -5.368124552684678 52.05
    endloop
  endfacet
  facet normal 0 0 -1
    outer loop
      vertex -3.720430129929292 -5.46999962586614 52.05
      vertex -4.570223514111749 -5.368124552684678 52.05
      vertex -4.531416838871369 -5.248689887164854 52.05
    endloop
  endfacet
  facet normal 0 0 -1
    outer loop
      vertex -3.720430129929292 -5.46999962586614 52.05
      vertex -4.531416838871369 -5.248689887164854 52.05
      vertex -4.5078852986855225 -5.125333233564304 52.05
    endloop
  endfacet
  facet normal 0 0 -1
    outer loop
      vertex -3.75 -5 52.05
      vertex -4.5078852986855225 -5.125333233564304 52.05
      vertex -4.5 -5 52.05
    endloop
  endfacet
  facet normal 0 0 -1
    outer loop
      vertex -3.720430129929292 -5.46999962586614 52.05
      vertex -4.5078852986855225 -5.125333233564304 52.05
      vertex -3.75 -5 52.05
    endloop
  endfacet
  facet normal 0 0 -1
    outer loop
      vertex -4.381533400219317 -7.408768370508577 52.05
      vertex -3.286150050164488 -6.806576277881433 52.05
      vertex -3.033813728906053 -7.204194696096774 52.05
    endloop
  endfacet
  facet normal -0.9048270524660194 -0.4257792915650728 0
    outer loop
      vertex -4.381533400219317 -7.408768370508577 52.05
      vertex -4.648882429441257 -6.840622763423389 59.05
      vertex -4.648882429441257 -6.840622763423389 52.05
    endloop
  endfacet
  facet normal -0.9510565162951535 -0.3090169943749474 0
    outer loop
      vertex -4.648882429441257 -6.840622763423389 52.05
      vertex -4.842915805643155 -6.2434494358242745 59.05
      vertex -4.842915805643155 -6.2434494358242745 52.05
    endloop
  endfacet
  facet normal -0.9822872507286885 -0.18738131458572574 0
    outer loop
      vertex -4.842915805643155 -6.2434494358242745 52.05
      vertex -4.842915805643155 -6.2434494358242745 59.05
      vertex -4.924544642165117 -5.81553608926348 52.05
    endloop
  endfacet
  facet normal 0 0 -1
    outer loop
      vertex -2.6791339748949836 -9.221639627510076 52.05
      vertex -2.009350481171238 -8.166229720632556 52.05
      vertex -2.128896457825362 -9.524135262330098 52.05
    endloop
  endfacet
  facet normal 0 0 -1
    outer loop
      vertex -2.128896457825362 -9.524135262330098 52.05
      vertex -1.5966723433690215 -8.393101446747574 52.05
      vertex -1.545084971874737 -9.755282581475768 52.05
    endloop
  endfacet
  facet normal 0 0 -1
    outer loop
      vertex -1.545084971874737 -9.755282581475768 52.05
      vertex -1.5966723433690215 -8.393101446747574 52.05
      vertex -1.158813728906053 -8.566461936106826 52.05
    endloop
  endfacet
  facet normal 0 0 -1
    outer loop
      vertex -2.009350481171238 -8.166229720632556 52.05
      vertex -2.9713326708420307 -8.491939405891232 52.05
      vertex -2.390339961557586 -7.88942466040921 52.05
    endloop
  endfacet
  facet normal 0 0 -1
    outer loop
      vertex -2.128896457825362 -9.524135262330098 52.05
      vertex -2.009350481171238 -8.166229720632556 52.05
      vertex -1.5966723433690215 -8.393101446747574 52.05
    endloop
  endfacet
  facet normal 0 0 -1
    outer loop
      vertex -1.545084971874737 -9.755282581475768 52.05
      vertex -0.7026799296964681 -8.683577190232583 52.05
      vertex -0.9369065729286241 -9.911436253643444 52.05
    endloop
  endfacet
  facet normal 0 0 -1
    outer loop
      vertex -0.9369065729286241 -9.911436253643444 52.05
      vertex -0.7705132427757891 -9.86257601025131 52.05
      vertex -0.8170162599676267 -9.926581922361516 52.05
    endloop
  endfacet
  facet normal 0 0 -1
    outer loop
      vertex -0.9369065729286241 -9.911436253643444 52.05
      vertex -0.2354644482349266 -8.74260023160602 52.05
      vertex -0.7705132427757891 -9.86257601025131 52.05
    endloop
  endfacet
  facet normal 0 0 -1
    outer loop
      vertex -1.545084971874737 -9.755282581475768 52.05
      vertex -1.158813728906053 -8.566461936106826 52.05
      vertex -0.7026799296964681 -8.683577190232583 52.05
    endloop
  endfacet
  facet normal 0 0 -1
    outer loop
      vertex -0.9369065729286241 -9.911436253643444 52.05
      vertex -0.7026799296964681 -8.683577190232583 52.05
      vertex -0.2354644482349266 -8.74260023160602 52.05
    endloop
  endfacet
  facet normal 0 0 -1
    outer loop
      vertex -0.2354644482349266 -8.74260023160602 52.05
      vertex -0.6845471059286887 -9.771031372578587 52.05
      vertex -0.7705132427757891 -9.86257601025131 52.05
    endloop
  endfacet
  facet normal 0 0 -1
    outer loop
      vertex -0.2354644482349266 -8.74260023160602 52.05
      vertex -0.5877852522924731 -9.690983005625053 52.05
      vertex -0.6845471059286887 -9.771031372578587 52.05
    endloop
  endfacet
  facet normal 0 0 -1
    outer loop
      vertex -0.2354644482349266 -8.74260023160602 52.05
      vertex -0.4817536741017153 -9.623693319956136 52.05
      vertex -0.5877852522924731 -9.690983005625053 52.05
    endloop
  endfacet
  facet normal 0 0 -1
    outer loop
      vertex -0.2354644482349266 -8.74260023160602 52.05
      vertex -0.368124552684678 -9.570223514111749 52.05
      vertex -0.4817536741017153 -9.623693319956136 52.05
    endloop
  endfacet
  facet normal 0 0 -1
    outer loop
      vertex -0.2354644482349266 -8.74260023160602 52.05
      vertex -0.2486898871648548 -9.531416838871369 52.05
      vertex -0.368124552684678 -9.570223514111749 52.05
    endloop
  endfacet
  facet normal 0 0 -1
    outer loop
      vertex -0.2354644482349266 -8.74260023160602 52.05
      vertex -0.12533323356430426 -9.507885298685522 52.05
      vertex -0.2486898871648548 -9.531416838871369 52.05
    endloop
  endfacet
  facet normal 0 0 -1
    outer loop
      vertex -0.2354644482349266 -8.74260023160602 52.05
      vertex 0.2354644482349266 -8.74260023160602 52.05
      vertex -0.12533323356430426 -9.507885298685522 52.05
    endloop
  endfacet
  facet normal -0.36812455268467803 -0.9297764858882515 0
    outer loop
      vertex -2.128896457825362 -9.524135262330098 52.05
      vertex -1.545084971874737 -9.755282581475768 52.05
      vertex -2.128896457825362 -9.524135262330098 59.05
    endloop
  endfacet
  facet normal -0.24868988716485582 -0.9685831611286309 0
    outer loop
      vertex -1.545084971874737 -9.755282581475768 52.05
      vertex -0.9369065729286241 -9.911436253643444 52.05
      vertex -1.545084971874737 -9.755282581475768 59.05
    endloop
  endfacet
  facet normal -0.125333233564299 -0.9921147013144784 0
    outer loop
      vertex -0.9369065729286241 -9.911436253643444 52.05
      vertex -0.8170162599676267 -9.926581922361516 52.05
      vertex -0.8170162599676267 -9.926581922361516 59.05
    endloop
  endfacet
  facet normal -0.8443279255020157 -0.5358267949789955 0
    outer loop
      vertex -4.381533400219317 -7.408768370508577 52.05
      vertex -4.0656131735386 -7.906578991621529 59.05
      vertex -4.381533400219317 -7.408768370508577 59.05
    endloop
  endfacet
  facet normal -0.5877852522924714 -0.8090169943749489 0
    outer loop
      vertex -2.6791339748949836 -9.221639627510076 59.05
      vertex -2.905269099817672 -9.057342842177938 59.05
      vertex -2.905269099817672 -9.057342842177938 52.05
    endloop
  endfacet
  facet normal -0.5976193431343838 -0.3792607677387368 0.7064080908128472
    outer loop
      vertex -4.381533400219317 -7.408768370508577 59.05
      vertex -4.0656131735386 -7.906578991621529 59.05
      vertex -3.9831956098445254 -7.893525331922931 59.12673336698948
    endloop
  endfacet
  facet normal -0.5976193431343794 -0.3792607677387321 0.7064080908128534
    outer loop
      vertex -4.381533400219317 -7.408768370508577 59.05
      vertex -3.9831956098445254 -7.893525331922931 59.12673336698948
      vertex -3.9433800601973856 -7.16789153345772 59.55
    endloop
  endfacet
  facet normal -0.5453729577287607 -0.4511717480210026 0.7064080908128506
    outer loop
      vertex -3.6405764746872635 -7.645033635316129 59.55
      vertex -3.982568842759353 -7.893505634973765 59.12727418527676
      vertex -3.857676537447883 -7.88958073616028 59.22620239732959
    endloop
  endfacet
  facet normal -0.5453729577287226 -0.45117174802104165 0.7064080908128548
    outer loop
      vertex -3.6405764746872635 -7.645033635316129 59.55
      vertex -3.857676537447883 -7.88958073616028 59.22620239732959
      vertex -3.732652831485781 -7.901398955930874 59.315177173031884
    endloop
  endfacet
  facet normal -0.5976193431295566 -0.37926076774074813 0.7064080908158509
    outer loop
      vertex -3.9433800601973856 -7.16789153345772 59.55
      vertex -3.9831956098445254 -7.893525331922931 59.12673336698948
      vertex -3.982568842759353 -7.893505634973765 59.12727418527676
    endloop
  endfacet
  facet normal -0.5976193431343811 -0.37926076773873607 0.7064080908128496
    outer loop
      vertex -3.6405764746872635 -7.645033635316129 59.55
      vertex -3.9433800601973856 -7.16789153345772 59.55
      vertex -3.982568842759353 -7.893505634973765 59.12727418527676
    endloop
  endfacet
  facet normal -0.416037212283658 -0.5726260972304572 0.7064080908128513
    outer loop
      vertex -2.6791339748949836 -9.221639627510076 59.05
      vertex -2.8935253319229313 -8.983195609844525 59.11702143611305
      vertex -2.905269099817672 -9.057342842177938 59.05
    endloop
  endfacet
  facet normal -0.4160372122836404 -0.5726260972304468 0.7064080908128701
    outer loop
      vertex -2.6791339748949836 -9.221639627510076 59.05
      vertex -2.88958073616028 -8.857676537447883 59.22109243435793
      vertex -2.8935253319229313 -8.983195609844525 59.11702143611305
    endloop
  endfacet
  facet normal -0.41603721228370383 -0.5726260972304607 0.7064080908128215
    outer loop
      vertex -2.6791339748949836 -9.221639627510076 59.05
      vertex -2.901398955930874 -8.732652831485781 59.31547841105609
      vertex -2.88958073616028 -8.857676537447883 59.22109243435793
    endloop
  endfacet
  facet normal -0.4160372122836462 -0.5726260972304551 0.7064080908128597
    outer loop
      vertex -2.6791339748949836 -9.221639627510076 59.05
      vertex -2.868407953869103 -8.467309592491052 59.55
      vertex -2.901398955930874 -8.732652831485781 59.31547841105609
    endloop
  endfacet
  facet normal -0.41603721228365875 -0.572626097230454 0.7064080908128533
    outer loop
      vertex -2.6791339748949836 -9.221639627510076 59.05
      vertex -2.4112205774054853 -8.799475664759068 59.55
      vertex -2.868407953869103 -8.467309592491052 59.55
    endloop
  endfacet
  facet normal -0.4845257149897972 -0.5159674803201492 0.7064080908127414
    outer loop
      vertex -3.2803588233963525 -8.080461976679098 59.55
      vertex -3.290015285939035 -8.089529998591763 59.536753253597695
      vertex -3.2761802428730356 -8.098932284150322 59.5393751948929
    endloop
  endfacet
  facet normal -0.4845257149897937 -0.5159674803201496 0.7064080908127437
    outer loop
      vertex -3.2803588233963525 -8.080461976679098 59.55
      vertex -3.2761802428730356 -8.098932284150322 59.5393751948929
      vertex -3.1819805153394642 -8.181980515339465 59.54332758980407
    endloop
  endfacet
  facet normal -0.4845257149896998 -0.5159674803200668 0.7064080908128683
    outer loop
      vertex -3.2803588233963525 -8.080461976679098 59.55
      vertex -3.1819805153394642 -8.181980515339465 59.54332758980407
      vertex -2.868407953869103 -8.467309592491052 59.55
    endloop
  endfacet
  facet normal -0.5453729577287536 -0.45117174802102095 0.7064080908128442
    outer loop
      vertex -3.6405764746872635 -7.645033635316129 59.55
      vertex -3.732652831485781 -7.901398955930874 59.315177173031884
      vertex -3.6100961904867823 -7.928793610849069 59.39229885970787
    endloop
  endfacet
  facet normal -0.5453729577287504 -0.4511717480210216 0.7064080908128462
    outer loop
      vertex -3.6405764746872635 -7.645033635316129 59.55
      vertex -3.6100961904867823 -7.928793610849069 59.39229885970787
      vertex -3.4919394058912316 -7.971332670842031 59.456351202288396
    endloop
  endfacet
  facet normal -0.5453729577288292 -0.4511717480210936 0.7064080908127394
    outer loop
      vertex -3.6405764746872635 -7.645033635316129 59.55
      vertex -3.290015285939035 -8.089529998591763 59.536753253597695
      vertex -3.2803588233963525 -8.080461976679098 59.55
    endloop
  endfacet
  facet normal -0.5453729577287484 -0.4511717480210213 0.7064080908128479
    outer loop
      vertex -3.6405764746872635 -7.645033635316129 59.55
      vertex -3.4919394058912316 -7.971332670842031 59.456351202288396
      vertex -3.3800458807756404 -8.028345269522069 59.50632405706795
    endloop
  endfacet
  facet normal -0.5453729577286905 -0.45117174802098947 0.7064080908129129
    outer loop
      vertex -3.6405764746872635 -7.645033635316129 59.55
      vertex -3.3800458807756404 -8.028345269522069 59.50632405706795
      vertex -3.290015285939035 -8.089529998591763 59.536753253597695
    endloop
  endfacet
  facet normal -0.4845257149897295 -0.5159674803200507 0.7064080908128598
    outer loop
      vertex -2.868407953869103 -8.467309592491052 59.55
      vertex -2.9713326708420307 -8.491939405891232 59.46141401739855
      vertex -2.9463013601201844 -8.561466546114707 59.42779969454587
    endloop
  endfacet
  facet normal -0.48452571498970975 -0.5159674803200869 0.7064080908128467
    outer loop
      vertex -2.868407953869103 -8.467309592491052 59.55
      vertex -3.0283452695220685 -8.38004588077564 59.50403718447541
      vertex -2.9713326708420307 -8.491939405891232 59.46141401739855
    endloop
  endfacet
  facet normal -0.41603721228365514 -0.5726260972304519 0.7064080908128574
    outer loop
      vertex -2.868407953869103 -8.467309592491052 59.55
      vertex -2.9287936108490684 -8.610096190486782 59.39869084297155
      vertex -2.901398955930874 -8.732652831485781 59.31547841105609
    endloop
  endfacet
  facet normal -0.41603721228363516 -0.5726260972304631 0.7064080908128599
    outer loop
      vertex -2.868407953869103 -8.467309592491052 59.55
      vertex -2.9463013601201844 -8.561466546114707 59.42779969454587
      vertex -2.9287936108490684 -8.610096190486782 59.39869084297155
    endloop
  endfacet
  facet normal -0.4845257149897404 -0.5159674803201129 0.7064080908128069
    outer loop
      vertex -2.868407953869103 -8.467309592491052 59.55
      vertex -3.1819805153394642 -8.181980515339465 59.54332758980407
      vertex -3.0989322841503215 -8.276180242873036 59.5314860033676
    endloop
  endfacet
  facet normal -0.48452571498970237 -0.5159674803200607 0.706408090812871
    outer loop
      vertex -2.868407953869103 -8.467309592491052 59.55
      vertex -3.0989322841503215 -8.276180242873036 59.5314860033676
      vertex -3.0283452695220685 -8.38004588077564 59.50403718447541
    endloop
  endfacet
  facet normal -0.9048270524660194 -0.4257792915650728 0
    outer loop
      vertex -4.381533400219317 -7.408768370508577 52.05
      vertex -4.381533400219317 -7.408768370508577 59.05
      vertex -4.648882429441257 -6.840622763423389 59.05
    endloop
  endfacet
  facet normal -0.9510565162951535 -0.3090169943749474 0
    outer loop
      vertex -4.648882429441257 -6.840622763423389 52.05
      vertex -4.648882429441257 -6.840622763423389 59.05
      vertex -4.842915805643155 -6.2434494358242745 59.05
    endloop
  endfacet
  facet normal -0.9822872507286885 -0.18738131458572574 0
    outer loop
      vertex -4.842915805643155 -6.2434494358242745 59.05
      vertex -4.924544642165117 -5.81553608926348 59.05
      vertex -4.924544642165117 -5.81553608926348 52.05
    endloop
  endfacet
  facet normal -0.6404409144982938 -0.3013686185898068 0.7064080908128535
    outer loop
      vertex -4.381533400219317 -7.408768370508577 59.05
      vertex -4.183994186497132 -6.65656048708105 59.55
      vertex -4.648882429441257 -6.840622763423389 59.05
    endloop
  endfacet
  facet normal -0.6731623500597138 -0.21872370629683158 0.7064080908128535
    outer loop
      vertex -4.648882429441257 -6.840622763423389 59.05
      vertex -4.35862422507884 -6.119104492241847 59.55
      vertex -4.842915805643155 -6.2434494358242745 59.05
    endloop
  endfacet
  facet normal -0.6731623500597139 -0.21872370629683152 0.7064080908128535
    outer loop
      vertex -4.648882429441257 -6.840622763423389 59.05
      vertex -4.183994186497132 -6.65656048708105 59.55
      vertex -4.35862422507884 -6.119104492241847 59.55
    endloop
  endfacet
  facet normal -0.640440914498294 -0.30136861858980674 0.7064080908128534
    outer loop
      vertex -4.381533400219317 -7.408768370508577 59.05
      vertex -3.9433800601973856 -7.16789153345772 59.55
      vertex -4.183994186497132 -6.65656048708105 59.55
    endloop
  endfacet
  facet normal 0 0 1
    outer loop
      vertex -3.9433800601973856 -7.16789153345772 59.55
      vertex -3.4 -5 59.55
      vertex -4.183994186497132 -6.65656048708105 59.55
    endloop
  endfacet
  facet normal -0.6952676132329835 -0.13262939049634498 0.7064080908128662
    outer loop
      vertex -4.842915805643155 -6.2434494358242745 59.05
      vertex -4.86257601025131 -5.770513242775789 59.11944447003381
      vertex -4.924544642165117 -5.81553608926348 59.05
    endloop
  endfacet
  facet normal -0.6952676132330115 -0.13262939049634218 0.7064080908128392
    outer loop
      vertex -4.842915805643155 -6.2434494358242745 59.05
      vertex -4.7840279527102085 -5.696751707034146 59.21060263888219
      vertex -4.86257601025131 -5.770513242775789 59.11944447003381
    endloop
  endfacet
  facet normal -0.6952676132330846 -0.1326293904963145 0.7064080908127723
    outer loop
      vertex -4.842915805643155 -6.2434494358242745 59.05
      vertex -4.771031372578588 -5.684547105928688 59.225685691005665
      vertex -4.7840279527102085 -5.696751707034146 59.21060263888219
    endloop
  endfacet
  facet normal -0.6952676132329814 -0.13262939049635739 0.7064080908128659
    outer loop
      vertex -4.842915805643155 -6.2434494358242745 59.05
      vertex -4.695439245916252 -5.593171921468062 59.317241540020376
      vertex -4.771031372578588 -5.684547105928688 59.225685691005665
    endloop
  endfacet
  facet normal -0.6952676132329924 -0.1326293904963509 0.7064080908128563
    outer loop
      vertex -4.842915805643155 -6.2434494358242745 59.05
      vertex -4.464516155915151 -5.563999551039368 59.55
      vertex -4.695439245916252 -5.593171921468062 59.317241540020376
    endloop
  endfacet
  facet normal -0.6952676132329959 -0.1326293904963469 0.7064080908128536
    outer loop
      vertex -4.842915805643155 -6.2434494358242745 59.05
      vertex -4.35862422507884 -6.119104492241847 59.55
      vertex -4.464516155915151 -5.563999551039368 59.55
    endloop
  endfacet
  facet normal -0.7064080908128489 -0.04444342997879203 0.7064080908128572
    outer loop
      vertex -4.464516155915151 -5.563999551039368 59.55
      vertex -4.6909830056250525 -5.587785252292473 59.32203668081036
      vertex -4.695439245916252 -5.593171921468062 59.317241540020376
    endloop
  endfacet
  facet normal -0.7064080908128539 -0.044443429978736015 0.7064080908128557
    outer loop
      vertex -4.464516155915151 -5.563999551039368 59.55
      vertex -4.6236933199561365 -5.481753674101715 59.395997307939524
      vertex -4.6909830056250525 -5.587785252292473 59.32203668081036
    endloop
  endfacet
  facet normal -0.706408090812865 -0.04444342997878354 0.7064080908128417
    outer loop
      vertex -4.464516155915151 -5.563999551039368 59.55
      vertex -4.570223514111749 -5.368124552684678 59.45661605214819
      vertex -4.6236933199561365 -5.481753674101715 59.395997307939524
    endloop
  endfacet
  facet normal -0.7064080908128614 -0.04444342997877974 0.7064080908128456
    outer loop
      vertex -4.464516155915151 -5.563999551039368 59.55
      vertex -4.531416838871369 -5.248689887164854 59.502936919628304
      vertex -4.570223514111749 -5.368124552684678 59.45661605214819
    endloop
  endfacet
  facet normal -0.7064080908128477 -0.0444434299787748 0.7064080908128595
    outer loop
      vertex -4.464516155915151 -5.563999551039368 59.55
      vertex -4.5078852986855225 -5.125333233564304 59.53422940262895
      vertex -4.531416838871369 -5.248689887164854 59.502936919628304
    endloop
  endfacet
  facet normal -0.706408090812862 -0.04444342997877672 0.7064080908128451
    outer loop
      vertex -4.464516155915151 -5.563999551039368 59.55
      vertex -4.5 -5 59.55
      vertex -4.5078852986855225 -5.125333233564304 59.53422940262895
    endloop
  endfacet
  facet normal 0 0 1
    outer loop
      vertex -4.183994186497132 -6.65656048708105 59.55
      vertex -3.4 -5 59.55
      vertex -4.35862422507884 -6.119104492241847 59.55
    endloop
  endfacet
  facet normal 0 0 1
    outer loop
      vertex -4.464516155915151 -5.563999551039368 59.55
      vertex -4.35862422507884 -6.119104492241847 59.55
      vertex -3.4 -5 59.55
    endloop
  endfacet
  facet normal 0 0 1
    outer loop
      vertex -4.464516155915151 -5.563999551039368 59.55
      vertex -3.4 -5 59.55
      vertex -4.5 -5 59.55
    endloop
  endfacet
  facet normal 0 0 1
    outer loop
      vertex -3.6405764746872635 -7.645033635316129 59.55
      vertex -3.2803588233963525 -8.080461976679098 59.55
      vertex -3.4 -5 59.55
    endloop
  endfacet
  facet normal 0 0 1
    outer loop
      vertex -3.2803588233963525 -8.080461976679098 59.55
      vertex -2.868407953869103 -8.467309592491052 59.55
      vertex -3.4 -5 59.55
    endloop
  endfacet
  facet normal 0 0 1
    outer loop
      vertex -3.6405764746872635 -7.645033635316129 59.55
      vertex -3.4 -5 59.55
      vertex -3.9433800601973856 -7.16789153345772 59.55
    endloop
  endfacet
  facet normal 0 0 1
    outer loop
      vertex -2.868407953869103 -8.467309592491052 59.55
      vertex -2.4112205774054853 -8.799475664759068 59.55
      vertex -3.4 -5 59.55
    endloop
  endfacet
  facet normal 0 0 1
    outer loop
      vertex -2.4112205774054853 -8.799475664759068 59.55
      vertex -1.7 -7.944486372867091 59.55
      vertex -3.4 -5 59.55
    endloop
  endfacet
  facet normal -0.4817536741017148 -0.8763066800438639 0
    outer loop
      vertex -2.128896457825362 -9.524135262330098 52.05
      vertex -2.128896457825362 -9.524135262330098 59.05
      vertex -2.6791339748949836 -9.221639627510076 59.05
    endloop
  endfacet
  facet normal -0.36812455268467803 -0.9297764858882515 0
    outer loop
      vertex -1.545084971874737 -9.755282581475768 52.05
      vertex -1.545084971874737 -9.755282581475768 59.05
      vertex -2.128896457825362 -9.524135262330098 59.05
    endloop
  endfacet
  facet normal -0.24868988716485582 -0.9685831611286309 0
    outer loop
      vertex -0.9369065729286241 -9.911436253643444 52.05
      vertex -0.9369065729286241 -9.911436253643444 59.05
      vertex -1.545084971874737 -9.755282581475768 59.05
    endloop
  endfacet
  facet normal -0.125333233564299 -0.9921147013144784 0
    outer loop
      vertex -0.9369065729286241 -9.911436253643444 52.05
      vertex -0.8170162599676267 -9.926581922361516 59.05
      vertex -0.9369065729286241 -9.911436253643444 59.05
    endloop
  endfacet
  facet normal -0.26056031871295604 -0.6581002427794284 0.706408090812853
    outer loop
      vertex -2.128896457825362 -9.524135262330098 59.05
      vertex -1.545084971874737 -9.755282581475768 59.05
      vertex -1.916006812042826 -9.07172173609709 59.55
    endloop
  endfacet
  facet normal -0.3409875542113085 -0.6202540585172575 0.7064080908128533
    outer loop
      vertex -2.6791339748949836 -9.221639627510076 59.05
      vertex -2.128896457825362 -9.524135262330098 59.05
      vertex -2.4112205774054853 -8.799475664759068 59.55
    endloop
  endfacet
  facet normal -0.34098755421130894 -0.6202540585172576 0.7064080908128532
    outer loop
      vertex -2.128896457825362 -9.524135262330098 59.05
      vertex -1.916006812042826 -9.07172173609709 59.55
      vertex -2.4112205774054853 -8.799475664759068 59.55
    endloop
  endfacet
  facet normal -0.2605603187129551 -0.6581002427794282 0.7064080908128536
    outer loop
      vertex -1.916006812042826 -9.07172173609709 59.55
      vertex -1.545084971874737 -9.755282581475768 59.05
      vertex -1.3905764746872633 -9.279754323328191 59.55
    endloop
  endfacet
  facet normal -0.17602389133731067 -0.6855677930829378 0.7064080908128536
    outer loop
      vertex -1.545084971874737 -9.755282581475768 59.05
      vertex -0.9369065729286241 -9.911436253643444 59.05
      vertex -1.3905764746872633 -9.279754323328191 59.55
    endloop
  endfacet
  facet normal 0 0 1
    outer loop
      vertex -1.916006812042826 -9.07172173609709 59.55
      vertex -1.3905764746872633 -9.279754323328191 59.55
      vertex -1.7 -7.944486372867091 59.55
    endloop
  endfacet
  facet normal 0 0 1
    outer loop
      vertex -1.3905764746872633 -9.279754323328191 59.55
      vertex -0.8432159156357617 -9.4202926282791 59.55
      vertex -1.7 -7.944486372867091 59.55
    endloop
  endfacet
  facet normal 0 0 1
    outer loop
      vertex -2.4112205774054853 -8.799475664759068 59.55
      vertex -1.916006812042826 -9.07172173609709 59.55
      vertex -1.7 -7.944486372867091 59.55
    endloop
  endfacet
  facet normal -0.1760238913373107 -0.6855677930829378 0.7064080908128535
    outer loop
      vertex -1.3905764746872633 -9.279754323328191 59.55
      vertex -0.9369065729286241 -9.911436253643444 59.05
      vertex -0.8432159156357617 -9.4202926282791 59.55
    endloop
  endfacet
  facet normal -0.08871146204369339 -0.7022235297511675 0.7064080908128683
    outer loop
      vertex -0.9369065729286241 -9.911436253643444 59.05
      vertex -0.8170162599676267 -9.926581922361516 59.05
      vertex -0.7705132427757891 -9.86257601025131 59.119466656469115
    endloop
  endfacet
  facet normal -0.08871146204368219 -0.7022235297511842 0.7064080908128532
    outer loop
      vertex -0.9369065729286241 -9.911436253643444 59.05
      vertex -0.7705132427757891 -9.86257601025131 59.119466656469115
      vertex -0.8432159156357617 -9.4202926282791 59.55
    endloop
  endfacet
  facet normal -0.08871146204370907 -0.7022235297511847 0.7064080908128492
    outer loop
      vertex -0.8432159156357617 -9.4202926282791 59.55
      vertex -0.7705132427757891 -9.86257601025131 59.119466656469115
      vertex -0.6845471059286887 -9.771031372578587 59.22126472647641
    endloop
  endfacet
  facet normal -0.08871146204370406 -0.7022235297511839 0.7064080908128506
    outer loop
      vertex -0.8432159156357617 -9.4202926282791 59.55
      vertex -0.6845471059286887 -9.771031372578587 59.22126472647641
      vertex -0.5877852522924731 -9.690983005625053 59.31299036374155
    endloop
  endfacet
  facet normal -0.0887114620437034 -0.7022235297511834 0.706408090812851
    outer loop
      vertex -0.8432159156357617 -9.4202926282791 59.55
      vertex -0.5877852522924731 -9.690983005625053 59.31299036374155
      vertex -0.4817536741017153 -9.623693319956136 59.393197000170616
    endloop
  endfacet
  facet normal 0 0 1
    outer loop
      vertex -0.8432159156357617 -9.4202926282791 59.55
      vertex -0.28255733788191195 -9.491120277927223 59.55
      vertex -1.7 -7.944486372867091 59.55
    endloop
  endfacet
  facet normal -0.08871146204369805 -0.7022235297511785 0.7064080908128568
    outer loop
      vertex -0.8432159156357617 -9.4202926282791 59.55
      vertex -0.4817536741017153 -9.623693319956136 59.393197000170616
      vertex -0.368124552684678 -9.570223514111749 59.460619729194
    endloop
  endfacet
  facet normal -0.0887114620437144 -0.70222352975121 0.7064080908128234
    outer loop
      vertex -0.8432159156357617 -9.4202926282791 59.55
      vertex -0.368124552684678 -9.570223514111749 59.460619729194
      vertex -0.28585226388410395 -9.543491627026281 59.497525103679806
    endloop
  endfacet
  facet normal -0.08871146204369561 -0.7022235297511512 0.7064080908128844
    outer loop
      vertex -0.8432159156357617 -9.4202926282791 59.55
      vertex -0.28585226388410395 -9.543491627026281 59.497525103679806
      vertex -0.28255733788191195 -9.491120277927223 59.55
    endloop
  endfacet
  facet normal 1.5956876139627867e-13 -0.7078047818672201 0.7064080908128793
    outer loop
      vertex -0.28255733788191195 -9.491120277927223 59.55
      vertex -0.28585226388410395 -9.543491627026281 59.497525103679806
      vertex -0.2486898871648548 -9.531416838871369 59.50962376578069
    endloop
  endfacet
  facet normal -1.366378297233498e-14 -0.7078047818672927 0.7064080908128065
    outer loop
      vertex -0.28255733788191195 -9.491120277927223 59.55
      vertex -0.2486898871648548 -9.531416838871369 59.50962376578069
      vertex -0.12533323356430426 -9.507885298685522 59.53320183189412
    endloop
  endfacet
  facet normal 1.7898017476647706e-14 -0.7078047818671448 0.7064080908129545
    outer loop
      vertex -0.28255733788191195 -9.491120277927223 59.55
      vertex -0.12533323356430426 -9.507885298685522 59.53320183189412
      vertex 0 -9.5 59.541102721179854
    endloop
  endfacet
  facet normal 0 0 1
    outer loop
      vertex -0.28255733788191195 -9.491120277927223 59.55
      vertex 0.28255733788191195 -9.491120277927223 59.55
      vertex -1.7 -7.944486372867091 59.55
    endloop
  endfacet
  facet normal 0 0 1
    outer loop
      vertex 0.28255733788191195 -9.491120277927223 59.55
      vertex 0.8432159156357617 -9.4202926282791 59.55
      vertex -1.7 -7.944486372867091 59.55
    endloop
  endfacet
  facet normal 0 0 -1
    outer loop
      vertex -3.720430129929292 -4.53000037413386 52.05
      vertex -4.6909830056250525 -4.412214747707527 52.05
      vertex -4.771031372578588 -4.315452894071312 52.05
    endloop
  endfacet
  facet normal 0 0 -1
    outer loop
      vertex -3.720430129929292 -4.53000037413386 52.05
      vertex -4.6236933199561365 -4.518246325898285 52.05
      vertex -4.6909830056250525 -4.412214747707527 52.05
    endloop
  endfacet
  facet normal 0 0 -1
    outer loop
      vertex -4.842915805643155 -3.7565505641757255 52.05
      vertex -4.86257601025131 -4.229486757224211 52.05
      vertex -4.924544642165117 -4.18446391073652 52.05
    endloop
  endfacet
  facet normal 0 0 -1
    outer loop
      vertex -4.842915805643155 -3.7565505641757255 52.05
      vertex -3.720430129929292 -4.53000037413386 52.05
      vertex -4.86257601025131 -4.229486757224211 52.05
    endloop
  endfacet
  facet normal 0 0 -1
    outer loop
      vertex -3.720430129929292 -4.53000037413386 52.05
      vertex -4.771031372578588 -4.315452894071312 52.05
      vertex -4.86257601025131 -4.229486757224211 52.05
    endloop
  endfacet
  facet normal 0 0 -1
    outer loop
      vertex -3.75 -5 52.05
      vertex -4.5 -5 52.05
      vertex -4.5078852986855225 -4.874666766435696 52.05
    endloop
  endfacet
  facet normal 0 0 -1
    outer loop
      vertex -3.75 -5 52.05
      vertex -4.5078852986855225 -4.874666766435696 52.05
      vertex -4.531416838871369 -4.751310112835145 52.05
    endloop
  endfacet
  facet normal 0 0 -1
    outer loop
      vertex -3.720430129929292 -4.53000037413386 52.05
      vertex -4.531416838871369 -4.751310112835145 52.05
      vertex -4.570223514111749 -4.631875447315322 52.05
    endloop
  endfacet
  facet normal 0 0 -1
    outer loop
      vertex -3.720430129929292 -4.53000037413386 52.05
      vertex -4.570223514111749 -4.631875447315322 52.05
      vertex -4.6236933199561365 -4.518246325898285 52.05
    endloop
  endfacet
  facet normal 0 0 -1
    outer loop
      vertex -3.75 -5 52.05
      vertex -4.531416838871369 -4.751310112835145 52.05
      vertex -3.720430129929292 -4.53000037413386 52.05
    endloop
  endfacet
  facet normal 0 0 -1
    outer loop
      vertex -4.842915805643155 -3.7565505641757255 52.05
      vertex -3.6321868542323665 -4.067412923131794 52.05
      vertex -3.720430129929292 -4.53000037413386 52.05
    endloop
  endfacet
  facet normal 0 0 -1
    outer loop
      vertex -4.842915805643155 -3.7565505641757255 52.05
      vertex -3.486661822080943 -3.619532927432458 52.05
      vertex -3.6321868542323665 -4.067412923131794 52.05
    endloop
  endfacet
  facet normal 0 0 -1
    outer loop
      vertex -4.842915805643155 -3.7565505641757255 52.05
      vertex -4.648882429441257 -3.159377236576611 52.05
      vertex -3.486661822080943 -3.619532927432458 52.05
    endloop
  endfacet
  facet normal 0 0 -1
    outer loop
      vertex -4.648882429441257 -3.159377236576611 52.05
      vertex -4.381533400219317 -2.591231629491423 52.05
      vertex -3.486661822080943 -3.619532927432458 52.05
    endloop
  endfacet
  facet normal 0 0 -1
    outer loop
      vertex -4.381533400219317 -2.591231629491423 52.05
      vertex -3.286150050164488 -3.1934237221185673 52.05
      vertex -3.486661822080943 -3.619532927432458 52.05
    endloop
  endfacet
  facet normal 0 0 -1
    outer loop
      vertex -4.381533400219317 -2.591231629491423 52.05
      vertex -3.0338137289060527 -2.7958053039032253 52.05
      vertex -3.286150050164488 -3.1934237221185673 52.05
    endloop
  endfacet
  facet normal -0.9822872507286885 0.18738131458572574 0
    outer loop
      vertex -4.842915805643155 -3.7565505641757255 52.05
      vertex -4.924544642165117 -4.18446391073652 52.05
      vertex -4.924544642165117 -4.18446391073652 59.05
    endloop
  endfacet
  facet normal -0.9510565162951535 0.3090169943749474 0
    outer loop
      vertex -4.842915805643155 -3.7565505641757255 52.05
      vertex -4.648882429441257 -3.159377236576611 59.05
      vertex -4.648882429441257 -3.159377236576611 52.05
    endloop
  endfacet
  facet normal -0.9048270524660194 0.4257792915650728 0
    outer loop
      vertex -4.648882429441257 -3.159377236576611 52.05
      vertex -4.381533400219317 -2.591231629491423 59.05
      vertex -4.381533400219317 -2.591231629491423 52.05
    endloop
  endfacet
  facet normal 0 0 -1
    outer loop
      vertex -4.381533400219317 -2.591231629491423 52.05
      vertex -4.0656131735386 -2.093421008378471 52.05
      vertex -3.9831956098445254 -2.1064746680770687 52.05
    endloop
  endfacet
  facet normal 0 0 -1
    outer loop
      vertex -4.381533400219317 -2.591231629491423 52.05
      vertex -3.9831956098445254 -2.1064746680770687 52.05
      vertex -3.857676537447883 -2.11041926383972 52.05
    endloop
  endfacet
  facet normal 0 0 -1
    outer loop
      vertex -4.381533400219317 -2.591231629491423 52.05
      vertex -3.857676537447883 -2.11041926383972 52.05
      vertex -3.0338137289060527 -2.7958053039032253 52.05
    endloop
  endfacet
  facet normal 0 0 -1
    outer loop
      vertex -3.0338137289060527 -2.7958053039032253 52.05
      vertex -3.857676537447883 -2.11041926383972 52.05
      vertex -3.732652831485781 -2.098601044069126 52.05
    endloop
  endfacet
  facet normal 0 0 -1
    outer loop
      vertex -3.0338137289060527 -2.7958053039032253 52.05
      vertex -3.732652831485781 -2.098601044069126 52.05
      vertex -3.6100961904867828 -2.0712063891509316 52.05
    endloop
  endfacet
  facet normal 0 0 -1
    outer loop
      vertex -3.0338137289060527 -2.7958053039032253 52.05
      vertex -3.6100961904867828 -2.0712063891509316 52.05
      vertex -3.4919394058912316 -2.0286673291579693 52.05
    endloop
  endfacet
  facet normal 0 0 -1
    outer loop
      vertex -3.0338137289060527 -2.7958053039032253 52.05
      vertex -3.4919394058912316 -2.0286673291579693 52.05
      vertex -3.38004588077564 -1.9716547304779315 52.05
    endloop
  endfacet
  facet normal 0 0 -1
    outer loop
      vertex -3.0338137289060527 -2.7958053039032253 52.05
      vertex -3.38004588077564 -1.9716547304779315 52.05
      vertex -3.2761802428730356 -1.9010677158496785 52.05
    endloop
  endfacet
  facet normal 0 0 -1
    outer loop
      vertex -3.0338137289060527 -2.7958053039032253 52.05
      vertex -3.2761802428730356 -1.9010677158496785 52.05
      vertex -2.733632352830294 -2.432948352767418 52.05
    endloop
  endfacet
  facet normal 0 0 -1
    outer loop
      vertex -2.733632352830294 -2.432948352767418 52.05
      vertex -3.2761802428730356 -1.9010677158496785 52.05
      vertex -3.1819805153394642 -1.8180194846605358 52.05
    endloop
  endfacet
  facet normal 0 0 -1
    outer loop
      vertex -2.733632352830294 -2.432948352767418 52.05
      vertex -3.1819805153394642 -1.8180194846605358 52.05
      vertex -3.0989322841503215 -1.7238197571269644 52.05
    endloop
  endfacet
  facet normal 0 0 -1
    outer loop
      vertex -2.733632352830294 -2.432948352767418 52.05
      vertex -3.0989322841503215 -1.7238197571269644 52.05
      vertex -3.028345269522068 -1.6199541192243596 52.05
    endloop
  endfacet
  facet normal 0 0 -1
    outer loop
      vertex -2.733632352830294 -2.432948352767418 52.05
      vertex -2.9713326708420307 -1.5080605941087684 52.05
      vertex -2.390339961557586 -2.11057533959079 52.05
    endloop
  endfacet
  facet normal 0 0 -1
    outer loop
      vertex -2.733632352830294 -2.432948352767418 52.05
      vertex -3.028345269522068 -1.6199541192243596 52.05
      vertex -2.9713326708420307 -1.5080605941087684 52.05
    endloop
  endfacet
  facet normal 0 0 -1
    outer loop
      vertex -2.390339961557586 -2.11057533959079 52.05
      vertex -2.9713326708420307 -1.5080605941087684 52.05
      vertex -2.928793610849069 -1.3899038095132177 52.05
    endloop
  endfacet
  facet normal 0 0 -1
    outer loop
      vertex -2.009350481171238 -1.8337702793674437 52.05
      vertex -2.928793610849069 -1.3899038095132177 52.05
      vertex -2.901398955930874 -1.267347168514219 52.05
    endloop
  endfacet
  facet normal 0 0 -1
    outer loop
      vertex -2.009350481171238 -1.8337702793674437 52.05
      vertex -2.901398955930874 -1.267347168514219 52.05
      vertex -2.88958073616028 -1.1423234625521168 52.05
    endloop
  endfacet
  facet normal 0 0 -1
    outer loop
      vertex -2.009350481171238 -1.8337702793674437 52.05
      vertex -2.88958073616028 -1.1423234625521168 52.05
      vertex -2.8935253319229313 -1.0168043901554746 52.05
    endloop
  endfacet
  facet normal 0 0 -1
    outer loop
      vertex -2.009350481171238 -1.8337702793674437 52.05
      vertex -2.8935253319229313 -1.0168043901554746 52.05
      vertex -2.905269099817672 -0.9426571578220635 52.05
    endloop
  endfacet
  facet normal 0 0 -1
    outer loop
      vertex -2.6791339748949836 -0.7783603724899253 52.05
      vertex -2.009350481171238 -1.8337702793674437 52.05
      vertex -2.905269099817672 -0.9426571578220635 52.05
    endloop
  endfacet
  facet normal -0.8443279255020155 0.5358267949789959 0
    outer loop
      vertex -4.381533400219317 -2.591231629491423 52.05
      vertex -4.381533400219317 -2.591231629491423 59.05
      vertex -4.0656131735386 -2.093421008378471 52.05
    endloop
  endfacet
  facet normal -0.5877852522924734 0.8090169943749473 0
    outer loop
      vertex -2.6791339748949836 -0.7783603724899253 52.05
      vertex -2.905269099817672 -0.9426571578220635 52.05
      vertex -2.905269099817672 -0.9426571578220635 59.05
    endloop
  endfacet
  facet normal 0 0 -1
    outer loop
      vertex -2.390339961557586 -2.11057533959079 52.05
      vertex -2.928793610849069 -1.3899038095132177 52.05
      vertex -2.009350481171238 -1.8337702793674437 52.05
    endloop
  endfacet
  facet normal 0 0 -1
    outer loop
      vertex -2.009350481171238 -1.8337702793674437 52.05
      vertex -2.128896457825362 -0.47586473766990167 52.05
      vertex -1.5966723433690213 -1.6068985532524267 52.05
    endloop
  endfacet
  facet normal 0 0 -1
    outer loop
      vertex -2.6791339748949836 -0.7783603724899253 52.05
      vertex -2.128896457825362 -0.47586473766990167 52.05
      vertex -2.009350481171238 -1.8337702793674437 52.05
    endloop
  endfacet
  facet normal 0 0 -1
    outer loop
      vertex -1.5966723433690213 -1.6068985532524267 52.05
      vertex -2.128896457825362 -0.47586473766990167 52.05
      vertex -1.545084971874737 -0.24471741852423268 52.05
    endloop
  endfacet
  facet normal 0 0 -1
    outer loop
      vertex -1.5966723433690213 -1.6068985532524267 52.05
      vertex -1.545084971874737 -0.24471741852423268 52.05
      vertex -1.1588137289060527 -1.4335380638931743 52.05
    endloop
  endfacet
  facet normal 0 0 -1
    outer loop
      vertex -1.1588137289060527 -1.4335380638931743 52.05
      vertex -0.9369065729286241 -0.08856374635655673 52.05
      vertex -0.7026799296964672 -1.3164228097674173 52.05
    endloop
  endfacet
  facet normal 0 0 -1
    outer loop
      vertex -1.545084971874737 -0.24471741852423268 52.05
      vertex -0.9369065729286241 -0.08856374635655673 52.05
      vertex -1.1588137289060527 -1.4335380638931743 52.05
    endloop
  endfacet
  facet normal 0 0 -1
    outer loop
      vertex -0.7026799296964672 -1.3164228097674173 52.05
      vertex -0.9369065729286241 -0.08856374635655673 52.05
      vertex -0.770513242775789 -0.1374239897486902 52.05
    endloop
  endfacet
  facet normal 0 0 -1
    outer loop
      vertex -0.7026799296964672 -1.3164228097674173 52.05
      vertex -0.770513242775789 -0.1374239897486902 52.05
      vertex -0.6845471059286885 -0.22896862742141177 52.05
    endloop
  endfacet
  facet normal 0 0 -1
    outer loop
      vertex -0.7026799296964672 -1.3164228097674173 52.05
      vertex -0.6845471059286885 -0.22896862742141177 52.05
      vertex -0.5877852522924731 -0.30901699437494745 52.05
    endloop
  endfacet
  facet normal 0 0 -1
    outer loop
      vertex -0.9369065729286241 -0.08856374635655673 52.05
      vertex -0.8170162599676267 -0.07341807763848429 52.05
      vertex -0.770513242775789 -0.1374239897486902 52.05
    endloop
  endfacet
  facet normal 0 0 -1
    outer loop
      vertex -0.7026799296964672 -1.3164228097674173 52.05
      vertex -0.24868988716485443 -0.4685831611286311 52.05
      vertex -0.2354644482349248 -1.2573997683939817 52.05
    endloop
  endfacet
  facet normal 0 0 -1
    outer loop
      vertex -0.7026799296964672 -1.3164228097674173 52.05
      vertex -0.4817536741017154 -0.3763066800438635 52.05
      vertex -0.36812455268467836 -0.4297764858882509 52.05
    endloop
  endfacet
  facet normal 0 0 -1
    outer loop
      vertex -0.7026799296964672 -1.3164228097674173 52.05
      vertex -0.36812455268467836 -0.4297764858882509 52.05
      vertex -0.24868988716485443 -0.4685831611286311 52.05
    endloop
  endfacet
  facet normal 0 0 -1
    outer loop
      vertex -0.2354644482349248 -1.2573997683939817 52.05
      vertex -0.24868988716485443 -0.4685831611286311 52.05
      vertex -0.12533323356430406 -0.49211470131447754 52.05
    endloop
  endfacet
  facet normal 0 0 -1
    outer loop
      vertex -0.2354644482349248 -1.2573997683939817 52.05
      vertex -0.12533323356430406 -0.49211470131447754 52.05
      vertex 0 -0.5 52.05
    endloop
  endfacet
  facet normal 0 0 -1
    outer loop
      vertex -0.7026799296964672 -1.3164228097674173 52.05
      vertex -0.5877852522924731 -0.30901699437494745 52.05
      vertex -0.4817536741017154 -0.3763066800438635 52.05
    endloop
  endfacet
  facet normal -0.48175367410171593 0.8763066800438634 0
    outer loop
      vertex -2.6791339748949836 -0.7783603724899253 52.05
      vertex -2.128896457825362 -0.47586473766990167 59.05
      vertex -2.128896457825362 -0.47586473766990167 52.05
    endloop
  endfacet
  facet normal -0.36812455268467686 0.929776485888252 0
    outer loop
      vertex -2.128896457825362 -0.47586473766990167 52.05
      vertex -1.545084971874737 -0.24471741852423268 59.05
      vertex -1.545084971874737 -0.24471741852423268 52.05
    endloop
  endfacet
  facet normal -0.24868988716485582 0.9685831611286309 0
    outer loop
      vertex -1.545084971874737 -0.24471741852423268 52.05
      vertex -0.9369065729286241 -0.08856374635655673 59.05
      vertex -0.9369065729286241 -0.08856374635655673 52.05
    endloop
  endfacet
  facet normal -0.12533323356430628 0.9921147013144777 0
    outer loop
      vertex -0.9369065729286241 -0.08856374635655673 52.05
      vertex -0.9369065729286241 -0.08856374635655673 59.05
      vertex -0.8170162599676267 -0.07341807763848429 52.05
    endloop
  endfacet
  facet normal -0.9822872507286885 0.18738131458572574 0
    outer loop
      vertex -4.842915805643155 -3.7565505641757255 52.05
      vertex -4.924544642165117 -4.18446391073652 59.05
      vertex -4.842915805643155 -3.7565505641757255 59.05
    endloop
  endfacet
  facet normal -0.9510565162951535 0.3090169943749474 0
    outer loop
      vertex -4.842915805643155 -3.7565505641757255 52.05
      vertex -4.842915805643155 -3.7565505641757255 59.05
      vertex -4.648882429441257 -3.159377236576611 59.05
    endloop
  endfacet
  facet normal -0.9048270524660194 0.4257792915650728 0
    outer loop
      vertex -4.648882429441257 -3.159377236576611 52.05
      vertex -4.648882429441257 -3.159377236576611 59.05
      vertex -4.381533400219317 -2.591231629491423 59.05
    endloop
  endfacet
  facet normal -0.7064080908128489 0.04444342997879203 0.7064080908128572
    outer loop
      vertex -4.464516155915151 -4.436000448960632 59.55
      vertex -4.695439245916252 -4.406828078531938 59.317241540020376
      vertex -4.6909830056250525 -4.412214747707527 59.32203668081036
    endloop
  endfacet
  facet normal -0.706408090812862 0.04444342997877672 0.7064080908128451
    outer loop
      vertex -4.464516155915151 -4.436000448960632 59.55
      vertex -4.5078852986855225 -4.874666766435696 59.53422940262895
      vertex -4.5 -5 59.55
    endloop
  endfacet
  facet normal -0.7064080908128473 0.04444342997877473 0.70640809081286
    outer loop
      vertex -4.464516155915151 -4.436000448960632 59.55
      vertex -4.531416838871369 -4.751310112835145 59.502936919628304
      vertex -4.5078852986855225 -4.874666766435696 59.53422940262895
    endloop
  endfacet
  facet normal -0.7064080908128615 0.04444342997877993 0.7064080908128455
    outer loop
      vertex -4.464516155915151 -4.436000448960632 59.55
      vertex -4.570223514111749 -4.631875447315322 59.45661605214819
      vertex -4.531416838871369 -4.751310112835145 59.502936919628304
    endloop
  endfacet
  facet normal -0.706408090812865 0.04444342997878354 0.7064080908128417
    outer loop
      vertex -4.464516155915151 -4.436000448960632 59.55
      vertex -4.6236933199561365 -4.518246325898285 59.395997307939524
      vertex -4.570223514111749 -4.631875447315322 59.45661605214819
    endloop
  endfacet
  facet normal -0.7064080908128539 0.044443429978736015 0.7064080908128557
    outer loop
      vertex -4.464516155915151 -4.436000448960632 59.55
      vertex -4.6909830056250525 -4.412214747707527 59.32203668081036
      vertex -4.6236933199561365 -4.518246325898285 59.395997307939524
    endloop
  endfacet
  facet normal -0.6952676132329915 0.1326293904963264 0.7064080908128616
    outer loop
      vertex -4.35862422507884 -3.880895507758153 59.55
      vertex -4.924544642165117 -4.18446391073652 59.05
      vertex -4.86257601025131 -4.229486757224211 59.11944447003381
    endloop
  endfacet
  facet normal -0.6952676132330042 0.13262939049637076 0.7064080908128408
    outer loop
      vertex -4.35862422507884 -3.880895507758153 59.55
      vertex -4.86257601025131 -4.229486757224211 59.11944447003381
      vertex -4.771031372578588 -4.315452894071312 59.225685691005665
    endloop
  endfacet
  facet normal -0.6952676132329957 0.13262939049634734 0.7064080908128536
    outer loop
      vertex -4.842915805643155 -3.7565505641757255 59.05
      vertex -4.924544642165117 -4.18446391073652 59.05
      vertex -4.35862422507884 -3.880895507758153 59.55
    endloop
  endfacet
  facet normal -0.695267613232993 0.13262939049634645 0.7064080908128565
    outer loop
      vertex -4.464516155915151 -4.436000448960632 59.55
      vertex -4.35862422507884 -3.880895507758153 59.55
      vertex -4.695439245916252 -4.406828078531938 59.317241540020376
    endloop
  endfacet
  facet normal -0.6952676132329905 0.13262939049634326 0.7064080908128595
    outer loop
      vertex -4.35862422507884 -3.880895507758153 59.55
      vertex -4.771031372578588 -4.315452894071312 59.225685691005665
      vertex -4.695439245916252 -4.406828078531938 59.317241540020376
    endloop
  endfacet
  facet normal 0 0 1
    outer loop
      vertex -4.464516155915151 -4.436000448960632 59.55
      vertex -4.5 -5 59.55
      vertex -3.4 -5 59.55
    endloop
  endfacet
  facet normal -0.6731623500597138 0.21872370629683113 0.7064080908128536
    outer loop
      vertex -4.842915805643155 -3.7565505641757255 59.05
      vertex -4.35862422507884 -3.880895507758153 59.55
      vertex -4.183994186497132 -3.3434395129189496 59.55
    endloop
  endfacet
  facet normal -0.6731623500597139 0.2187237062968316 0.7064080908128534
    outer loop
      vertex -4.842915805643155 -3.7565505641757255 59.05
      vertex -4.183994186497132 -3.3434395129189496 59.55
      vertex -4.648882429441257 -3.159377236576611 59.05
    endloop
  endfacet
  facet normal -0.6404409144982938 0.3013686185898068 0.7064080908128535
    outer loop
      vertex -4.648882429441257 -3.159377236576611 59.05
      vertex -3.9433800601973856 -2.8321084665422807 59.55
      vertex -4.381533400219317 -2.591231629491423 59.05
    endloop
  endfacet
  facet normal -0.6404409144982938 0.3013686185898072 0.7064080908128533
    outer loop
      vertex -4.648882429441257 -3.159377236576611 59.05
      vertex -4.183994186497132 -3.3434395129189496 59.55
      vertex -3.9433800601973856 -2.8321084665422807 59.55
    endloop
  endfacet
  facet normal -0.5976193431343781 0.3792607677387338 0.7064080908128535
    outer loop
      vertex -4.381533400219317 -2.591231629491423 59.05
      vertex -3.9433800601973856 -2.8321084665422807 59.55
      vertex -3.6405764746872635 -2.3549663646838708 59.55
    endloop
  endfacet
  facet normal 0 0 1
    outer loop
      vertex -4.464516155915151 -4.436000448960632 59.55
      vertex -3.4 -5 59.55
      vertex -1.7 -2.0555136271329086 59.55
    endloop
  endfacet
  facet normal 0 0 1
    outer loop
      vertex -4.464516155915151 -4.436000448960632 59.55
      vertex -1.7 -2.0555136271329086 59.55
      vertex -4.35862422507884 -3.880895507758153 59.55
    endloop
  endfacet
  facet normal 0 0 1
    outer loop
      vertex -4.35862422507884 -3.880895507758153 59.55
      vertex -1.7 -2.0555136271329086 59.55
      vertex -4.183994186497132 -3.3434395129189496 59.55
    endloop
  endfacet
  facet normal 0 0 1
    outer loop
      vertex -4.183994186497132 -3.3434395129189496 59.55
      vertex -1.7 -2.0555136271329086 59.55
      vertex -3.9433800601973856 -2.8321084665422807 59.55
    endloop
  endfacet
  facet normal -0.8443279255020155 0.5358267949789959 0
    outer loop
      vertex -4.381533400219317 -2.591231629491423 59.05
      vertex -4.0656131735386 -2.093421008378471 59.05
      vertex -4.0656131735386 -2.093421008378471 52.05
    endloop
  endfacet
  facet normal -0.5877852522924734 0.8090169943749473 0
    outer loop
      vertex -2.6791339748949836 -0.7783603724899253 52.05
      vertex -2.905269099817672 -0.9426571578220635 59.05
      vertex -2.6791339748949836 -0.7783603724899253 59.05
    endloop
  endfacet
  facet normal -0.48175367410171593 0.8763066800438634 0
    outer loop
      vertex -2.6791339748949836 -0.7783603724899253 52.05
      vertex -2.6791339748949836 -0.7783603724899253 59.05
      vertex -2.128896457825362 -0.47586473766990167 59.05
    endloop
  endfacet
  facet normal -0.5976193431343845 0.3792607677387375 0.706408090812846
    outer loop
      vertex -4.381533400219317 -2.591231629491423 59.05
      vertex -3.9831956098445254 -2.1064746680770687 59.12673336698948
      vertex -4.0656131735386 -2.093421008378471 59.05
    endloop
  endfacet
  facet normal -0.5976193431310897 0.3792607677353009 0.7064080908174786
    outer loop
      vertex -4.381533400219317 -2.591231629491423 59.05
      vertex -3.982568842759353 -2.1064943650262347 59.12727418527676
      vertex -3.9831956098445254 -2.1064746680770687 59.12673336698948
    endloop
  endfacet
  facet normal -0.5976193431343779 0.37926076773874107 0.7064080908128497
    outer loop
      vertex -4.381533400219317 -2.591231629491423 59.05
      vertex -3.6405764746872635 -2.3549663646838708 59.55
      vertex -3.982568842759353 -2.1064943650262347 59.12727418527676
    endloop
  endfacet
  facet normal -0.5453729577287607 0.4511717480210026 0.7064080908128506
    outer loop
      vertex -3.6405764746872635 -2.3549663646838708 59.55
      vertex -3.857676537447883 -2.11041926383972 59.22620239732959
      vertex -3.982568842759353 -2.1064943650262347 59.12727418527676
    endloop
  endfacet
  facet normal -0.5453729577287555 0.45117174802100785 0.7064080908128512
    outer loop
      vertex -3.6405764746872635 -2.3549663646838708 59.55
      vertex -3.732652831485781 -2.098601044069126 59.31517717303189
      vertex -3.857676537447883 -2.11041926383972 59.22620239732959
    endloop
  endfacet
  facet normal -0.5453729577287266 0.4511717480210272 0.7064080908128609
    outer loop
      vertex -3.6405764746872635 -2.3549663646838708 59.55
      vertex -3.6100961904867828 -2.0712063891509316 59.39229885970787
      vertex -3.732652831485781 -2.098601044069126 59.31517717303189
    endloop
  endfacet
  facet normal -0.545372957728749 0.4511717480210219 0.7064080908128471
    outer loop
      vertex -3.6405764746872635 -2.3549663646838708 59.55
      vertex -3.4919394058912316 -2.0286673291579693 59.456351202288396
      vertex -3.6100961904867828 -2.0712063891509316 59.39229885970787
    endloop
  endfacet
  facet normal -0.5453729577287482 0.4511717480210218 0.7064080908128478
    outer loop
      vertex -3.6405764746872635 -2.3549663646838708 59.55
      vertex -3.38004588077564 -1.9716547304779315 59.50632405706795
      vertex -3.4919394058912316 -2.0286673291579693 59.456351202288396
    endloop
  endfacet
  facet normal -0.5453729577287307 0.45117174802101223 0.7064080908128673
    outer loop
      vertex -3.6405764746872635 -2.3549663646838708 59.55
      vertex -3.2803588233963525 -1.9195380233209018 59.55
      vertex -3.38004588077564 -1.9716547304779315 59.50632405706795
    endloop
  endfacet
  facet normal 0 0 1
    outer loop
      vertex -3.9433800601973856 -2.8321084665422807 59.55
      vertex -1.7 -2.0555136271329086 59.55
      vertex -3.6405764746872635 -2.3549663646838708 59.55
    endloop
  endfacet
  facet normal -0.5453729577287614 0.4511717480211813 0.7064080908127357
    outer loop
      vertex -3.2803588233963525 -1.9195380233209018 59.55
      vertex -3.290015285939035 -1.9104700014082376 59.536753253597695
      vertex -3.38004588077564 -1.9716547304779315 59.50632405706795
    endloop
  endfacet
  facet normal -0.48452571498979125 0.5159674803201674 0.7064080908127323
    outer loop
      vertex -3.2803588233963525 -1.9195380233209018 59.55
      vertex -3.2761802428730356 -1.9010677158496785 59.5393751948929
      vertex -3.290015285939035 -1.9104700014082376 59.536753253597695
    endloop
  endfacet
  facet normal -0.484525714989809 0.5159674803201653 0.7064080908127216
    outer loop
      vertex -3.2803588233963525 -1.9195380233209018 59.55
      vertex -3.1819805153394642 -1.8180194846605358 59.54332758980407
      vertex -3.2761802428730356 -1.9010677158496785 59.5393751948929
    endloop
  endfacet
  facet normal -0.4845257149897119 0.5159674803200797 0.7064080908128507
    outer loop
      vertex -3.2803588233963525 -1.9195380233209018 59.55
      vertex -2.868407953869103 -1.532690407508948 59.55
      vertex -3.1819805153394642 -1.8180194846605358 59.54332758980407
    endloop
  endfacet
  facet normal 0 0 1
    outer loop
      vertex -3.6405764746872635 -2.3549663646838708 59.55
      vertex -1.7 -2.0555136271329086 59.55
      vertex -3.2803588233963525 -1.9195380233209018 59.55
    endloop
  endfacet
  facet normal -0.4845257149897372 0.5159674803201083 0.7064080908128124
    outer loop
      vertex -2.868407953869103 -1.532690407508948 59.55
      vertex -3.0989322841503215 -1.7238197571269644 59.5314860033676
      vertex -3.1819805153394642 -1.8180194846605358 59.54332758980407
    endloop
  endfacet
  facet normal -0.48452571498970237 0.5159674803200607 0.7064080908128711
    outer loop
      vertex -2.868407953869103 -1.532690407508948 59.55
      vertex -3.028345269522068 -1.6199541192243596 59.50403718447541
      vertex -3.0989322841503215 -1.7238197571269644 59.5314860033676
    endloop
  endfacet
  facet normal -0.4845257149897102 0.5159674803200887 0.7064080908128452
    outer loop
      vertex -2.868407953869103 -1.532690407508948 59.55
      vertex -2.9713326708420307 -1.5080605941087684 59.46141401739855
      vertex -3.028345269522068 -1.6199541192243596 59.50403718447541
    endloop
  endfacet
  facet normal -0.4845257149897335 0.5159674803200459 0.7064080908128605
    outer loop
      vertex -2.868407953869103 -1.532690407508948 59.55
      vertex -2.9463013601201844 -1.438533453885293 59.42779969454587
      vertex -2.9713326708420307 -1.5080605941087684 59.46141401739855
    endloop
  endfacet
  facet normal 0 0 1
    outer loop
      vertex -3.2803588233963525 -1.9195380233209018 59.55
      vertex -1.7 -2.0555136271329086 59.55
      vertex -2.868407953869103 -1.532690407508948 59.55
    endloop
  endfacet
  facet normal -0.41603721228365315 0.5726260972304479 0.7064080908128617
    outer loop
      vertex -2.868407953869103 -1.532690407508948 59.55
      vertex -2.4112205774054853 -1.2005243352409325 59.55
      vertex -2.9463013601201844 -1.438533453885293 59.42779969454587
    endloop
  endfacet
  facet normal -0.41603721228365675 0.5726260972304641 0.7064080908128464
    outer loop
      vertex -2.4112205774054853 -1.2005243352409325 59.55
      vertex -2.928793610849069 -1.3899038095132177 59.39869084297155
      vertex -2.9463013601201844 -1.438533453885293 59.42779969454587
    endloop
  endfacet
  facet normal -0.4160372122836447 0.5726260972304702 0.7064080908128486
    outer loop
      vertex -2.4112205774054853 -1.2005243352409325 59.55
      vertex -2.905269099817672 -0.9426571578220635 59.05
      vertex -2.8935253319229313 -1.0168043901554746 59.11702143611305
    endloop
  endfacet
  facet normal -0.4160372122836526 0.5726260972304704 0.7064080908128437
    outer loop
      vertex -2.4112205774054853 -1.2005243352409325 59.55
      vertex -2.88958073616028 -1.1423234625521168 59.22109243435793
      vertex -2.901398955930874 -1.267347168514219 59.31547841105609
    endloop
  endfacet
  facet normal -0.4160372122836557 0.5726260972304541 0.706408090812855
    outer loop
      vertex -2.4112205774054853 -1.2005243352409325 59.55
      vertex -2.901398955930874 -1.267347168514219 59.31547841105609
      vertex -2.928793610849069 -1.3899038095132177 59.39869084297155
    endloop
  endfacet
  facet normal -0.41603721228366825 0.5726260972304381 0.7064080908128607
    outer loop
      vertex -2.4112205774054853 -1.2005243352409325 59.55
      vertex -2.8935253319229313 -1.0168043901554746 59.11702143611305
      vertex -2.88958073616028 -1.1423234625521168 59.22109243435793
    endloop
  endfacet
  facet normal -0.4160372122836582 0.5726260972304544 0.7064080908128533
    outer loop
      vertex -2.6791339748949836 -0.7783603724899253 59.05
      vertex -2.905269099817672 -0.9426571578220635 59.05
      vertex -2.4112205774054853 -1.2005243352409325 59.55
    endloop
  endfacet
  facet normal -0.36812455268467686 0.929776485888252 0
    outer loop
      vertex -2.128896457825362 -0.47586473766990167 52.05
      vertex -2.128896457825362 -0.47586473766990167 59.05
      vertex -1.545084971874737 -0.24471741852423268 59.05
    endloop
  endfacet
  facet normal -0.24868988716485582 0.9685831611286309 0
    outer loop
      vertex -1.545084971874737 -0.24471741852423268 52.05
      vertex -1.545084971874737 -0.24471741852423268 59.05
      vertex -0.9369065729286241 -0.08856374635655673 59.05
    endloop
  endfacet
  facet normal -0.12533323356430628 0.9921147013144777 0
    outer loop
      vertex -0.9369065729286241 -0.08856374635655673 59.05
      vertex -0.8170162599676267 -0.07341807763848429 59.05
      vertex -0.8170162599676267 -0.07341807763848429 52.05
    endloop
  endfacet
  facet normal 0 0 1
    outer loop
      vertex -2.868407953869103 -1.532690407508948 59.55
      vertex -1.7 -2.0555136271329086 59.55
      vertex -2.4112205774054853 -1.2005243352409325 59.55
    endloop
  endfacet
  facet normal 0 0 1
    outer loop
      vertex -2.4112205774054853 -1.2005243352409325 59.55
      vertex -1.7 -2.0555136271329086 59.55
      vertex -1.916006812042826 -0.9282782639029117 59.55
    endloop
  endfacet
  facet normal -0.3409875542113091 0.6202540585172568 0.7064080908128536
    outer loop
      vertex -2.6791339748949836 -0.7783603724899253 59.05
      vertex -1.916006812042826 -0.9282782639029117 59.55
      vertex -2.128896457825362 -0.47586473766990167 59.05
    endloop
  endfacet
  facet normal -0.3409875542113088 0.6202540585172572 0.7064080908128534
    outer loop
      vertex -2.6791339748949836 -0.7783603724899253 59.05
      vertex -2.4112205774054853 -1.2005243352409325 59.55
      vertex -1.916006812042826 -0.9282782639029117 59.55
    endloop
  endfacet
  facet normal -0.2605603187129551 0.6581002427794282 0.7064080908128536
    outer loop
      vertex -1.916006812042826 -0.9282782639029117 59.55
      vertex -1.3905764746872633 -0.7202456766718095 59.55
      vertex -2.128896457825362 -0.47586473766990167 59.05
    endloop
  endfacet
  facet normal -0.26056031871295504 0.6581002427794282 0.7064080908128536
    outer loop
      vertex -2.128896457825362 -0.47586473766990167 59.05
      vertex -1.3905764746872633 -0.7202456766718095 59.55
      vertex -1.545084971874737 -0.24471741852423268 59.05
    endloop
  endfacet
  facet normal -0.1760238913373107 0.6855677930829378 0.7064080908128537
    outer loop
      vertex -1.3905764746872633 -0.7202456766718095 59.55
      vertex -0.8432159156357617 -0.5797073717209011 59.55
      vertex -1.545084971874737 -0.24471741852423268 59.05
    endloop
  endfacet
  facet normal 0 0 1
    outer loop
      vertex -1.916006812042826 -0.9282782639029117 59.55
      vertex -1.7 -2.0555136271329086 59.55
      vertex 1.7 -2.0555136271329086 59.55
    endloop
  endfacet
  facet normal -0.17602389133731067 0.6855677930829378 0.7064080908128536
    outer loop
      vertex -1.545084971874737 -0.24471741852423268 59.05
      vertex -0.8432159156357617 -0.5797073717209011 59.55
      vertex -0.9369065729286241 -0.08856374635655673 59.05
    endloop
  endfacet
  facet normal -0.08871146204369942 0.7022235297511814 0.7064080908128537
    outer loop
      vertex -0.8432159156357617 -0.5797073717209011 59.55
      vertex -0.28255733788191195 -0.5088797220727779 59.55
      vertex -0.9369065729286241 -0.08856374635655673 59.05
    endloop
  endfacet
  facet normal -0.08871146204369833 0.7022235297511654 0.7064080908128697
    outer loop
      vertex -0.9369065729286241 -0.08856374635655673 59.05
      vertex -0.770513242775789 -0.1374239897486902 59.119466656469115
      vertex -0.8170162599676267 -0.07341807763848429 59.05
    endloop
  endfacet
  facet normal -0.08871146204366949 0.7022235297512082 0.7064080908128307
    outer loop
      vertex -0.9369065729286241 -0.08856374635655673 59.05
      vertex -0.6845471059286885 -0.22896862742141177 59.22126472647641
      vertex -0.770513242775789 -0.1374239897486902 59.119466656469115
    endloop
  endfacet
  facet normal -0.08871146204370772 0.7022235297511745 0.7064080908128594
    outer loop
      vertex -0.9369065729286241 -0.08856374635655673 59.05
      vertex -0.5877852522924731 -0.30901699437494745 59.31299036374155
      vertex -0.6845471059286885 -0.22896862742141177 59.22126472647641
    endloop
  endfacet
  facet normal 0 0 1
    outer loop
      vertex -1.916006812042826 -0.9282782639029117 59.55
      vertex 1.7 -2.0555136271329086 59.55
      vertex -1.3905764746872633 -0.7202456766718095 59.55
    endloop
  endfacet
  facet normal 0 0 1
    outer loop
      vertex -1.3905764746872633 -0.7202456766718095 59.55
      vertex 1.7 -2.0555136271329086 59.55
      vertex -0.8432159156357617 -0.5797073717209011 59.55
    endloop
  endfacet
  facet normal -0.08871146204435709 0.7022235297506764 0.7064080908132732
    outer loop
      vertex -0.28255733788191195 -0.5088797220727779 59.55
      vertex -0.4817536741017154 -0.3763066800438635 59.393197000170616
      vertex -0.5877852522924731 -0.30901699437494745 59.31299036374155
    endloop
  endfacet
  facet normal -0.08871146204375403 0.7022235297511455 0.7064080908128825
    outer loop
      vertex -0.28255733788191195 -0.5088797220727779 59.55
      vertex -0.28585226388410395 -0.4565083729737198 59.497525103679806
      vertex -0.36812455268467836 -0.4297764858882509 59.460619729194
    endloop
  endfacet
  facet normal -0.08871146204368846 0.7022235297511834 0.706408090812853
    outer loop
      vertex -0.28255733788191195 -0.5088797220727779 59.55
      vertex -0.36812455268467836 -0.4297764858882509 59.460619729194
      vertex -0.4817536741017154 -0.3763066800438635 59.393197000170616
    endloop
  endfacet
  facet normal -0.08871146204366881 0.7022235297512037 0.7064080908128354
    outer loop
      vertex -0.9369065729286241 -0.08856374635655673 59.05
      vertex -0.28255733788191195 -0.5088797220727779 59.55
      vertex -0.5877852522924731 -0.30901699437494745 59.31299036374155
    endloop
  endfacet
  facet normal 1.423745444079571e-13 0.7078047818672195 0.7064080908128798
    outer loop
      vertex -0.28255733788191195 -0.5088797220727779 59.55
      vertex -0.24868988716485443 -0.4685831611286311 59.50962376578069
      vertex -0.28585226388410395 -0.4565083729737198 59.497525103679806
    endloop
  endfacet
  facet normal -1.6213293497785082e-14 0.707804781867286 0.7064080908128132
    outer loop
      vertex -0.28255733788191195 -0.5088797220727779 59.55
      vertex -0.12533323356430406 -0.49211470131447754 59.53320183189412
      vertex -0.24868988716485443 -0.4685831611286311 59.50962376578069
    endloop
  endfacet
  facet normal 1.640794877862362e-14 0.7078047818671331 0.7064080908129663
    outer loop
      vertex -0.28255733788191195 -0.5088797220727779 59.55
      vertex 0 -0.5 59.541102721179854
      vertex -0.12533323356430406 -0.49211470131447754 59.53320183189412
    endloop
  endfacet
  facet normal 0 0 -1
    outer loop
      vertex 0.2354644482349266 -8.74260023160602 52.05
      vertex 0.4817536741017154 -9.623693319956136 52.05
      vertex 0.36812455268467836 -9.570223514111749 52.05
    endloop
  endfacet
  facet normal 0 0 -1
    outer loop
      vertex 0.2354644482349266 -8.74260023160602 52.05
      vertex 0.5877852522924731 -9.690983005625053 52.05
      vertex 0.4817536741017154 -9.623693319956136 52.05
    endloop
  endfacet
  facet normal 0 0 -1
    outer loop
      vertex 0.2354644482349266 -8.74260023160602 52.05
      vertex 0.6845471059286885 -9.771031372578587 52.05
      vertex 0.5877852522924731 -9.690983005625053 52.05
    endloop
  endfacet
  facet normal 0 0 -1
    outer loop
      vertex 0.2354644482349266 -8.74260023160602 52.05
      vertex 0.770513242775789 -9.86257601025131 52.05
      vertex 0.6845471059286885 -9.771031372578587 52.05
    endloop
  endfacet
  facet normal 0 0 -1
    outer loop
      vertex 0.2354644482349266 -8.74260023160602 52.05
      vertex 0 -9.5 52.05
      vertex -0.12533323356430426 -9.507885298685522 52.05
    endloop
  endfacet
  facet normal 0 0 -1
    outer loop
      vertex 0.2354644482349266 -8.74260023160602 52.05
      vertex 0.12533323356430406 -9.507885298685522 52.05
      vertex 0 -9.5 52.05
    endloop
  endfacet
  facet normal 0 0 -1
    outer loop
      vertex 0.2354644482349266 -8.74260023160602 52.05
      vertex 0.24868988716485443 -9.531416838871369 52.05
      vertex 0.12533323356430406 -9.507885298685522 52.05
    endloop
  endfacet
  facet normal 0 0 -1
    outer loop
      vertex 0.2354644482349266 -8.74260023160602 52.05
      vertex 0.36812455268467836 -9.570223514111749 52.05
      vertex 0.24868988716485443 -9.531416838871369 52.05
    endloop
  endfacet
  facet normal 0 0 -1
    outer loop
      vertex 0.9369065729286241 -9.911436253643444 52.05
      vertex 0.8170162599676267 -9.926581922361516 52.05
      vertex 0.770513242775789 -9.86257601025131 52.05
    endloop
  endfacet
  facet normal 0 0 -1
    outer loop
      vertex 0.9369065729286241 -9.911436253643444 52.05
      vertex 0.770513242775789 -9.86257601025131 52.05
      vertex 0.2354644482349266 -8.74260023160602 52.05
    endloop
  endfacet
  facet normal 0 0 -1
    outer loop
      vertex 0.9369065729286241 -9.911436253643444 52.05
      vertex 1.1588137289060527 -8.566461936106826 52.05
      vertex 1.545084971874737 -9.755282581475768 52.05
    endloop
  endfacet
  facet normal 0 0 -1
    outer loop
      vertex 0.9369065729286241 -9.911436253643444 52.05
      vertex 0.2354644482349266 -8.74260023160602 52.05
      vertex 0.7026799296964681 -8.683577190232583 52.05
    endloop
  endfacet
  facet normal 0 0 -1
    outer loop
      vertex 0.9369065729286241 -9.911436253643444 52.05
      vertex 0.7026799296964681 -8.683577190232583 52.05
      vertex 1.1588137289060527 -8.566461936106826 52.05
    endloop
  endfacet
  facet normal 0 0 -1
    outer loop
      vertex 1.1588137289060527 -8.566461936106826 52.05
      vertex 1.5966723433690213 -8.393101446747574 52.05
      vertex 1.545084971874737 -9.755282581475768 52.05
    endloop
  endfacet
  facet normal 0 0 -1
    outer loop
      vertex 1.545084971874737 -9.755282581475768 52.05
      vertex 1.5966723433690213 -8.393101446747574 52.05
      vertex 2.128896457825362 -9.524135262330098 52.05
    endloop
  endfacet
  facet normal 0 0 -1
    outer loop
      vertex 2.128896457825362 -9.524135262330098 52.05
      vertex 2.0093504811712357 -8.166229720632558 52.05
      vertex 2.679133974894981 -9.221639627510076 52.05
    endloop
  endfacet
  facet normal 0 0 -1
    outer loop
      vertex 2.128896457825362 -9.524135262330098 52.05
      vertex 1.5966723433690213 -8.393101446747574 52.05
      vertex 2.0093504811712357 -8.166229720632558 52.05
    endloop
  endfacet
  facet normal 0 0 -1
    outer loop
      vertex 2.0093504811712357 -8.166229720632558 52.05
      vertex 2.3903399615575873 -7.889424660409209 52.05
      vertex 2.679133974894981 -9.221639627510076 52.05
    endloop
  endfacet
  facet normal 0.125333233564299 -0.9921147013144784 0
    outer loop
      vertex 0.9369065729286241 -9.911436253643444 52.05
      vertex 0.9369065729286241 -9.911436253643444 59.05
      vertex 0.8170162599676267 -9.926581922361516 52.05
    endloop
  endfacet
  facet normal 0.24868988716485582 -0.9685831611286309 0
    outer loop
      vertex 0.9369065729286241 -9.911436253643444 52.05
      vertex 1.545084971874737 -9.755282581475768 52.05
      vertex 0.9369065729286241 -9.911436253643444 59.05
    endloop
  endfacet
  facet normal 0.36812455268467803 -0.9297764858882515 0
    outer loop
      vertex 1.545084971874737 -9.755282581475768 52.05
      vertex 2.128896457825362 -9.524135262330098 52.05
      vertex 1.545084971874737 -9.755282581475768 59.05
    endloop
  endfacet
  facet normal 0.4817536741017166 -0.8763066800438628 0
    outer loop
      vertex 2.128896457825362 -9.524135262330098 52.05
      vertex 2.679133974894981 -9.221639627510076 52.05
      vertex 2.128896457825362 -9.524135262330098 59.05
    endloop
  endfacet
  facet normal 0 0 -1
    outer loop
      vertex 2.3903399615575873 -7.889424660409209 52.05
      vertex 2.8935253319229313 -8.983195609844525 52.05
      vertex 2.679133974894981 -9.221639627510076 52.05
    endloop
  endfacet
  facet normal 0 0 -1
    outer loop
      vertex 2.679133974894981 -9.221639627510076 52.05
      vertex 2.8935253319229313 -8.983195609844525 52.05
      vertex 2.905269099817672 -9.057342842177937 52.05
    endloop
  endfacet
  facet normal 0 0 -1
    outer loop
      vertex 2.3903399615575873 -7.889424660409209 52.05
      vertex 2.88958073616028 -8.857676537447883 52.05
      vertex 2.8935253319229313 -8.983195609844525 52.05
    endloop
  endfacet
  facet normal 0 0 -1
    outer loop
      vertex 2.3903399615575873 -7.889424660409209 52.05
      vertex 2.901398955930874 -8.732652831485781 52.05
      vertex 2.88958073616028 -8.857676537447883 52.05
    endloop
  endfacet
  facet normal 0 0 -1
    outer loop
      vertex 2.3903399615575873 -7.889424660409209 52.05
      vertex 2.928793610849069 -8.610096190486782 52.05
      vertex 2.901398955930874 -8.732652831485781 52.05
    endloop
  endfacet
  facet normal 0 0 -1
    outer loop
      vertex 2.3903399615575873 -7.889424660409209 52.05
      vertex 2.9713326708420307 -8.491939405891232 52.05
      vertex 2.928793610849069 -8.610096190486782 52.05
    endloop
  endfacet
  facet normal 0 0 -1
    outer loop
      vertex 2.733632352830294 -7.5670516472325815 52.05
      vertex 3.028345269522068 -8.38004588077564 52.05
      vertex 2.9713326708420307 -8.491939405891232 52.05
    endloop
  endfacet
  facet normal 0 0 -1
    outer loop
      vertex 2.3903399615575873 -7.889424660409209 52.05
      vertex 2.733632352830294 -7.5670516472325815 52.05
      vertex 2.9713326708420307 -8.491939405891232 52.05
    endloop
  endfacet
  facet normal 0 0 -1
    outer loop
      vertex 2.733632352830294 -7.5670516472325815 52.05
      vertex 3.0989322841503215 -8.276180242873036 52.05
      vertex 3.028345269522068 -8.38004588077564 52.05
    endloop
  endfacet
  facet normal 0 0 -1
    outer loop
      vertex 2.733632352830294 -7.5670516472325815 52.05
      vertex 3.1819805153394642 -8.181980515339465 52.05
      vertex 3.0989322841503215 -8.276180242873036 52.05
    endloop
  endfacet
  facet normal 0 0 -1
    outer loop
      vertex 2.733632352830294 -7.5670516472325815 52.05
      vertex 3.2761802428730356 -8.098932284150322 52.05
      vertex 3.1819805153394642 -8.181980515339465 52.05
    endloop
  endfacet
  facet normal 0 0 -1
    outer loop
      vertex 2.733632352830294 -7.5670516472325815 52.05
      vertex 3.0338137289060527 -7.204194696096774 52.05
      vertex 3.2761802428730356 -8.098932284150322 52.05
    endloop
  endfacet
  facet normal 0 0 -1
    outer loop
      vertex 3.0338137289060527 -7.204194696096774 52.05
      vertex 3.38004588077564 -8.028345269522069 52.05
      vertex 3.2761802428730356 -8.098932284150322 52.05
    endloop
  endfacet
  facet normal 0 0 -1
    outer loop
      vertex 3.0338137289060527 -7.204194696096774 52.05
      vertex 3.4919394058912316 -7.971332670842031 52.05
      vertex 3.38004588077564 -8.028345269522069 52.05
    endloop
  endfacet
  facet normal 0 0 -1
    outer loop
      vertex 3.0338137289060527 -7.204194696096774 52.05
      vertex 3.6100961904867828 -7.928793610849068 52.05
      vertex 3.4919394058912316 -7.971332670842031 52.05
    endloop
  endfacet
  facet normal 0 0 -1
    outer loop
      vertex 3.0338137289060527 -7.204194696096774 52.05
      vertex 3.732652831485781 -7.901398955930874 52.05
      vertex 3.6100961904867828 -7.928793610849068 52.05
    endloop
  endfacet
  facet normal 0 0 -1
    outer loop
      vertex 3.0338137289060527 -7.204194696096774 52.05
      vertex 3.857676537447883 -7.88958073616028 52.05
      vertex 3.732652831485781 -7.901398955930874 52.05
    endloop
  endfacet
  facet normal 0 0 -1
    outer loop
      vertex 3.0338137289060527 -7.204194696096774 52.05
      vertex 4.381533400219317 -7.408768370508577 52.05
      vertex 3.857676537447883 -7.88958073616028 52.05
    endloop
  endfacet
  facet normal 0 0 -1
    outer loop
      vertex 4.381533400219317 -7.408768370508577 52.05
      vertex 3.9831956098445254 -7.893525331922931 52.05
      vertex 3.857676537447883 -7.88958073616028 52.05
    endloop
  endfacet
  facet normal 0 0 -1
    outer loop
      vertex 4.381533400219317 -7.408768370508577 52.05
      vertex 4.0656131735386 -7.906578991621529 52.05
      vertex 3.9831956098445254 -7.893525331922931 52.05
    endloop
  endfacet
  facet normal 0.5877852522924709 -0.8090169943749491 0
    outer loop
      vertex 2.679133974894981 -9.221639627510076 52.05
      vertex 2.905269099817672 -9.057342842177937 52.05
      vertex 2.905269099817672 -9.057342842177937 59.05
    endloop
  endfacet
  facet normal 0.8443279255020157 -0.5358267949789955 0
    outer loop
      vertex 4.381533400219317 -7.408768370508577 52.05
      vertex 4.381533400219317 -7.408768370508577 59.05
      vertex 4.0656131735386 -7.906578991621529 52.05
    endloop
  endfacet
  facet normal 0 0 -1
    outer loop
      vertex 3.0338137289060527 -7.204194696096774 52.05
      vertex 3.286150050164488 -6.806576277881433 52.05
      vertex 4.381533400219317 -7.408768370508577 52.05
    endloop
  endfacet
  facet normal 0 0 -1
    outer loop
      vertex 3.286150050164488 -6.806576277881433 52.05
      vertex 3.486661822080942 -6.380467072567544 52.05
      vertex 4.381533400219317 -7.408768370508577 52.05
    endloop
  endfacet
  facet normal 0 0 -1
    outer loop
      vertex 3.486661822080942 -6.380467072567544 52.05
      vertex 4.648882429441256 -6.840622763423392 52.05
      vertex 4.381533400219317 -7.408768370508577 52.05
    endloop
  endfacet
  facet normal 0 0 -1
    outer loop
      vertex 3.486661822080942 -6.380467072567544 52.05
      vertex 4.842915805643156 -6.243449435824273 52.05
      vertex 4.648882429441256 -6.840622763423392 52.05
    endloop
  endfacet
  facet normal 0 0 -1
    outer loop
      vertex 3.486661822080942 -6.380467072567544 52.05
      vertex 3.632186854232367 -5.932587076868204 52.05
      vertex 4.842915805643156 -6.243449435824273 52.05
    endloop
  endfacet
  facet normal 0 0 -1
    outer loop
      vertex 3.632186854232367 -5.932587076868204 52.05
      vertex 3.720430129929292 -5.46999962586614 52.05
      vertex 4.842915805643156 -6.243449435824273 52.05
    endloop
  endfacet
  facet normal 0 0 -1
    outer loop
      vertex 3.720430129929292 -5.46999962586614 52.05
      vertex 3.75 -5 52.05
      vertex 4.531416838871369 -5.248689887164855 52.05
    endloop
  endfacet
  facet normal 0 0 -1
    outer loop
      vertex 3.720430129929292 -5.46999962586614 52.05
      vertex 4.570223514111749 -5.368124552684678 52.05
      vertex 4.6236933199561365 -5.481753674101715 52.05
    endloop
  endfacet
  facet normal 0 0 -1
    outer loop
      vertex 3.720430129929292 -5.46999962586614 52.05
      vertex 4.531416838871369 -5.248689887164855 52.05
      vertex 4.570223514111749 -5.368124552684678 52.05
    endloop
  endfacet
  facet normal 0 0 -1
    outer loop
      vertex 3.75 -5 52.05
      vertex 4.5078852986855225 -5.125333233564304 52.05
      vertex 4.531416838871369 -5.248689887164855 52.05
    endloop
  endfacet
  facet normal 0 0 -1
    outer loop
      vertex 3.75 -5 52.05
      vertex 4.5 -5 52.05
      vertex 4.5078852986855225 -5.125333233564304 52.05
    endloop
  endfacet
  facet normal 0 0 -1
    outer loop
      vertex 3.720430129929292 -5.46999962586614 52.05
      vertex 4.771031372578588 -5.684547105928688 52.05
      vertex 4.86257601025131 -5.770513242775789 52.05
    endloop
  endfacet
  facet normal 0 0 -1
    outer loop
      vertex 3.720430129929292 -5.46999962586614 52.05
      vertex 4.86257601025131 -5.770513242775789 52.05
      vertex 4.842915805643156 -6.243449435824273 52.05
    endloop
  endfacet
  facet normal 0 0 -1
    outer loop
      vertex 4.842915805643156 -6.243449435824273 52.05
      vertex 4.86257601025131 -5.770513242775789 52.05
      vertex 4.924544642165117 -5.81553608926348 52.05
    endloop
  endfacet
  facet normal 0 0 -1
    outer loop
      vertex 3.720430129929292 -5.46999962586614 52.05
      vertex 4.6236933199561365 -5.481753674101715 52.05
      vertex 4.6909830056250525 -5.587785252292473 52.05
    endloop
  endfacet
  facet normal 0 0 -1
    outer loop
      vertex 3.720430129929292 -5.46999962586614 52.05
      vertex 4.6909830056250525 -5.587785252292473 52.05
      vertex 4.771031372578588 -5.684547105928688 52.05
    endloop
  endfacet
  facet normal 0.9048270524660191 -0.4257792915650733 0
    outer loop
      vertex 4.381533400219317 -7.408768370508577 52.05
      vertex 4.648882429441256 -6.840622763423392 52.05
      vertex 4.381533400219317 -7.408768370508577 59.05
    endloop
  endfacet
  facet normal 0.9510565162951535 -0.30901699437494795 0
    outer loop
      vertex 4.648882429441256 -6.840622763423392 52.05
      vertex 4.842915805643156 -6.243449435824273 52.05
      vertex 4.648882429441256 -6.840622763423392 59.05
    endloop
  endfacet
  facet normal 0.9822872507286887 -0.18738131458572452 0
    outer loop
      vertex 4.842915805643156 -6.243449435824273 52.05
      vertex 4.924544642165117 -5.81553608926348 52.05
      vertex 4.924544642165117 -5.81553608926348 59.05
    endloop
  endfacet
  facet normal 0.125333233564299 -0.9921147013144784 0
    outer loop
      vertex 0.9369065729286241 -9.911436253643444 59.05
      vertex 0.8170162599676267 -9.926581922361516 59.05
      vertex 0.8170162599676267 -9.926581922361516 52.05
    endloop
  endfacet
  facet normal 0.24868988716485582 -0.9685831611286309 0
    outer loop
      vertex 1.545084971874737 -9.755282581475768 52.05
      vertex 1.545084971874737 -9.755282581475768 59.05
      vertex 0.9369065729286241 -9.911436253643444 59.05
    endloop
  endfacet
  facet normal 0.36812455268467803 -0.9297764858882515 0
    outer loop
      vertex 2.128896457825362 -9.524135262330098 52.05
      vertex 2.128896457825362 -9.524135262330098 59.05
      vertex 1.545084971874737 -9.755282581475768 59.05
    endloop
  endfacet
  facet normal 0 -0.7078047818674292 0.7064080908126698
    outer loop
      vertex -0.28255733788191195 -9.491120277927223 59.55
      vertex 0 -9.5 59.541102721179854
      vertex 0.28255733788191195 -9.491120277927223 59.55
    endloop
  endfacet
  facet normal -1.7898017476647715e-14 -0.7078047818671448 0.7064080908129545
    outer loop
      vertex 0.28255733788191195 -9.491120277927223 59.55
      vertex 0 -9.5 59.541102721179854
      vertex 0.12533323356430406 -9.507885298685522 59.53320183189412
    endloop
  endfacet
  facet normal 1.3663782972334977e-14 -0.7078047818672928 0.7064080908128066
    outer loop
      vertex 0.28255733788191195 -9.491120277927223 59.55
      vertex 0.12533323356430406 -9.507885298685522 59.53320183189412
      vertex 0.24868988716485443 -9.531416838871369 59.50962376578069
    endloop
  endfacet
  facet normal -1.5956876139627708e-13 -0.70780478186722 0.7064080908128793
    outer loop
      vertex 0.28255733788191195 -9.491120277927223 59.55
      vertex 0.24868988716485443 -9.531416838871369 59.50962376578069
      vertex 0.28585226388410395 -9.543491627026281 59.497525103679806
    endloop
  endfacet
  facet normal 0.08871146204366931 -0.7022235297512076 0.7064080908128315
    outer loop
      vertex 0.28255733788191195 -9.491120277927223 59.55
      vertex 0.5877852522924731 -9.690983005625053 59.31299036374155
      vertex 0.9369065729286241 -9.911436253643444 59.05
    endloop
  endfacet
  facet normal 0.08871146204369146 -0.7022235297511852 0.7064080908128509
    outer loop
      vertex 0.28255733788191195 -9.491120277927223 59.55
      vertex 0.36812455268467836 -9.570223514111749 59.460619729194
      vertex 0.4817536741017154 -9.623693319956136 59.393197000170616
    endloop
  endfacet
  facet normal 0.08871146204376178 -0.7022235297511449 0.7064080908128824
    outer loop
      vertex 0.28255733788191195 -9.491120277927223 59.55
      vertex 0.28585226388410395 -9.543491627026281 59.497525103679806
      vertex 0.36812455268467836 -9.570223514111749 59.460619729194
    endloop
  endfacet
  facet normal 0.08871146204394698 -0.7022235297509948 0.706408090813008
    outer loop
      vertex 0.28255733788191195 -9.491120277927223 59.55
      vertex 0.4817536741017154 -9.623693319956136 59.393197000170616
      vertex 0.5877852522924731 -9.690983005625053 59.31299036374155
    endloop
  endfacet
  facet normal 0 0 1
    outer loop
      vertex 0.8432159156357617 -9.4202926282791 59.55
      vertex 1.3905764746872633 -9.279754323328191 59.55
      vertex -1.7 -7.944486372867091 59.55
    endloop
  endfacet
  facet normal 0 0 1
    outer loop
      vertex 1.3905764746872633 -9.279754323328191 59.55
      vertex 1.916006812042826 -9.07172173609709 59.55
      vertex -1.7 -7.944486372867091 59.55
    endloop
  endfacet
  facet normal 0.0887114620436626 -0.7022235297512104 0.7064080908128295
    outer loop
      vertex 0.9369065729286241 -9.911436253643444 59.05
      vertex 0.5877852522924731 -9.690983005625053 59.31299036374155
      vertex 0.6845471059286885 -9.771031372578587 59.22126472647641
    endloop
  endfacet
  facet normal 0.08871146204369337 -0.7022235297511674 0.7064080908128683
    outer loop
      vertex 0.9369065729286241 -9.911436253643444 59.05
      vertex 0.770513242775789 -9.86257601025131 59.119466656469115
      vertex 0.8170162599676267 -9.926581922361516 59.05
    endloop
  endfacet
  facet normal 0.08871146204366744 -0.702223529751206 0.7064080908128332
    outer loop
      vertex 0.9369065729286241 -9.911436253643444 59.05
      vertex 0.6845471059286885 -9.771031372578587 59.22126472647641
      vertex 0.770513242775789 -9.86257601025131 59.119466656469115
    endloop
  endfacet
  facet normal 0.08871146204369942 -0.7022235297511814 0.7064080908128537
    outer loop
      vertex 0.28255733788191195 -9.491120277927223 59.55
      vertex 0.9369065729286241 -9.911436253643444 59.05
      vertex 0.8432159156357617 -9.4202926282791 59.55
    endloop
  endfacet
  facet normal 0.17602389133731067 -0.6855677930829378 0.7064080908128536
    outer loop
      vertex 0.9369065729286241 -9.911436253643444 59.05
      vertex 1.545084971874737 -9.755282581475768 59.05
      vertex 0.8432159156357617 -9.4202926282791 59.55
    endloop
  endfacet
  facet normal 0 0 1
    outer loop
      vertex 1.916006812042826 -9.07172173609709 59.55
      vertex 1.7 -7.944486372867091 59.55
      vertex -1.7 -7.944486372867091 59.55
    endloop
  endfacet
  facet normal 0.1760238913373107 -0.6855677930829378 0.7064080908128535
    outer loop
      vertex 0.8432159156357617 -9.4202926282791 59.55
      vertex 1.545084971874737 -9.755282581475768 59.05
      vertex 1.3905764746872633 -9.279754323328191 59.55
    endloop
  endfacet
  facet normal 0.2605603187129559 -0.6581002427794279 0.7064080908128536
    outer loop
      vertex 1.545084971874737 -9.755282581475768 59.05
      vertex 2.128896457825362 -9.524135262330098 59.05
      vertex 1.3905764746872633 -9.279754323328191 59.55
    endloop
  endfacet
  facet normal 0.26056031871295526 -0.6581002427794287 0.706408090812853
    outer loop
      vertex 1.3905764746872633 -9.279754323328191 59.55
      vertex 2.128896457825362 -9.524135262330098 59.05
      vertex 1.916006812042826 -9.07172173609709 59.55
    endloop
  endfacet
  facet normal 0.3409875542113099 -0.620254058517257 0.7064080908128532
    outer loop
      vertex 2.128896457825362 -9.524135262330098 59.05
      vertex 2.679133974894981 -9.221639627510076 59.05
      vertex 1.916006812042826 -9.07172173609709 59.55
    endloop
  endfacet
  facet normal 0.34098755421131005 -0.6202540585172568 0.7064080908128533
    outer loop
      vertex 1.916006812042826 -9.07172173609709 59.55
      vertex 2.679133974894981 -9.221639627510076 59.05
      vertex 2.411220577405483 -8.799475664759068 59.55
    endloop
  endfacet
  facet normal 0 0 1
    outer loop
      vertex 1.916006812042826 -9.07172173609709 59.55
      vertex 2.411220577405483 -8.799475664759068 59.55
      vertex 1.7 -7.944486372867091 59.55
    endloop
  endfacet
  facet normal 0 0 1
    outer loop
      vertex 2.411220577405483 -8.799475664759068 59.55
      vertex 2.868407953869105 -8.46730959249105 59.55
      vertex 1.7 -7.944486372867091 59.55
    endloop
  endfacet
  facet normal 0.4817536741017166 -0.8763066800438628 0
    outer loop
      vertex 2.679133974894981 -9.221639627510076 52.05
      vertex 2.679133974894981 -9.221639627510076 59.05
      vertex 2.128896457825362 -9.524135262330098 59.05
    endloop
  endfacet
  facet normal 0.5877852522924709 -0.8090169943749491 0
    outer loop
      vertex 2.679133974894981 -9.221639627510076 52.05
      vertex 2.905269099817672 -9.057342842177937 59.05
      vertex 2.679133974894981 -9.221639627510076 59.05
    endloop
  endfacet
  facet normal 0.8443279255020157 -0.5358267949789955 0
    outer loop
      vertex 4.381533400219317 -7.408768370508577 59.05
      vertex 4.0656131735386 -7.906578991621529 59.05
      vertex 4.0656131735386 -7.906578991621529 52.05
    endloop
  endfacet
  facet normal 0.4160372122836566 -0.5726260972304559 0.7064080908128532
    outer loop
      vertex 2.411220577405483 -8.799475664759068 59.55
      vertex 2.679133974894981 -9.221639627510076 59.05
      vertex 2.905269099817672 -9.057342842177937 59.05
    endloop
  endfacet
  facet normal 0.4160372122836438 -0.5726260972304709 0.7064080908128486
    outer loop
      vertex 2.411220577405483 -8.799475664759068 59.55
      vertex 2.905269099817672 -9.057342842177937 59.05
      vertex 2.8935253319229313 -8.983195609844525 59.11702143611305
    endloop
  endfacet
  facet normal 0.41603721228366747 -0.5726260972304382 0.7064080908128609
    outer loop
      vertex 2.411220577405483 -8.799475664759068 59.55
      vertex 2.8935253319229313 -8.983195609844525 59.11702143611305
      vertex 2.88958073616028 -8.857676537447883 59.22109243435793
    endloop
  endfacet
  facet normal 0.4160372122836512 -0.572626097230472 0.7064080908128432
    outer loop
      vertex 2.411220577405483 -8.799475664759068 59.55
      vertex 2.88958073616028 -8.857676537447883 59.22109243435793
      vertex 2.901398955930874 -8.732652831485781 59.31547841105609
    endloop
  endfacet
  facet normal 0.416037212283655 -0.5726260972304527 0.7064080908128566
    outer loop
      vertex 2.411220577405483 -8.799475664759068 59.55
      vertex 2.901398955930874 -8.732652831485781 59.31547841105609
      vertex 2.928793610849069 -8.610096190486782 59.39869084297155
    endloop
  endfacet
  facet normal 0.41603721228365476 -0.5726260972304515 0.7064080908128577
    outer loop
      vertex 2.411220577405483 -8.799475664759068 59.55
      vertex 2.928793610849069 -8.610096190486782 59.39869084297155
      vertex 2.9463013601201853 -8.561466546114705 59.42779969454587
    endloop
  endfacet
  facet normal 0.4160372122836544 -0.57262609723045 0.7064080908128592
    outer loop
      vertex 2.411220577405483 -8.799475664759068 59.55
      vertex 2.9463013601201853 -8.561466546114705 59.42779969454587
      vertex 2.868407953869105 -8.46730959249105 59.55
    endloop
  endfacet
  facet normal 0 0 1
    outer loop
      vertex 2.868407953869105 -8.46730959249105 59.55
      vertex 3.2803588233963525 -8.080461976679098 59.55
      vertex 1.7 -7.944486372867091 59.55
    endloop
  endfacet
  facet normal 0.4845257149897264 -0.5159674803200558 0.7064080908128582
    outer loop
      vertex 2.868407953869105 -8.46730959249105 59.55
      vertex 2.9463013601201853 -8.561466546114705 59.42779969454587
      vertex 2.9713326708420307 -8.491939405891232 59.46141401739855
    endloop
  endfacet
  facet normal 0.4845257149897102 -0.5159674803200855 0.7064080908128476
    outer loop
      vertex 2.868407953869105 -8.46730959249105 59.55
      vertex 2.9713326708420307 -8.491939405891232 59.46141401739855
      vertex 3.028345269522068 -8.38004588077564 59.50403718447541
    endloop
  endfacet
  facet normal 0.4845257149897039 -0.5159674803200632 0.706408090812868
    outer loop
      vertex 2.868407953869105 -8.46730959249105 59.55
      vertex 3.028345269522068 -8.38004588077564 59.50403718447541
      vertex 3.0989322841503215 -8.276180242873036 59.5314860033676
    endloop
  endfacet
  facet normal 0.4845257149897399 -0.5159674803201125 0.7064080908128075
    outer loop
      vertex 2.868407953869105 -8.46730959249105 59.55
      vertex 3.0989322841503215 -8.276180242873036 59.5314860033676
      vertex 3.1819805153394642 -8.181980515339465 59.54332758980407
    endloop
  endfacet
  facet normal 0 0 1
    outer loop
      vertex 3.2803588233963525 -8.080461976679098 59.55
      vertex 3.6405764746872635 -7.645033635316129 59.55
      vertex 1.7 -7.944486372867091 59.55
    endloop
  endfacet
  facet normal 0.4845257149896987 -0.5159674803200658 0.7064080908128699
    outer loop
      vertex 2.868407953869105 -8.46730959249105 59.55
      vertex 3.1819805153394642 -8.181980515339465 59.54332758980407
      vertex 3.2803588233963525 -8.080461976679098 59.55
    endloop
  endfacet
  facet normal 0.4845257149897937 -0.5159674803201496 0.7064080908127437
    outer loop
      vertex 3.2803588233963525 -8.080461976679098 59.55
      vertex 3.1819805153394642 -8.181980515339465 59.54332758980407
      vertex 3.2761802428730356 -8.098932284150322 59.5393751948929
    endloop
  endfacet
  facet normal 0.4845257149897972 -0.5159674803201492 0.7064080908127414
    outer loop
      vertex 3.2803588233963525 -8.080461976679098 59.55
      vertex 3.2761802428730356 -8.098932284150322 59.5393751948929
      vertex 3.290015285939035 -8.089529998591763 59.536753253597695
    endloop
  endfacet
  facet normal 0.5453729577287597 -0.4511717480211719 0.7064080908127431
    outer loop
      vertex 3.2803588233963525 -8.080461976679098 59.55
      vertex 3.290015285939035 -8.089529998591763 59.536753253597695
      vertex 3.38004588077564 -8.028345269522069 59.50632405706795
    endloop
  endfacet
  facet normal 0 0 1
    outer loop
      vertex 3.6405764746872635 -7.645033635316129 59.55
      vertex 3.9433800601973856 -7.16789153345772 59.55
      vertex 1.7 -7.944486372867091 59.55
    endloop
  endfacet
  facet normal 0.5453729577287306 -0.4511717480210121 0.7064080908128675
    outer loop
      vertex 3.2803588233963525 -8.080461976679098 59.55
      vertex 3.38004588077564 -8.028345269522069 59.50632405706795
      vertex 3.6405764746872635 -7.645033635316129 59.55
    endloop
  endfacet
  facet normal 0.5453729577287467 -0.4511717480210209 0.7064080908128496
    outer loop
      vertex 3.6405764746872635 -7.645033635316129 59.55
      vertex 3.38004588077564 -8.028345269522069 59.50632405706795
      vertex 3.4919394058912316 -7.971332670842031 59.456351202288396
    endloop
  endfacet
  facet normal 0.5453729577287514 -0.4511717480210218 0.7064080908128453
    outer loop
      vertex 3.6405764746872635 -7.645033635316129 59.55
      vertex 3.4919394058912316 -7.971332670842031 59.456351202288396
      vertex 3.6100961904867828 -7.928793610849068 59.39229885970787
    endloop
  endfacet
  facet normal 0.5453729577287242 -0.45117174802102833 0.7064080908128623
    outer loop
      vertex 3.6405764746872635 -7.645033635316129 59.55
      vertex 3.6100961904867828 -7.928793610849068 59.39229885970787
      vertex 3.732652831485781 -7.901398955930874 59.31517717303189
    endloop
  endfacet
  facet normal 0.5453729577287567 -0.4511717480210064 0.706408090812851
    outer loop
      vertex 3.6405764746872635 -7.645033635316129 59.55
      vertex 3.732652831485781 -7.901398955930874 59.31517717303189
      vertex 3.857676537447883 -7.88958073616028 59.22620239732959
    endloop
  endfacet
  facet normal 0.5453729577287607 -0.4511717480210026 0.7064080908128506
    outer loop
      vertex 3.6405764746872635 -7.645033635316129 59.55
      vertex 3.857676537447883 -7.88958073616028 59.22620239732959
      vertex 3.982568842759353 -7.893505634973765 59.12727418527676
    endloop
  endfacet
  facet normal 0.5976193431310897 -0.3792607677353009 0.7064080908174786
    outer loop
      vertex 4.381533400219317 -7.408768370508577 59.05
      vertex 3.982568842759353 -7.893505634973765 59.12727418527676
      vertex 3.9831956098445254 -7.893525331922931 59.12673336698948
    endloop
  endfacet
  facet normal 0.5976193431343838 -0.3792607677387368 0.7064080908128472
    outer loop
      vertex 4.381533400219317 -7.408768370508577 59.05
      vertex 3.9831956098445254 -7.893525331922931 59.12673336698948
      vertex 4.0656131735386 -7.906578991621529 59.05
    endloop
  endfacet
  facet normal 0.5976193431343778 -0.379260767738741 0.7064080908128498
    outer loop
      vertex 3.6405764746872635 -7.645033635316129 59.55
      vertex 3.982568842759353 -7.893505634973765 59.12727418527676
      vertex 4.381533400219317 -7.408768370508577 59.05
    endloop
  endfacet
  facet normal 0.9048270524660191 -0.4257792915650733 0
    outer loop
      vertex 4.648882429441256 -6.840622763423392 52.05
      vertex 4.648882429441256 -6.840622763423392 59.05
      vertex 4.381533400219317 -7.408768370508577 59.05
    endloop
  endfacet
  facet normal 0.9510565162951535 -0.30901699437494795 0
    outer loop
      vertex 4.842915805643156 -6.243449435824273 52.05
      vertex 4.842915805643156 -6.243449435824273 59.05
      vertex 4.648882429441256 -6.840622763423392 59.05
    endloop
  endfacet
  facet normal 0.9822872507286887 -0.18738131458572452 0
    outer loop
      vertex 4.842915805643156 -6.243449435824273 52.05
      vertex 4.924544642165117 -5.81553608926348 59.05
      vertex 4.842915805643156 -6.243449435824273 59.05
    endloop
  endfacet
  facet normal 0 0 1
    outer loop
      vertex 3.9433800601973856 -7.16789153345772 59.55
      vertex 4.183994186497131 -6.656560487081053 59.55
      vertex 1.7 -7.944486372867091 59.55
    endloop
  endfacet
  facet normal 0 0 1
    outer loop
      vertex 4.183994186497131 -6.656560487081053 59.55
      vertex 4.358624225078841 -6.119104492241845 59.55
      vertex 1.7 -7.944486372867091 59.55
    endloop
  endfacet
  facet normal 0 0 1
    outer loop
      vertex 4.358624225078841 -6.119104492241845 59.55
      vertex 4.464516155915151 -5.563999551039368 59.55
      vertex 1.7 -7.944486372867091 59.55
    endloop
  endfacet
  facet normal 0 0 1
    outer loop
      vertex 4.464516155915151 -5.563999551039368 59.55
      vertex 3.4 -5 59.55
      vertex 1.7 -7.944486372867091 59.55
    endloop
  endfacet
  facet normal 0.5976193431343781 -0.3792607677387342 0.7064080908128534
    outer loop
      vertex 3.6405764746872635 -7.645033635316129 59.55
      vertex 4.381533400219317 -7.408768370508577 59.05
      vertex 3.9433800601973856 -7.16789153345772 59.55
    endloop
  endfacet
  facet normal 0.6404409144982938 -0.3013686185898071 0.7064080908128534
    outer loop
      vertex 3.9433800601973856 -7.16789153345772 59.55
      vertex 4.648882429441256 -6.840622763423392 59.05
      vertex 4.183994186497131 -6.656560487081053 59.55
    endloop
  endfacet
  facet normal 0.6404409144982938 -0.30136861858980724 0.7064080908128534
    outer loop
      vertex 3.9433800601973856 -7.16789153345772 59.55
      vertex 4.381533400219317 -7.408768370508577 59.05
      vertex 4.648882429441256 -6.840622763423392 59.05
    endloop
  endfacet
  facet normal 0.6731623500597138 -0.21872370629683194 0.7064080908128535
    outer loop
      vertex 4.183994186497131 -6.656560487081053 59.55
      vertex 4.648882429441256 -6.840622763423392 59.05
      vertex 4.842915805643156 -6.243449435824273 59.05
    endloop
  endfacet
  facet normal 0.6731623500597137 -0.2187237062968315 0.7064080908128536
    outer loop
      vertex 4.183994186497131 -6.656560487081053 59.55
      vertex 4.842915805643156 -6.243449435824273 59.05
      vertex 4.358624225078841 -6.119104492241845 59.55
    endloop
  endfacet
  facet normal 0 0 1
    outer loop
      vertex 4.464516155915151 -5.563999551039368 59.55
      vertex 4.5 -5 59.55
      vertex 3.4 -5 59.55
    endloop
  endfacet
  facet normal 0.6952676132329908 -0.13262939049634287 0.7064080908128594
    outer loop
      vertex 4.358624225078841 -6.119104492241845 59.55
      vertex 4.771031372578588 -5.684547105928688 59.225685691005665
      vertex 4.695439245916252 -5.593171921468062 59.317241540020376
    endloop
  endfacet
  facet normal 0.6952676132329931 -0.1326293904963459 0.7064080908128563
    outer loop
      vertex 4.358624225078841 -6.119104492241845 59.55
      vertex 4.695439245916252 -5.593171921468062 59.317241540020376
      vertex 4.464516155915151 -5.563999551039368 59.55
    endloop
  endfacet
  facet normal 0.695267613232996 -0.13262939049634648 0.7064080908128536
    outer loop
      vertex 4.358624225078841 -6.119104492241845 59.55
      vertex 4.842915805643156 -6.243449435824273 59.05
      vertex 4.924544642165117 -5.81553608926348 59.05
    endloop
  endfacet
  facet normal 0.6952676132329918 -0.132629390496326 0.7064080908128614
    outer loop
      vertex 4.358624225078841 -6.119104492241845 59.55
      vertex 4.924544642165117 -5.81553608926348 59.05
      vertex 4.86257601025131 -5.770513242775789 59.11944447003381
    endloop
  endfacet
  facet normal 0.6952676132330046 -0.13262939049637018 0.7064080908128406
    outer loop
      vertex 4.358624225078841 -6.119104492241845 59.55
      vertex 4.86257601025131 -5.770513242775789 59.11944447003381
      vertex 4.771031372578588 -5.684547105928688 59.225685691005665
    endloop
  endfacet
  facet normal 0.7064080908128539 -0.044443429978736015 0.7064080908128557
    outer loop
      vertex 4.464516155915151 -5.563999551039368 59.55
      vertex 4.6909830056250525 -5.587785252292473 59.32203668081036
      vertex 4.6236933199561365 -5.481753674101715 59.395997307939524
    endloop
  endfacet
  facet normal 0.706408090812865 -0.04444342997878354 0.7064080908128417
    outer loop
      vertex 4.464516155915151 -5.563999551039368 59.55
      vertex 4.6236933199561365 -5.481753674101715 59.395997307939524
      vertex 4.570223514111749 -5.368124552684678 59.45661605214819
    endloop
  endfacet
  facet normal 0.7064080908128615 -0.04444342997877993 0.7064080908128455
    outer loop
      vertex 4.464516155915151 -5.563999551039368 59.55
      vertex 4.570223514111749 -5.368124552684678 59.45661605214819
      vertex 4.531416838871369 -5.248689887164855 59.502936919628304
    endloop
  endfacet
  facet normal 0.7064080908128473 -0.04444342997877473 0.70640809081286
    outer loop
      vertex 4.464516155915151 -5.563999551039368 59.55
      vertex 4.531416838871369 -5.248689887164855 59.502936919628304
      vertex 4.5078852986855225 -5.125333233564304 59.53422940262895
    endloop
  endfacet
  facet normal 0.706408090812862 -0.04444342997877672 0.7064080908128451
    outer loop
      vertex 4.464516155915151 -5.563999551039368 59.55
      vertex 4.5078852986855225 -5.125333233564304 59.53422940262895
      vertex 4.5 -5 59.55
    endloop
  endfacet
  facet normal 0.7064080908128489 -0.04444342997879203 0.7064080908128572
    outer loop
      vertex 4.464516155915151 -5.563999551039368 59.55
      vertex 4.695439245916252 -5.593171921468062 59.317241540020376
      vertex 4.6909830056250525 -5.587785252292473 59.32203668081036
    endloop
  endfacet
  facet normal 0 0 -1
    outer loop
      vertex -0.2354644482349248 -1.2573997683939817 52.05
      vertex 0 -0.5 52.05
      vertex 0.23546444823492657 -1.2573997683939822 52.05
    endloop
  endfacet
  facet normal 0 0 -1
    outer loop
      vertex 0.23546444823492657 -1.2573997683939822 52.05
      vertex 0 -0.5 52.05
      vertex 0.12533323356430426 -0.49211470131447754 52.05
    endloop
  endfacet
  facet normal 0 0 -1
    outer loop
      vertex 0.23546444823492657 -1.2573997683939822 52.05
      vertex 0.12533323356430426 -0.49211470131447754 52.05
      vertex 0.2486898871648548 -0.4685831611286311 52.05
    endloop
  endfacet
  facet normal 0 0 -1
    outer loop
      vertex 0.23546444823492657 -1.2573997683939822 52.05
      vertex 0.2486898871648548 -0.4685831611286311 52.05
      vertex 0.368124552684678 -0.4297764858882509 52.05
    endloop
  endfacet
  facet normal 0 0 -1
    outer loop
      vertex 0.7026799296964681 -1.3164228097674178 52.05
      vertex 0.23546444823492657 -1.2573997683939822 52.05
      vertex 0.368124552684678 -0.4297764858882509 52.05
    endloop
  endfacet
  facet normal 0 0 -1
    outer loop
      vertex 0.7026799296964681 -1.3164228097674178 52.05
      vertex 0.368124552684678 -0.4297764858882509 52.05
      vertex 0.4817536741017153 -0.3763066800438635 52.05
    endloop
  endfacet
  facet normal 0 0 -1
    outer loop
      vertex 0.7026799296964681 -1.3164228097674178 52.05
      vertex 0.4817536741017153 -0.3763066800438635 52.05
      vertex 0.5877852522924731 -0.30901699437494745 52.05
    endloop
  endfacet
  facet normal 0 0 -1
    outer loop
      vertex 0.7026799296964681 -1.3164228097674178 52.05
      vertex 1.545084971874737 -0.24471741852423268 52.05
      vertex 1.158813728906053 -1.4335380638931743 52.05
    endloop
  endfacet
  facet normal 0 0 -1
    outer loop
      vertex 0.7026799296964681 -1.3164228097674178 52.05
      vertex 0.5877852522924731 -0.30901699437494745 52.05
      vertex 0.6845471059286887 -0.22896862742141177 52.05
    endloop
  endfacet
  facet normal 0 0 -1
    outer loop
      vertex 0.7026799296964681 -1.3164228097674178 52.05
      vertex 0.6845471059286887 -0.22896862742141177 52.05
      vertex 0.7705132427757891 -0.1374239897486902 52.05
    endloop
  endfacet
  facet normal 0 0 -1
    outer loop
      vertex 0.7026799296964681 -1.3164228097674178 52.05
      vertex 0.7705132427757891 -0.1374239897486902 52.05
      vertex 0.8170162599676267 -0.07341807763848429 52.05
    endloop
  endfacet
  facet normal 0 0 -1
    outer loop
      vertex 0.7026799296964681 -1.3164228097674178 52.05
      vertex 0.8170162599676267 -0.07341807763848429 52.05
      vertex 0.9369065729286241 -0.08856374635655673 52.05
    endloop
  endfacet
  facet normal 0 0 -1
    outer loop
      vertex 0.7026799296964681 -1.3164228097674178 52.05
      vertex 0.9369065729286241 -0.08856374635655673 52.05
      vertex 1.545084971874737 -0.24471741852423268 52.05
    endloop
  endfacet
  facet normal 0 0 -1
    outer loop
      vertex 1.5966723433690226 -1.6068985532524271 52.05
      vertex 2.128896457825362 -0.47586473766990167 52.05
      vertex 2.0093504811712375 -1.8337702793674433 52.05
    endloop
  endfacet
  facet normal 0 0 -1
    outer loop
      vertex 2.3903399615575873 -2.110575339590792 52.05
      vertex 2.0093504811712375 -1.8337702793674433 52.05
      vertex 2.9713326708420307 -1.5080605941087684 52.05
    endloop
  endfacet
  facet normal 0 0 -1
    outer loop
      vertex 1.158813728906053 -1.4335380638931743 52.05
      vertex 1.545084971874737 -0.24471741852423268 52.05
      vertex 1.5966723433690226 -1.6068985532524271 52.05
    endloop
  endfacet
  facet normal 0 0 -1
    outer loop
      vertex 1.5966723433690226 -1.6068985532524271 52.05
      vertex 1.545084971874737 -0.24471741852423268 52.05
      vertex 2.128896457825362 -0.47586473766990167 52.05
    endloop
  endfacet
  facet normal 0 0 -1
    outer loop
      vertex 2.0093504811712375 -1.8337702793674433 52.05
      vertex 2.128896457825362 -0.47586473766990167 52.05
      vertex 2.679133974894981 -0.7783603724899235 52.05
    endloop
  endfacet
  facet normal 0.12533323356430628 0.9921147013144777 0
    outer loop
      vertex 0.9369065729286241 -0.08856374635655673 52.05
      vertex 0.8170162599676267 -0.07341807763848429 52.05
      vertex 0.8170162599676267 -0.07341807763848429 59.05
    endloop
  endfacet
  facet normal 0.24868988716485582 0.9685831611286309 0
    outer loop
      vertex 0.9369065729286241 -0.08856374635655673 52.05
      vertex 1.545084971874737 -0.24471741852423268 59.05
      vertex 1.545084971874737 -0.24471741852423268 52.05
    endloop
  endfacet
  facet normal 0.36812455268467686 0.929776485888252 0
    outer loop
      vertex 1.545084971874737 -0.24471741852423268 52.05
      vertex 2.128896457825362 -0.47586473766990167 59.05
      vertex 2.128896457825362 -0.47586473766990167 52.05
    endloop
  endfacet
  facet normal 0 0 -1
    outer loop
      vertex 3.033813728906053 -2.795805303903226 52.05
      vertex 4.381533400219317 -2.591231629491423 52.05
      vertex 3.2861500501644882 -3.1934237221185677 52.05
    endloop
  endfacet
  facet normal 0 0 -1
    outer loop
      vertex 3.720430129929292 -4.53000037413386 52.05
      vertex 4.5078852986855225 -4.874666766435696 52.05
      vertex 3.75 -5 52.05
    endloop
  endfacet
  facet normal 0 0 -1
    outer loop
      vertex 3.75 -5 52.05
      vertex 4.5078852986855225 -4.874666766435696 52.05
      vertex 4.5 -5 52.05
    endloop
  endfacet
  facet normal 0 0 -1
    outer loop
      vertex 3.720430129929292 -4.53000037413386 52.05
      vertex 4.531416838871369 -4.751310112835146 52.05
      vertex 4.5078852986855225 -4.874666766435696 52.05
    endloop
  endfacet
  facet normal 0 0 -1
    outer loop
      vertex 3.720430129929292 -4.53000037413386 52.05
      vertex 4.570223514111749 -4.631875447315322 52.05
      vertex 4.531416838871369 -4.751310112835146 52.05
    endloop
  endfacet
  facet normal 0 0 -1
    outer loop
      vertex 3.720430129929292 -4.53000037413386 52.05
      vertex 4.6236933199561365 -4.518246325898285 52.05
      vertex 4.570223514111749 -4.631875447315322 52.05
    endloop
  endfacet
  facet normal 0 0 -1
    outer loop
      vertex 3.720430129929292 -4.53000037413386 52.05
      vertex 3.632186854232367 -4.067412923131796 52.05
      vertex 4.842915805643156 -3.7565505641757277 52.05
    endloop
  endfacet
  facet normal 0 0 -1
    outer loop
      vertex 3.720430129929292 -4.53000037413386 52.05
      vertex 4.6909830056250525 -4.412214747707527 52.05
      vertex 4.6236933199561365 -4.518246325898285 52.05
    endloop
  endfacet
  facet normal 0 0 -1
    outer loop
      vertex 3.720430129929292 -4.53000037413386 52.05
      vertex 4.771031372578588 -4.315452894071312 52.05
      vertex 4.6909830056250525 -4.412214747707527 52.05
    endloop
  endfacet
  facet normal 0 0 -1
    outer loop
      vertex 3.720430129929292 -4.53000037413386 52.05
      vertex 4.86257601025131 -4.229486757224211 52.05
      vertex 4.771031372578588 -4.315452894071312 52.05
    endloop
  endfacet
  facet normal 0 0 -1
    outer loop
      vertex 3.720430129929292 -4.53000037413386 52.05
      vertex 4.842915805643156 -3.7565505641757277 52.05
      vertex 4.86257601025131 -4.229486757224211 52.05
    endloop
  endfacet
  facet normal 0 0 -1
    outer loop
      vertex 4.842915805643156 -3.7565505641757277 52.05
      vertex 4.924544642165117 -4.18446391073652 52.05
      vertex 4.86257601025131 -4.229486757224211 52.05
    endloop
  endfacet
  facet normal 0 0 -1
    outer loop
      vertex 3.632186854232367 -4.067412923131796 52.05
      vertex 3.4866618220809427 -3.6195329274324575 52.05
      vertex 4.648882429441256 -3.159377236576608 52.05
    endloop
  endfacet
  facet normal 0 0 -1
    outer loop
      vertex 3.2861500501644882 -3.1934237221185677 52.05
      vertex 4.648882429441256 -3.159377236576608 52.05
      vertex 3.4866618220809427 -3.6195329274324575 52.05
    endloop
  endfacet
  facet normal 0 0 -1
    outer loop
      vertex 3.2861500501644882 -3.1934237221185677 52.05
      vertex 4.381533400219317 -2.591231629491423 52.05
      vertex 4.648882429441256 -3.159377236576608 52.05
    endloop
  endfacet
  facet normal 0 0 -1
    outer loop
      vertex 3.632186854232367 -4.067412923131796 52.05
      vertex 4.648882429441256 -3.159377236576608 52.05
      vertex 4.842915805643156 -3.7565505641757277 52.05
    endloop
  endfacet
  facet normal 0.9822872507286887 0.1873813145857247 0
    outer loop
      vertex 4.842915805643156 -3.7565505641757277 52.05
      vertex 4.842915805643156 -3.7565505641757277 59.05
      vertex 4.924544642165117 -4.18446391073652 52.05
    endloop
  endfacet
  facet normal 0.9510565162951535 0.3090169943749477 0
    outer loop
      vertex 4.842915805643156 -3.7565505641757277 52.05
      vertex 4.648882429441256 -3.159377236576608 52.05
      vertex 4.842915805643156 -3.7565505641757277 59.05
    endloop
  endfacet
  facet normal 0.9048270524660191 0.4257792915650733 0
    outer loop
      vertex 4.648882429441256 -3.159377236576608 52.05
      vertex 4.381533400219317 -2.591231629491423 52.05
      vertex 4.648882429441256 -3.159377236576608 59.05
    endloop
  endfacet
  facet normal 0 0 -1
    outer loop
      vertex 2.3903399615575873 -2.110575339590792 52.05
      vertex 3.0283452695220685 -1.61995411922436 52.05
      vertex 2.733632352830294 -2.432948352767418 52.05
    endloop
  endfacet
  facet normal 0 0 -1
    outer loop
      vertex 3.033813728906053 -2.795805303903226 52.05
      vertex 2.733632352830294 -2.432948352767418 52.05
      vertex 3.3800458807756404 -1.971654730477932 52.05
    endloop
  endfacet
  facet normal 0 0 -1
    outer loop
      vertex 2.733632352830294 -2.432948352767418 52.05
      vertex 3.0283452695220685 -1.61995411922436 52.05
      vertex 3.0989322841503215 -1.7238197571269644 52.05
    endloop
  endfacet
  facet normal 0 0 -1
    outer loop
      vertex 2.733632352830294 -2.432948352767418 52.05
      vertex 3.1819805153394642 -1.8180194846605358 52.05
      vertex 3.2761802428730356 -1.9010677158496785 52.05
    endloop
  endfacet
  facet normal 0 0 -1
    outer loop
      vertex 2.733632352830294 -2.432948352767418 52.05
      vertex 3.0989322841503215 -1.7238197571269644 52.05
      vertex 3.1819805153394642 -1.8180194846605358 52.05
    endloop
  endfacet
  facet normal 0 0 -1
    outer loop
      vertex 2.0093504811712375 -1.8337702793674433 52.05
      vertex 2.901398955930874 -1.267347168514219 52.05
      vertex 2.9287936108490684 -1.3899038095132172 52.05
    endloop
  endfacet
  facet normal 0 0 -1
    outer loop
      vertex 2.0093504811712375 -1.8337702793674433 52.05
      vertex 2.88958073616028 -1.1423234625521168 52.05
      vertex 2.901398955930874 -1.267347168514219 52.05
    endloop
  endfacet
  facet normal 0 0 -1
    outer loop
      vertex 2.0093504811712375 -1.8337702793674433 52.05
      vertex 2.8935253319229313 -1.0168043901554746 52.05
      vertex 2.88958073616028 -1.1423234625521168 52.05
    endloop
  endfacet
  facet normal 0 0 -1
    outer loop
      vertex 2.0093504811712375 -1.8337702793674433 52.05
      vertex 2.9287936108490684 -1.3899038095132172 52.05
      vertex 2.9713326708420307 -1.5080605941087684 52.05
    endloop
  endfacet
  facet normal 0 0 -1
    outer loop
      vertex 2.3903399615575873 -2.110575339590792 52.05
      vertex 2.9713326708420307 -1.5080605941087684 52.05
      vertex 3.0283452695220685 -1.61995411922436 52.05
    endloop
  endfacet
  facet normal 0 0 -1
    outer loop
      vertex 3.033813728906053 -2.795805303903226 52.05
      vertex 3.3800458807756404 -1.971654730477932 52.05
      vertex 3.4919394058912316 -2.0286673291579693 52.05
    endloop
  endfacet
  facet normal 0 0 -1
    outer loop
      vertex 3.033813728906053 -2.795805303903226 52.05
      vertex 3.4919394058912316 -2.0286673291579693 52.05
      vertex 3.6100961904867823 -2.071206389150931 52.05
    endloop
  endfacet
  facet normal 0 0 -1
    outer loop
      vertex 2.733632352830294 -2.432948352767418 52.05
      vertex 3.2761802428730356 -1.9010677158496785 52.05
      vertex 3.3800458807756404 -1.971654730477932 52.05
    endloop
  endfacet
  facet normal 0 0 -1
    outer loop
      vertex 3.033813728906053 -2.795805303903226 52.05
      vertex 3.6100961904867823 -2.071206389150931 52.05
      vertex 3.732652831485781 -2.098601044069126 52.05
    endloop
  endfacet
  facet normal 0 0 -1
    outer loop
      vertex 3.033813728906053 -2.795805303903226 52.05
      vertex 3.732652831485781 -2.098601044069126 52.05
      vertex 3.857676537447883 -2.11041926383972 52.05
    endloop
  endfacet
  facet normal 0 0 -1
    outer loop
      vertex 3.033813728906053 -2.795805303903226 52.05
      vertex 3.857676537447883 -2.11041926383972 52.05
      vertex 3.9831956098445254 -2.1064746680770687 52.05
    endloop
  endfacet
  facet normal 0 0 -1
    outer loop
      vertex 2.0093504811712375 -1.8337702793674433 52.05
      vertex 2.679133974894981 -0.7783603724899235 52.05
      vertex 2.8935253319229313 -1.0168043901554746 52.05
    endloop
  endfacet
  facet normal 0 0 -1
    outer loop
      vertex 2.679133974894981 -0.7783603724899235 52.05
      vertex 2.905269099817672 -0.9426571578220635 52.05
      vertex 2.8935253319229313 -1.0168043901554746 52.05
    endloop
  endfacet
  facet normal 0 0 -1
    outer loop
      vertex 3.033813728906053 -2.795805303903226 52.05
      vertex 3.9831956098445254 -2.1064746680770687 52.05
      vertex 4.381533400219317 -2.591231629491423 52.05
    endloop
  endfacet
  facet normal 0 0 -1
    outer loop
      vertex 4.381533400219317 -2.591231629491423 52.05
      vertex 3.9831956098445254 -2.1064746680770687 52.05
      vertex 4.0656131735386 -2.0934210083784706 52.05
    endloop
  endfacet
  facet normal 0.587785252292473 0.8090169943749476 0
    outer loop
      vertex 2.679133974894981 -0.7783603724899235 52.05
      vertex 2.679133974894981 -0.7783603724899235 59.05
      vertex 2.905269099817672 -0.9426571578220635 52.05
    endloop
  endfacet
  facet normal 0.48175367410171543 0.8763066800438634 0
    outer loop
      vertex 2.128896457825362 -0.47586473766990167 52.05
      vertex 2.679133974894981 -0.7783603724899235 59.05
      vertex 2.679133974894981 -0.7783603724899235 52.05
    endloop
  endfacet
  facet normal 0.8443279255020157 0.5358267949789955 0
    outer loop
      vertex 4.381533400219317 -2.591231629491423 52.05
      vertex 4.0656131735386 -2.0934210083784706 52.05
      vertex 4.0656131735386 -2.0934210083784706 59.05
    endloop
  endfacet
  facet normal 0.12533323356430628 0.9921147013144777 0
    outer loop
      vertex 0.9369065729286241 -0.08856374635655673 52.05
      vertex 0.8170162599676267 -0.07341807763848429 59.05
      vertex 0.9369065729286241 -0.08856374635655673 59.05
    endloop
  endfacet
  facet normal 0.24868988716485582 0.9685831611286309 0
    outer loop
      vertex 0.9369065729286241 -0.08856374635655673 52.05
      vertex 0.9369065729286241 -0.08856374635655673 59.05
      vertex 1.545084971874737 -0.24471741852423268 59.05
    endloop
  endfacet
  facet normal 0.36812455268467686 0.929776485888252 0
    outer loop
      vertex 1.545084971874737 -0.24471741852423268 52.05
      vertex 1.545084971874737 -0.24471741852423268 59.05
      vertex 2.128896457825362 -0.47586473766990167 59.05
    endloop
  endfacet
  facet normal 0.48175367410171543 0.8763066800438634 0
    outer loop
      vertex 2.128896457825362 -0.47586473766990167 52.05
      vertex 2.128896457825362 -0.47586473766990167 59.05
      vertex 2.679133974894981 -0.7783603724899235 59.05
    endloop
  endfacet
  facet normal 0 0 1
    outer loop
      vertex -0.8432159156357617 -0.5797073717209011 59.55
      vertex 1.7 -2.0555136271329086 59.55
      vertex -0.28255733788191195 -0.5088797220727779 59.55
    endloop
  endfacet
  facet normal 0 0 1
    outer loop
      vertex -0.28255733788191195 -0.5088797220727779 59.55
      vertex 1.7 -2.0555136271329086 59.55
      vertex 0.28255733788191195 -0.5088797220727779 59.55
    endloop
  endfacet
  facet normal 0 0.7078047818673939 0.7064080908127051
    outer loop
      vertex -0.28255733788191195 -0.5088797220727779 59.55
      vertex 0.28255733788191195 -0.5088797220727779 59.55
      vertex 0 -0.5 59.541102721179854
    endloop
  endfacet
  facet normal -1.640794877862361e-14 0.7078047818671331 0.7064080908129663
    outer loop
      vertex 0.28255733788191195 -0.5088797220727779 59.55
      vertex 0.12533323356430426 -0.49211470131447754 59.53320183189412
      vertex 0 -0.5 59.541102721179854
    endloop
  endfacet
  facet normal 1.6213293497785088e-14 0.707804781867286 0.7064080908128133
    outer loop
      vertex 0.28255733788191195 -0.5088797220727779 59.55
      vertex 0.2486898871648548 -0.4685831611286311 59.50962376578069
      vertex 0.12533323356430426 -0.49211470131447754 59.53320183189412
    endloop
  endfacet
  facet normal -1.4237454440795851e-13 0.7078047818672194 0.7064080908128798
    outer loop
      vertex 0.28255733788191195 -0.5088797220727779 59.55
      vertex 0.28585226388410395 -0.4565083729737198 59.497525103679806
      vertex 0.2486898871648548 -0.4685831611286311 59.50962376578069
    endloop
  endfacet
  facet normal 0.0887114620436956 0.7022235297511511 0.7064080908128844
    outer loop
      vertex 0.28255733788191195 -0.5088797220727779 59.55
      vertex 0.8432159156357617 -0.5797073717209011 59.55
      vertex 0.28585226388410395 -0.4565083729737198 59.497525103679806
    endloop
  endfacet
  facet normal 0.08871146204371223 0.7022235297512034 0.7064080908128304
    outer loop
      vertex 0.8432159156357617 -0.5797073717209011 59.55
      vertex 0.368124552684678 -0.4297764858882509 59.460619729194
      vertex 0.28585226388410395 -0.4565083729737198 59.497525103679806
    endloop
  endfacet
  facet normal 0.08871146204369716 0.7022235297511741 0.7064080908128612
    outer loop
      vertex 0.8432159156357617 -0.5797073717209011 59.55
      vertex 0.4817536741017153 -0.3763066800438635 59.393197000170616
      vertex 0.368124552684678 -0.4297764858882509 59.460619729194
    endloop
  endfacet
  facet normal 0 0 1
    outer loop
      vertex 0.28255733788191195 -0.5088797220727779 59.55
      vertex 1.7 -2.0555136271329086 59.55
      vertex 0.8432159156357617 -0.5797073717209011 59.55
    endloop
  endfacet
  facet normal 0.08871146204371033 0.7022235297511865 0.7064080908128472
    outer loop
      vertex 0.8432159156357617 -0.5797073717209011 59.55
      vertex 0.5877852522924731 -0.30901699437494745 59.31299036374155
      vertex 0.4817536741017153 -0.3763066800438635 59.393197000170616
    endloop
  endfacet
  facet normal 0.08871146204368618 0.7022235297511835 0.7064080908128533
    outer loop
      vertex 0.8432159156357617 -0.5797073717209011 59.55
      vertex 0.9369065729286241 -0.08856374635655673 59.05
      vertex 0.7705132427757891 -0.1374239897486902 59.119466656469115
    endloop
  endfacet
  facet normal 0.08871146204369834 0.7022235297511655 0.7064080908128697
    outer loop
      vertex 0.9369065729286241 -0.08856374635655673 59.05
      vertex 0.8170162599676267 -0.07341807763848429 59.05
      vertex 0.7705132427757891 -0.1374239897486902 59.119466656469115
    endloop
  endfacet
  facet normal 0.08871146204371645 0.7022235297511842 0.7064080908128487
    outer loop
      vertex 0.8432159156357617 -0.5797073717209011 59.55
      vertex 0.7705132427757891 -0.1374239897486902 59.119466656469115
      vertex 0.6845471059286887 -0.22896862742141177 59.22126472647641
    endloop
  endfacet
  facet normal 0.08871146204369738 0.7022235297511809 0.7064080908128544
    outer loop
      vertex 0.8432159156357617 -0.5797073717209011 59.55
      vertex 0.6845471059286887 -0.22896862742141177 59.22126472647641
      vertex 0.5877852522924731 -0.30901699437494745 59.31299036374155
    endloop
  endfacet
  facet normal 0.1760238913373107 0.6855677930829378 0.7064080908128535
    outer loop
      vertex 0.8432159156357617 -0.5797073717209011 59.55
      vertex 1.3905764746872633 -0.7202456766718095 59.55
      vertex 0.9369065729286241 -0.08856374635655673 59.05
    endloop
  endfacet
  facet normal 0 0 1
    outer loop
      vertex 1.916006812042826 -0.9282782639029117 59.55
      vertex 1.7 -2.0555136271329086 59.55
      vertex 2.411220577405483 -1.2005243352409312 59.55
    endloop
  endfacet
  facet normal 0 0 1
    outer loop
      vertex 0.8432159156357617 -0.5797073717209011 59.55
      vertex 1.7 -2.0555136271329086 59.55
      vertex 1.3905764746872633 -0.7202456766718095 59.55
    endloop
  endfacet
  facet normal 0 0 1
    outer loop
      vertex 1.3905764746872633 -0.7202456766718095 59.55
      vertex 1.7 -2.0555136271329086 59.55
      vertex 1.916006812042826 -0.9282782639029117 59.55
    endloop
  endfacet
  facet normal 0.17602389133731067 0.6855677930829378 0.7064080908128536
    outer loop
      vertex 0.9369065729286241 -0.08856374635655673 59.05
      vertex 1.3905764746872633 -0.7202456766718095 59.55
      vertex 1.545084971874737 -0.24471741852423268 59.05
    endloop
  endfacet
  facet normal 0.2605603187129551 0.6581002427794282 0.7064080908128536
    outer loop
      vertex 1.3905764746872633 -0.7202456766718095 59.55
      vertex 1.916006812042826 -0.9282782639029117 59.55
      vertex 1.545084971874737 -0.24471741852423268 59.05
    endloop
  endfacet
  facet normal 0.34098755421130855 0.6202540585172571 0.7064080908128537
    outer loop
      vertex 1.916006812042826 -0.9282782639029117 59.55
      vertex 2.411220577405483 -1.2005243352409312 59.55
      vertex 2.128896457825362 -0.47586473766990167 59.05
    endloop
  endfacet
  facet normal 0.34098755421130894 0.6202540585172571 0.7064080908128535
    outer loop
      vertex 2.411220577405483 -1.2005243352409312 59.55
      vertex 2.679133974894981 -0.7783603724899235 59.05
      vertex 2.128896457825362 -0.47586473766990167 59.05
    endloop
  endfacet
  facet normal 0.26056031871295504 0.6581002427794282 0.7064080908128536
    outer loop
      vertex 1.545084971874737 -0.24471741852423268 59.05
      vertex 1.916006812042826 -0.9282782639029117 59.55
      vertex 2.128896457825362 -0.47586473766990167 59.05
    endloop
  endfacet
  facet normal 0.9822872507286887 0.1873813145857247 0
    outer loop
      vertex 4.842915805643156 -3.7565505641757277 59.05
      vertex 4.924544642165117 -4.18446391073652 59.05
      vertex 4.924544642165117 -4.18446391073652 52.05
    endloop
  endfacet
  facet normal 0.9510565162951535 0.3090169943749477 0
    outer loop
      vertex 4.648882429441256 -3.159377236576608 52.05
      vertex 4.648882429441256 -3.159377236576608 59.05
      vertex 4.842915805643156 -3.7565505641757277 59.05
    endloop
  endfacet
  facet normal 0.9048270524660191 0.4257792915650733 0
    outer loop
      vertex 4.381533400219317 -2.591231629491423 52.05
      vertex 4.381533400219317 -2.591231629491423 59.05
      vertex 4.648882429441256 -3.159377236576608 59.05
    endloop
  endfacet
  facet normal 0 0 1
    outer loop
      vertex 2.411220577405483 -1.2005243352409312 59.55
      vertex 1.7 -2.0555136271329086 59.55
      vertex 3.4 -5 59.55
    endloop
  endfacet
  facet normal 0 0 1
    outer loop
      vertex 2.411220577405483 -1.2005243352409312 59.55
      vertex 3.4 -5 59.55
      vertex 2.868407953869105 -1.5326904075089494 59.55
    endloop
  endfacet
  facet normal 0 0 1
    outer loop
      vertex 3.9433800601973856 -2.8321084665422807 59.55
      vertex 3.6405764746872635 -2.3549663646838708 59.55
      vertex 3.4 -5 59.55
    endloop
  endfacet
  facet normal 0 0 1
    outer loop
      vertex 2.868407953869105 -1.5326904075089494 59.55
      vertex 3.4 -5 59.55
      vertex 3.2803588233963525 -1.9195380233209018 59.55
    endloop
  endfacet
  facet normal 0 0 1
    outer loop
      vertex 3.2803588233963525 -1.9195380233209018 59.55
      vertex 3.4 -5 59.55
      vertex 3.6405764746872635 -2.3549663646838708 59.55
    endloop
  endfacet
  facet normal 0 0 1
    outer loop
      vertex 4.464516155915151 -4.436000448960632 59.55
      vertex 3.4 -5 59.55
      vertex 4.5 -5 59.55
    endloop
  endfacet
  facet normal 0 0 1
    outer loop
      vertex 4.358624225078841 -3.8808955077581553 59.55
      vertex 3.4 -5 59.55
      vertex 4.464516155915151 -4.436000448960632 59.55
    endloop
  endfacet
  facet normal 0 0 1
    outer loop
      vertex 4.358624225078841 -3.8808955077581553 59.55
      vertex 4.183994186497131 -3.3434395129189474 59.55
      vertex 3.4 -5 59.55
    endloop
  endfacet
  facet normal 0.706408090812862 0.04444342997877672 0.7064080908128451
    outer loop
      vertex 4.464516155915151 -4.436000448960632 59.55
      vertex 4.5 -5 59.55
      vertex 4.5078852986855225 -4.874666766435696 59.53422940262895
    endloop
  endfacet
  facet normal 0.7064080908128477 0.0444434299787748 0.7064080908128595
    outer loop
      vertex 4.464516155915151 -4.436000448960632 59.55
      vertex 4.5078852986855225 -4.874666766435696 59.53422940262895
      vertex 4.531416838871369 -4.751310112835146 59.502936919628304
    endloop
  endfacet
  facet normal 0.7064080908128614 0.04444342997877974 0.7064080908128456
    outer loop
      vertex 4.464516155915151 -4.436000448960632 59.55
      vertex 4.531416838871369 -4.751310112835146 59.502936919628304
      vertex 4.570223514111749 -4.631875447315322 59.45661605214819
    endloop
  endfacet
  facet normal 0.706408090812865 0.04444342997878354 0.7064080908128417
    outer loop
      vertex 4.464516155915151 -4.436000448960632 59.55
      vertex 4.570223514111749 -4.631875447315322 59.45661605214819
      vertex 4.6236933199561365 -4.518246325898285 59.395997307939524
    endloop
  endfacet
  facet normal 0.7064080908128539 0.044443429978736015 0.7064080908128557
    outer loop
      vertex 4.464516155915151 -4.436000448960632 59.55
      vertex 4.6236933199561365 -4.518246325898285 59.395997307939524
      vertex 4.6909830056250525 -4.412214747707527 59.32203668081036
    endloop
  endfacet
  facet normal 0.7064080908128489 0.04444342997879203 0.7064080908128572
    outer loop
      vertex 4.464516155915151 -4.436000448960632 59.55
      vertex 4.6909830056250525 -4.412214747707527 59.32203668081036
      vertex 4.695439245916252 -4.406828078531938 59.317241540020376
    endloop
  endfacet
  facet normal 0.6952676132329959 0.13262939049634642 0.7064080908128535
    outer loop
      vertex 4.358624225078841 -3.8808955077581553 59.55
      vertex 4.464516155915151 -4.436000448960632 59.55
      vertex 4.842915805643156 -3.7565505641757277 59.05
    endloop
  endfacet
  facet normal 0.6952676132329817 0.13262939049635664 0.7064080908128657
    outer loop
      vertex 4.842915805643156 -3.7565505641757277 59.05
      vertex 4.695439245916252 -4.406828078531938 59.317241540020376
      vertex 4.771031372578588 -4.315452894071312 59.225685691005665
    endloop
  endfacet
  facet normal 0.6952676132330207 0.13262939049634062 0.7064080908128305
    outer loop
      vertex 4.842915805643156 -3.7565505641757277 59.05
      vertex 4.771031372578588 -4.315452894071312 59.225685691005665
      vertex 4.86257601025131 -4.229486757224211 59.11944447003381
    endloop
  endfacet
  facet normal 0.6952676132329925 0.1326293904963504 0.7064080908128564
    outer loop
      vertex 4.464516155915151 -4.436000448960632 59.55
      vertex 4.695439245916252 -4.406828078531938 59.317241540020376
      vertex 4.842915805643156 -3.7565505641757277 59.05
    endloop
  endfacet
  facet normal 0.6952676132329837 0.13262939049634426 0.7064080908128659
    outer loop
      vertex 4.842915805643156 -3.7565505641757277 59.05
      vertex 4.86257601025131 -4.229486757224211 59.11944447003381
      vertex 4.924544642165117 -4.18446391073652 59.05
    endloop
  endfacet
  facet normal 0 0 1
    outer loop
      vertex 4.183994186497131 -3.3434395129189474 59.55
      vertex 3.9433800601973856 -2.8321084665422807 59.55
      vertex 3.4 -5 59.55
    endloop
  endfacet
  facet normal 0.6404409144982935 0.3013686185898073 0.7064080908128535
    outer loop
      vertex 4.183994186497131 -3.3434395129189474 59.55
      vertex 4.381533400219317 -2.591231629491423 59.05
      vertex 3.9433800601973856 -2.8321084665422807 59.55
    endloop
  endfacet
  facet normal 0.6731623500597139 0.21872370629683158 0.7064080908128535
    outer loop
      vertex 4.358624225078841 -3.8808955077581553 59.55
      vertex 4.648882429441256 -3.159377236576608 59.05
      vertex 4.183994186497131 -3.3434395129189474 59.55
    endloop
  endfacet
  facet normal 0.6731623500597136 0.21872370629683172 0.7064080908128536
    outer loop
      vertex 4.358624225078841 -3.8808955077581553 59.55
      vertex 4.842915805643156 -3.7565505641757277 59.05
      vertex 4.648882429441256 -3.159377236576608 59.05
    endloop
  endfacet
  facet normal 0.6404409144982937 0.3013686185898072 0.7064080908128535
    outer loop
      vertex 4.183994186497131 -3.3434395129189474 59.55
      vertex 4.648882429441256 -3.159377236576608 59.05
      vertex 4.381533400219317 -2.591231629491423 59.05
    endloop
  endfacet
  facet normal 0.587785252292473 0.8090169943749476 0
    outer loop
      vertex 2.679133974894981 -0.7783603724899235 59.05
      vertex 2.905269099817672 -0.9426571578220635 59.05
      vertex 2.905269099817672 -0.9426571578220635 52.05
    endloop
  endfacet
  facet normal 0.8443279255020157 0.5358267949789955 0
    outer loop
      vertex 4.381533400219317 -2.591231629491423 52.05
      vertex 4.0656131735386 -2.0934210083784706 59.05
      vertex 4.381533400219317 -2.591231629491423 59.05
    endloop
  endfacet
  facet normal 0.4845257149897035 0.5159674803200612 0.70640809081287
    outer loop
      vertex 2.868407953869105 -1.5326904075089494 59.55
      vertex 3.0989322841503215 -1.7238197571269644 59.5314860033676
      vertex 3.0283452695220685 -1.61995411922436 59.50403718447541
    endloop
  endfacet
  facet normal 0.48452571498973884 0.5159674803201095 0.7064080908128102
    outer loop
      vertex 2.868407953869105 -1.5326904075089494 59.55
      vertex 3.1819805153394642 -1.8180194846605358 59.54332758980407
      vertex 3.0989322841503215 -1.7238197571269644 59.5314860033676
    endloop
  endfacet
  facet normal 0.41603721228366125 0.5726260972304474 0.7064080908128573
    outer loop
      vertex 2.868407953869105 -1.5326904075089494 59.55
      vertex 2.9463013601201853 -1.4385334538852956 59.42779969454587
      vertex 2.9287936108490684 -1.3899038095132172 59.39869084297155
    endloop
  endfacet
  facet normal 0.41603721228364676 0.5726260972304554 0.7064080908128593
    outer loop
      vertex 2.868407953869105 -1.5326904075089494 59.55
      vertex 2.9287936108490684 -1.3899038095132172 59.39869084297155
      vertex 2.901398955930874 -1.267347168514219 59.31547841105609
    endloop
  endfacet
  facet normal 0.4845257149897112 0.5159674803200888 0.7064080908128444
    outer loop
      vertex 2.868407953869105 -1.5326904075089494 59.55
      vertex 3.0283452695220685 -1.61995411922436 59.50403718447541
      vertex 2.9713326708420307 -1.5080605941087684 59.46141401739855
    endloop
  endfacet
  facet normal 0.48452571498972924 0.515967480320056 0.7064080908128563
    outer loop
      vertex 2.868407953869105 -1.5326904075089494 59.55
      vertex 2.9713326708420307 -1.5080605941087684 59.46141401739855
      vertex 2.9463013601201853 -1.4385334538852956 59.42779969454587
    endloop
  endfacet
  facet normal 0.5453729577286908 0.45117174802098997 0.7064080908129126
    outer loop
      vertex 3.6405764746872635 -2.3549663646838708 59.55
      vertex 3.3800458807756404 -1.971654730477932 59.50632405706795
      vertex 3.290015285939035 -1.9104700014082376 59.536753253597695
    endloop
  endfacet
  facet normal 0.5453729577287484 0.45117174802102183 0.7064080908128476
    outer loop
      vertex 3.6405764746872635 -2.3549663646838708 59.55
      vertex 3.4919394058912316 -2.0286673291579693 59.456351202288396
      vertex 3.3800458807756404 -1.971654730477932 59.50632405706795
    endloop
  endfacet
  facet normal 0.5453729577288348 0.45117174802109816 0.7064080908127323
    outer loop
      vertex 3.2803588233963525 -1.9195380233209018 59.55
      vertex 3.6405764746872635 -2.3549663646838708 59.55
      vertex 3.290015285939035 -1.9104700014082376 59.536753253597695
    endloop
  endfacet
  facet normal 0.5453729577287493 0.45117174802102195 0.7064080908128471
    outer loop
      vertex 3.6405764746872635 -2.3549663646838708 59.55
      vertex 3.6100961904867823 -2.071206389150931 59.39229885970787
      vertex 3.4919394058912316 -2.0286673291579693 59.456351202288396
    endloop
  endfacet
  facet normal 0.5453729577287547 0.45117174802102067 0.7064080908128435
    outer loop
      vertex 3.6405764746872635 -2.3549663646838708 59.55
      vertex 3.732652831485781 -2.098601044069126 59.315177173031884
      vertex 3.6100961904867823 -2.071206389150931 59.39229885970787
    endloop
  endfacet
  facet normal 0.4845257149897143 0.5159674803200818 0.7064080908128475
    outer loop
      vertex 2.868407953869105 -1.5326904075089494 59.55
      vertex 3.2803588233963525 -1.9195380233209018 59.55
      vertex 3.1819805153394642 -1.8180194846605358 59.54332758980407
    endloop
  endfacet
  facet normal 0.484525714989809 0.5159674803201653 0.7064080908127216
    outer loop
      vertex 3.2803588233963525 -1.9195380233209018 59.55
      vertex 3.2761802428730356 -1.9010677158496785 59.5393751948929
      vertex 3.1819805153394642 -1.8180194846605358 59.54332758980407
    endloop
  endfacet
  facet normal 0.48452571498979125 0.5159674803201674 0.7064080908127323
    outer loop
      vertex 3.2803588233963525 -1.9195380233209018 59.55
      vertex 3.290015285939035 -1.9104700014082376 59.536753253597695
      vertex 3.2761802428730356 -1.9010677158496785 59.5393751948929
    endloop
  endfacet
  facet normal 0.4160372122836578 0.5726260972304547 0.7064080908128535
    outer loop
      vertex 2.411220577405483 -1.2005243352409312 59.55
      vertex 2.868407953869105 -1.5326904075089494 59.55
      vertex 2.679133974894981 -0.7783603724899235 59.05
    endloop
  endfacet
  facet normal 0.41603721228369833 0.5726260972304604 0.7064080908128247
    outer loop
      vertex 2.679133974894981 -0.7783603724899235 59.05
      vertex 2.901398955930874 -1.267347168514219 59.31547841105609
      vertex 2.88958073616028 -1.1423234625521168 59.22109243435793
    endloop
  endfacet
  facet normal 0.4160372122836463 0.5726260972304557 0.7064080908128594
    outer loop
      vertex 2.868407953869105 -1.5326904075089494 59.55
      vertex 2.901398955930874 -1.267347168514219 59.31547841105609
      vertex 2.679133974894981 -0.7783603724899235 59.05
    endloop
  endfacet
  facet normal 0.4160372122836638 0.5726260972304628 0.7064080908128433
    outer loop
      vertex 2.679133974894981 -0.7783603724899235 59.05
      vertex 2.8935253319229313 -1.0168043901554746 59.11702143611305
      vertex 2.905269099817672 -0.9426571578220635 59.05
    endloop
  endfacet
  facet normal 0.41603721228363805 0.5726260972304474 0.7064080908128709
    outer loop
      vertex 2.679133974894981 -0.7783603724899235 59.05
      vertex 2.88958073616028 -1.1423234625521168 59.22109243435793
      vertex 2.8935253319229313 -1.0168043901554746 59.11702143611305
    endloop
  endfacet
  facet normal 0.5976193431343814 0.3792607677387359 0.7064080908128497
    outer loop
      vertex 3.9433800601973856 -2.8321084665422807 59.55
      vertex 3.982568842759353 -2.1064943650262347 59.12727418527676
      vertex 3.6405764746872635 -2.3549663646838708 59.55
    endloop
  endfacet
  facet normal 0.5976193431295566 0.37926076774074813 0.7064080908158509
    outer loop
      vertex 3.9433800601973856 -2.8321084665422807 59.55
      vertex 3.9831956098445254 -2.1064746680770687 59.12673336698948
      vertex 3.982568842759353 -2.1064943650262347 59.12727418527676
    endloop
  endfacet
  facet normal 0.5453729577287214 0.45117174802104304 0.7064080908128549
    outer loop
      vertex 3.6405764746872635 -2.3549663646838708 59.55
      vertex 3.857676537447883 -2.11041926383972 59.22620239732959
      vertex 3.732652831485781 -2.098601044069126 59.315177173031884
    endloop
  endfacet
  facet normal 0.5453729577287607 0.4511717480210026 0.7064080908128506
    outer loop
      vertex 3.6405764746872635 -2.3549663646838708 59.55
      vertex 3.982568842759353 -2.1064943650262347 59.12727418527676
      vertex 3.857676537447883 -2.11041926383972 59.22620239732959
    endloop
  endfacet
  facet normal 0.5976193431343791 0.37926076773873196 0.7064080908128536
    outer loop
      vertex 3.9433800601973856 -2.8321084665422807 59.55
      vertex 4.381533400219317 -2.591231629491423 59.05
      vertex 3.9831956098445254 -2.1064746680770687 59.12673336698948
    endloop
  endfacet
  facet normal 0.5976193431343838 0.3792607677387368 0.7064080908128472
    outer loop
      vertex 4.381533400219317 -2.591231629491423 59.05
      vertex 4.0656131735386 -2.0934210083784706 59.05
      vertex 3.9831956098445254 -2.1064746680770687 59.12673336698948
    endloop
  endfacet
  facet normal -0.5877852522924734 0.8090169943749473 0
    outer loop
      vertex -4.924544642165117 -5.81553608926348 52.05
      vertex -4.924544642165117 -5.81553608926348 59.05
      vertex -4.86257601025131 -5.770513242775789 52.05
    endloop
  endfacet
  facet normal -0.6845471059286977 0.7289686274214031 1.2056926872707888e-18
    outer loop
      vertex -4.771031372578588 -5.684547105928688 52.05
      vertex -4.816803691414949 -5.727530174352239 52.05
      vertex -4.7840279527102085 -5.696751707034146 59.21060263888219
    endloop
  endfacet
  facet normal -0.7705132427757881 0.6374239897486911 0
    outer loop
      vertex -4.771031372578588 -5.684547105928688 52.05
      vertex -4.771031372578588 -5.684547105928688 59.225685691005665
      vertex -4.6909830056250525 -5.587785252292473 52.05
    endloop
  endfacet
  facet normal -0.8443279255020163 0.5358267949789948 0
    outer loop
      vertex -4.6236933199561365 -5.481753674101715 52.05
      vertex -4.6909830056250525 -5.587785252292473 52.05
      vertex -4.6909830056250525 -5.587785252292473 59.32203668081036
    endloop
  endfacet
  facet normal -0.90482705246602 0.42577929156507155 0
    outer loop
      vertex -4.570223514111749 -5.368124552684678 52.05
      vertex -4.6236933199561365 -5.481753674101715 52.05
      vertex -4.6236933199561365 -5.481753674101715 59.395997307939524
    endloop
  endfacet
  facet normal -0.9510565162951533 0.30901699437494834 0
    outer loop
      vertex -4.531416838871369 -5.248689887164854 52.05
      vertex -4.570223514111749 -5.368124552684678 52.05
      vertex -4.570223514111749 -5.368124552684678 59.45661605214819
    endloop
  endfacet
  facet normal -0.9822872507286888 0.18738131458572366 0
    outer loop
      vertex -4.5078852986855225 -5.125333233564304 52.05
      vertex -4.531416838871369 -5.248689887164854 52.05
      vertex -4.531416838871369 -5.248689887164854 59.502936919628304
    endloop
  endfacet
  facet normal -0.9980267284282714 0.06279051952931566 0
    outer loop
      vertex -4.5078852986855225 -5.125333233564304 52.05
      vertex -4.5078852986855225 -5.125333233564304 59.53422940262895
      vertex -4.5 -5 52.05
    endloop
  endfacet
  facet normal -0.5877852522924734 0.8090169943749473 0
    outer loop
      vertex -4.86257601025131 -5.770513242775789 52.05
      vertex -4.924544642165117 -5.81553608926348 59.05
      vertex -4.86257601025131 -5.770513242775789 59.11944447003381
    endloop
  endfacet
  facet normal -0.684547105928698 0.7289686274214028 0
    outer loop
      vertex -4.771031372578588 -5.684547105928688 52.05
      vertex -4.7840279527102085 -5.696751707034146 59.21060263888219
      vertex -4.771031372578588 -5.684547105928688 59.225685691005665
    endloop
  endfacet
  facet normal -0.7705132427757908 0.6374239897486879 -7.266042437748006e-17
    outer loop
      vertex -4.695439245916252 -5.593171921468062 59.317241540020376
      vertex -4.6909830056250525 -5.587785252292473 52.05
      vertex -4.771031372578588 -5.684547105928688 59.225685691005665
    endloop
  endfacet
  facet normal -0.7705132427757426 0.637423989748746 0
    outer loop
      vertex -4.695439245916252 -5.593171921468062 59.317241540020376
      vertex -4.6909830056250525 -5.587785252292473 59.32203668081036
      vertex -4.6909830056250525 -5.587785252292473 52.05
    endloop
  endfacet
  facet normal -0.8443279255020163 0.5358267949789948 0
    outer loop
      vertex -4.6909830056250525 -5.587785252292473 59.32203668081036
      vertex -4.6236933199561365 -5.481753674101715 59.395997307939524
      vertex -4.6236933199561365 -5.481753674101715 52.05
    endloop
  endfacet
  facet normal -0.9048270524660201 0.4257792915650716 0
    outer loop
      vertex -4.6236933199561365 -5.481753674101715 59.395997307939524
      vertex -4.570223514111749 -5.368124552684678 59.45661605214819
      vertex -4.570223514111749 -5.368124552684678 52.05
    endloop
  endfacet
  facet normal -0.9510565162951532 0.30901699437494834 0
    outer loop
      vertex -4.570223514111749 -5.368124552684678 59.45661605214819
      vertex -4.531416838871369 -5.248689887164854 59.502936919628304
      vertex -4.531416838871369 -5.248689887164854 52.05
    endloop
  endfacet
  facet normal -0.9822872507286888 0.18738131458572366 0
    outer loop
      vertex -4.531416838871369 -5.248689887164854 59.502936919628304
      vertex -4.5078852986855225 -5.125333233564304 59.53422940262895
      vertex -4.5078852986855225 -5.125333233564304 52.05
    endloop
  endfacet
  facet normal -0.9980267284282714 0.06279051952931566 0
    outer loop
      vertex -4.5078852986855225 -5.125333233564304 59.53422940262895
      vertex -4.5 -5 59.55
      vertex -4.5 -5 52.05
    endloop
  endfacet
  facet normal -0.8443279255020163 -0.5358267949789948 0
    outer loop
      vertex -4.6909830056250525 -4.412214747707527 52.05
      vertex -4.6236933199561365 -4.518246325898285 52.05
      vertex -4.6236933199561365 -4.518246325898285 59.395997307939524
    endloop
  endfacet
  facet normal -0.9980267284282714 -0.06279051952931566 0
    outer loop
      vertex -4.5 -5 52.05
      vertex -4.5 -5 59.55
      vertex -4.5078852986855225 -4.874666766435696 52.05
    endloop
  endfacet
  facet normal -0.9510565162951525 -0.30901699437495045 0
    outer loop
      vertex -4.570223514111749 -4.631875447315322 52.05
      vertex -4.531416838871369 -4.751310112835145 52.05
      vertex -4.531416838871369 -4.751310112835145 59.502936919628304
    endloop
  endfacet
  facet normal -0.9822872507286892 -0.18738131458572235 0
    outer loop
      vertex -4.531416838871369 -4.751310112835145 52.05
      vertex -4.5078852986855225 -4.874666766435696 52.05
      vertex -4.5078852986855225 -4.874666766435696 59.53422940262895
    endloop
  endfacet
  facet normal -0.9048270524660201 -0.42577929156507155 0
    outer loop
      vertex -4.6236933199561365 -4.518246325898285 52.05
      vertex -4.570223514111749 -4.631875447315322 52.05
      vertex -4.570223514111749 -4.631875447315322 59.45661605214819
    endloop
  endfacet
  facet normal -0.6845471059286904 -0.7289686274214099 0
    outer loop
      vertex -4.86257601025131 -4.229486757224211 52.05
      vertex -4.771031372578588 -4.315452894071312 52.05
      vertex -4.771031372578588 -4.315452894071312 59.225685691005665
    endloop
  endfacet
  facet normal -0.5877852522924734 -0.8090169943749473 0
    outer loop
      vertex -4.86257601025131 -4.229486757224211 52.05
      vertex -4.924544642165117 -4.18446391073652 59.05
      vertex -4.924544642165117 -4.18446391073652 52.05
    endloop
  endfacet
  facet normal -0.770513242775788 -0.6374239897486911 -6.842882606543625e-17
    outer loop
      vertex -4.771031372578588 -4.315452894071312 52.05
      vertex -4.6909830056250525 -4.412214747707527 52.05
      vertex -4.695439245916252 -4.406828078531938 59.317241540020376
    endloop
  endfacet
  facet normal -0.8443279255020163 -0.5358267949789948 0
    outer loop
      vertex -4.6909830056250525 -4.412214747707527 52.05
      vertex -4.6236933199561365 -4.518246325898285 59.395997307939524
      vertex -4.6909830056250525 -4.412214747707527 59.32203668081036
    endloop
  endfacet
  facet normal -0.7705132427757426 -0.637423989748746 0
    outer loop
      vertex -4.695439245916252 -4.406828078531938 59.317241540020376
      vertex -4.6909830056250525 -4.412214747707527 52.05
      vertex -4.6909830056250525 -4.412214747707527 59.32203668081036
    endloop
  endfacet
  facet normal -0.9980267284282714 -0.06279051952931566 0
    outer loop
      vertex -4.5078852986855225 -4.874666766435696 52.05
      vertex -4.5 -5 59.55
      vertex -4.5078852986855225 -4.874666766435696 59.53422940262895
    endloop
  endfacet
  facet normal -0.9822872507286892 -0.18738131458572235 0
    outer loop
      vertex -4.531416838871369 -4.751310112835145 52.05
      vertex -4.5078852986855225 -4.874666766435696 59.53422940262895
      vertex -4.531416838871369 -4.751310112835145 59.502936919628304
    endloop
  endfacet
  facet normal -0.9510565162951526 -0.30901699437495045 0
    outer loop
      vertex -4.570223514111749 -4.631875447315322 52.05
      vertex -4.531416838871369 -4.751310112835145 59.502936919628304
      vertex -4.570223514111749 -4.631875447315322 59.45661605214819
    endloop
  endfacet
  facet normal -0.9048270524660201 -0.42577929156507155 0
    outer loop
      vertex -4.570223514111749 -4.631875447315322 59.45661605214819
      vertex -4.6236933199561365 -4.518246325898285 59.395997307939524
      vertex -4.6236933199561365 -4.518246325898285 52.05
    endloop
  endfacet
  facet normal -0.6845471059286905 -0.72896862742141 0
    outer loop
      vertex -4.86257601025131 -4.229486757224211 59.11944447003381
      vertex -4.86257601025131 -4.229486757224211 52.05
      vertex -4.771031372578588 -4.315452894071312 59.225685691005665
    endloop
  endfacet
  facet normal -0.5877852522924734 -0.8090169943749473 0
    outer loop
      vertex -4.86257601025131 -4.229486757224211 52.05
      vertex -4.86257601025131 -4.229486757224211 59.11944447003381
      vertex -4.924544642165117 -4.18446391073652 59.05
    endloop
  endfacet
  facet normal -0.7705132427757908 -0.6374239897486879 0
    outer loop
      vertex -4.771031372578588 -4.315452894071312 52.05
      vertex -4.695439245916252 -4.406828078531938 59.317241540020376
      vertex -4.771031372578588 -4.315452894071312 59.225685691005665
    endloop
  endfacet
  facet normal 0.1564344650402343 -0.9876883405951371 0
    outer loop
      vertex -3.9831956098445254 -7.893525331922931 52.05
      vertex -4.0656131735386 -7.906578991621529 59.05
      vertex -4.0656131735386 -7.906578991621529 52.05
    endloop
  endfacet
  facet normal 0.031410759078127105 -0.9995065603657315 0
    outer loop
      vertex -3.857676537447883 -7.88958073616028 52.05
      vertex -3.857676537447883 -7.88958073616028 59.22620239732959
      vertex -3.9831956098445254 -7.893525331922931 52.05
    endloop
  endfacet
  facet normal -0.09410831331851982 -0.9955619646030794 0
    outer loop
      vertex -3.732652831485781 -7.901398955930874 52.05
      vertex -3.732652831485781 -7.901398955930874 59.315177173031884
      vertex -3.857676537447883 -7.88958073616028 52.05
    endloop
  endfacet
  facet normal -0.9876883405951382 0.15643446504022795 0
    outer loop
      vertex -2.905269099817672 -9.057342842177938 52.05
      vertex -2.8935253319229313 -8.983195609844525 59.11702143611305
      vertex -2.8935253319229313 -8.983195609844525 52.05
    endloop
  endfacet
  facet normal -0.9995065603657316 0.03141075907812711 0
    outer loop
      vertex -2.88958073616028 -8.857676537447883 52.05
      vertex -2.8935253319229313 -8.983195609844525 52.05
      vertex -2.8935253319229313 -8.983195609844525 59.11702143611305
    endloop
  endfacet
  facet normal -0.9955619646030799 -0.09410831331851667 0
    outer loop
      vertex -2.901398955930874 -8.732652831485781 52.05
      vertex -2.88958073616028 -8.857676537447883 52.05
      vertex -2.88958073616028 -8.857676537447883 59.22109243435793
    endloop
  endfacet
  facet normal -0.7501110696304594 -0.661311865323652 0
    outer loop
      vertex -3.1819805153394642 -8.181980515339465 52.05
      vertex -3.0989322841503215 -8.276180242873036 52.05
      vertex -3.0989322841503215 -8.276180242873036 59.5314860033676
    endloop
  endfacet
  facet normal -0.6613118653236484 -0.7501110696304627 0
    outer loop
      vertex -3.2761802428730356 -8.098932284150322 52.05
      vertex -3.1819805153394642 -8.181980515339465 52.05
      vertex -3.1819805153394642 -8.181980515339465 59.54332758980407
    endloop
  endfacet
  facet normal -0.2181432413965408 -0.9759167619387478 0
    outer loop
      vertex -3.6100961904867823 -7.928793610849069 52.05
      vertex -3.6100961904867823 -7.928793610849069 59.39229885970787
      vertex -3.732652831485781 -7.901398955930874 52.05
    endloop
  endfacet
  facet normal -0.3387379202452954 -0.940880768954224 0
    outer loop
      vertex -3.4919394058912316 -7.971332670842031 52.05
      vertex -3.4919394058912316 -7.971332670842031 59.456351202288396
      vertex -3.6100961904867823 -7.928793610849069 52.05
    endloop
  endfacet
  facet normal -0.45399049973954414 -0.8910065241883691 0
    outer loop
      vertex -3.4919394058912316 -7.971332670842031 52.05
      vertex -3.3800458807756404 -8.028345269522069 52.05
      vertex -3.3800458807756404 -8.028345269522069 59.50632405706795
    endloop
  endfacet
  facet normal -0.5620833778521352 -0.8270805742745586 1.4760553754759278e-17
    outer loop
      vertex -3.3800458807756404 -8.028345269522069 52.05
      vertex -3.2761802428730356 -8.098932284150322 52.05
      vertex -3.290015285939035 -8.089529998591763 59.536753253597695
    endloop
  endfacet
  facet normal -0.9408807689542236 -0.3387379202452966 0
    outer loop
      vertex -2.9713326708420307 -8.491939405891232 52.05
      vertex -2.9287936108490684 -8.610096190486782 52.05
      vertex -2.9287936108490684 -8.610096190486782 59.39869084297155
    endloop
  endfacet
  facet normal -0.975916761938748 -0.21814324139654007 0
    outer loop
      vertex -2.9287936108490684 -8.610096190486782 52.05
      vertex -2.901398955930874 -8.732652831485781 52.05
      vertex -2.901398955930874 -8.732652831485781 59.31547841105609
    endloop
  endfacet
  facet normal -0.8910065241883691 -0.45399049973954414 0
    outer loop
      vertex -3.0283452695220685 -8.38004588077564 52.05
      vertex -2.9713326708420307 -8.491939405891232 52.05
      vertex -2.9713326708420307 -8.491939405891232 59.46141401739855
    endloop
  endfacet
  facet normal -0.8270805742745607 -0.5620833778521321 0
    outer loop
      vertex -3.0989322841503215 -8.276180242873036 52.05
      vertex -3.0283452695220685 -8.38004588077564 52.05
      vertex -3.0283452695220685 -8.38004588077564 59.50403718447541
    endloop
  endfacet
  facet normal 0.1564344650402343 -0.9876883405951372 0
    outer loop
      vertex -3.9831956098445254 -7.893525331922931 52.05
      vertex -3.9831956098445254 -7.893525331922931 59.12673336698948
      vertex -4.0656131735386 -7.906578991621529 59.05
    endloop
  endfacet
  facet normal 0.031410759078265335 -0.9995065603657273 0
    outer loop
      vertex -3.982568842759353 -7.893505634973765 59.12727418527676
      vertex -3.9831956098445254 -7.893525331922931 59.12673336698948
      vertex -3.9831956098445254 -7.893525331922931 52.05
    endloop
  endfacet
  facet normal 0.03141075907812641 -0.9995065603657316 1.2315565540088142e-17
    outer loop
      vertex -3.982568842759353 -7.893505634973765 59.12727418527676
      vertex -3.9831956098445254 -7.893525331922931 52.05
      vertex -3.857676537447883 -7.88958073616028 59.22620239732959
    endloop
  endfacet
  facet normal -0.09410831331851983 -0.9955619646030796 0
    outer loop
      vertex -3.857676537447883 -7.88958073616028 59.22620239732959
      vertex -3.857676537447883 -7.88958073616028 52.05
      vertex -3.732652831485781 -7.901398955930874 59.315177173031884
    endloop
  endfacet
  facet normal -0.9876883405951382 0.15643446504022795 0
    outer loop
      vertex -2.905269099817672 -9.057342842177938 52.05
      vertex -2.905269099817672 -9.057342842177938 59.05
      vertex -2.8935253319229313 -8.983195609844525 59.11702143611305
    endloop
  endfacet
  facet normal -0.9995065603657316 0.03141075907812711 0
    outer loop
      vertex -2.8935253319229313 -8.983195609844525 59.11702143611305
      vertex -2.88958073616028 -8.857676537447883 59.22109243435793
      vertex -2.88958073616028 -8.857676537447883 52.05
    endloop
  endfacet
  facet normal -0.9955619646030799 -0.09410831331851668 0
    outer loop
      vertex -2.88958073616028 -8.857676537447883 59.22109243435793
      vertex -2.901398955930874 -8.732652831485781 59.31547841105609
      vertex -2.901398955930874 -8.732652831485781 52.05
    endloop
  endfacet
  facet normal -0.5620833778521409 -0.8270805742745548 0
    outer loop
      vertex -3.2761802428730356 -8.098932284150322 59.5393751948929
      vertex -3.290015285939035 -8.089529998591763 59.536753253597695
      vertex -3.2761802428730356 -8.098932284150322 52.05
    endloop
  endfacet
  facet normal -0.6613118653236483 -0.7501110696304627 0
    outer loop
      vertex -3.2761802428730356 -8.098932284150322 59.5393751948929
      vertex -3.2761802428730356 -8.098932284150322 52.05
      vertex -3.1819805153394642 -8.181980515339465 59.54332758980407
    endloop
  endfacet
  facet normal -0.7501110696304595 -0.661311865323652 0
    outer loop
      vertex -3.0989322841503215 -8.276180242873036 59.5314860033676
      vertex -3.1819805153394642 -8.181980515339465 59.54332758980407
      vertex -3.1819805153394642 -8.181980515339465 52.05
    endloop
  endfacet
  facet normal -0.3387379202452955 -0.940880768954224 0
    outer loop
      vertex -3.6100961904867823 -7.928793610849069 59.39229885970787
      vertex -3.6100961904867823 -7.928793610849069 52.05
      vertex -3.4919394058912316 -7.971332670842031 59.456351202288396
    endloop
  endfacet
  facet normal -0.21814324139654076 -0.9759167619387478 0
    outer loop
      vertex -3.732652831485781 -7.901398955930874 59.315177173031884
      vertex -3.732652831485781 -7.901398955930874 52.05
      vertex -3.6100961904867823 -7.928793610849069 59.39229885970787
    endloop
  endfacet
  facet normal -0.4539904997395442 -0.8910065241883692 0
    outer loop
      vertex -3.4919394058912316 -7.971332670842031 59.456351202288396
      vertex -3.4919394058912316 -7.971332670842031 52.05
      vertex -3.3800458807756404 -8.028345269522069 59.50632405706795
    endloop
  endfacet
  facet normal -0.5620833778521345 -0.8270805742745592 0
    outer loop
      vertex -3.3800458807756404 -8.028345269522069 59.50632405706795
      vertex -3.3800458807756404 -8.028345269522069 52.05
      vertex -3.290015285939035 -8.089529998591763 59.536753253597695
    endloop
  endfacet
  facet normal -0.9408807689542235 -0.3387379202452971 -9.047403183215346e-18
    outer loop
      vertex -2.9463013601201844 -8.561466546114707 59.42779969454587
      vertex -2.9713326708420307 -8.491939405891232 52.05
      vertex -2.9287936108490684 -8.610096190486782 59.39869084297155
    endloop
  endfacet
  facet normal -0.8910065241883692 -0.4539904997395442 0
    outer loop
      vertex -2.9713326708420307 -8.491939405891232 59.46141401739855
      vertex -3.0283452695220685 -8.38004588077564 59.50403718447541
      vertex -3.0283452695220685 -8.38004588077564 52.05
    endloop
  endfacet
  facet normal -0.9408807689542238 -0.33873792024529614 0
    outer loop
      vertex -2.9463013601201844 -8.561466546114707 59.42779969454587
      vertex -2.9713326708420307 -8.491939405891232 59.46141401739855
      vertex -2.9713326708420307 -8.491939405891232 52.05
    endloop
  endfacet
  facet normal -0.9759167619387479 -0.21814324139654 0
    outer loop
      vertex -2.901398955930874 -8.732652831485781 59.31547841105609
      vertex -2.9287936108490684 -8.610096190486782 59.39869084297155
      vertex -2.9287936108490684 -8.610096190486782 52.05
    endloop
  endfacet
  facet normal -0.8270805742745608 -0.5620833778521321 0
    outer loop
      vertex -3.0283452695220685 -8.38004588077564 59.50403718447541
      vertex -3.0989322841503215 -8.276180242873036 59.5314860033676
      vertex -3.0989322841503215 -8.276180242873036 52.05
    endloop
  endfacet
  facet normal 0.8090169943749494 -0.5877852522924701 0
    outer loop
      vertex -0.8170162599676267 -9.926581922361516 52.05
      vertex -0.7705132427757891 -9.86257601025131 52.05
      vertex -0.7705132427757891 -9.86257601025131 59.119466656469115
    endloop
  endfacet
  facet normal 0.7289686274214146 -0.6845471059286855 0
    outer loop
      vertex -0.7705132427757891 -9.86257601025131 52.05
      vertex -0.6845471059286887 -9.771031372578587 52.05
      vertex -0.6845471059286887 -9.771031372578587 59.22126472647641
    endloop
  endfacet
  facet normal 0.6374239897486801 -0.7705132427757972 0
    outer loop
      vertex -0.5877852522924731 -9.690983005625053 52.05
      vertex -0.5877852522924731 -9.690983005625053 59.31299036374155
      vertex -0.6845471059286887 -9.771031372578587 52.05
    endloop
  endfacet
  facet normal 0.535826794979006 -0.8443279255020091 0
    outer loop
      vertex -0.4817536741017153 -9.623693319956136 52.05
      vertex -0.4817536741017153 -9.623693319956136 59.393197000170616
      vertex -0.5877852522924731 -9.690983005625053 52.05
    endloop
  endfacet
  facet normal 0.4257792915650642 -0.9048270524660236 0
    outer loop
      vertex -0.368124552684678 -9.570223514111749 52.05
      vertex -0.368124552684678 -9.570223514111749 59.460619729194
      vertex -0.4817536741017153 -9.623693319956136 52.05
    endloop
  endfacet
  facet normal 0.3090169943749507 -0.9510565162951525 -9.366677900797122e-17
    outer loop
      vertex -0.368124552684678 -9.570223514111749 52.05
      vertex -0.2486898871648548 -9.531416838871369 52.05
      vertex -0.28585226388410395 -9.543491627026281 59.497525103679806
    endloop
  endfacet
  facet normal 0.18738131458572274 -0.982287250728689 0
    outer loop
      vertex -0.12533323356430426 -9.507885298685522 52.05
      vertex -0.12533323356430426 -9.507885298685522 59.53320183189412
      vertex -0.2486898871648548 -9.531416838871369 52.05
    endloop
  endfacet
  facet normal 0.06279051952931565 -0.9980267284282714 0
    outer loop
      vertex -0.12533323356430426 -9.507885298685522 52.05
      vertex 0 -9.5 52.05
      vertex 0 -9.5 59.541102721179854
    endloop
  endfacet
  facet normal 0.8090169943749497 -0.5877852522924703 0
    outer loop
      vertex -0.8170162599676267 -9.926581922361516 59.05
      vertex -0.8170162599676267 -9.926581922361516 52.05
      vertex -0.7705132427757891 -9.86257601025131 59.119466656469115
    endloop
  endfacet
  facet normal 0.7289686274214146 -0.6845471059286855 0
    outer loop
      vertex -0.7705132427757891 -9.86257601025131 52.05
      vertex -0.6845471059286887 -9.771031372578587 59.22126472647641
      vertex -0.7705132427757891 -9.86257601025131 59.119466656469115
    endloop
  endfacet
  facet normal 0.6374239897486801 -0.7705132427757974 0
    outer loop
      vertex -0.6845471059286887 -9.771031372578587 59.22126472647641
      vertex -0.6845471059286887 -9.771031372578587 52.05
      vertex -0.5877852522924731 -9.690983005625053 59.31299036374155
    endloop
  endfacet
  facet normal 0.535826794979006 -0.8443279255020091 0
    outer loop
      vertex -0.5877852522924731 -9.690983005625053 59.31299036374155
      vertex -0.5877852522924731 -9.690983005625053 52.05
      vertex -0.4817536741017153 -9.623693319956136 59.393197000170616
    endloop
  endfacet
  facet normal 0.4257792915650643 -0.9048270524660235 0
    outer loop
      vertex -0.4817536741017153 -9.623693319956136 59.393197000170616
      vertex -0.4817536741017153 -9.623693319956136 52.05
      vertex -0.368124552684678 -9.570223514111749 59.460619729194
    endloop
  endfacet
  facet normal 0.309016994374943 -0.951056516295155 0
    outer loop
      vertex -0.368124552684678 -9.570223514111749 59.460619729194
      vertex -0.368124552684678 -9.570223514111749 52.05
      vertex -0.28585226388410395 -9.543491627026281 59.497525103679806
    endloop
  endfacet
  facet normal 0.3090169943749677 -0.9510565162951471 0
    outer loop
      vertex -0.28585226388410395 -9.543491627026281 59.497525103679806
      vertex -0.2486898871648548 -9.531416838871369 52.05
      vertex -0.2486898871648548 -9.531416838871369 59.50962376578069
    endloop
  endfacet
  facet normal 0.18738131458572277 -0.982287250728689 0
    outer loop
      vertex -0.12533323356430426 -9.507885298685522 59.53320183189412
      vertex -0.2486898871648548 -9.531416838871369 59.50962376578069
      vertex -0.2486898871648548 -9.531416838871369 52.05
    endloop
  endfacet
  facet normal 0.06279051952931565 -0.9980267284282713 0
    outer loop
      vertex -0.12533323356430426 -9.507885298685522 59.53320183189412
      vertex -0.12533323356430426 -9.507885298685522 52.05
      vertex 0 -9.5 59.541102721179854
    endloop
  endfacet
  facet normal -0.06279051952931575 -0.9980267284282713 0
    outer loop
      vertex 0.12533323356430406 -9.507885298685522 52.05
      vertex 0.12533323356430406 -9.507885298685522 59.53320183189412
      vertex 0 -9.5 52.05
    endloop
  endfacet
  facet normal -0.18738131458572302 -0.9822872507286889 0
    outer loop
      vertex 0.24868988716485443 -9.531416838871369 52.05
      vertex 0.24868988716485443 -9.531416838871369 59.50962376578069
      vertex 0.12533323356430406 -9.507885298685522 52.05
    endloop
  endfacet
  facet normal -0.5358267949790062 -0.8443279255020089 0
    outer loop
      vertex 0.5877852522924731 -9.690983005625053 52.05
      vertex 0.5877852522924731 -9.690983005625053 59.31299036374155
      vertex 0.4817536741017154 -9.623693319956136 52.05
    endloop
  endfacet
  facet normal -0.4257792915650653 -0.904827052466023 0
    outer loop
      vertex 0.4817536741017154 -9.623693319956136 52.05
      vertex 0.4817536741017154 -9.623693319956136 59.393197000170616
      vertex 0.36812455268467836 -9.570223514111749 52.05
    endloop
  endfacet
  facet normal -0.3090169943749489 -0.951056516295153 0
    outer loop
      vertex 0.36812455268467836 -9.570223514111749 52.05
      vertex 0.36812455268467836 -9.570223514111749 59.460619729194
      vertex 0.24868988716485443 -9.531416838871369 52.05
    endloop
  endfacet
  facet normal -0.7289686274214141 -0.684547105928686 0
    outer loop
      vertex 0.6845471059286885 -9.771031372578587 52.05
      vertex 0.770513242775789 -9.86257601025131 52.05
      vertex 0.770513242775789 -9.86257601025131 59.119466656469115
    endloop
  endfacet
  facet normal -0.637423989748681 -0.7705132427757965 0
    outer loop
      vertex 0.5877852522924731 -9.690983005625053 52.05
      vertex 0.6845471059286885 -9.771031372578587 52.05
      vertex 0.6845471059286885 -9.771031372578587 59.22126472647641
    endloop
  endfacet
  facet normal -0.8090169943749489 -0.5877852522924711 0
    outer loop
      vertex 0.8170162599676267 -9.926581922361516 52.05
      vertex 0.770513242775789 -9.86257601025131 59.119466656469115
      vertex 0.770513242775789 -9.86257601025131 52.05
    endloop
  endfacet
  facet normal -0.06279051952931575 -0.9980267284282714 0
    outer loop
      vertex 0 -9.5 52.05
      vertex 0.12533323356430406 -9.507885298685522 59.53320183189412
      vertex 0 -9.5 59.541102721179854
    endloop
  endfacet
  facet normal -0.30901699437494173 -0.9510565162951554 -1.2794844115856643e-16
    outer loop
      vertex 0.28585226388410395 -9.543491627026281 59.497525103679806
      vertex 0.24868988716485443 -9.531416838871369 52.05
      vertex 0.36812455268467836 -9.570223514111749 59.460619729194
    endloop
  endfacet
  facet normal -0.309016994374965 -0.9510565162951479 0
    outer loop
      vertex 0.24868988716485443 -9.531416838871369 52.05
      vertex 0.28585226388410395 -9.543491627026281 59.497525103679806
      vertex 0.24868988716485443 -9.531416838871369 59.50962376578069
    endloop
  endfacet
  facet normal -0.187381314585723 -0.982287250728689 0
    outer loop
      vertex 0.12533323356430406 -9.507885298685522 52.05
      vertex 0.24868988716485443 -9.531416838871369 59.50962376578069
      vertex 0.12533323356430406 -9.507885298685522 59.53320183189412
    endloop
  endfacet
  facet normal -0.5358267949790062 -0.8443279255020089 0
    outer loop
      vertex 0.4817536741017154 -9.623693319956136 52.05
      vertex 0.5877852522924731 -9.690983005625053 59.31299036374155
      vertex 0.4817536741017154 -9.623693319956136 59.393197000170616
    endloop
  endfacet
  facet normal -0.4257792915650653 -0.9048270524660229 0
    outer loop
      vertex 0.36812455268467836 -9.570223514111749 52.05
      vertex 0.4817536741017154 -9.623693319956136 59.393197000170616
      vertex 0.36812455268467836 -9.570223514111749 59.460619729194
    endloop
  endfacet
  facet normal -0.728968627421414 -0.684547105928686 0
    outer loop
      vertex 0.770513242775789 -9.86257601025131 59.119466656469115
      vertex 0.6845471059286885 -9.771031372578587 59.22126472647641
      vertex 0.6845471059286885 -9.771031372578587 52.05
    endloop
  endfacet
  facet normal -0.637423989748681 -0.7705132427757965 0
    outer loop
      vertex 0.5877852522924731 -9.690983005625053 52.05
      vertex 0.6845471059286885 -9.771031372578587 59.22126472647641
      vertex 0.5877852522924731 -9.690983005625053 59.31299036374155
    endloop
  endfacet
  facet normal -0.8090169943749489 -0.5877852522924711 0
    outer loop
      vertex 0.8170162599676267 -9.926581922361516 59.05
      vertex 0.770513242775789 -9.86257601025131 59.119466656469115
      vertex 0.8170162599676267 -9.926581922361516 52.05
    endloop
  endfacet
  facet normal 0.9876883405951377 0.15643446504023162 0
    outer loop
      vertex 2.905269099817672 -9.057342842177937 52.05
      vertex 2.8935253319229313 -8.983195609844525 52.05
      vertex 2.8935253319229313 -8.983195609844525 59.11702143611305
    endloop
  endfacet
  facet normal 0.9995065603657316 0.03141075907812711 0
    outer loop
      vertex 2.8935253319229313 -8.983195609844525 52.05
      vertex 2.88958073616028 -8.857676537447883 52.05
      vertex 2.88958073616028 -8.857676537447883 59.22109243435793
    endloop
  endfacet
  facet normal 0.9955619646030799 -0.09410831331851667 0
    outer loop
      vertex 2.88958073616028 -8.857676537447883 52.05
      vertex 2.901398955930874 -8.732652831485781 52.05
      vertex 2.901398955930874 -8.732652831485781 59.31547841105609
    endloop
  endfacet
  facet normal 0.9759167619387472 -0.2181432413965434 0
    outer loop
      vertex 2.901398955930874 -8.732652831485781 52.05
      vertex 2.928793610849069 -8.610096190486782 52.05
      vertex 2.928793610849069 -8.610096190486782 59.39869084297155
    endloop
  endfacet
  facet normal 0.9408807689542248 -0.3387379202452935 0
    outer loop
      vertex 2.928793610849069 -8.610096190486782 52.05
      vertex 2.9713326708420307 -8.491939405891232 52.05
      vertex 2.9713326708420307 -8.491939405891232 59.46141401739855
    endloop
  endfacet
  facet normal 0.8910065241883706 -0.45399049973954136 0
    outer loop
      vertex 2.9713326708420307 -8.491939405891232 52.05
      vertex 3.028345269522068 -8.38004588077564 52.05
      vertex 3.028345269522068 -8.38004588077564 59.50403718447541
    endloop
  endfacet
  facet normal 0.8270805742745592 -0.5620833778521346 0
    outer loop
      vertex 3.028345269522068 -8.38004588077564 52.05
      vertex 3.0989322841503215 -8.276180242873036 52.05
      vertex 3.0989322841503215 -8.276180242873036 59.5314860033676
    endloop
  endfacet
  facet normal 0.7501110696304594 -0.661311865323652 0
    outer loop
      vertex 3.0989322841503215 -8.276180242873036 52.05
      vertex 3.1819805153394642 -8.181980515339465 52.05
      vertex 3.1819805153394642 -8.181980515339465 59.54332758980407
    endloop
  endfacet
  facet normal 0.6613118653236483 -0.7501110696304627 0
    outer loop
      vertex 3.2761802428730356 -8.098932284150322 52.05
      vertex 3.2761802428730356 -8.098932284150322 59.5393751948929
      vertex 3.1819805153394642 -8.181980515339465 52.05
    endloop
  endfacet
  facet normal 0.562083377852137 -0.8270805742745575 0
    outer loop
      vertex 3.38004588077564 -8.028345269522069 52.05
      vertex 3.38004588077564 -8.028345269522069 59.50632405706795
      vertex 3.2761802428730356 -8.098932284150322 52.05
    endloop
  endfacet
  facet normal 0.33873792024530053 -0.9408807689542221 0
    outer loop
      vertex 3.6100961904867828 -7.928793610849068 52.05
      vertex 3.6100961904867828 -7.928793610849068 59.39229885970787
      vertex 3.4919394058912316 -7.971332670842031 52.05
    endloop
  endfacet
  facet normal 0.2181432413965348 -0.9759167619387491 0
    outer loop
      vertex 3.732652831485781 -7.901398955930874 52.05
      vertex 3.732652831485781 -7.901398955930874 59.31517717303189
      vertex 3.6100961904867828 -7.928793610849068 52.05
    endloop
  endfacet
  facet normal 0.4539904997395428 -0.8910065241883699 0
    outer loop
      vertex 3.4919394058912316 -7.971332670842031 52.05
      vertex 3.4919394058912316 -7.971332670842031 59.456351202288396
      vertex 3.38004588077564 -8.028345269522069 52.05
    endloop
  endfacet
  facet normal 0.09410831331851983 -0.9955619646030796 0
    outer loop
      vertex 3.857676537447883 -7.88958073616028 52.05
      vertex 3.857676537447883 -7.88958073616028 59.22620239732959
      vertex 3.732652831485781 -7.901398955930874 52.05
    endloop
  endfacet
  facet normal -0.03141075907812711 -0.9995065603657316 0
    outer loop
      vertex 3.857676537447883 -7.88958073616028 52.05
      vertex 3.9831956098445254 -7.893525331922931 52.05
      vertex 3.9831956098445254 -7.893525331922931 59.12673336698948
    endloop
  endfacet
  facet normal -0.1564344650402343 -0.9876883405951371 0
    outer loop
      vertex 4.0656131735386 -7.906578991621529 52.05
      vertex 4.0656131735386 -7.906578991621529 59.05
      vertex 3.9831956098445254 -7.893525331922931 52.05
    endloop
  endfacet
  facet normal 0.9876883405951374 0.1564344650402316 0
    outer loop
      vertex 2.905269099817672 -9.057342842177937 59.05
      vertex 2.905269099817672 -9.057342842177937 52.05
      vertex 2.8935253319229313 -8.983195609844525 59.11702143611305
    endloop
  endfacet
  facet normal 0.9995065603657316 0.03141075907812711 0
    outer loop
      vertex 2.8935253319229313 -8.983195609844525 52.05
      vertex 2.88958073616028 -8.857676537447883 59.22109243435793
      vertex 2.8935253319229313 -8.983195609844525 59.11702143611305
    endloop
  endfacet
  facet normal 0.9955619646030799 -0.09410831331851666 0
    outer loop
      vertex 2.901398955930874 -8.732652831485781 59.31547841105609
      vertex 2.88958073616028 -8.857676537447883 59.22109243435793
      vertex 2.88958073616028 -8.857676537447883 52.05
    endloop
  endfacet
  facet normal 0.9759167619387472 -0.2181432413965434 0
    outer loop
      vertex 2.901398955930874 -8.732652831485781 52.05
      vertex 2.928793610849069 -8.610096190486782 59.39869084297155
      vertex 2.901398955930874 -8.732652831485781 59.31547841105609
    endloop
  endfacet
  facet normal 0.9408807689542247 -0.33873792024529376 0
    outer loop
      vertex 2.9463013601201853 -8.561466546114705 59.42779969454587
      vertex 2.928793610849069 -8.610096190486782 59.39869084297155
      vertex 2.928793610849069 -8.610096190486782 52.05
    endloop
  endfacet
  facet normal 0.9408807689542249 -0.3387379202452932 -3.5910572552130985e-18
    outer loop
      vertex 2.9463013601201853 -8.561466546114705 59.42779969454587
      vertex 2.928793610849069 -8.610096190486782 52.05
      vertex 2.9713326708420307 -8.491939405891232 59.46141401739855
    endloop
  endfacet
  facet normal 0.8910065241883707 -0.45399049973954136 0
    outer loop
      vertex 3.028345269522068 -8.38004588077564 59.50403718447541
      vertex 2.9713326708420307 -8.491939405891232 59.46141401739855
      vertex 2.9713326708420307 -8.491939405891232 52.05
    endloop
  endfacet
  facet normal 0.827080574274559 -0.5620833778521346 0
    outer loop
      vertex 3.028345269522068 -8.38004588077564 52.05
      vertex 3.0989322841503215 -8.276180242873036 59.5314860033676
      vertex 3.028345269522068 -8.38004588077564 59.50403718447541
    endloop
  endfacet
  facet normal 0.7501110696304594 -0.661311865323652 0
    outer loop
      vertex 3.0989322841503215 -8.276180242873036 52.05
      vertex 3.1819805153394642 -8.181980515339465 59.54332758980407
      vertex 3.0989322841503215 -8.276180242873036 59.5314860033676
    endloop
  endfacet
  facet normal 0.6613118653236484 -0.7501110696304627 0
    outer loop
      vertex 3.1819805153394642 -8.181980515339465 52.05
      vertex 3.2761802428730356 -8.098932284150322 59.5393751948929
      vertex 3.1819805153394642 -8.181980515339465 59.54332758980407
    endloop
  endfacet
  facet normal 0.5620833778521409 -0.8270805742745548 0
    outer loop
      vertex 3.2761802428730356 -8.098932284150322 52.05
      vertex 3.290015285939035 -8.089529998591763 59.536753253597695
      vertex 3.2761802428730356 -8.098932284150322 59.5393751948929
    endloop
  endfacet
  facet normal 0.5620833778521365 -0.8270805742745578 1.23647755205196e-17
    outer loop
      vertex 3.290015285939035 -8.089529998591763 59.536753253597695
      vertex 3.2761802428730356 -8.098932284150322 52.05
      vertex 3.38004588077564 -8.028345269522069 59.50632405706795
    endloop
  endfacet
  facet normal 0.45399049973954275 -0.8910065241883699 0
    outer loop
      vertex 3.38004588077564 -8.028345269522069 52.05
      vertex 3.4919394058912316 -7.971332670842031 59.456351202288396
      vertex 3.38004588077564 -8.028345269522069 59.50632405706795
    endloop
  endfacet
  facet normal 0.33873792024530053 -0.9408807689542221 0
    outer loop
      vertex 3.4919394058912316 -7.971332670842031 52.05
      vertex 3.6100961904867828 -7.928793610849068 59.39229885970787
      vertex 3.4919394058912316 -7.971332670842031 59.456351202288396
    endloop
  endfacet
  facet normal 0.2181432413965348 -0.9759167619387491 0
    outer loop
      vertex 3.6100961904867828 -7.928793610849068 52.05
      vertex 3.732652831485781 -7.901398955930874 59.31517717303189
      vertex 3.6100961904867828 -7.928793610849068 59.39229885970787
    endloop
  endfacet
  facet normal 0.09410831331851982 -0.9955619646030794 0
    outer loop
      vertex 3.732652831485781 -7.901398955930874 52.05
      vertex 3.857676537447883 -7.88958073616028 59.22620239732959
      vertex 3.732652831485781 -7.901398955930874 59.31517717303189
    endloop
  endfacet
  facet normal -0.03141075907812642 -0.9995065603657316 0
    outer loop
      vertex 3.857676537447883 -7.88958073616028 52.05
      vertex 3.982568842759353 -7.893505634973765 59.12727418527676
      vertex 3.857676537447883 -7.88958073616028 59.22620239732959
    endloop
  endfacet
  facet normal -0.03141075907826325 -0.9995065603657273 2.4170755600622374e-15
    outer loop
      vertex 3.982568842759353 -7.893505634973765 59.12727418527676
      vertex 3.857676537447883 -7.88958073616028 52.05
      vertex 3.9831956098445254 -7.893525331922931 59.12673336698948
    endloop
  endfacet
  facet normal -0.1564344650402343 -0.9876883405951372 0
    outer loop
      vertex 3.9831956098445254 -7.893525331922931 52.05
      vertex 4.0656131735386 -7.906578991621529 59.05
      vertex 3.9831956098445254 -7.893525331922931 59.12673336698948
    endloop
  endfacet
  facet normal 0.770513242775788 0.6374239897486911 -6.842882606543625e-17
    outer loop
      vertex 4.771031372578588 -5.684547105928688 52.05
      vertex 4.6909830056250525 -5.587785252292473 52.05
      vertex 4.695439245916252 -5.593171921468062 59.317241540020376
    endloop
  endfacet
  facet normal 0.5877852522924734 0.8090169943749473 0
    outer loop
      vertex 4.86257601025131 -5.770513242775789 52.05
      vertex 4.924544642165117 -5.81553608926348 59.05
      vertex 4.924544642165117 -5.81553608926348 52.05
    endloop
  endfacet
  facet normal 0.6845471059286904 0.7289686274214099 0
    outer loop
      vertex 4.771031372578588 -5.684547105928688 52.05
      vertex 4.771031372578588 -5.684547105928688 59.225685691005665
      vertex 4.86257601025131 -5.770513242775789 52.05
    endloop
  endfacet
  facet normal 0.9048270524660201 0.42577929156507155 0
    outer loop
      vertex 4.6236933199561365 -5.481753674101715 52.05
      vertex 4.570223514111749 -5.368124552684678 52.05
      vertex 4.570223514111749 -5.368124552684678 59.45661605214819
    endloop
  endfacet
  facet normal 0.9822872507286892 0.18738131458572235 0
    outer loop
      vertex 4.531416838871369 -5.248689887164855 52.05
      vertex 4.5078852986855225 -5.125333233564304 52.05
      vertex 4.5078852986855225 -5.125333233564304 59.53422940262895
    endloop
  endfacet
  facet normal 0.9510565162951525 0.30901699437495045 0
    outer loop
      vertex 4.570223514111749 -5.368124552684678 52.05
      vertex 4.531416838871369 -5.248689887164855 52.05
      vertex 4.531416838871369 -5.248689887164855 59.502936919628304
    endloop
  endfacet
  facet normal 0.9980267284282714 0.06279051952931566 0
    outer loop
      vertex 4.5078852986855225 -5.125333233564304 52.05
      vertex 4.5 -5 52.05
      vertex 4.5 -5 59.55
    endloop
  endfacet
  facet normal 0.8443279255020163 0.5358267949789948 0
    outer loop
      vertex 4.6909830056250525 -5.587785252292473 52.05
      vertex 4.6236933199561365 -5.481753674101715 52.05
      vertex 4.6236933199561365 -5.481753674101715 59.395997307939524
    endloop
  endfacet
  facet normal 0.7705132427757908 0.6374239897486879 0
    outer loop
      vertex 4.771031372578588 -5.684547105928688 52.05
      vertex 4.695439245916252 -5.593171921468062 59.317241540020376
      vertex 4.771031372578588 -5.684547105928688 59.225685691005665
    endloop
  endfacet
  facet normal 0.5877852522924734 0.8090169943749473 0
    outer loop
      vertex 4.86257601025131 -5.770513242775789 52.05
      vertex 4.86257601025131 -5.770513242775789 59.11944447003381
      vertex 4.924544642165117 -5.81553608926348 59.05
    endloop
  endfacet
  facet normal 0.6845471059286905 0.72896862742141 0
    outer loop
      vertex 4.86257601025131 -5.770513242775789 59.11944447003381
      vertex 4.86257601025131 -5.770513242775789 52.05
      vertex 4.771031372578588 -5.684547105928688 59.225685691005665
    endloop
  endfacet
  facet normal 0.9048270524660201 0.42577929156507155 0
    outer loop
      vertex 4.570223514111749 -5.368124552684678 59.45661605214819
      vertex 4.6236933199561365 -5.481753674101715 59.395997307939524
      vertex 4.6236933199561365 -5.481753674101715 52.05
    endloop
  endfacet
  facet normal 0.9510565162951526 0.30901699437495045 0
    outer loop
      vertex 4.570223514111749 -5.368124552684678 52.05
      vertex 4.531416838871369 -5.248689887164855 59.502936919628304
      vertex 4.570223514111749 -5.368124552684678 59.45661605214819
    endloop
  endfacet
  facet normal 0.9822872507286892 0.18738131458572235 0
    outer loop
      vertex 4.531416838871369 -5.248689887164855 52.05
      vertex 4.5078852986855225 -5.125333233564304 59.53422940262895
      vertex 4.531416838871369 -5.248689887164855 59.502936919628304
    endloop
  endfacet
  facet normal 0.9980267284282714 0.06279051952931566 0
    outer loop
      vertex 4.5078852986855225 -5.125333233564304 52.05
      vertex 4.5 -5 59.55
      vertex 4.5078852986855225 -5.125333233564304 59.53422940262895
    endloop
  endfacet
  facet normal 0.7705132427757426 0.637423989748746 0
    outer loop
      vertex 4.695439245916252 -5.593171921468062 59.317241540020376
      vertex 4.6909830056250525 -5.587785252292473 52.05
      vertex 4.6909830056250525 -5.587785252292473 59.32203668081036
    endloop
  endfacet
  facet normal 0.8443279255020163 0.5358267949789948 0
    outer loop
      vertex 4.6909830056250525 -5.587785252292473 52.05
      vertex 4.6236933199561365 -5.481753674101715 59.395997307939524
      vertex 4.6909830056250525 -5.587785252292473 59.32203668081036
    endloop
  endfacet
  facet normal 0.9980267284282714 -0.06279051952931566 0
    outer loop
      vertex 4.5 -5 52.05
      vertex 4.5078852986855225 -4.874666766435696 52.05
      vertex 4.5078852986855225 -4.874666766435696 59.53422940262895
    endloop
  endfacet
  facet normal 0.9822872507286888 -0.18738131458572366 0
    outer loop
      vertex 4.5078852986855225 -4.874666766435696 52.05
      vertex 4.531416838871369 -4.751310112835146 52.05
      vertex 4.531416838871369 -4.751310112835146 59.502936919628304
    endloop
  endfacet
  facet normal 0.90482705246602 -0.42577929156507155 0
    outer loop
      vertex 4.570223514111749 -4.631875447315322 52.05
      vertex 4.6236933199561365 -4.518246325898285 52.05
      vertex 4.6236933199561365 -4.518246325898285 59.395997307939524
    endloop
  endfacet
  facet normal 0.9510565162951533 -0.30901699437494834 0
    outer loop
      vertex 4.531416838871369 -4.751310112835146 52.05
      vertex 4.570223514111749 -4.631875447315322 52.05
      vertex 4.570223514111749 -4.631875447315322 59.45661605214819
    endloop
  endfacet
  facet normal 0.8443279255020163 -0.5358267949789948 0
    outer loop
      vertex 4.6236933199561365 -4.518246325898285 52.05
      vertex 4.6909830056250525 -4.412214747707527 52.05
      vertex 4.6909830056250525 -4.412214747707527 59.32203668081036
    endloop
  endfacet
  facet normal 0.7705132427757881 -0.6374239897486911 0
    outer loop
      vertex 4.6909830056250525 -4.412214747707527 52.05
      vertex 4.771031372578588 -4.315452894071312 52.05
      vertex 4.771031372578588 -4.315452894071312 59.225685691005665
    endloop
  endfacet
  facet normal 0.6845471059286905 -0.72896862742141 0
    outer loop
      vertex 4.86257601025131 -4.229486757224211 52.05
      vertex 4.86257601025131 -4.229486757224211 59.11944447003381
      vertex 4.771031372578588 -4.315452894071312 52.05
    endloop
  endfacet
  facet normal 0.5877852522924734 -0.8090169943749473 0
    outer loop
      vertex 4.924544642165117 -4.18446391073652 52.05
      vertex 4.924544642165117 -4.18446391073652 59.05
      vertex 4.86257601025131 -4.229486757224211 52.05
    endloop
  endfacet
  facet normal 0.9980267284282714 -0.06279051952931566 0
    outer loop
      vertex 4.5 -5 52.05
      vertex 4.5078852986855225 -4.874666766435696 59.53422940262895
      vertex 4.5 -5 59.55
    endloop
  endfacet
  facet normal 0.9510565162951532 -0.30901699437494834 0
    outer loop
      vertex 4.570223514111749 -4.631875447315322 59.45661605214819
      vertex 4.531416838871369 -4.751310112835146 59.502936919628304
      vertex 4.531416838871369 -4.751310112835146 52.05
    endloop
  endfacet
  facet normal 0.9822872507286888 -0.18738131458572366 0
    outer loop
      vertex 4.531416838871369 -4.751310112835146 59.502936919628304
      vertex 4.5078852986855225 -4.874666766435696 59.53422940262895
      vertex 4.5078852986855225 -4.874666766435696 52.05
    endloop
  endfacet
  facet normal 0.9048270524660201 -0.4257792915650716 0
    outer loop
      vertex 4.6236933199561365 -4.518246325898285 59.395997307939524
      vertex 4.570223514111749 -4.631875447315322 59.45661605214819
      vertex 4.570223514111749 -4.631875447315322 52.05
    endloop
  endfacet
  facet normal 0.8443279255020163 -0.5358267949789948 0
    outer loop
      vertex 4.6909830056250525 -4.412214747707527 59.32203668081036
      vertex 4.6236933199561365 -4.518246325898285 59.395997307939524
      vertex 4.6236933199561365 -4.518246325898285 52.05
    endloop
  endfacet
  facet normal 0.7705132427757426 -0.637423989748746 0
    outer loop
      vertex 4.695439245916252 -4.406828078531938 59.317241540020376
      vertex 4.6909830056250525 -4.412214747707527 59.32203668081036
      vertex 4.6909830056250525 -4.412214747707527 52.05
    endloop
  endfacet
  facet normal 0.7705132427757908 -0.6374239897486879 -7.266042437748006e-17
    outer loop
      vertex 4.695439245916252 -4.406828078531938 59.317241540020376
      vertex 4.6909830056250525 -4.412214747707527 52.05
      vertex 4.771031372578588 -4.315452894071312 59.225685691005665
    endloop
  endfacet
  facet normal 0.6845471059286904 -0.7289686274214099 0
    outer loop
      vertex 4.771031372578588 -4.315452894071312 52.05
      vertex 4.86257601025131 -4.229486757224211 59.11944447003381
      vertex 4.771031372578588 -4.315452894071312 59.225685691005665
    endloop
  endfacet
  facet normal 0.5877852522924734 -0.8090169943749473 0
    outer loop
      vertex 4.86257601025131 -4.229486757224211 52.05
      vertex 4.924544642165117 -4.18446391073652 59.05
      vertex 4.86257601025131 -4.229486757224211 59.11944447003381
    endloop
  endfacet
  facet normal 0.8270805742745607 0.5620833778521321 0
    outer loop
      vertex 3.0989322841503215 -1.7238197571269644 52.05
      vertex 3.0283452695220685 -1.61995411922436 52.05
      vertex 3.0283452695220685 -1.61995411922436 59.50403718447541
    endloop
  endfacet
  facet normal 0.9759167619387477 0.21814324139654154 0
    outer loop
      vertex 2.9287936108490684 -1.3899038095132172 52.05
      vertex 2.901398955930874 -1.267347168514219 52.05
      vertex 2.901398955930874 -1.267347168514219 59.31547841105609
    endloop
  endfacet
  facet normal 0.9408807689542243 0.3387379202452943 0
    outer loop
      vertex 2.9713326708420307 -1.5080605941087684 52.05
      vertex 2.9287936108490684 -1.3899038095132172 52.05
      vertex 2.9287936108490684 -1.3899038095132172 59.39869084297155
    endloop
  endfacet
  facet normal 0.8910065241883685 0.4539904997395456 0
    outer loop
      vertex 3.0283452695220685 -1.61995411922436 52.05
      vertex 2.9713326708420307 -1.5080605941087684 52.05
      vertex 2.9713326708420307 -1.5080605941087684 59.46141401739855
    endloop
  endfacet
  facet normal 0.562083377852133 0.8270805742745603 -2.7676038290173704e-17
    outer loop
      vertex 3.3800458807756404 -1.971654730477932 52.05
      vertex 3.2761802428730356 -1.9010677158496785 52.05
      vertex 3.290015285939035 -1.9104700014082376 59.536753253597695
    endloop
  endfacet
  facet normal 0.21814324139654417 0.975916761938747 0
    outer loop
      vertex 3.6100961904867823 -2.071206389150931 52.05
      vertex 3.6100961904867823 -2.071206389150931 59.39229885970787
      vertex 3.732652831485781 -2.098601044069126 52.05
    endloop
  endfacet
  facet normal 0.45399049973954414 0.8910065241883691 0
    outer loop
      vertex 3.4919394058912316 -2.0286673291579693 52.05
      vertex 3.3800458807756404 -1.971654730477932 52.05
      vertex 3.3800458807756404 -1.971654730477932 59.50632405706795
    endloop
  endfacet
  facet normal 0.33873792024529226 0.9408807689542251 0
    outer loop
      vertex 3.4919394058912316 -2.0286673291579693 52.05
      vertex 3.4919394058912316 -2.0286673291579693 59.456351202288396
      vertex 3.6100961904867823 -2.071206389150931 52.05
    endloop
  endfacet
  facet normal 0.6613118653236503 0.7501110696304609 0
    outer loop
      vertex 3.1819805153394642 -1.8180194846605358 52.05
      vertex 3.1819805153394642 -1.8180194846605358 59.54332758980407
      vertex 3.2761802428730356 -1.9010677158496785 52.05
    endloop
  endfacet
  facet normal 0.7501110696304609 0.6613118653236503 0
    outer loop
      vertex 3.1819805153394642 -1.8180194846605358 52.05
      vertex 3.0989322841503215 -1.7238197571269644 52.05
      vertex 3.0989322841503215 -1.7238197571269644 59.5314860033676
    endloop
  endfacet
  facet normal 0.9955619646030799 0.09410831331851634 0
    outer loop
      vertex 2.901398955930874 -1.267347168514219 52.05
      vertex 2.88958073616028 -1.1423234625521168 52.05
      vertex 2.88958073616028 -1.1423234625521168 59.22109243435793
    endloop
  endfacet
  facet normal 0.9995065603657316 -0.03141075907812711 0
    outer loop
      vertex 2.88958073616028 -1.1423234625521168 52.05
      vertex 2.8935253319229313 -1.0168043901554746 52.05
      vertex 2.8935253319229313 -1.0168043901554746 59.11702143611305
    endloop
  endfacet
  facet normal 0.9876883405951377 -0.15643446504023162 0
    outer loop
      vertex 2.905269099817672 -0.9426571578220635 52.05
      vertex 2.8935253319229313 -1.0168043901554746 59.11702143611305
      vertex 2.8935253319229313 -1.0168043901554746 52.05
    endloop
  endfacet
  facet normal 0.09410831331851631 0.9955619646030798 0
    outer loop
      vertex 3.732652831485781 -2.098601044069126 52.05
      vertex 3.732652831485781 -2.098601044069126 59.315177173031884
      vertex 3.857676537447883 -2.11041926383972 52.05
    endloop
  endfacet
  facet normal -0.031410759078127105 0.9995065603657315 0
    outer loop
      vertex 3.857676537447883 -2.11041926383972 52.05
      vertex 3.857676537447883 -2.11041926383972 59.22620239732959
      vertex 3.9831956098445254 -2.1064746680770687 52.05
    endloop
  endfacet
  facet normal -0.1564344650402343 0.9876883405951371 0
    outer loop
      vertex 3.9831956098445254 -2.1064746680770687 52.05
      vertex 4.0656131735386 -2.0934210083784706 59.05
      vertex 4.0656131735386 -2.0934210083784706 52.05
    endloop
  endfacet
  facet normal 0.8270805742745608 0.5620833778521321 0
    outer loop
      vertex 3.0283452695220685 -1.61995411922436 59.50403718447541
      vertex 3.0989322841503215 -1.7238197571269644 59.5314860033676
      vertex 3.0989322841503215 -1.7238197571269644 52.05
    endloop
  endfacet
  facet normal 0.9759167619387477 0.21814324139654154 0
    outer loop
      vertex 2.901398955930874 -1.267347168514219 59.31547841105609
      vertex 2.9287936108490684 -1.3899038095132172 59.39869084297155
      vertex 2.9287936108490684 -1.3899038095132172 52.05
    endloop
  endfacet
  facet normal 0.9408807689542248 0.33873792024529314 0
    outer loop
      vertex 2.9463013601201853 -1.4385334538852956 59.42779969454587
      vertex 2.9713326708420307 -1.5080605941087684 59.46141401739855
      vertex 2.9713326708420307 -1.5080605941087684 52.05
    endloop
  endfacet
  facet normal 0.8910065241883685 0.45399049973954564 0
    outer loop
      vertex 2.9713326708420307 -1.5080605941087684 59.46141401739855
      vertex 3.0283452695220685 -1.61995411922436 59.50403718447541
      vertex 3.0283452695220685 -1.61995411922436 52.05
    endloop
  endfacet
  facet normal 0.940880768954224 0.33873792024529586 -2.770767224859551e-17
    outer loop
      vertex 2.9463013601201853 -1.4385334538852956 59.42779969454587
      vertex 2.9713326708420307 -1.5080605941087684 52.05
      vertex 2.9287936108490684 -1.3899038095132172 59.39869084297155
    endloop
  endfacet
  facet normal 0.5620833778521345 0.8270805742745592 0
    outer loop
      vertex 3.3800458807756404 -1.971654730477932 59.50632405706795
      vertex 3.3800458807756404 -1.971654730477932 52.05
      vertex 3.290015285939035 -1.9104700014082376 59.536753253597695
    endloop
  endfacet
  facet normal 0.4539904997395442 0.8910065241883692 0
    outer loop
      vertex 3.4919394058912316 -2.0286673291579693 59.456351202288396
      vertex 3.4919394058912316 -2.0286673291579693 52.05
      vertex 3.3800458807756404 -1.971654730477932 59.50632405706795
    endloop
  endfacet
  facet normal 0.21814324139654415 0.975916761938747 0
    outer loop
      vertex 3.732652831485781 -2.098601044069126 59.315177173031884
      vertex 3.732652831485781 -2.098601044069126 52.05
      vertex 3.6100961904867823 -2.071206389150931 59.39229885970787
    endloop
  endfacet
  facet normal 0.3387379202452923 0.9408807689542251 0
    outer loop
      vertex 3.6100961904867823 -2.071206389150931 59.39229885970787
      vertex 3.6100961904867823 -2.071206389150931 52.05
      vertex 3.4919394058912316 -2.0286673291579693 59.456351202288396
    endloop
  endfacet
  facet normal 0.750111069630461 0.6613118653236503 0
    outer loop
      vertex 3.0989322841503215 -1.7238197571269644 59.5314860033676
      vertex 3.1819805153394642 -1.8180194846605358 59.54332758980407
      vertex 3.1819805153394642 -1.8180194846605358 52.05
    endloop
  endfacet
  facet normal 0.6613118653236503 0.7501110696304609 0
    outer loop
      vertex 3.2761802428730356 -1.9010677158496785 59.5393751948929
      vertex 3.2761802428730356 -1.9010677158496785 52.05
      vertex 3.1819805153394642 -1.8180194846605358 59.54332758980407
    endloop
  endfacet
  facet normal 0.5620833778521229 0.8270805742745673 0
    outer loop
      vertex 3.2761802428730356 -1.9010677158496785 59.5393751948929
      vertex 3.290015285939035 -1.9104700014082376 59.536753253597695
      vertex 3.2761802428730356 -1.9010677158496785 52.05
    endloop
  endfacet
  facet normal 0.9955619646030798 0.09410831331851632 0
    outer loop
      vertex 2.88958073616028 -1.1423234625521168 59.22109243435793
      vertex 2.901398955930874 -1.267347168514219 59.31547841105609
      vertex 2.901398955930874 -1.267347168514219 52.05
    endloop
  endfacet
  facet normal 0.9995065603657316 -0.03141075907812711 0
    outer loop
      vertex 2.8935253319229313 -1.0168043901554746 59.11702143611305
      vertex 2.88958073616028 -1.1423234625521168 59.22109243435793
      vertex 2.88958073616028 -1.1423234625521168 52.05
    endloop
  endfacet
  facet normal 0.9876883405951374 -0.1564344650402316 0
    outer loop
      vertex 2.905269099817672 -0.9426571578220635 52.05
      vertex 2.905269099817672 -0.9426571578220635 59.05
      vertex 2.8935253319229313 -1.0168043901554746 59.11702143611305
    endloop
  endfacet
  facet normal 0.09410831331851632 0.9955619646030798 0
    outer loop
      vertex 3.857676537447883 -2.11041926383972 59.22620239732959
      vertex 3.857676537447883 -2.11041926383972 52.05
      vertex 3.732652831485781 -2.098601044069126 59.315177173031884
    endloop
  endfacet
  facet normal -0.03141075907812641 0.9995065603657316 1.2315565540088142e-17
    outer loop
      vertex 3.982568842759353 -2.1064943650262347 59.12727418527676
      vertex 3.9831956098445254 -2.1064746680770687 52.05
      vertex 3.857676537447883 -2.11041926383972 59.22620239732959
    endloop
  endfacet
  facet normal -0.031410759078265335 0.9995065603657273 0
    outer loop
      vertex 3.982568842759353 -2.1064943650262347 59.12727418527676
      vertex 3.9831956098445254 -2.1064746680770687 59.12673336698948
      vertex 3.9831956098445254 -2.1064746680770687 52.05
    endloop
  endfacet
  facet normal -0.1564344650402343 0.9876883405951372 0
    outer loop
      vertex 3.9831956098445254 -2.1064746680770687 52.05
      vertex 3.9831956098445254 -2.1064746680770687 59.12673336698948
      vertex 4.0656131735386 -2.0934210083784706 59.05
    endloop
  endfacet
  facet normal 0.8090169943749489 0.5877852522924711 0
    outer loop
      vertex -0.8170162599676267 -0.07341807763848429 52.05
      vertex -0.770513242775789 -0.1374239897486902 59.119466656469115
      vertex -0.770513242775789 -0.1374239897486902 52.05
    endloop
  endfacet
  facet normal 0.6374239897486893 0.7705132427757895 0
    outer loop
      vertex -0.6845471059286885 -0.22896862742141177 52.05
      vertex -0.6845471059286885 -0.22896862742141177 59.22126472647641
      vertex -0.5877852522924731 -0.30901699437494745 52.05
    endloop
  endfacet
  facet normal 0.7289686274214109 0.6845471059286895 0
    outer loop
      vertex -0.6845471059286885 -0.22896862742141177 52.05
      vertex -0.770513242775789 -0.1374239897486902 52.05
      vertex -0.770513242775789 -0.1374239897486902 59.119466656469115
    endloop
  endfacet
  facet normal 0.42577929156507105 0.9048270524660204 0
    outer loop
      vertex -0.36812455268467836 -0.4297764858882509 52.05
      vertex -0.4817536741017154 -0.3763066800438635 52.05
      vertex -0.4817536741017154 -0.3763066800438635 59.393197000170616
    endloop
  endfacet
  facet normal 0.3090169943749489 0.951056516295153 0
    outer loop
      vertex -0.36812455268467836 -0.4297764858882509 52.05
      vertex -0.36812455268467836 -0.4297764858882509 59.460619729194
      vertex -0.24868988716485443 -0.4685831611286311 52.05
    endloop
  endfacet
  facet normal 0.5358267949789962 0.8443279255020154 0
    outer loop
      vertex -0.5877852522924731 -0.30901699437494745 52.05
      vertex -0.5877852522924731 -0.30901699437494745 59.31299036374155
      vertex -0.4817536741017154 -0.3763066800438635 52.05
    endloop
  endfacet
  facet normal 0.18738131458572302 0.9822872507286889 0
    outer loop
      vertex -0.24868988716485443 -0.4685831611286311 52.05
      vertex -0.24868988716485443 -0.4685831611286311 59.50962376578069
      vertex -0.12533323356430406 -0.49211470131447754 52.05
    endloop
  endfacet
  facet normal 0.06279051952931575 0.9980267284282713 0
    outer loop
      vertex 0 -0.5 52.05
      vertex -0.12533323356430406 -0.49211470131447754 52.05
      vertex -0.12533323356430406 -0.49211470131447754 59.53320183189412
    endloop
  endfacet
  facet normal 0.8090169943749489 0.5877852522924711 0
    outer loop
      vertex -0.8170162599676267 -0.07341807763848429 59.05
      vertex -0.770513242775789 -0.1374239897486902 59.119466656469115
      vertex -0.8170162599676267 -0.07341807763848429 52.05
    endloop
  endfacet
  facet normal 0.6374239897486893 0.7705132427757896 0
    outer loop
      vertex -0.5877852522924731 -0.30901699437494745 52.05
      vertex -0.6845471059286885 -0.22896862742141177 59.22126472647641
      vertex -0.5877852522924731 -0.30901699437494745 59.31299036374155
    endloop
  endfacet
  facet normal 0.7289686274214108 0.6845471059286895 0
    outer loop
      vertex -0.770513242775789 -0.1374239897486902 59.119466656469115
      vertex -0.6845471059286885 -0.22896862742141177 59.22126472647641
      vertex -0.6845471059286885 -0.22896862742141177 52.05
    endloop
  endfacet
  facet normal 0.4257792915650711 0.9048270524660202 0
    outer loop
      vertex -0.36812455268467836 -0.4297764858882509 52.05
      vertex -0.4817536741017154 -0.3763066800438635 59.393197000170616
      vertex -0.36812455268467836 -0.4297764858882509 59.460619729194
    endloop
  endfacet
  facet normal 0.5358267949789961 0.8443279255020153 0
    outer loop
      vertex -0.4817536741017154 -0.3763066800438635 52.05
      vertex -0.5877852522924731 -0.30901699437494745 59.31299036374155
      vertex -0.4817536741017154 -0.3763066800438635 59.393197000170616
    endloop
  endfacet
  facet normal 0.30901699437494445 0.9510565162951545 0
    outer loop
      vertex -0.24868988716485443 -0.4685831611286311 52.05
      vertex -0.28585226388410395 -0.4565083729737198 59.497525103679806
      vertex -0.24868988716485443 -0.4685831611286311 59.50962376578069
    endloop
  endfacet
  facet normal 0.309016994374951 0.9510565162951524 3.626884946227069e-17
    outer loop
      vertex -0.28585226388410395 -0.4565083729737198 59.497525103679806
      vertex -0.24868988716485443 -0.4685831611286311 52.05
      vertex -0.36812455268467836 -0.4297764858882509 59.460619729194
    endloop
  endfacet
  facet normal 0.187381314585723 0.982287250728689 0
    outer loop
      vertex -0.12533323356430406 -0.49211470131447754 52.05
      vertex -0.24868988716485443 -0.4685831611286311 59.50962376578069
      vertex -0.12533323356430406 -0.49211470131447754 59.53320183189412
    endloop
  endfacet
  facet normal 0.06279051952931575 0.9980267284282714 0
    outer loop
      vertex 0 -0.5 59.541102721179854
      vertex 0 -0.5 52.05
      vertex -0.12533323356430406 -0.49211470131447754 59.53320183189412
    endloop
  endfacet
  facet normal -0.06279051952931565 0.9980267284282714 0
    outer loop
      vertex 0 -0.5 52.05
      vertex 0 -0.5 59.541102721179854
      vertex 0.12533323356430426 -0.49211470131447754 52.05
    endloop
  endfacet
  facet normal -0.18738131458572274 0.982287250728689 0
    outer loop
      vertex 0.12533323356430426 -0.49211470131447754 52.05
      vertex 0.12533323356430426 -0.49211470131447754 59.53320183189412
      vertex 0.2486898871648548 -0.4685831611286311 52.05
    endloop
  endfacet
  facet normal -0.3090169943749507 0.9510565162951525 1.9475270882845503e-17
    outer loop
      vertex 0.368124552684678 -0.4297764858882509 52.05
      vertex 0.2486898871648548 -0.4685831611286311 52.05
      vertex 0.28585226388410395 -0.4565083729737198 59.497525103679806
    endloop
  endfacet
  facet normal -0.42577929156507 0.9048270524660207 0
    outer loop
      vertex 0.368124552684678 -0.4297764858882509 52.05
      vertex 0.368124552684678 -0.4297764858882509 59.460619729194
      vertex 0.4817536741017153 -0.3763066800438635 52.05
    endloop
  endfacet
  facet normal -0.5358267949789959 0.8443279255020154 0
    outer loop
      vertex 0.4817536741017153 -0.3763066800438635 52.05
      vertex 0.4817536741017153 -0.3763066800438635 59.393197000170616
      vertex 0.5877852522924731 -0.30901699437494745 52.05
    endloop
  endfacet
  facet normal -0.6374239897486884 0.7705132427757903 0
    outer loop
      vertex 0.5877852522924731 -0.30901699437494745 52.05
      vertex 0.5877852522924731 -0.30901699437494745 59.31299036374155
      vertex 0.6845471059286887 -0.22896862742141177 52.05
    endloop
  endfacet
  facet normal -0.7289686274214112 0.684547105928689 0
    outer loop
      vertex 0.6845471059286887 -0.22896862742141177 52.05
      vertex 0.6845471059286887 -0.22896862742141177 59.22126472647641
      vertex 0.7705132427757891 -0.1374239897486902 52.05
    endloop
  endfacet
  facet normal -0.8090169943749494 0.5877852522924701 0
    outer loop
      vertex 0.8170162599676267 -0.07341807763848429 52.05
      vertex 0.7705132427757891 -0.1374239897486902 52.05
      vertex 0.7705132427757891 -0.1374239897486902 59.119466656469115
    endloop
  endfacet
  facet normal -0.06279051952931565 0.9980267284282713 0
    outer loop
      vertex 0.12533323356430426 -0.49211470131447754 59.53320183189412
      vertex 0.12533323356430426 -0.49211470131447754 52.05
      vertex 0 -0.5 59.541102721179854
    endloop
  endfacet
  facet normal -0.3090169943749472 0.9510565162951538 0
    outer loop
      vertex 0.28585226388410395 -0.4565083729737198 59.497525103679806
      vertex 0.2486898871648548 -0.4685831611286311 52.05
      vertex 0.2486898871648548 -0.4685831611286311 59.50962376578069
    endloop
  endfacet
  facet normal -0.18738131458572277 0.982287250728689 0
    outer loop
      vertex 0.12533323356430426 -0.49211470131447754 59.53320183189412
      vertex 0.2486898871648548 -0.4685831611286311 59.50962376578069
      vertex 0.2486898871648548 -0.4685831611286311 52.05
    endloop
  endfacet
  facet normal -0.30901699437495234 0.951056516295152 0
    outer loop
      vertex 0.368124552684678 -0.4297764858882509 59.460619729194
      vertex 0.368124552684678 -0.4297764858882509 52.05
      vertex 0.28585226388410395 -0.4565083729737198 59.497525103679806
    endloop
  endfacet
  facet normal -0.42577929156507 0.9048270524660208 0
    outer loop
      vertex 0.4817536741017153 -0.3763066800438635 59.393197000170616
      vertex 0.4817536741017153 -0.3763066800438635 52.05
      vertex 0.368124552684678 -0.4297764858882509 59.460619729194
    endloop
  endfacet
  facet normal -0.535826794978996 0.8443279255020155 0
    outer loop
      vertex 0.5877852522924731 -0.30901699437494745 59.31299036374155
      vertex 0.5877852522924731 -0.30901699437494745 52.05
      vertex 0.4817536741017153 -0.3763066800438635 59.393197000170616
    endloop
  endfacet
  facet normal -0.6374239897486884 0.7705132427757903 0
    outer loop
      vertex 0.6845471059286887 -0.22896862742141177 59.22126472647641
      vertex 0.6845471059286887 -0.22896862742141177 52.05
      vertex 0.5877852522924731 -0.30901699437494745 59.31299036374155
    endloop
  endfacet
  facet normal -0.7289686274214112 0.684547105928689 0
    outer loop
      vertex 0.7705132427757891 -0.1374239897486902 52.05
      vertex 0.6845471059286887 -0.22896862742141177 59.22126472647641
      vertex 0.7705132427757891 -0.1374239897486902 59.119466656469115
    endloop
  endfacet
  facet normal -0.8090169943749497 0.5877852522924703 0
    outer loop
      vertex 0.8170162599676267 -0.07341807763848429 59.05
      vertex 0.8170162599676267 -0.07341807763848429 52.05
      vertex 0.7705132427757891 -0.1374239897486902 59.119466656469115
    endloop
  endfacet
  facet normal 0.15643446504022912 0.9876883405951381 0
    outer loop
      vertex -4.0656131735386 -2.093421008378471 52.05
      vertex -4.0656131735386 -2.093421008378471 59.05
      vertex -3.9831956098445254 -2.1064746680770687 52.05
    endloop
  endfacet
  facet normal 0.03141075907812711 0.9995065603657316 0
    outer loop
      vertex -3.857676537447883 -2.11041926383972 52.05
      vertex -3.9831956098445254 -2.1064746680770687 52.05
      vertex -3.9831956098445254 -2.1064746680770687 59.12673336698948
    endloop
  endfacet
  facet normal -0.09410831331851632 0.9955619646030798 0
    outer loop
      vertex -3.857676537447883 -2.11041926383972 52.05
      vertex -3.857676537447883 -2.11041926383972 59.22620239732959
      vertex -3.732652831485781 -2.098601044069126 52.05
    endloop
  endfacet
  facet normal -0.21814324139654154 0.9759167619387477 0
    outer loop
      vertex -3.732652831485781 -2.098601044069126 52.05
      vertex -3.732652831485781 -2.098601044069126 59.31517717303189
      vertex -3.6100961904867828 -2.0712063891509316 52.05
    endloop
  endfacet
  facet normal -0.3387379202452943 0.9408807689542245 0
    outer loop
      vertex -3.6100961904867828 -2.0712063891509316 52.05
      vertex -3.6100961904867828 -2.0712063891509316 59.39229885970787
      vertex -3.4919394058912316 -2.0286673291579693 52.05
    endloop
  endfacet
  facet normal -0.45399049973954564 0.8910065241883685 0
    outer loop
      vertex -3.4919394058912316 -2.0286673291579693 52.05
      vertex -3.4919394058912316 -2.0286673291579693 59.456351202288396
      vertex -3.38004588077564 -1.9716547304779315 52.05
    endloop
  endfacet
  facet normal -0.5620833778521321 0.8270805742745608 0
    outer loop
      vertex -3.38004588077564 -1.9716547304779315 52.05
      vertex -3.38004588077564 -1.9716547304779315 59.50632405706795
      vertex -3.2761802428730356 -1.9010677158496785 52.05
    endloop
  endfacet
  facet normal -0.6613118653236503 0.7501110696304609 0
    outer loop
      vertex -3.2761802428730356 -1.9010677158496785 52.05
      vertex -3.2761802428730356 -1.9010677158496785 59.5393751948929
      vertex -3.1819805153394642 -1.8180194846605358 52.05
    endloop
  endfacet
  facet normal -0.7501110696304609 0.6613118653236503 0
    outer loop
      vertex -3.1819805153394642 -1.8180194846605358 52.05
      vertex -3.1819805153394642 -1.8180194846605358 59.54332758980407
      vertex -3.0989322841503215 -1.7238197571269644 52.05
    endloop
  endfacet
  facet normal -0.8270805742745603 0.5620833778521329 0
    outer loop
      vertex -3.028345269522068 -1.6199541192243596 52.05
      vertex -3.0989322841503215 -1.7238197571269644 52.05
      vertex -3.0989322841503215 -1.7238197571269644 59.5314860033676
    endloop
  endfacet
  facet normal -0.975916761938747 0.21814324139654415 0
    outer loop
      vertex -2.901398955930874 -1.267347168514219 52.05
      vertex -2.928793610849069 -1.3899038095132177 52.05
      vertex -2.928793610849069 -1.3899038095132177 59.39869084297155
    endloop
  endfacet
  facet normal -0.8910065241883692 0.45399049973954425 0
    outer loop
      vertex -2.9713326708420307 -1.5080605941087684 52.05
      vertex -3.028345269522068 -1.6199541192243596 52.05
      vertex -3.028345269522068 -1.6199541192243596 59.50403718447541
    endloop
  endfacet
  facet normal -0.9408807689542251 0.3387379202452923 0
    outer loop
      vertex -2.928793610849069 -1.3899038095132177 52.05
      vertex -2.9713326708420307 -1.5080605941087684 52.05
      vertex -2.9713326708420307 -1.5080605941087684 59.46141401739855
    endloop
  endfacet
  facet normal -0.9955619646030798 0.09410831331851632 0
    outer loop
      vertex -2.88958073616028 -1.1423234625521168 52.05
      vertex -2.901398955930874 -1.267347168514219 52.05
      vertex -2.901398955930874 -1.267347168514219 59.31547841105609
    endloop
  endfacet
  facet normal -0.9995065603657316 -0.03141075907812711 0
    outer loop
      vertex -2.8935253319229313 -1.0168043901554746 52.05
      vertex -2.88958073616028 -1.1423234625521168 52.05
      vertex -2.88958073616028 -1.1423234625521168 59.22109243435793
    endloop
  endfacet
  facet normal -0.9876883405951377 -0.15643446504023162 0
    outer loop
      vertex -2.905269099817672 -0.9426571578220635 52.05
      vertex -2.8935253319229313 -1.0168043901554746 52.05
      vertex -2.8935253319229313 -1.0168043901554746 59.11702143611305
    endloop
  endfacet
  facet normal 0.1564344650402291 0.987688340595138 0
    outer loop
      vertex -3.9831956098445254 -2.1064746680770687 52.05
      vertex -4.0656131735386 -2.093421008378471 59.05
      vertex -3.9831956098445254 -2.1064746680770687 59.12673336698948
    endloop
  endfacet
  facet normal 0.03141075907826325 0.9995065603657273 2.4170755600622374e-15
    outer loop
      vertex -3.982568842759353 -2.1064943650262347 59.12727418527676
      vertex -3.857676537447883 -2.11041926383972 52.05
      vertex -3.9831956098445254 -2.1064746680770687 59.12673336698948
    endloop
  endfacet
  facet normal 0.03141075907812642 0.9995065603657316 0
    outer loop
      vertex -3.857676537447883 -2.11041926383972 52.05
      vertex -3.982568842759353 -2.1064943650262347 59.12727418527676
      vertex -3.857676537447883 -2.11041926383972 59.22620239732959
    endloop
  endfacet
  facet normal -0.09410831331851634 0.9955619646030798 0
    outer loop
      vertex -3.732652831485781 -2.098601044069126 52.05
      vertex -3.857676537447883 -2.11041926383972 59.22620239732959
      vertex -3.732652831485781 -2.098601044069126 59.31517717303189
    endloop
  endfacet
  facet normal -0.21814324139654154 0.9759167619387477 0
    outer loop
      vertex -3.6100961904867828 -2.0712063891509316 52.05
      vertex -3.732652831485781 -2.098601044069126 59.31517717303189
      vertex -3.6100961904867828 -2.0712063891509316 59.39229885970787
    endloop
  endfacet
  facet normal -0.3387379202452943 0.9408807689542245 0
    outer loop
      vertex -3.4919394058912316 -2.0286673291579693 52.05
      vertex -3.6100961904867828 -2.0712063891509316 59.39229885970787
      vertex -3.4919394058912316 -2.0286673291579693 59.456351202288396
    endloop
  endfacet
  facet normal -0.4539904997395455 0.8910065241883685 0
    outer loop
      vertex -3.38004588077564 -1.9716547304779315 52.05
      vertex -3.4919394058912316 -2.0286673291579693 59.456351202288396
      vertex -3.38004588077564 -1.9716547304779315 59.50632405706795
    endloop
  endfacet
  facet normal -0.5620833778521336 0.8270805742745598 -2.8718188305723005e-17
    outer loop
      vertex -3.38004588077564 -1.9716547304779315 59.50632405706795
      vertex -3.290015285939035 -1.9104700014082376 59.536753253597695
      vertex -3.2761802428730356 -1.9010677158496785 52.05
    endloop
  endfacet
  facet normal -0.5620833778521229 0.8270805742745673 0
    outer loop
      vertex -3.2761802428730356 -1.9010677158496785 52.05
      vertex -3.290015285939035 -1.9104700014082376 59.536753253597695
      vertex -3.2761802428730356 -1.9010677158496785 59.5393751948929
    endloop
  endfacet
  facet normal -0.6613118653236503 0.7501110696304609 0
    outer loop
      vertex -3.1819805153394642 -1.8180194846605358 52.05
      vertex -3.2761802428730356 -1.9010677158496785 59.5393751948929
      vertex -3.1819805153394642 -1.8180194846605358 59.54332758980407
    endloop
  endfacet
  facet normal -0.7501110696304609 0.6613118653236503 0
    outer loop
      vertex -3.0989322841503215 -1.7238197571269644 52.05
      vertex -3.1819805153394642 -1.8180194846605358 59.54332758980407
      vertex -3.0989322841503215 -1.7238197571269644 59.5314860033676
    endloop
  endfacet
  facet normal -0.8270805742745603 0.5620833778521329 0
    outer loop
      vertex -3.028345269522068 -1.6199541192243596 52.05
      vertex -3.0989322841503215 -1.7238197571269644 59.5314860033676
      vertex -3.028345269522068 -1.6199541192243596 59.50403718447541
    endloop
  endfacet
  facet normal -0.8910065241883691 0.45399049973954425 0
    outer loop
      vertex -3.028345269522068 -1.6199541192243596 59.50403718447541
      vertex -2.9713326708420307 -1.5080605941087684 59.46141401739855
      vertex -2.9713326708420307 -1.5080605941087684 52.05
    endloop
  endfacet
  facet normal -0.9408807689542251 0.33873792024529237 1.197019085070987e-18
    outer loop
      vertex -2.9463013601201844 -1.438533453885293 59.42779969454587
      vertex -2.928793610849069 -1.3899038095132177 52.05
      vertex -2.9713326708420307 -1.5080605941087684 59.46141401739855
    endloop
  endfacet
  facet normal -0.9408807689542252 0.3387379202452922 0
    outer loop
      vertex -2.9463013601201844 -1.438533453885293 59.42779969454587
      vertex -2.928793610849069 -1.3899038095132177 59.39869084297155
      vertex -2.928793610849069 -1.3899038095132177 52.05
    endloop
  endfacet
  facet normal -0.975916761938747 0.21814324139654415 0
    outer loop
      vertex -2.901398955930874 -1.267347168514219 52.05
      vertex -2.928793610849069 -1.3899038095132177 59.39869084297155
      vertex -2.901398955930874 -1.267347168514219 59.31547841105609
    endloop
  endfacet
  facet normal -0.9955619646030799 0.09410831331851632 0
    outer loop
      vertex -2.901398955930874 -1.267347168514219 59.31547841105609
      vertex -2.88958073616028 -1.1423234625521168 59.22109243435793
      vertex -2.88958073616028 -1.1423234625521168 52.05
    endloop
  endfacet
  facet normal -0.9995065603657316 -0.03141075907812711 0
    outer loop
      vertex -2.8935253319229313 -1.0168043901554746 52.05
      vertex -2.88958073616028 -1.1423234625521168 59.22109243435793
      vertex -2.8935253319229313 -1.0168043901554746 59.11702143611305
    endloop
  endfacet
  facet normal -0.9876883405951374 -0.1564344650402316 0
    outer loop
      vertex -2.905269099817672 -0.9426571578220635 59.05
      vertex -2.905269099817672 -0.9426571578220635 52.05
      vertex -2.8935253319229313 -1.0168043901554746 59.11702143611305
    endloop
  endfacet
  facet normal -0.6845471059286831 0.7289686274214168 0
    outer loop
      vertex -4.86257601025131 -5.770513242775789 52.05
      vertex -4.86257601025131 -5.770513242775789 59.11944447003381
      vertex -4.816803691414949 -5.727530174352239 52.05
    endloop
  endfacet
  facet normal -0.6845471059286891 0.7289686274214112 -7.289486517547965e-17
    outer loop
      vertex -4.86257601025131 -5.770513242775789 59.11944447003381
      vertex -4.7840279527102085 -5.696751707034146 59.21060263888219
      vertex -4.816803691414949 -5.727530174352239 52.05
    endloop
  endfacet
  facet normal 0.6546536707079771 0.3779644730092272 0.6546536707079773
    outer loop
      vertex -1.7 -7.944486372867091 54.05
      vertex -1.2 -7.078460969082652 53.05
      vertex -3.4 -5 54.05
    endloop
  endfacet
  facet normal 0.654653670707977 0.37796447300922725 0.6546536707079772
    outer loop
      vertex -1.2 -7.078460969082652 53.05
      vertex -2.4 -5 53.05
      vertex -3.4 -5 54.05
    endloop
  endfacet
  facet normal 0 0 1
    outer loop
      vertex -1.5873835221031647 -5.200533173702887 53.05
      vertex -1.6 -5 53.05
      vertex -2.4 -5 53.05
    endloop
  endfacet
  facet normal 0 0 1
    outer loop
      vertex -1.2 -7.078460969082652 53.05
      vertex -1.1663498038742588 -6.095275369485901 53.05
      vertex -2.4 -5 53.05
    endloop
  endfacet
  facet normal 0 0 1
    outer loop
      vertex -1.294427190999916 -5.940456403667957 53.05
      vertex -2.4 -5 53.05
      vertex -1.1663498038742588 -6.095275369485901 53.05
    endloop
  endfacet
  facet normal 0 0 1
    outer loop
      vertex -1.294427190999916 -5.940456403667957 53.05
      vertex -1.4020906880701816 -5.7708058785627445 53.05
      vertex -2.4 -5 53.05
    endloop
  endfacet
  facet normal 0 0 1
    outer loop
      vertex -1.4876423774212024 -5.588999284295484 53.05
      vertex -1.5497330578058097 -5.397903819463767 53.05
      vertex -2.4 -5 53.05
    endloop
  endfacet
  facet normal 0 0 1
    outer loop
      vertex -1.4876423774212024 -5.588999284295484 53.05
      vertex -2.4 -5 53.05
      vertex -1.4020906880701816 -5.7708058785627445 53.05
    endloop
  endfacet
  facet normal 0 0 1
    outer loop
      vertex -1.5497330578058097 -5.397903819463767 53.05
      vertex -1.5873835221031647 -5.200533173702887 53.05
      vertex -2.4 -5 53.05
    endloop
  endfacet
  facet normal 0 0 1
    outer loop
      vertex -1.2 -7.078460969082652 53.05
      vertex -0.8573228719663949 -6.3509246808032245 53.05
      vertex -1.0198783835979035 -6.232821188441263 53.05
    endloop
  endfacet
  facet normal 0 0 1
    outer loop
      vertex -1.2 -7.078460969082652 53.05
      vertex -1.0198783835979035 -6.232821188441263 53.05
      vertex -1.1663498038742588 -6.095275369485901 53.05
    endloop
  endfacet
  facet normal 0 0 1
    outer loop
      vertex -1.2 -7.078460969082652 53.05
      vertex -0.6812468665041159 -6.447723283945631 53.05
      vertex -0.8573228719663949 -6.3509246808032245 53.05
    endloop
  endfacet
  facet normal 0 0 1
    outer loop
      vertex -1.2 -7.078460969082652 53.05
      vertex -0.49442719099991583 -6.5216904260722455 53.05
      vertex -0.6812468665041159 -6.447723283945631 53.05
    endloop
  endfacet
  facet normal 0 0 1
    outer loop
      vertex -1.2 -7.078460969082652 53.05
      vertex -0.29981010333715974 -6.571659601165901 53.05
      vertex -0.49442719099991583 -6.5216904260722455 53.05
    endloop
  endfacet
  facet normal 0 0.7559289460184542 0.6546536707079774
    outer loop
      vertex -1.7 -7.944486372867091 54.05
      vertex 1.2 -7.078460969082652 53.05
      vertex -1.2 -7.078460969082652 53.05
    endloop
  endfacet
  facet normal 0 0 1
    outer loop
      vertex -1.2 -7.078460969082652 53.05
      vertex 1.2 -7.078460969082652 53.05
      vertex -0.10046483124690203 -6.596842765485235 53.05
    endloop
  endfacet
  facet normal 0 0 1
    outer loop
      vertex -1.2 -7.078460969082652 53.05
      vertex -0.10046483124690203 -6.596842765485235 53.05
      vertex -0.29981010333715974 -6.571659601165901 53.05
    endloop
  endfacet
  facet normal 0.8660254037844386 0.4999999999999999 0
    outer loop
      vertex -1.7 -7.944486372867091 54.05
      vertex -3.4 -5 54.05
      vertex -3.4 -5 59.55
    endloop
  endfacet
  facet normal 0 1 0
    outer loop
      vertex -1.7 -7.944486372867091 54.05
      vertex -1.7 -7.944486372867091 59.55
      vertex 1.7 -7.944486372867091 54.05
    endloop
  endfacet
  facet normal 0.8660254037844386 0.4999999999999999 0
    outer loop
      vertex -1.7 -7.944486372867091 54.05
      vertex -3.4 -5 59.55
      vertex -1.7 -7.944486372867091 59.55
    endloop
  endfacet
  facet normal 0.6546536707079772 -0.3779644730092273 0.6546536707079772
    outer loop
      vertex -3.4 -5 54.05
      vertex -2.4 -5 53.05
      vertex -1.7 -2.0555136271329086 54.05
    endloop
  endfacet
  facet normal 0 0 1
    outer loop
      vertex -2.4 -5 53.05
      vertex -1.6 -5 53.05
      vertex -1.5873835221031647 -4.799466826297113 53.05
    endloop
  endfacet
  facet normal 0 0 1
    outer loop
      vertex -2.4 -5 53.05
      vertex -1.5873835221031647 -4.799466826297113 53.05
      vertex -1.5497330578058097 -4.602096180536233 53.05
    endloop
  endfacet
  facet normal 0 0 1
    outer loop
      vertex -2.4 -5 53.05
      vertex -1.5497330578058097 -4.602096180536233 53.05
      vertex -1.4876423774212024 -4.411000715704516 53.05
    endloop
  endfacet
  facet normal 0 0 1
    outer loop
      vertex -2.4 -5 53.05
      vertex -1.4876423774212024 -4.411000715704516 53.05
      vertex -1.4020906880701816 -4.2291941214372555 53.05
    endloop
  endfacet
  facet normal 0 0 1
    outer loop
      vertex -2.4 -5 53.05
      vertex -1.4020906880701816 -4.2291941214372555 53.05
      vertex -1.294427190999916 -4.059543596332043 53.05
    endloop
  endfacet
  facet normal 0 0 1
    outer loop
      vertex -2.4 -5 53.05
      vertex -1.294427190999916 -4.059543596332043 53.05
      vertex -1.2 -2.9215390309173475 53.05
    endloop
  endfacet
  facet normal 0.654653670707977 -0.37796447300922714 0.6546536707079771
    outer loop
      vertex -2.4 -5 53.05
      vertex -1.2 -2.9215390309173475 53.05
      vertex -1.7 -2.0555136271329086 54.05
    endloop
  endfacet
  facet normal 0 0 1
    outer loop
      vertex -1.294427190999916 -4.059543596332043 53.05
      vertex -1.1663498038742588 -3.9047246305140986 53.05
      vertex -1.2 -2.9215390309173475 53.05
    endloop
  endfacet
  facet normal 0 0 1
    outer loop
      vertex -1.1663498038742588 -3.9047246305140986 53.05
      vertex -1.0198783835979035 -3.767178811558737 53.05
      vertex -1.2 -2.9215390309173475 53.05
    endloop
  endfacet
  facet normal 0 0 1
    outer loop
      vertex -1.0198783835979035 -3.767178811558737 53.05
      vertex -0.8573228719663949 -3.649075319196776 53.05
      vertex -1.2 -2.9215390309173475 53.05
    endloop
  endfacet
  facet normal 0 0 1
    outer loop
      vertex -0.8573228719663949 -3.649075319196776 53.05
      vertex -0.6812468665041164 -3.5522767160543687 53.05
      vertex -1.2 -2.9215390309173475 53.05
    endloop
  endfacet
  facet normal 0 0 1
    outer loop
      vertex -0.6812468665041164 -3.5522767160543687 53.05
      vertex -0.49442719099991583 -3.4783095739277545 53.05
      vertex -1.2 -2.9215390309173475 53.05
    endloop
  endfacet
  facet normal 0 0 1
    outer loop
      vertex -0.49442719099991583 -3.4783095739277545 53.05
      vertex -0.29981010333715935 -3.4283403988340977 53.05
      vertex -1.2 -2.9215390309173475 53.05
    endloop
  endfacet
  facet normal 0 0 1
    outer loop
      vertex -0.29981010333715935 -3.4283403988340977 53.05
      vertex -0.10046483124690125 -3.403157234514765 53.05
      vertex -1.2 -2.9215390309173475 53.05
    endloop
  endfacet
  facet normal 0 0 1
    outer loop
      vertex -0.10046483124690125 -3.403157234514765 53.05
      vertex 0.10046483124690125 -3.403157234514765 53.05
      vertex -1.2 -2.9215390309173475 53.05
    endloop
  endfacet
  facet normal 0 -0.7559289460184544 0.6546536707079772
    outer loop
      vertex -1.7 -2.0555136271329086 54.05
      vertex -1.2 -2.9215390309173475 53.05
      vertex 1.7 -2.0555136271329086 54.05
    endloop
  endfacet
  facet normal 0.8660254037844386 -0.4999999999999999 0
    outer loop
      vertex -3.4 -5 54.05
      vertex -1.7 -2.0555136271329086 59.55
      vertex -3.4 -5 59.55
    endloop
  endfacet
  facet normal 0.8660254037844386 -0.4999999999999999 0
    outer loop
      vertex -3.4 -5 54.05
      vertex -1.7 -2.0555136271329086 54.05
      vertex -1.7 -2.0555136271329086 59.55
    endloop
  endfacet
  facet normal 0 -1 0
    outer loop
      vertex -1.7 -2.0555136271329086 54.05
      vertex 1.7 -2.0555136271329086 59.55
      vertex -1.7 -2.0555136271329086 59.55
    endloop
  endfacet
  facet normal 0 0.7559289460184543 0.6546536707079775
    outer loop
      vertex -1.7 -7.944486372867091 54.05
      vertex 1.7 -7.944486372867091 54.05
      vertex 1.2 -7.078460969082652 53.05
    endloop
  endfacet
  facet normal 0 0 1
    outer loop
      vertex -0.10046483124690203 -6.596842765485235 53.05
      vertex 1.2 -7.078460969082652 53.05
      vertex 0.10046483124690203 -6.596842765485235 53.05
    endloop
  endfacet
  facet normal 0 0 1
    outer loop
      vertex 1.2 -7.078460969082652 53.05
      vertex 0.29981010333715974 -6.571659601165901 53.05
      vertex 0.10046483124690203 -6.596842765485235 53.05
    endloop
  endfacet
  facet normal 0 0 1
    outer loop
      vertex 1.2 -7.078460969082652 53.05
      vertex 0.49442719099991583 -6.5216904260722455 53.05
      vertex 0.29981010333715974 -6.571659601165901 53.05
    endloop
  endfacet
  facet normal 0 0 1
    outer loop
      vertex 1.2 -7.078460969082652 53.05
      vertex 0.6812468665041159 -6.447723283945631 53.05
      vertex 0.49442719099991583 -6.5216904260722455 53.05
    endloop
  endfacet
  facet normal 0 0 1
    outer loop
      vertex 1.2 -7.078460969082652 53.05
      vertex 0.857322871966394 -6.3509246808032245 53.05
      vertex 0.6812468665041159 -6.447723283945631 53.05
    endloop
  endfacet
  facet normal 0 0 1
    outer loop
      vertex 1.2 -7.078460969082652 53.05
      vertex 1.019878383597904 -6.232821188441262 53.05
      vertex 0.857322871966394 -6.3509246808032245 53.05
    endloop
  endfacet
  facet normal 0 0 1
    outer loop
      vertex 1.2 -7.078460969082652 53.05
      vertex 1.1663498038742588 -6.095275369485901 53.05
      vertex 1.019878383597904 -6.232821188441262 53.05
    endloop
  endfacet
  facet normal 0 0 1
    outer loop
      vertex 1.2 -7.078460969082652 53.05
      vertex 1.294427190999916 -5.940456403667957 53.05
      vertex 1.1663498038742588 -6.095275369485901 53.05
    endloop
  endfacet
  facet normal -0.654653670707977 0.37796447300922725 0.6546536707079773
    outer loop
      vertex 1.2 -7.078460969082652 53.05
      vertex 1.7 -7.944486372867091 54.05
      vertex 2.4 -5 53.05
    endloop
  endfacet
  facet normal 0 0 1
    outer loop
      vertex 1.2 -7.078460969082652 53.05
      vertex 2.4 -5 53.05
      vertex 1.294427190999916 -5.940456403667957 53.05
    endloop
  endfacet
  facet normal 0 0 1
    outer loop
      vertex 1.294427190999916 -5.940456403667957 53.05
      vertex 2.4 -5 53.05
      vertex 1.4020906880701816 -5.7708058785627445 53.05
    endloop
  endfacet
  facet normal 0 0 1
    outer loop
      vertex 1.4020906880701816 -5.7708058785627445 53.05
      vertex 2.4 -5 53.05
      vertex 1.487642377421202 -5.588999284295485 53.05
    endloop
  endfacet
  facet normal 0 0 1
    outer loop
      vertex 1.487642377421202 -5.588999284295485 53.05
      vertex 2.4 -5 53.05
      vertex 1.54973305780581 -5.397903819463767 53.05
    endloop
  endfacet
  facet normal 0 0 1
    outer loop
      vertex 1.54973305780581 -5.397903819463767 53.05
      vertex 2.4 -5 53.05
      vertex 1.5873835221031647 -5.200533173702887 53.05
    endloop
  endfacet
  facet normal 0 0 1
    outer loop
      vertex 1.5873835221031647 -5.200533173702887 53.05
      vertex 2.4 -5 53.05
      vertex 1.6 -5 53.05
    endloop
  endfacet
  facet normal -0.6546536707079771 0.3779644730092272 0.6546536707079772
    outer loop
      vertex 1.7 -7.944486372867091 54.05
      vertex 3.4 -5 54.05
      vertex 2.4 -5 53.05
    endloop
  endfacet
  facet normal 0 1 0
    outer loop
      vertex 1.7 -7.944486372867091 54.05
      vertex -1.7 -7.944486372867091 59.55
      vertex 1.7 -7.944486372867091 59.55
    endloop
  endfacet
  facet normal -0.8660254037844386 0.4999999999999999 0
    outer loop
      vertex 1.7 -7.944486372867091 54.05
      vertex 1.7 -7.944486372867091 59.55
      vertex 3.4 -5 54.05
    endloop
  endfacet
  facet normal -0.8660254037844386 0.4999999999999999 0
    outer loop
      vertex 3.4 -5 54.05
      vertex 1.7 -7.944486372867091 59.55
      vertex 3.4 -5 59.55
    endloop
  endfacet
  facet normal 0 0 1
    outer loop
      vertex 0.10046483124690125 -3.403157234514765 53.05
      vertex 0.29981010333715935 -3.4283403988340977 53.05
      vertex 1.2 -2.9215390309173475 53.05
    endloop
  endfacet
  facet normal 0 0 1
    outer loop
      vertex -1.2 -2.9215390309173475 53.05
      vertex 0.10046483124690125 -3.403157234514765 53.05
      vertex 1.2 -2.9215390309173475 53.05
    endloop
  endfacet
  facet normal 0 -0.7559289460184543 0.6546536707079771
    outer loop
      vertex -1.2 -2.9215390309173475 53.05
      vertex 1.2 -2.9215390309173475 53.05
      vertex 1.7 -2.0555136271329086 54.05
    endloop
  endfacet
  facet normal 0 0 1
    outer loop
      vertex 0.29981010333715935 -3.4283403988340977 53.05
      vertex 0.49442719099991583 -3.4783095739277545 53.05
      vertex 1.2 -2.9215390309173475 53.05
    endloop
  endfacet
  facet normal 0 0 1
    outer loop
      vertex 0.49442719099991583 -3.4783095739277545 53.05
      vertex 0.6812468665041164 -3.5522767160543687 53.05
      vertex 1.2 -2.9215390309173475 53.05
    endloop
  endfacet
  facet normal 0 0 1
    outer loop
      vertex 0.6812468665041164 -3.5522767160543687 53.05
      vertex 0.8573228719663947 -3.6490753191967755 53.05
      vertex 1.2 -2.9215390309173475 53.05
    endloop
  endfacet
  facet normal 0 0 1
    outer loop
      vertex 1.1663498038742586 -3.9047246305140977 53.05
      vertex 1.2 -2.9215390309173475 53.05
      vertex 1.0198783835979037 -3.767178811558737 53.05
    endloop
  endfacet
  facet normal 0 0 1
    outer loop
      vertex 0.8573228719663947 -3.6490753191967755 53.05
      vertex 1.0198783835979037 -3.767178811558737 53.05
      vertex 1.2 -2.9215390309173475 53.05
    endloop
  endfacet
  facet normal 0 0 1
    outer loop
      vertex 1.5873835221031647 -4.799466826297113 53.05
      vertex 2.4 -5 53.05
      vertex 1.5497330578058097 -4.602096180536233 53.05
    endloop
  endfacet
  facet normal 0 0 1
    outer loop
      vertex 1.4020906880701818 -4.2291941214372555 53.05
      vertex 1.4876423774212022 -4.411000715704516 53.05
      vertex 2.4 -5 53.05
    endloop
  endfacet
  facet normal 0 0 1
    outer loop
      vertex 1.5497330578058097 -4.602096180536233 53.05
      vertex 2.4 -5 53.05
      vertex 1.4876423774212022 -4.411000715704516 53.05
    endloop
  endfacet
  facet normal 0 0 1
    outer loop
      vertex 1.4020906880701818 -4.2291941214372555 53.05
      vertex 2.4 -5 53.05
      vertex 1.294427190999916 -4.059543596332043 53.05
    endloop
  endfacet
  facet normal 0 0 1
    outer loop
      vertex 1.1663498038742586 -3.9047246305140977 53.05
      vertex 1.294427190999916 -4.059543596332043 53.05
      vertex 2.4 -5 53.05
    endloop
  endfacet
  facet normal 0 0 1
    outer loop
      vertex 1.1663498038742586 -3.9047246305140977 53.05
      vertex 2.4 -5 53.05
      vertex 1.2 -2.9215390309173475 53.05
    endloop
  endfacet
  facet normal 0 0 1
    outer loop
      vertex 1.6 -5 53.05
      vertex 2.4 -5 53.05
      vertex 1.5873835221031647 -4.799466826297113 53.05
    endloop
  endfacet
  facet normal -0.654653670707977 -0.37796447300922714 0.6546536707079771
    outer loop
      vertex 1.2 -2.9215390309173475 53.05
      vertex 2.4 -5 53.05
      vertex 3.4 -5 54.05
    endloop
  endfacet
  facet normal -0.6546536707079771 -0.37796447300922725 0.6546536707079772
    outer loop
      vertex 1.2 -2.9215390309173475 53.05
      vertex 3.4 -5 54.05
      vertex 1.7 -2.0555136271329086 54.05
    endloop
  endfacet
  facet normal -0.8660254037844386 -0.4999999999999999 0
    outer loop
      vertex 1.7 -2.0555136271329086 54.05
      vertex 3.4 -5 59.55
      vertex 1.7 -2.0555136271329086 59.55
    endloop
  endfacet
  facet normal 0 -1 0
    outer loop
      vertex -1.7 -2.0555136271329086 54.05
      vertex 1.7 -2.0555136271329086 54.05
      vertex 1.7 -2.0555136271329086 59.55
    endloop
  endfacet
  facet normal -0.8660254037844386 -0.4999999999999999 0
    outer loop
      vertex 1.7 -2.0555136271329086 54.05
      vertex 3.4 -5 54.05
      vertex 3.4 -5 59.55
    endloop
  endfacet
  facet normal 0.9048270524660194 0.42577929156507316 0
    outer loop
      vertex -1.4020906880701816 -5.7708058785627445 53.05
      vertex -1.4020906880701816 -5.7708058785627445 50.05
      vertex -1.4876423774212024 -5.588999284295484 50.05
    endloop
  endfacet
  facet normal 0.844327925502016 0.5358267949789954 0
    outer loop
      vertex -1.294427190999916 -5.940456403667957 53.05
      vertex -1.294427190999916 -5.940456403667957 50.05
      vertex -1.4020906880701816 -5.7708058785627445 50.05
    endloop
  endfacet
  facet normal 0.9822872507286884 0.187381314585726 0
    outer loop
      vertex -1.5497330578058097 -5.397903819463767 53.05
      vertex -1.5497330578058097 -5.397903819463767 50.05
      vertex -1.5873835221031647 -5.200533173702887 50.05
    endloop
  endfacet
  facet normal 0.9980267284282714 0.06279051952931301 0
    outer loop
      vertex -1.5873835221031647 -5.200533173702887 53.05
      vertex -1.5873835221031647 -5.200533173702887 50.05
      vertex -1.6 -5 50.05
    endloop
  endfacet
  facet normal 0.9510565162951539 0.30901699437494656 0
    outer loop
      vertex -1.4876423774212024 -5.588999284295484 53.05
      vertex -1.4876423774212024 -5.588999284295484 50.05
      vertex -1.5497330578058097 -5.397903819463767 50.05
    endloop
  endfacet
  facet normal 0.7705132427757886 0.6374239897486904 0
    outer loop
      vertex -1.294427190999916 -5.940456403667957 53.05
      vertex -1.1663498038742588 -6.095275369485901 53.05
      vertex -1.294427190999916 -5.940456403667957 50.05
    endloop
  endfacet
  facet normal 0.9048270524660194 0.42577929156507316 0
    outer loop
      vertex -1.4876423774212024 -5.588999284295484 53.05
      vertex -1.4020906880701816 -5.7708058785627445 53.05
      vertex -1.4876423774212024 -5.588999284295484 50.05
    endloop
  endfacet
  facet normal 0.844327925502016 0.5358267949789954 0
    outer loop
      vertex -1.294427190999916 -5.940456403667957 53.05
      vertex -1.4020906880701816 -5.7708058785627445 50.05
      vertex -1.4020906880701816 -5.7708058785627445 53.05
    endloop
  endfacet
  facet normal 0.9822872507286884 0.187381314585726 0
    outer loop
      vertex -1.5497330578058097 -5.397903819463767 53.05
      vertex -1.5873835221031647 -5.200533173702887 50.05
      vertex -1.5873835221031647 -5.200533173702887 53.05
    endloop
  endfacet
  facet normal 0.9980267284282714 0.06279051952931301 0
    outer loop
      vertex -1.5873835221031647 -5.200533173702887 53.05
      vertex -1.6 -5 50.05
      vertex -1.6 -5 53.05
    endloop
  endfacet
  facet normal 0.9510565162951539 0.30901699437494656 0
    outer loop
      vertex -1.4876423774212024 -5.588999284295484 53.05
      vertex -1.5497330578058097 -5.397903819463767 50.05
      vertex -1.5497330578058097 -5.397903819463767 53.05
    endloop
  endfacet
  facet normal 0.5877852522924744 0.8090169943749465 0
    outer loop
      vertex -0.8573228719663949 -6.3509246808032245 53.05
      vertex -0.8573228719663949 -6.3509246808032245 50.05
      vertex -1.0198783835979035 -6.232821188441263 50.05
    endloop
  endfacet
  facet normal 0.48175367410171294 0.8763066800438649 0
    outer loop
      vertex -0.6812468665041159 -6.447723283945631 53.05
      vertex -0.6812468665041159 -6.447723283945631 50.05
      vertex -0.8573228719663949 -6.3509246808032245 50.05
    endloop
  endfacet
  facet normal 0.24868988716485416 0.9685831611286312 0
    outer loop
      vertex -0.29981010333715974 -6.571659601165901 53.05
      vertex -0.29981010333715974 -6.571659601165901 50.05
      vertex -0.49442719099991583 -6.5216904260722455 50.05
    endloop
  endfacet
  facet normal 0.36812455268467703 0.9297764858882518 0
    outer loop
      vertex -0.49442719099991583 -6.5216904260722455 53.05
      vertex -0.49442719099991583 -6.5216904260722455 50.05
      vertex -0.6812468665041159 -6.447723283945631 50.05
    endloop
  endfacet
  facet normal 0.12533323356430845 0.9921147013144773 0
    outer loop
      vertex -0.10046483124690203 -6.596842765485235 53.05
      vertex -0.10046483124690203 -6.596842765485235 50.05
      vertex -0.29981010333715974 -6.571659601165901 50.05
    endloop
  endfacet
  facet normal 0.5877852522924744 0.8090169943749465 0
    outer loop
      vertex -1.0198783835979035 -6.232821188441263 53.05
      vertex -0.8573228719663949 -6.3509246808032245 53.05
      vertex -1.0198783835979035 -6.232821188441263 50.05
    endloop
  endfacet
  facet normal 0.48175367410171294 0.8763066800438649 0
    outer loop
      vertex -0.8573228719663949 -6.3509246808032245 53.05
      vertex -0.6812468665041159 -6.447723283945631 53.05
      vertex -0.8573228719663949 -6.3509246808032245 50.05
    endloop
  endfacet
  facet normal 0.36812455268467703 0.9297764858882518 0
    outer loop
      vertex -0.6812468665041159 -6.447723283945631 53.05
      vertex -0.49442719099991583 -6.5216904260722455 53.05
      vertex -0.6812468665041159 -6.447723283945631 50.05
    endloop
  endfacet
  facet normal 0.24868988716485416 0.9685831611286312 0
    outer loop
      vertex -0.49442719099991583 -6.5216904260722455 53.05
      vertex -0.29981010333715974 -6.571659601165901 53.05
      vertex -0.49442719099991583 -6.5216904260722455 50.05
    endloop
  endfacet
  facet normal 0.12533323356430845 0.9921147013144773 0
    outer loop
      vertex -0.29981010333715974 -6.571659601165901 53.05
      vertex -0.10046483124690203 -6.596842765485235 53.05
      vertex -0.29981010333715974 -6.571659601165901 50.05
    endloop
  endfacet
  facet normal 0 1 0
    outer loop
      vertex -0.10046483124690203 -6.596842765485235 53.05
      vertex 0.10046483124690203 -6.596842765485235 53.05
      vertex -0.10046483124690203 -6.596842765485235 50.05
    endloop
  endfacet
  facet normal 0.7705132427757886 0.6374239897486904 0
    outer loop
      vertex -1.1663498038742588 -6.095275369485901 53.05
      vertex -1.1663498038742588 -6.095275369485901 50.05
      vertex -1.294427190999916 -5.940456403667957 50.05
    endloop
  endfacet
  facet normal 0.6845471059286895 0.7289686274214108 0
    outer loop
      vertex -1.0198783835979035 -6.232821188441263 53.05
      vertex -1.0198783835979035 -6.232821188441263 50.05
      vertex -1.1663498038742588 -6.095275369485901 50.05
    endloop
  endfacet
  facet normal 0.6845471059286895 0.7289686274214108 0
    outer loop
      vertex -1.0198783835979035 -6.232821188441263 53.05
      vertex -1.1663498038742588 -6.095275369485901 50.05
      vertex -1.1663498038742588 -6.095275369485901 53.05
    endloop
  endfacet
  facet normal 0.9980267284282714 -0.06279051952931301 0
    outer loop
      vertex -1.6 -5 53.05
      vertex -1.6 -5 50.05
      vertex -1.5873835221031647 -4.799466826297113 50.05
    endloop
  endfacet
  facet normal 0.9822872507286884 -0.187381314585726 0
    outer loop
      vertex -1.5873835221031647 -4.799466826297113 53.05
      vertex -1.5873835221031647 -4.799466826297113 50.05
      vertex -1.5497330578058097 -4.602096180536233 50.05
    endloop
  endfacet
  facet normal 0.9510565162951539 -0.30901699437494656 0
    outer loop
      vertex -1.5497330578058097 -4.602096180536233 53.05
      vertex -1.5497330578058097 -4.602096180536233 50.05
      vertex -1.4876423774212024 -4.411000715704516 50.05
    endloop
  endfacet
  facet normal 0.9048270524660194 -0.42577929156507316 0
    outer loop
      vertex -1.4876423774212024 -4.411000715704516 53.05
      vertex -1.4876423774212024 -4.411000715704516 50.05
      vertex -1.4020906880701816 -4.2291941214372555 50.05
    endloop
  endfacet
  facet normal 0.844327925502016 -0.5358267949789954 0
    outer loop
      vertex -1.4020906880701816 -4.2291941214372555 53.05
      vertex -1.4020906880701816 -4.2291941214372555 50.05
      vertex -1.294427190999916 -4.059543596332043 50.05
    endloop
  endfacet
  facet normal 0.7705132427757886 -0.6374239897486904 0
    outer loop
      vertex -1.294427190999916 -4.059543596332043 53.05
      vertex -1.294427190999916 -4.059543596332043 50.05
      vertex -1.1663498038742588 -3.9047246305140986 50.05
    endloop
  endfacet
  facet normal 0.9980267284282714 -0.06279051952931301 0
    outer loop
      vertex -1.6 -5 53.05
      vertex -1.5873835221031647 -4.799466826297113 50.05
      vertex -1.5873835221031647 -4.799466826297113 53.05
    endloop
  endfacet
  facet normal 0.9822872507286884 -0.187381314585726 0
    outer loop
      vertex -1.5873835221031647 -4.799466826297113 53.05
      vertex -1.5497330578058097 -4.602096180536233 50.05
      vertex -1.5497330578058097 -4.602096180536233 53.05
    endloop
  endfacet
  facet normal 0.9510565162951539 -0.30901699437494656 0
    outer loop
      vertex -1.5497330578058097 -4.602096180536233 53.05
      vertex -1.4876423774212024 -4.411000715704516 50.05
      vertex -1.4876423774212024 -4.411000715704516 53.05
    endloop
  endfacet
  facet normal 0.9048270524660194 -0.42577929156507316 0
    outer loop
      vertex -1.4876423774212024 -4.411000715704516 53.05
      vertex -1.4020906880701816 -4.2291941214372555 50.05
      vertex -1.4020906880701816 -4.2291941214372555 53.05
    endloop
  endfacet
  facet normal 0.844327925502016 -0.5358267949789954 0
    outer loop
      vertex -1.4020906880701816 -4.2291941214372555 53.05
      vertex -1.294427190999916 -4.059543596332043 50.05
      vertex -1.294427190999916 -4.059543596332043 53.05
    endloop
  endfacet
  facet normal 0.6845471059286895 -0.7289686274214108 0
    outer loop
      vertex -1.1663498038742588 -3.9047246305140986 53.05
      vertex -1.1663498038742588 -3.9047246305140986 50.05
      vertex -1.0198783835979035 -3.767178811558737 50.05
    endloop
  endfacet
  facet normal 0.7705132427757886 -0.6374239897486904 0
    outer loop
      vertex -1.294427190999916 -4.059543596332043 53.05
      vertex -1.1663498038742588 -3.9047246305140986 50.05
      vertex -1.1663498038742588 -3.9047246305140986 53.05
    endloop
  endfacet
  facet normal 0.6845471059286895 -0.7289686274214108 0
    outer loop
      vertex -1.1663498038742588 -3.9047246305140986 53.05
      vertex -1.0198783835979035 -3.767178811558737 50.05
      vertex -1.0198783835979035 -3.767178811558737 53.05
    endloop
  endfacet
  facet normal 0.587785252292473 -0.8090169943749477 0
    outer loop
      vertex -1.0198783835979035 -3.767178811558737 53.05
      vertex -1.0198783835979035 -3.767178811558737 50.05
      vertex -0.8573228719663949 -3.649075319196776 50.05
    endloop
  endfacet
  facet normal 0.4817536741017156 -0.8763066800438635 0
    outer loop
      vertex -0.8573228719663949 -3.649075319196776 53.05
      vertex -0.8573228719663949 -3.649075319196776 50.05
      vertex -0.6812468665041164 -3.5522767160543687 50.05
    endloop
  endfacet
  facet normal 0.3681245526846763 -0.9297764858882521 0
    outer loop
      vertex -0.6812468665041164 -3.5522767160543687 53.05
      vertex -0.6812468665041164 -3.5522767160543687 50.05
      vertex -0.49442719099991583 -3.4783095739277545 50.05
    endloop
  endfacet
  facet normal 0.24868988716485782 -0.9685831611286302 0
    outer loop
      vertex -0.49442719099991583 -3.4783095739277545 53.05
      vertex -0.49442719099991583 -3.4783095739277545 50.05
      vertex -0.29981010333715935 -3.4283403988340977 50.05
    endloop
  endfacet
  facet normal 0.12533323356430387 -0.9921147013144779 0
    outer loop
      vertex -0.29981010333715935 -3.4283403988340977 53.05
      vertex -0.29981010333715935 -3.4283403988340977 50.05
      vertex -0.10046483124690125 -3.403157234514765 50.05
    endloop
  endfacet
  facet normal 0 -1 0
    outer loop
      vertex -0.10046483124690125 -3.403157234514765 53.05
      vertex -0.10046483124690125 -3.403157234514765 50.05
      vertex 0.10046483124690074 -3.403157234514765 50.05
    endloop
  endfacet
  facet normal 0.587785252292473 -0.8090169943749477 0
    outer loop
      vertex -1.0198783835979035 -3.767178811558737 53.05
      vertex -0.8573228719663949 -3.649075319196776 50.05
      vertex -0.8573228719663949 -3.649075319196776 53.05
    endloop
  endfacet
  facet normal 0.4817536741017156 -0.8763066800438635 0
    outer loop
      vertex -0.8573228719663949 -3.649075319196776 53.05
      vertex -0.6812468665041164 -3.5522767160543687 50.05
      vertex -0.6812468665041164 -3.5522767160543687 53.05
    endloop
  endfacet
  facet normal 0.3681245526846763 -0.9297764858882521 0
    outer loop
      vertex -0.6812468665041164 -3.5522767160543687 53.05
      vertex -0.49442719099991583 -3.4783095739277545 50.05
      vertex -0.49442719099991583 -3.4783095739277545 53.05
    endloop
  endfacet
  facet normal 0.24868988716485782 -0.9685831611286302 0
    outer loop
      vertex -0.49442719099991583 -3.4783095739277545 53.05
      vertex -0.29981010333715935 -3.4283403988340977 50.05
      vertex -0.29981010333715935 -3.4283403988340977 53.05
    endloop
  endfacet
  facet normal 0.12533323356430387 -0.9921147013144779 0
    outer loop
      vertex -0.29981010333715935 -3.4283403988340977 53.05
      vertex -0.10046483124690125 -3.403157234514765 50.05
      vertex -0.10046483124690125 -3.403157234514765 53.05
    endloop
  endfacet
  facet normal 0 1 0
    outer loop
      vertex 0.10046483124690203 -6.596842765485235 53.05
      vertex 0.10046483124690203 -6.596842765485235 50.05
      vertex -0.10046483124690203 -6.596842765485235 50.05
    endloop
  endfacet
  facet normal -0.12533323356430845 0.9921147013144773 0
    outer loop
      vertex 0.29981010333715974 -6.571659601165901 53.05
      vertex 0.29981010333715974 -6.571659601165901 50.05
      vertex 0.10046483124690203 -6.596842765485235 50.05
    endloop
  endfacet
  facet normal -0.24868988716485416 0.9685831611286312 0
    outer loop
      vertex 0.49442719099991583 -6.5216904260722455 53.05
      vertex 0.49442719099991583 -6.5216904260722455 50.05
      vertex 0.29981010333715974 -6.571659601165901 50.05
    endloop
  endfacet
  facet normal -0.36812455268467703 0.9297764858882518 0
    outer loop
      vertex 0.6812468665041159 -6.447723283945631 53.05
      vertex 0.6812468665041159 -6.447723283945631 50.05
      vertex 0.49442719099991583 -6.5216904260722455 50.05
    endloop
  endfacet
  facet normal -0.4817536741017148 0.8763066800438639 0
    outer loop
      vertex 0.857322871966394 -6.3509246808032245 53.05
      vertex 0.857322871966394 -6.3509246808032245 50.05
      vertex 0.6812468665041159 -6.447723283945631 50.05
    endloop
  endfacet
  facet normal -0.5877852522924741 0.8090169943749467 0
    outer loop
      vertex 1.019878383597904 -6.232821188441262 53.05
      vertex 1.019878383597904 -6.232821188441262 50.05
      vertex 0.857322871966394 -6.3509246808032245 50.05
    endloop
  endfacet
  facet normal -0.12533323356430845 0.9921147013144773 0
    outer loop
      vertex 0.10046483124690203 -6.596842765485235 53.05
      vertex 0.29981010333715974 -6.571659601165901 53.05
      vertex 0.10046483124690203 -6.596842765485235 50.05
    endloop
  endfacet
  facet normal -0.24868988716485416 0.9685831611286312 0
    outer loop
      vertex 0.29981010333715974 -6.571659601165901 53.05
      vertex 0.49442719099991583 -6.5216904260722455 53.05
      vertex 0.29981010333715974 -6.571659601165901 50.05
    endloop
  endfacet
  facet normal -0.36812455268467703 0.9297764858882518 0
    outer loop
      vertex 0.49442719099991583 -6.5216904260722455 53.05
      vertex 0.6812468665041159 -6.447723283945631 53.05
      vertex 0.49442719099991583 -6.5216904260722455 50.05
    endloop
  endfacet
  facet normal -0.4817536741017148 0.8763066800438639 0
    outer loop
      vertex 0.6812468665041159 -6.447723283945631 53.05
      vertex 0.857322871966394 -6.3509246808032245 53.05
      vertex 0.6812468665041159 -6.447723283945631 50.05
    endloop
  endfacet
  facet normal -0.5877852522924741 0.8090169943749467 0
    outer loop
      vertex 0.857322871966394 -6.3509246808032245 53.05
      vertex 1.019878383597904 -6.232821188441262 53.05
      vertex 0.857322871966394 -6.3509246808032245 50.05
    endloop
  endfacet
  facet normal -0.6845471059286882 0.7289686274214119 0
    outer loop
      vertex 1.1663498038742588 -6.095275369485901 53.05
      vertex 1.1663498038742588 -6.095275369485901 50.05
      vertex 1.019878383597904 -6.232821188441262 50.05
    endloop
  endfacet
  facet normal -0.6845471059286882 0.7289686274214119 0
    outer loop
      vertex 1.019878383597904 -6.232821188441262 53.05
      vertex 1.1663498038742588 -6.095275369485901 53.05
      vertex 1.019878383597904 -6.232821188441262 50.05
    endloop
  endfacet
  facet normal -0.7705132427757886 0.6374239897486904 0
    outer loop
      vertex 1.1663498038742588 -6.095275369485901 53.05
      vertex 1.294427190999916 -5.940456403667957 53.05
      vertex 1.1663498038742588 -6.095275369485901 50.05
    endloop
  endfacet
  facet normal -0.7705132427757886 0.6374239897486904 0
    outer loop
      vertex 1.294427190999916 -5.940456403667957 53.05
      vertex 1.294427190999916 -5.940456403667957 50.05
      vertex 1.1663498038742588 -6.095275369485901 50.05
    endloop
  endfacet
  facet normal -0.844327925502016 0.5358267949789954 0
    outer loop
      vertex 1.4020906880701816 -5.7708058785627445 53.05
      vertex 1.4020906880701816 -5.7708058785627445 50.05
      vertex 1.294427190999916 -5.940456403667957 50.05
    endloop
  endfacet
  facet normal -0.9048270524660195 0.4257792915650731 0
    outer loop
      vertex 1.487642377421202 -5.588999284295485 53.05
      vertex 1.487642377421202 -5.588999284295485 50.05
      vertex 1.4020906880701816 -5.7708058785627445 50.05
    endloop
  endfacet
  facet normal -0.9510565162951533 0.3090169943749483 0
    outer loop
      vertex 1.54973305780581 -5.397903819463767 53.05
      vertex 1.54973305780581 -5.397903819463767 50.05
      vertex 1.487642377421202 -5.588999284295485 50.05
    endloop
  endfacet
  facet normal -0.9822872507286886 0.1873813145857249 0
    outer loop
      vertex 1.5873835221031647 -5.200533173702887 53.05
      vertex 1.5873835221031647 -5.200533173702887 50.05
      vertex 1.54973305780581 -5.397903819463767 50.05
    endloop
  endfacet
  facet normal -0.9980267284282714 0.06279051952931301 0
    outer loop
      vertex 1.6 -5 53.05
      vertex 1.6 -5 50.05
      vertex 1.5873835221031647 -5.200533173702887 50.05
    endloop
  endfacet
  facet normal -0.844327925502016 0.5358267949789954 0
    outer loop
      vertex 1.294427190999916 -5.940456403667957 53.05
      vertex 1.4020906880701816 -5.7708058785627445 53.05
      vertex 1.294427190999916 -5.940456403667957 50.05
    endloop
  endfacet
  facet normal -0.9048270524660195 0.4257792915650731 0
    outer loop
      vertex 1.4020906880701816 -5.7708058785627445 53.05
      vertex 1.487642377421202 -5.588999284295485 53.05
      vertex 1.4020906880701816 -5.7708058785627445 50.05
    endloop
  endfacet
  facet normal -0.9510565162951533 0.3090169943749483 0
    outer loop
      vertex 1.487642377421202 -5.588999284295485 53.05
      vertex 1.54973305780581 -5.397903819463767 53.05
      vertex 1.487642377421202 -5.588999284295485 50.05
    endloop
  endfacet
  facet normal -0.9822872507286886 0.1873813145857249 0
    outer loop
      vertex 1.54973305780581 -5.397903819463767 53.05
      vertex 1.5873835221031647 -5.200533173702887 53.05
      vertex 1.54973305780581 -5.397903819463767 50.05
    endloop
  endfacet
  facet normal -0.9980267284282714 0.06279051952931301 0
    outer loop
      vertex 1.5873835221031647 -5.200533173702887 53.05
      vertex 1.6 -5 53.05
      vertex 1.5873835221031647 -5.200533173702887 50.05
    endloop
  endfacet
  facet normal -0.6845471059286882 -0.7289686274214119 0
    outer loop
      vertex 1.0198783835979037 -3.767178811558737 53.05
      vertex 1.0198783835979037 -3.767178811558737 50.05
      vertex 1.1663498038742586 -3.9047246305140977 50.05
    endloop
  endfacet
  facet normal -0.7705132427757898 -0.6374239897486889 0
    outer loop
      vertex 1.1663498038742586 -3.9047246305140977 53.05
      vertex 1.1663498038742586 -3.9047246305140977 50.05
      vertex 1.294427190999916 -4.059543596332043 50.05
    endloop
  endfacet
  facet normal -0.6845471059286882 -0.7289686274214119 0
    outer loop
      vertex 1.1663498038742586 -3.9047246305140977 53.05
      vertex 1.0198783835979037 -3.767178811558737 53.05
      vertex 1.1663498038742586 -3.9047246305140977 50.05
    endloop
  endfacet
  facet normal -0.12533323356430354 -0.9921147013144779 2.145195892162939e-17
    outer loop
      vertex 0.10046483124690125 -3.403157234514765 53.05
      vertex 0.10046483124690074 -3.403157234514765 50.05
      vertex 0.29981010333715935 -3.4283403988340977 50.05
    endloop
  endfacet
  facet normal -0.3681245526846763 -0.9297764858882521 0
    outer loop
      vertex 0.49442719099991583 -3.4783095739277545 53.05
      vertex 0.49442719099991583 -3.4783095739277545 50.05
      vertex 0.6812468665041164 -3.5522767160543687 50.05
    endloop
  endfacet
  facet normal -0.24868988716485782 -0.9685831611286302 0
    outer loop
      vertex 0.29981010333715935 -3.4283403988340977 53.05
      vertex 0.29981010333715935 -3.4283403988340977 50.05
      vertex 0.49442719099991583 -3.4783095739277545 50.05
    endloop
  endfacet
  facet normal -0.4817536741017144 -0.8763066800438641 0
    outer loop
      vertex 0.6812468665041164 -3.5522767160543687 53.05
      vertex 0.6812468665041164 -3.5522767160543687 50.05
      vertex 0.8573228719663947 -3.6490753191967755 50.05
    endloop
  endfacet
  facet normal -0.5877852522924734 -0.8090169943749473 0
    outer loop
      vertex 0.8573228719663947 -3.6490753191967755 53.05
      vertex 0.8573228719663947 -3.6490753191967755 50.05
      vertex 1.0198783835979037 -3.767178811558737 50.05
    endloop
  endfacet
  facet normal 0 -1 0
    outer loop
      vertex -0.10046483124690125 -3.403157234514765 53.05
      vertex 0.10046483124690074 -3.403157234514765 50.05
      vertex 0.10046483124690125 -3.403157234514765 53.05
    endloop
  endfacet
  facet normal -0.12533323356430387 -0.9921147013144779 0
    outer loop
      vertex 0.10046483124690125 -3.403157234514765 53.05
      vertex 0.29981010333715935 -3.4283403988340977 50.05
      vertex 0.29981010333715935 -3.4283403988340977 53.05
    endloop
  endfacet
  facet normal -0.24868988716485782 -0.9685831611286302 0
    outer loop
      vertex 0.29981010333715935 -3.4283403988340977 53.05
      vertex 0.49442719099991583 -3.4783095739277545 50.05
      vertex 0.49442719099991583 -3.4783095739277545 53.05
    endloop
  endfacet
  facet normal -0.3681245526846763 -0.9297764858882521 0
    outer loop
      vertex 0.49442719099991583 -3.4783095739277545 53.05
      vertex 0.6812468665041164 -3.5522767160543687 50.05
      vertex 0.6812468665041164 -3.5522767160543687 53.05
    endloop
  endfacet
  facet normal -0.4817536741017144 -0.8763066800438641 0
    outer loop
      vertex 0.6812468665041164 -3.5522767160543687 53.05
      vertex 0.8573228719663947 -3.6490753191967755 50.05
      vertex 0.8573228719663947 -3.6490753191967755 53.05
    endloop
  endfacet
  facet normal -0.5877852522924734 -0.8090169943749473 0
    outer loop
      vertex 0.8573228719663947 -3.6490753191967755 53.05
      vertex 1.0198783835979037 -3.767178811558737 50.05
      vertex 1.0198783835979037 -3.767178811558737 53.05
    endloop
  endfacet
  facet normal -0.9510565162951536 -0.3090169943749476 0
    outer loop
      vertex 1.4876423774212022 -4.411000715704516 53.05
      vertex 1.4876423774212022 -4.411000715704516 50.05
      vertex 1.5497330578058097 -4.602096180536233 50.05
    endloop
  endfacet
  facet normal -0.9980267284282714 -0.06279051952931301 0
    outer loop
      vertex 1.5873835221031647 -4.799466826297113 53.05
      vertex 1.5873835221031647 -4.799466826297113 50.05
      vertex 1.6 -5 50.05
    endloop
  endfacet
  facet normal -0.9822872507286884 -0.187381314585726 0
    outer loop
      vertex 1.5497330578058097 -4.602096180536233 53.05
      vertex 1.5497330578058097 -4.602096180536233 50.05
      vertex 1.5873835221031647 -4.799466826297113 50.05
    endloop
  endfacet
  facet normal -0.8443279255020154 -0.5358267949789961 0
    outer loop
      vertex 1.294427190999916 -4.059543596332043 53.05
      vertex 1.294427190999916 -4.059543596332043 50.05
      vertex 1.4020906880701818 -4.2291941214372555 50.05
    endloop
  endfacet
  facet normal -0.9048270524660201 -0.4257792915650714 0
    outer loop
      vertex 1.4020906880701818 -4.2291941214372555 53.05
      vertex 1.4020906880701818 -4.2291941214372555 50.05
      vertex 1.4876423774212022 -4.411000715704516 50.05
    endloop
  endfacet
  facet normal -0.9510565162951536 -0.3090169943749476 0
    outer loop
      vertex 1.5497330578058097 -4.602096180536233 53.05
      vertex 1.4876423774212022 -4.411000715704516 53.05
      vertex 1.5497330578058097 -4.602096180536233 50.05
    endloop
  endfacet
  facet normal -0.9980267284282714 -0.06279051952931301 0
    outer loop
      vertex 1.6 -5 53.05
      vertex 1.5873835221031647 -4.799466826297113 53.05
      vertex 1.6 -5 50.05
    endloop
  endfacet
  facet normal -0.9822872507286884 -0.187381314585726 0
    outer loop
      vertex 1.5873835221031647 -4.799466826297113 53.05
      vertex 1.5497330578058097 -4.602096180536233 53.05
      vertex 1.5873835221031647 -4.799466826297113 50.05
    endloop
  endfacet
  facet normal -0.8443279255020154 -0.5358267949789961 0
    outer loop
      vertex 1.4020906880701818 -4.2291941214372555 53.05
      vertex 1.294427190999916 -4.059543596332043 53.05
      vertex 1.4020906880701818 -4.2291941214372555 50.05
    endloop
  endfacet
  facet normal -0.9048270524660201 -0.4257792915650714 0
    outer loop
      vertex 1.4020906880701818 -4.2291941214372555 53.05
      vertex 1.4876423774212022 -4.411000715704516 50.05
      vertex 1.4876423774212022 -4.411000715704516 53.05
    endloop
  endfacet
  facet normal -0.7705132427757898 -0.6374239897486889 0
    outer loop
      vertex 1.1663498038742586 -3.9047246305140977 53.05
      vertex 1.294427190999916 -4.059543596332043 50.05
      vertex 1.294427190999916 -4.059543596332043 53.05
    endloop
  endfacet
endsolid OpenSCAD_Model
